# C++ 格式化变更日志
# 共计: INFO=1171, WARN=1157, SKIP=320
#
# [INFO]  纯格式变更，已自动应用
# [WARN]  存在潜在含义变化，已在原文件对应行加注释标记，请人工确认
# [SKIP]  无法自动修复，需人工处理

[INFO]  /home/gadolinite/CASHIM_HL/subsecond/raytracedicom_pybind_stage/subSecond/include/algorithms/convolution.h:4  行尾空白字符已删除  (规范条款 4.2)
[WARN]  /home/gadolinite/CASHIM_HL/subsecond/raytracedicom_pybind_stage/subSecond/include/algorithms/convolution.h:90  疑似注释掉的代码，规范要求直接删除 → 原行: // CPB to ray weight mapping kernel (scalar args to avoid struct ABI issues)  (规范条款 4.3)
[WARN]  /home/gadolinite/CASHIM_HL/subsecond/raytracedicom_pybind_stage/subSecond/include/algorithms/cpu_subspot_convolution.h:18  疑似魔鬼数字，建议定义为具名常量 → 原行: float* subspotData,          // 输入：subspot数据 [numLayers * maxSubspotsPerLayer * 5]  (规范条款 4.8.1)
[INFO]  /home/gadolinite/CASHIM_HL/subsecond/raytracedicom_pybind_stage/subSecond/include/algorithms/cuda_final_dose.h:19  行尾空白字符已删除  (规范条款 4.2)
[INFO]  /home/gadolinite/CASHIM_HL/subsecond/raytracedicom_pybind_stage/subSecond/include/algorithms/cuda_final_dose.h:27  行尾空白字符已删除  (规范条款 4.2)
[WARN]  /home/gadolinite/CASHIM_HL/subsecond/raytracedicom_pybind_stage/subSecond/include/algorithms/fan_transforms.h:39  疑似注释掉的代码，规范要求直接删除 → 原行: // fanIdx -> fan (gantry) coordinates  (规范条款 4.3)
[WARN]  /home/gadolinite/CASHIM_HL/subsecond/raytracedicom_pybind_stage/subSecond/include/algorithms/fan_transforms.h:42  疑似注释掉的代码，规范要求直接删除 → 原行: // Apply divergence scaling (z points away from beam direction)  (规范条款 4.3)
[WARN]  /home/gadolinite/CASHIM_HL/subsecond/raytracedicom_pybind_stage/subSecond/include/algorithms/fan_transforms.h:87  疑似注释掉的代码，规范要求直接删除 → 原行: // Inverse matches reference: fanIdxToFan = fTFI.inverse(), gantryToImIdx = iITG.inverse()  (规范条款 4.3)
[INFO]  /home/gadolinite/CASHIM_HL/subsecond/raytracedicom_pybind_stage/subSecond/include/algorithms/fill_idd_and_sigma_params.cuh:37  行尾空白字符已删除  (规范条款 4.2)
[INFO]  /home/gadolinite/CASHIM_HL/subsecond/raytracedicom_pybind_stage/subSecond/include/algorithms/fill_idd_and_sigma_params.cuh:43  行尾空白字符已删除  (规范条款 4.2)
[INFO]  /home/gadolinite/CASHIM_HL/subsecond/raytracedicom_pybind_stage/subSecond/include/algorithms/fill_idd_and_sigma_params.cuh:62  行尾空白字符已删除  (规范条款 4.2)
[INFO]  /home/gadolinite/CASHIM_HL/subsecond/raytracedicom_pybind_stage/subSecond/include/algorithms/fill_idd_and_sigma_params.cuh:62  指针/引用符号空格修正（两边都无空格 → 靠左形式）  (规范条款 4.2)
[INFO]  /home/gadolinite/CASHIM_HL/subsecond/raytracedicom_pybind_stage/subSecond/include/algorithms/fill_idd_and_sigma_params.cuh:63  指针/引用符号空格修正（两边都无空格 → 靠左形式）  (规范条款 4.2)
[INFO]  /home/gadolinite/CASHIM_HL/subsecond/raytracedicom_pybind_stage/subSecond/include/algorithms/fill_idd_and_sigma_params.cuh:65  行尾空白字符已删除  (规范条款 4.2)
[INFO]  /home/gadolinite/CASHIM_HL/subsecond/raytracedicom_pybind_stage/subSecond/include/algorithms/fill_idd_and_sigma_params.cuh:66  行尾空白字符已删除  (规范条款 4.2)
[INFO]  /home/gadolinite/CASHIM_HL/subsecond/raytracedicom_pybind_stage/subSecond/include/algorithms/fill_idd_and_sigma_params.cuh:66  指针/引用符号空格修正（两边都无空格 → 靠左形式）  (规范条款 4.2)
[INFO]  /home/gadolinite/CASHIM_HL/subsecond/raytracedicom_pybind_stage/subSecond/include/algorithms/fill_idd_and_sigma_params.cuh:73  指针/引用符号空格修正（两边都无空格 → 靠左形式）  (规范条款 4.2)
[WARN]  /home/gadolinite/CASHIM_HL/subsecond/raytracedicom_pybind_stage/subSecond/include/algorithms/fill_idd_and_sigma_params.cuh:77  疑似魔鬼数字，建议定义为具名常量 → 原行: return vec2f(0.00270f / (r0 - 4.50f), -4.39f / (r0 - 3.86f));  (规范条款 4.8.1)
[INFO]  /home/gadolinite/CASHIM_HL/subsecond/raytracedicom_pybind_stage/subSecond/include/algorithms/fill_idd_and_sigma_params.cuh:79  行尾空白字符已删除  (规范条款 4.2)
[INFO]  /home/gadolinite/CASHIM_HL/subsecond/raytracedicom_pybind_stage/subSecond/include/algorithms/fill_idd_and_sigma_params.cuh:83  行尾空白字符已删除  (规范条款 4.2)
[INFO]  /home/gadolinite/CASHIM_HL/subsecond/raytracedicom_pybind_stage/subSecond/include/algorithms/fill_idd_and_sigma_params.cuh:85  行尾空白字符已删除  (规范条款 4.2)
[WARN]  /home/gadolinite/CASHIM_HL/subsecond/raytracedicom_pybind_stage/subSecond/include/algorithms/fill_idd_and_sigma_params.cuh:87  疑似 C 风格类型转换，建议改为 C++ 风格 → 原行: return layerEnergy[(int)energyIdx] * energyScaleFact;  (规范条款 4.8.3)
[INFO]  /home/gadolinite/CASHIM_HL/subsecond/raytracedicom_pybind_stage/subSecond/include/algorithms/fill_idd_and_sigma_params.cuh:91  行尾空白字符已删除  (规范条款 4.2)
[INFO]  /home/gadolinite/CASHIM_HL/subsecond/raytracedicom_pybind_stage/subSecond/include/algorithms/fill_idd_and_sigma_params.cuh:93  行尾空白字符已删除  (规范条款 4.2)
[WARN]  /home/gadolinite/CASHIM_HL/subsecond/raytracedicom_pybind_stage/subSecond/include/algorithms/fill_idd_and_sigma_params.cuh:94  疑似注释掉的代码，规范要求直接删除 → 原行: // 基于深度的sigma计算：sigma^2 = sigma0^2 + sigma_air^2 + sigma_multiple^2  (规范条款 4.3)
[INFO]  /home/gadolinite/CASHIM_HL/subsecond/raytracedicom_pybind_stage/subSecond/include/algorithms/fill_idd_and_sigma_params.cuh:97  行尾空白字符已删除  (规范条款 4.2)
[INFO]  /home/gadolinite/CASHIM_HL/subsecond/raytracedicom_pybind_stage/subSecond/include/algorithms/fill_idd_and_sigma_params.cuh:100  行尾空白字符已删除  (规范条款 4.2)
[INFO]  /home/gadolinite/CASHIM_HL/subsecond/raytracedicom_pybind_stage/subSecond/include/algorithms/fill_idd_and_sigma_params.cuh:102  行尾空白字符已删除  (规范条款 4.2)
[WARN]  /home/gadolinite/CASHIM_HL/subsecond/raytracedicom_pybind_stage/subSecond/include/algorithms/fill_idd_and_sigma_params.cuh:102  疑似魔鬼数字，建议定义为具名常量 → 原行: __host__ __device__ bool isPassiveScattering(float currentEnergy, float thresholdEnergy = 50.0f) const {  (规范条款 4.8.1)
[INFO]  /home/gadolinite/CASHIM_HL/subsecond/raytracedicom_pybind_stage/subSecond/include/algorithms/idd_sigma.h:4  行尾空白字符已删除  (规范条款 4.2)
[WARN]  /home/gadolinite/CASHIM_HL/subsecond/raytracedicom_pybind_stage/subSecond/include/algorithms/idd_sigma.h:61  疑似注释掉的代码，规范要求直接删除 → 原行: // Legacy kernel (deprecated)  (规范条款 4.3)
[WARN]  /home/gadolinite/CASHIM_HL/subsecond/raytracedicom_pybind_stage/subSecond/include/algorithms/matrix_3x3.h:47  疑似注释掉的代码，规范要求直接删除 → 原行: // Construct from raw pointer (9 floats, row-major)  (规范条款 4.3)
[WARN]  /home/gadolinite/CASHIM_HL/subsecond/raytracedicom_pybind_stage/subSecond/include/algorithms/matrix_3x3.h:49  疑似魔鬼数字，建议定义为具名常量 → 原行: : Matrix3x3(ptr[0], ptr[1], ptr[2], ptr[3], ptr[4], ptr[5], ptr[6], ptr[7], ptr[8]) {}  (规范条款 4.8.1)
[INFO]  /home/gadolinite/CASHIM_HL/subsecond/raytracedicom_pybind_stage/subSecond/include/algorithms/matrix_3x3.h:93  指针/引用符号空格修正（两边都无空格 → 靠左形式）  (规范条款 4.2)
[WARN]  /home/gadolinite/CASHIM_HL/subsecond/raytracedicom_pybind_stage/subSecond/include/algorithms/ray_weight_initialization_cpu.h:31  用 #define 定义常量，建议改为 const/constexpr → 原行: #define WEIGHT_CUTOFF 1e-6f  (规范条款 4.8.1)
[WARN]  /home/gadolinite/CASHIM_HL/subsecond/raytracedicom_pybind_stage/subSecond/include/algorithms/ray_weight_initialization_cpu.h:32  用 #define 定义常量，建议改为 const/constexpr → 原行: #define SIGMA_CUTOFF_DEFAULT 3.0f  (规范条款 4.8.1)
[WARN]  /home/gadolinite/CASHIM_HL/subsecond/raytracedicom_pybind_stage/subSecond/include/algorithms/subspot_cpu_convolution.h:17  疑似魔鬼数字，建议定义为具名常量 → 原行: float* h_subspotData,               // 输入：subspot数据 [numLayers * maxSubspotsPerLayer * 5]  (规范条款 4.8.1)
[INFO]  /home/gadolinite/CASHIM_HL/subsecond/raytracedicom_pybind_stage/subSecond/include/algorithms/superposition.h:4  行尾空白字符已删除  (规范条款 4.2)
[WARN]  /home/gadolinite/CASHIM_HL/subsecond/raytracedicom_pybind_stage/subSecond/include/algorithms/superposition.h:42  疑似注释掉的代码，规范要求直接删除 → 原行: // Tile-Based Superposition Algorithms (RayTraceDicom-main aligned)  (规范条款 4.3)
[WARN]  /home/gadolinite/CASHIM_HL/subsecond/raytracedicom_pybind_stage/subSecond/include/algorithms/superposition.h:44  疑似注释掉的代码，规范要求直接删除 → 原行: // Following upstream kernel_wrapper.cu (lines 985-1108), the primary and nuclear  (规范条款 4.3)
[WARN]  /home/gadolinite/CASHIM_HL/subsecond/raytracedicom_pybind_stage/subSecond/include/algorithms/superposition.h:55  疑似注释掉的代码，规范要求直接删除 → 原行: //   performNuclearTileBasedSuperposition: throw on overflow (RTD-main contract).  (规范条款 4.3)
[WARN]  /home/gadolinite/CASHIM_HL/subsecond/raytracedicom_pybind_stage/subSecond/include/algorithms/superposition.h:62  疑似注释掉的代码，规范要求直接删除 → 原行: // concurrently (each branch has independent buffers; concurrent execution  (规范条款 4.3)
[INFO]  /home/gadolinite/CASHIM_HL/subsecond/raytracedicom_pybind_stage/subSecond/include/algorithms/transfer_param_struct_div3.cuh:28  行尾空白字符已删除  (规范条款 4.2)
[INFO]  /home/gadolinite/CASHIM_HL/subsecond/raytracedicom_pybind_stage/subSecond/include/algorithms/transfer_param_struct_div3.cuh:30  行尾空白字符已删除  (规范条款 4.2)
[WARN]  /home/gadolinite/CASHIM_HL/subsecond/raytracedicom_pybind_stage/subSecond/include/algorithms/transfer_param_struct_div3.cuh:31  疑似注释掉的代码，规范要求直接删除 → 原行: // Constructor from Float3ToFanTransform (simplified - will be implemented separately)  (规范条款 4.3)
[INFO]  /home/gadolinite/CASHIM_HL/subsecond/raytracedicom_pybind_stage/subSecond/include/algorithms/transfer_param_struct_div3.cuh:35  行尾空白字符已删除  (规范条款 4.2)
[INFO]  /home/gadolinite/CASHIM_HL/subsecond/raytracedicom_pybind_stage/subSecond/include/algorithms/transfer_param_struct_div3.cuh:39  行尾空白字符已删除  (规范条款 4.2)
[WARN]  /home/gadolinite/CASHIM_HL/subsecond/raytracedicom_pybind_stage/subSecond/include/algorithms/transfer_param_struct_div3.cuh:44  疑似注释掉的代码，规范要求直接删除 → 原行: // Z-divergence: carbonPBS uses divergent projected length (not axial).  (规范条款 4.3)
[WARN]  /home/gadolinite/CASHIM_HL/subsecond/raytracedicom_pybind_stage/subSecond/include/core/Macro.cuh:8  用 #define 定义常量，建议改为 const/constexpr → 原行: #define INF 1.0e20  (规范条款 4.8.1)
[WARN]  /home/gadolinite/CASHIM_HL/subsecond/raytracedicom_pybind_stage/subSecond/include/core/Macro.cuh:9  用 #define 定义常量，建议改为 const/constexpr → 原行: #define WATERDENSITY 1.0 // g/cm^3  (规范条款 4.8.1)
[INFO]  /home/gadolinite/CASHIM_HL/subsecond/raytracedicom_pybind_stage/subSecond/include/core/Macro.cuh:10  Tab缩进 → 4空格缩进  (规范条款 4.2)
[WARN]  /home/gadolinite/CASHIM_HL/subsecond/raytracedicom_pybind_stage/subSecond/include/core/Macro.cuh:10  用 #define 定义常量，建议改为 const/constexpr → 原行: #define MP 938.272046   //proton mass, in MeV  (规范条款 4.8.1)
[WARN]  /home/gadolinite/CASHIM_HL/subsecond/raytracedicom_pybind_stage/subSecond/include/core/Macro.cuh:11  用 #define 定义常量，建议改为 const/constexpr → 原行: #define CP 1.00000 //proton charge  (规范条款 4.8.1)
[WARN]  /home/gadolinite/CASHIM_HL/subsecond/raytracedicom_pybind_stage/subSecond/include/core/Macro.cuh:12  用 #define 定义常量，建议改为 const/constexpr → 原行: #define ME 0.510998928  //electron mass, in MeV  (规范条款 4.8.1)
[WARN]  /home/gadolinite/CASHIM_HL/subsecond/raytracedicom_pybind_stage/subSecond/include/core/Macro.cuh:13  用 #define 定义常量，建议改为 const/constexpr → 原行: #define MO 14903.3460795634 //oxygen mass in MeV  (规范条款 4.8.1)
[WARN]  /home/gadolinite/CASHIM_HL/subsecond/raytracedicom_pybind_stage/subSecond/include/core/Macro.cuh:14  用 #define 定义常量，建议改为 const/constexpr → 原行: #define MINELECTRONENERGY 0.1 // MeV  (规范条款 4.8.1)
[WARN]  /home/gadolinite/CASHIM_HL/subsecond/raytracedicom_pybind_stage/subSecond/include/core/Macro.cuh:15  用 #define 定义常量，建议改为 const/constexpr → 原行: #define TWOPIRE2MENEW 0.08515495201157892 //2pi*r_e^2*m_e*n_{ew}, where r_e in cm, m_e in eV, n_ew = 3.34e23/cm^3  (规范条款 4.8.1)
[INFO]  /home/gadolinite/CASHIM_HL/subsecond/raytracedicom_pybind_stage/subSecond/include/core/Macro.cuh:16  Tab缩进 → 4空格缩进  (规范条款 4.2)
[WARN]  /home/gadolinite/CASHIM_HL/subsecond/raytracedicom_pybind_stage/subSecond/include/core/Macro.cuh:16  用 #define 定义常量，建议改为 const/constexpr → 原行: #define XW 36.514   //radiation length of water, in cm  (规范条款 4.8.1)
[WARN]  /home/gadolinite/CASHIM_HL/subsecond/raytracedicom_pybind_stage/subSecond/include/core/Macro.cuh:17  用 #define 定义常量，建议改为 const/constexpr → 原行: #define PI 3.1415926535897932384626433  (规范条款 4.8.1)
[WARN]  /home/gadolinite/CASHIM_HL/subsecond/raytracedicom_pybind_stage/subSecond/include/core/Macro.cuh:18  用 #define 定义常量，建议改为 const/constexpr → 原行: #define SECONDPARTICLEVOLUME 10000  (规范条款 4.8.1)
[INFO]  /home/gadolinite/CASHIM_HL/subsecond/raytracedicom_pybind_stage/subSecond/include/core/Macro.cuh:19  Tab缩进 → 4空格缩进  (规范条款 4.2)
[WARN]  /home/gadolinite/CASHIM_HL/subsecond/raytracedicom_pybind_stage/subSecond/include/core/Macro.cuh:19  用 #define 定义常量，建议改为 const/constexpr → 原行: #define EMINPOI 1.0 //minimun energy used in p-o inelastic event, in MeV  (规范条款 4.8.1)
[INFO]  /home/gadolinite/CASHIM_HL/subsecond/raytracedicom_pybind_stage/subSecond/include/core/Macro.cuh:20  Tab缩进 → 4空格缩进  (规范条款 4.2)
[WARN]  /home/gadolinite/CASHIM_HL/subsecond/raytracedicom_pybind_stage/subSecond/include/core/Macro.cuh:20  用 #define 定义常量，建议改为 const/constexpr → 原行: #define EBIND 3.0   //initial binding energy used in p-o inelastic, in MeV  (规范条款 4.8.1)
[WARN]  /home/gadolinite/CASHIM_HL/subsecond/raytracedicom_pybind_stage/subSecond/include/core/Macro.cuh:21  用 #define 定义常量，建议改为 const/constexpr → 原行: #define MAXSTEP 0.32 //in cm  (规范条款 4.8.1)
[WARN]  /home/gadolinite/CASHIM_HL/subsecond/raytracedicom_pybind_stage/subSecond/include/core/Macro.cuh:22  用 #define 定义常量，建议改为 const/constexpr → 原行: #define MAXENERGYRATIO 0.2 //Max energy decay ratio of initial energy in a step  (规范条款 4.8.1)
[WARN]  /home/gadolinite/CASHIM_HL/subsecond/raytracedicom_pybind_stage/subSecond/include/core/Macro.cuh:23  用 #define 定义常量，建议改为 const/constexpr → 原行: #define MINSECONDENERGY 1.0 //Min proton energy to transport  (规范条款 4.8.1)
[WARN]  /home/gadolinite/CASHIM_HL/subsecond/raytracedicom_pybind_stage/subSecond/include/core/Macro.cuh:24  用 #define 定义常量，建议改为 const/constexpr → 原行: #define ZERO 1e-7  (规范条款 4.8.1)
[WARN]  /home/gadolinite/CASHIM_HL/subsecond/raytracedicom_pybind_stage/subSecond/include/core/Macro.cuh:25  用 #define 定义常量，建议改为 const/constexpr → 原行: #define EPSILON 1e-5  (规范条款 4.8.1)
[WARN]  /home/gadolinite/CASHIM_HL/subsecond/raytracedicom_pybind_stage/subSecond/include/core/Macro.cuh:26  用 #define 定义常量，建议改为 const/constexpr → 原行: #define MC 11174.86339 //carbon mass in MeV  (规范条款 4.8.1)
[WARN]  /home/gadolinite/CASHIM_HL/subsecond/raytracedicom_pybind_stage/subSecond/include/core/Macro.cuh:27  用 #define 定义常量，建议改为 const/constexpr → 原行: #define CC 6.0000      //carbon charge  (规范条款 4.8.1)
[WARN]  /home/gadolinite/CASHIM_HL/subsecond/raytracedicom_pybind_stage/subSecond/include/core/Macro.cuh:28  用 #define 定义常量，建议改为 const/constexpr → 原行: #define ES 25          //MeV, ES parameter for secondary particles  (规范条款 4.8.1)
[WARN]  /home/gadolinite/CASHIM_HL/subsecond/raytracedicom_pybind_stage/subSecond/include/core/Macro.cuh:29  用 #define 定义常量，建议改为 const/constexpr → 原行: #define MINCARBONENERGY 5.0 //Min carbon energy to transport in MeV  (规范条款 4.8.1)
[WARN]  /home/gadolinite/CASHIM_HL/subsecond/raytracedicom_pybind_stage/subSecond/include/core/Macro.cuh:30  用 #define 定义常量，建议改为 const/constexpr → 原行: #define PPETHRESHOLD 10.0 // energy threshold of proton proton interaction  (规范条款 4.8.1)
[WARN]  /home/gadolinite/CASHIM_HL/subsecond/raytracedicom_pybind_stage/subSecond/include/core/Macro.cuh:33  用 #define 定义常量，建议改为 const/constexpr → 原行: #define ROI_MARGIN_DEFAULT 5.0f  // Default margin for ROI calculation  (规范条款 4.8.1)
[WARN]  /home/gadolinite/CASHIM_HL/subsecond/raytracedicom_pybind_stage/subSecond/include/core/Macro.cuh:34  用 #define 定义常量，建议改为 const/constexpr → 原行: #define WEIGHT_CUTOFF 1e-6f      // Weight threshold for subspot filtering  (规范条款 4.8.1)
[WARN]  /home/gadolinite/CASHIM_HL/subsecond/raytracedicom_pybind_stage/subSecond/include/core/Macro.cuh:35  用 #define 定义常量，建议改为 const/constexpr → 原行: #define SIGMA_CUTOFF_DEFAULT 3.0f // Default sigma cutoff for convolution  (规范条款 4.8.1)
[WARN]  /home/gadolinite/CASHIM_HL/subsecond/raytracedicom_pybind_stage/subSecond/include/core/Macro.cuh:36  用 #define 定义常量，建议改为 const/constexpr → 原行: #define BP_DEPTH_CUTOFF 1.05f    // Depth cutoff as a percentage relative to the Bragg peak depth  (规范条款 4.8.1)
[WARN]  /home/gadolinite/CASHIM_HL/subsecond/raytracedicom_pybind_stage/subSecond/include/core/Macro.cuh:37  用 #define 定义常量，建议改为 const/constexpr → 原行: #define POETHRESHOLD 7.0 // energy threshold of proton oxygen elastic interaction  (规范条款 4.8.1)
[WARN]  /home/gadolinite/CASHIM_HL/subsecond/raytracedicom_pybind_stage/subSecond/include/core/Macro.cuh:38  用 #define 定义常量，建议改为 const/constexpr → 原行: #define POITHRESHOLD 20.0 // energy threshold of proton oxygen inelastic interaction  (规范条款 4.8.1)
[WARN]  /home/gadolinite/CASHIM_HL/subsecond/raytracedicom_pybind_stage/subSecond/include/core/Macro.cuh:39  用 #define 定义常量，建议改为 const/constexpr → 原行: #define NDOSECOUNTERS 1 // number of dosecounters  (规范条款 4.8.1)
[WARN]  /home/gadolinite/CASHIM_HL/subsecond/raytracedicom_pybind_stage/subSecond/include/core/Macro.cuh:40  用 #define 定义常量，建议改为 const/constexpr → 原行: #define PARTICLESCORETYPES 8//  (规范条款 4.8.1)
[WARN]  /home/gadolinite/CASHIM_HL/subsecond/raytracedicom_pybind_stage/subSecond/include/core/Macro.cuh:41  用 #define 定义常量，建议改为 const/constexpr → 原行: #define OXYGEN 15.9994 // oxygen atomic mass  (规范条款 4.8.1)
[WARN]  /home/gadolinite/CASHIM_HL/subsecond/raytracedicom_pybind_stage/subSecond/include/core/Macro.cuh:42  用 #define 定义常量，建议改为 const/constexpr → 原行: #define HYDROGEN 1.00794 //hydrogen atomic mass  (规范条款 4.8.1)
[WARN]  /home/gadolinite/CASHIM_HL/subsecond/raytracedicom_pybind_stage/subSecond/include/core/Macro.cuh:43  用 #define 定义常量，建议改为 const/constexpr → 原行: #define BEAM_PARTICLE_CUTOFF 5 //ray weight (by particles num)  (规范条款 4.8.1)
[WARN]  /home/gadolinite/CASHIM_HL/subsecond/raytracedicom_pybind_stage/subSecond/include/core/Macro.cuh:44  用 #define 定义常量，建议改为 const/constexpr → 原行: #define MAX_TRACE_STEPS 1000 //ray tracing from effective source(x0,y0) to the last inside, maximum total steps  (规范条款 4.8.1)
[WARN]  /home/gadolinite/CASHIM_HL/subsecond/raytracedicom_pybind_stage/subSecond/include/core/Macro.cuh:47  用 #define 定义常量，建议改为 const/constexpr → 原行: #define SECONDARYCATEGORIES 8  (规范条款 4.8.1)
[WARN]  /home/gadolinite/CASHIM_HL/subsecond/raytracedicom_pybind_stage/subSecond/include/core/Macro.cuh:48  用 #define 定义常量，建议改为 const/constexpr → 原行: #define EXCITATION 75.0e-6  (规范条款 4.8.1)
[WARN]  /home/gadolinite/CASHIM_HL/subsecond/raytracedicom_pybind_stage/subSecond/include/core/Macro.cuh:49  用 #define 定义常量，建议改为 const/constexpr → 原行: #define MEV2JOULES 1.6021773e-13  (规范条款 4.8.1)
[WARN]  /home/gadolinite/CASHIM_HL/subsecond/raytracedicom_pybind_stage/subSecond/include/core/Macro.cuh:50  用 #define 定义常量，建议改为 const/constexpr → 原行: #define BATCHSIZE 65536  (规范条款 4.8.1)
[WARN]  /home/gadolinite/CASHIM_HL/subsecond/raytracedicom_pybind_stage/subSecond/include/core/Macro.cuh:53  用 #define 定义常量，建议改为 const/constexpr → 原行: #define ROI_MARGIN_X 5.0f  // ROI margin in X direction (cm)  (规范条款 4.8.1)
[INFO]  /home/gadolinite/CASHIM_HL/subsecond/raytracedicom_pybind_stage/subSecond/include/core/Macro.cuh:54  行尾空白字符已删除  (规范条款 4.2)
[WARN]  /home/gadolinite/CASHIM_HL/subsecond/raytracedicom_pybind_stage/subSecond/include/core/Macro.cuh:54  用 #define 定义常量，建议改为 const/constexpr → 原行: #define ROI_MARGIN_Y 5.0f  // ROI margin in Y direction (cm)  (规范条款 4.8.1)
[WARN]  /home/gadolinite/CASHIM_HL/subsecond/raytracedicom_pybind_stage/subSecond/include/core/Macro.cuh:55  用 #define 定义常量，建议改为 const/constexpr → 原行: #define ROI_MARGIN_Z 2.0f  // ROI margin in Z direction (cm)  (规范条款 4.8.1)
[WARN]  /home/gadolinite/CASHIM_HL/subsecond/raytracedicom_pybind_stage/subSecond/include/core/Macro.cuh:56  宏函数，建议替换为模板函数或内联函数 → 原行: #define MIN(a,b) (a > b ? b : a)  (规范条款 4.8.9)
[WARN]  /home/gadolinite/CASHIM_HL/subsecond/raytracedicom_pybind_stage/subSecond/include/core/Macro.cuh:57  宏函数，建议替换为模板函数或内联函数 → 原行: #define MIN3(a,b,c) (a > b ? b : a) > c ? c : (a > b ? b : a)  (规范条款 4.8.9)
[WARN]  /home/gadolinite/CASHIM_HL/subsecond/raytracedicom_pybind_stage/subSecond/include/core/Macro.cuh:58  宏函数，建议替换为模板函数或内联函数 → 原行: #define ABS(a) a > 0 ? a : -a  (规范条款 4.8.9)
[WARN]  /home/gadolinite/CASHIM_HL/subsecond/raytracedicom_pybind_stage/subSecond/include/core/Macro.cuh:60  用 #define 定义常量，建议改为 const/constexpr → 原行: #define SIGMA_CUTOFF 3.0f  (规范条款 4.8.1)
[WARN]  /home/gadolinite/CASHIM_HL/subsecond/raytracedicom_pybind_stage/subSecond/include/core/Macro.cuh:61  用 #define 定义常量，建议改为 const/constexpr → 原行: #define ROI_MARGIN 2.0f  // ROI边界扩展margin (cm)  (规范条款 4.8.1)
[WARN]  /home/gadolinite/CASHIM_HL/subsecond/raytracedicom_pybind_stage/subSecond/include/core/Macro.cuh:64  用 #define 定义常量，建议改为 const/constexpr → 原行: #define MAX_SUPERP_RADIUS 32  (规范条款 4.8.1)
[WARN]  /home/gadolinite/CASHIM_HL/subsecond/raytracedicom_pybind_stage/subSecond/include/core/Macro.cuh:65  用 #define 定义常量，建议改为 const/constexpr → 原行: #define SUPERP_TILE_X 32  // 等于warp大小  (规范条款 4.8.1)
[WARN]  /home/gadolinite/CASHIM_HL/subsecond/raytracedicom_pybind_stage/subSecond/include/core/Macro.cuh:66  用 #define 定义常量，建议改为 const/constexpr → 原行: #define SUPERP_TILE_Y 8   // 优化内存合并访问  (规范条款 4.8.1)
[WARN]  /home/gadolinite/CASHIM_HL/subsecond/raytracedicom_pybind_stage/subSecond/include/core/Macro.cuh:67  用 #define 定义常量，建议改为 const/constexpr → 原行: #define MIN_TILES_IN_BATCH 16  (规范条款 4.8.1)
[WARN]  /home/gadolinite/CASHIM_HL/subsecond/raytracedicom_pybind_stage/subSecond/include/core/Macro.cuh:68  用 #define 定义常量，建议改为 const/constexpr → 原行: #define KS_SIGMA_CUTOFF 3.0f  (规范条款 4.8.1)
[INFO]  /home/gadolinite/CASHIM_HL/subsecond/raytracedicom_pybind_stage/subSecond/include/core/Macro.cuh:74  Tab缩进 → 4空格缩进  (规范条款 4.2)
[WARN]  /home/gadolinite/CASHIM_HL/subsecond/raytracedicom_pybind_stage/subSecond/include/core/Macro.cuh:74  含自增/自减的复合表达式，需人工将自增/自减单独放一行 → 原行: //  if __SCOREDOSE2WATER__ is turned on, 1--on, 0--off  (规范条款 4.8.2)
[INFO]  /home/gadolinite/CASHIM_HL/subsecond/raytracedicom_pybind_stage/subSecond/include/core/Macro.cuh:76  Tab缩进 → 4空格缩进  (规范条款 4.2)
[WARN]  /home/gadolinite/CASHIM_HL/subsecond/raytracedicom_pybind_stage/subSecond/include/core/Macro.cuh:76  含自增/自减的复合表达式，需人工将自增/自减单独放一行 → 原行: //  if only EM interaction is turned on, 1--on, 0--off  (规范条款 4.8.2)
[WARN]  /home/gadolinite/CASHIM_HL/subsecond/raytracedicom_pybind_stage/subSecond/include/core/Macro.cuh:87  用 #define 定义常量，建议改为 const/constexpr → 原行: #define HALF 0.5f  (规范条款 4.8.1)
[WARN]  /home/gadolinite/CASHIM_HL/subsecond/raytracedicom_pybind_stage/subSecond/include/core/common.cuh:14  宏函数，建议替换为模板函数或内联函数 → 原行: #define checkCudaErrors(val) do { \  (规范条款 4.8.9)
[WARN]  /home/gadolinite/CASHIM_HL/subsecond/raytracedicom_pybind_stage/subSecond/include/core/common.cuh:23  含自增/自减的复合表达式，需人工将自增/自减单独放一行 → 原行: // For C++ compilation, provide minimal CUDA function declarations  (规范条款 4.8.2)
[WARN]  /home/gadolinite/CASHIM_HL/subsecond/raytracedicom_pybind_stage/subSecond/include/core/common.cuh:25  宏函数，建议替换为模板函数或内联函数 → 原行: #define checkCudaErrors(val) do { \  (规范条款 4.8.9)
[SKIP]  /home/gadolinite/CASHIM_HL/subsecond/raytracedicom_pybind_stage/subSecond/include/core/common.cuh:44  行宽 122 > 120，需人工换行处理  (规范条款 4.2)
[SKIP]  /home/gadolinite/CASHIM_HL/subsecond/raytracedicom_pybind_stage/subSecond/include/core/common.cuh:45  行宽 122 > 120，需人工换行处理  (规范条款 4.2)
[SKIP]  /home/gadolinite/CASHIM_HL/subsecond/raytracedicom_pybind_stage/subSecond/include/core/common.cuh:47  行宽 131 > 120，需人工换行处理  (规范条款 4.2)
[SKIP]  /home/gadolinite/CASHIM_HL/subsecond/raytracedicom_pybind_stage/subSecond/include/core/common.cuh:49  行宽 121 > 120，需人工换行处理  (规范条款 4.2)
[SKIP]  /home/gadolinite/CASHIM_HL/subsecond/raytracedicom_pybind_stage/subSecond/include/core/common.cuh:50  行宽 121 > 120，需人工换行处理  (规范条款 4.2)
[SKIP]  /home/gadolinite/CASHIM_HL/subsecond/raytracedicom_pybind_stage/subSecond/include/core/common.cuh:59  行宽 122 > 120，需人工换行处理  (规范条款 4.2)
[SKIP]  /home/gadolinite/CASHIM_HL/subsecond/raytracedicom_pybind_stage/subSecond/include/core/common.cuh:60  行宽 122 > 120，需人工换行处理  (规范条款 4.2)
[SKIP]  /home/gadolinite/CASHIM_HL/subsecond/raytracedicom_pybind_stage/subSecond/include/core/common.cuh:62  行宽 121 > 120，需人工换行处理  (规范条款 4.2)
[SKIP]  /home/gadolinite/CASHIM_HL/subsecond/raytracedicom_pybind_stage/subSecond/include/core/common.cuh:63  行宽 121 > 120，需人工换行处理  (规范条款 4.2)
[SKIP]  /home/gadolinite/CASHIM_HL/subsecond/raytracedicom_pybind_stage/subSecond/include/core/common.cuh:121  行宽 132 > 120，需人工换行处理  (规范条款 4.2)
[SKIP]  /home/gadolinite/CASHIM_HL/subsecond/raytracedicom_pybind_stage/subSecond/include/core/common.cuh:122  行宽 129 > 120，需人工换行处理  (规范条款 4.2)
[WARN]  /home/gadolinite/CASHIM_HL/subsecond/raytracedicom_pybind_stage/subSecond/include/core/common.cuh:127  宏函数，建议替换为模板函数或内联函数 → 原行: # define DEBUG_PRINT(x) printf x  (规范条款 4.8.9)
[WARN]  /home/gadolinite/CASHIM_HL/subsecond/raytracedicom_pybind_stage/subSecond/include/core/common.cuh:129  宏函数，建议替换为模板函数或内联函数 → 原行: # define DEBUG_PRINT(x) do {} while (0)  (规范条款 4.8.9)
[WARN]  /home/gadolinite/CASHIM_HL/subsecond/raytracedicom_pybind_stage/subSecond/include/core/common.cuh:133  疑似注释掉的代码，规范要求直接删除 → 原行: // 构造函数计时宏 (默认禁用，避免 device printf/性能问题)  (规范条款 4.3)
[WARN]  /home/gadolinite/CASHIM_HL/subsecond/raytracedicom_pybind_stage/subSecond/include/core/common.cuh:135  宏函数，建议替换为模板函数或内联函数 → 原行: #define CONSTRUCTOR_TIMER_START() do {} while(0)  (规范条款 4.8.9)
[WARN]  /home/gadolinite/CASHIM_HL/subsecond/raytracedicom_pybind_stage/subSecond/include/core/common.cuh:136  宏函数，建议替换为模板函数或内联函数 → 原行: #define CONSTRUCTOR_TIMER_END(name) do {} while(0)  (规范条款 4.8.9)
[WARN]  /home/gadolinite/CASHIM_HL/subsecond/raytracedicom_pybind_stage/subSecond/include/core/common.cuh:138  宏函数，建议替换为模板函数或内联函数 → 原行: #define CONSTRUCTOR_TIMER_START() do {} while(0)  (规范条款 4.8.9)
[WARN]  /home/gadolinite/CASHIM_HL/subsecond/raytracedicom_pybind_stage/subSecond/include/core/common.cuh:139  宏函数，建议替换为模板函数或内联函数 → 原行: #define CONSTRUCTOR_TIMER_END(name) do {} while(0)  (规范条款 4.8.9)
[WARN]  /home/gadolinite/CASHIM_HL/subsecond/raytracedicom_pybind_stage/subSecond/include/core/common.cuh:143  用 #define 定义常量，建议改为 const/constexpr → 原行: #define BLOCKDIM 512  (规范条款 4.8.1)
[WARN]  /home/gadolinite/CASHIM_HL/subsecond/raytracedicom_pybind_stage/subSecond/include/core/common.cuh:144  用 #define 定义常量，建议改为 const/constexpr → 原行: #define GRIDDIM  256  (规范条款 4.8.1)
[INFO]  /home/gadolinite/CASHIM_HL/subsecond/raytracedicom_pybind_stage/subSecond/include/core/common.cuh:169  行尾空白字符已删除  (规范条款 4.2)
[INFO]  /home/gadolinite/CASHIM_HL/subsecond/raytracedicom_pybind_stage/subSecond/include/core/common.cuh:170  行尾空白字符已删除  (规范条款 4.2)
[INFO]  /home/gadolinite/CASHIM_HL/subsecond/raytracedicom_pybind_stage/subSecond/include/core/common.cuh:173  行尾空白字符已删除  (规范条款 4.2)
[WARN]  /home/gadolinite/CASHIM_HL/subsecond/raytracedicom_pybind_stage/subSecond/include/core/common.cuh:179  疑似注释掉的代码，规范要求直接删除 → 原行: // 纹理布局：width=5(channels), height=maxSubspotsPerLayer, depth=numLayers  (规范条款 4.3)
[WARN]  /home/gadolinite/CASHIM_HL/subsecond/raytracedicom_pybind_stage/subSecond/include/core/common.cuh:183  疑似魔鬼数字，建议定义为具名常量 → 原行: sigmaX = tex3D<float>(subspotData, 3.f, float(subspotIdx), float(eneIdx));  (规范条款 4.8.1)
[WARN]  /home/gadolinite/CASHIM_HL/subsecond/raytracedicom_pybind_stage/subSecond/include/core/common.cuh:184  疑似魔鬼数字，建议定义为具名常量 → 原行: sigmaY = tex3D<float>(subspotData, 4.f, float(subspotIdx), float(eneIdx));  (规范条款 4.8.1)
[INFO]  /home/gadolinite/CASHIM_HL/subsecond/raytracedicom_pybind_stage/subSecond/include/core/common.cuh:189  行尾空白字符已删除  (规范条款 4.2)
[INFO]  /home/gadolinite/CASHIM_HL/subsecond/raytracedicom_pybind_stage/subSecond/include/core/common.cuh:190  行尾空白字符已删除  (规范条款 4.2)
[INFO]  /home/gadolinite/CASHIM_HL/subsecond/raytracedicom_pybind_stage/subSecond/include/core/common.cuh:192  行尾空白字符已删除  (规范条款 4.2)
[WARN]  /home/gadolinite/CASHIM_HL/subsecond/raytracedicom_pybind_stage/subSecond/include/core/common.cuh:193  疑似注释掉的代码，规范要求直接删除 → 原行: // subspot在参考平面上的位置 = 中心 + X偏移 + Y偏移  (规范条款 4.3)
[INFO]  /home/gadolinite/CASHIM_HL/subsecond/raytracedicom_pybind_stage/subSecond/include/core/common.cuh:195  行尾空白字符已删除  (规范条款 4.2)
[INFO]  /home/gadolinite/CASHIM_HL/subsecond/raytracedicom_pybind_stage/subSecond/include/core/common.cuh:209  行尾空白字符已删除  (规范条款 4.2)
[INFO]  /home/gadolinite/CASHIM_HL/subsecond/raytracedicom_pybind_stage/subSecond/include/core/common.cuh:213  行尾空白字符已删除  (规范条款 4.2)
[INFO]  /home/gadolinite/CASHIM_HL/subsecond/raytracedicom_pybind_stage/subSecond/include/core/common.cuh:224  行尾空白字符已删除  (规范条款 4.2)
[INFO]  /home/gadolinite/CASHIM_HL/subsecond/raytracedicom_pybind_stage/subSecond/include/core/common.cuh:226  行尾空白字符已删除  (规范条款 4.2)
[WARN]  /home/gadolinite/CASHIM_HL/subsecond/raytracedicom_pybind_stage/subSecond/include/core/common.cuh:237  疑似魔鬼数字，建议定义为具名常量 → 原行: typedef struct __align__(32) {  (规范条款 4.8.1)
[WARN]  /home/gadolinite/CASHIM_HL/subsecond/raytracedicom_pybind_stage/subSecond/include/core/common.cuh:309  疑似魔鬼数字，建议定义为具名常量 → 原行: if (sizeof(T) == 4 && c == R) {  (规范条款 4.8.1)
[WARN]  /home/gadolinite/CASHIM_HL/subsecond/raytracedicom_pybind_stage/subSecond/include/core/common.cuh:310  疑似魔鬼数字，建议定义为具名常量 → 原行: channelDesc = cudaCreateChannelDesc(32, 0, 0, 0, cudaChannelFormatKindFloat);  (规范条款 4.8.1)
[WARN]  /home/gadolinite/CASHIM_HL/subsecond/raytracedicom_pybind_stage/subSecond/include/core/common.cuh:311  疑似魔鬼数字，建议定义为具名常量 → 原行: } else if (sizeof(T) == 8 && c == RG) {  (规范条款 4.8.1)
[WARN]  /home/gadolinite/CASHIM_HL/subsecond/raytracedicom_pybind_stage/subSecond/include/core/common.cuh:312  疑似魔鬼数字，建议定义为具名常量 → 原行: channelDesc = cudaCreateChannelDesc(32, 32, 0, 0, cudaChannelFormatKindFloat);  (规范条款 4.8.1)
[WARN]  /home/gadolinite/CASHIM_HL/subsecond/raytracedicom_pybind_stage/subSecond/include/core/common.cuh:314  疑似魔鬼数字，建议定义为具名常量 → 原行: channelDesc = cudaCreateChannelDesc(32, 32, 32, 0, cudaChannelFormatKindFloat);  (规范条款 4.8.1)
[WARN]  /home/gadolinite/CASHIM_HL/subsecond/raytracedicom_pybind_stage/subSecond/include/core/common.cuh:316  疑似魔鬼数字，建议定义为具名常量 → 原行: channelDesc = cudaCreateChannelDesc(32, 32, 32, 32, cudaChannelFormatKindFloat);  (规范条款 4.8.1)
[INFO]  /home/gadolinite/CASHIM_HL/subsecond/raytracedicom_pybind_stage/subSecond/include/core/common.cuh:350  NULL → nullptr  (规范条款 4.8.10)
[WARN]  /home/gadolinite/CASHIM_HL/subsecond/raytracedicom_pybind_stage/subSecond/include/core/common.cuh:366  疑似魔鬼数字，建议定义为具名常量 → 原行: if (sizeof(T) == 4 && c == R) {  (规范条款 4.8.1)
[WARN]  /home/gadolinite/CASHIM_HL/subsecond/raytracedicom_pybind_stage/subSecond/include/core/common.cuh:367  疑似魔鬼数字，建议定义为具名常量 → 原行: channelDesc = cudaCreateChannelDesc(32, 0, 0, 0, cudaChannelFormatKindFloat);  (规范条款 4.8.1)
[WARN]  /home/gadolinite/CASHIM_HL/subsecond/raytracedicom_pybind_stage/subSecond/include/core/common.cuh:368  疑似魔鬼数字，建议定义为具名常量 → 原行: } else if (sizeof(T) == 8 && c == RG) {  (规范条款 4.8.1)
[WARN]  /home/gadolinite/CASHIM_HL/subsecond/raytracedicom_pybind_stage/subSecond/include/core/common.cuh:369  疑似魔鬼数字，建议定义为具名常量 → 原行: channelDesc = cudaCreateChannelDesc(32, 32, 0, 0, cudaChannelFormatKindFloat);  (规范条款 4.8.1)
[WARN]  /home/gadolinite/CASHIM_HL/subsecond/raytracedicom_pybind_stage/subSecond/include/core/common.cuh:371  疑似魔鬼数字，建议定义为具名常量 → 原行: channelDesc = cudaCreateChannelDesc(32, 32, 32, 0, cudaChannelFormatKindFloat);  (规范条款 4.8.1)
[WARN]  /home/gadolinite/CASHIM_HL/subsecond/raytracedicom_pybind_stage/subSecond/include/core/common.cuh:373  疑似魔鬼数字，建议定义为具名常量 → 原行: channelDesc = cudaCreateChannelDesc(32, 32, 32, 32, cudaChannelFormatKindFloat);  (规范条款 4.8.1)
[INFO]  /home/gadolinite/CASHIM_HL/subsecond/raytracedicom_pybind_stage/subSecond/include/core/common.cuh:413  NULL → nullptr  (规范条款 4.8.10)
[WARN]  /home/gadolinite/CASHIM_HL/subsecond/raytracedicom_pybind_stage/subSecond/include/core/common.cuh:428  疑似魔鬼数字，建议定义为具名常量 → 原行: if (sizeof(T) == 4 && c == R) {  (规范条款 4.8.1)
[WARN]  /home/gadolinite/CASHIM_HL/subsecond/raytracedicom_pybind_stage/subSecond/include/core/common.cuh:429  疑似魔鬼数字，建议定义为具名常量 → 原行: channelDesc = cudaCreateChannelDesc(32, 0, 0, 0, cudaChannelFormatKindFloat);  (规范条款 4.8.1)
[WARN]  /home/gadolinite/CASHIM_HL/subsecond/raytracedicom_pybind_stage/subSecond/include/core/common.cuh:430  疑似魔鬼数字，建议定义为具名常量 → 原行: } else if (sizeof(T) == 8 && c == RG) {  (规范条款 4.8.1)
[WARN]  /home/gadolinite/CASHIM_HL/subsecond/raytracedicom_pybind_stage/subSecond/include/core/common.cuh:431  疑似魔鬼数字，建议定义为具名常量 → 原行: channelDesc = cudaCreateChannelDesc(32, 32, 0, 0, cudaChannelFormatKindFloat);  (规范条款 4.8.1)
[WARN]  /home/gadolinite/CASHIM_HL/subsecond/raytracedicom_pybind_stage/subSecond/include/core/common.cuh:433  疑似魔鬼数字，建议定义为具名常量 → 原行: channelDesc = cudaCreateChannelDesc(32, 32, 32, 0, cudaChannelFormatKindFloat);  (规范条款 4.8.1)
[WARN]  /home/gadolinite/CASHIM_HL/subsecond/raytracedicom_pybind_stage/subSecond/include/core/common.cuh:435  疑似魔鬼数字，建议定义为具名常量 → 原行: channelDesc = cudaCreateChannelDesc(32, 32, 32, 32, cudaChannelFormatKindFloat);  (规范条款 4.8.1)
[INFO]  /home/gadolinite/CASHIM_HL/subsecond/raytracedicom_pybind_stage/subSecond/include/core/common.cuh:469  NULL → nullptr  (规范条款 4.8.10)
[WARN]  /home/gadolinite/CASHIM_HL/subsecond/raytracedicom_pybind_stage/subSecond/include/core/common.cuh:484  疑似魔鬼数字，建议定义为具名常量 → 原行: if (sizeof(T) == 4 && c == R) {  (规范条款 4.8.1)
[WARN]  /home/gadolinite/CASHIM_HL/subsecond/raytracedicom_pybind_stage/subSecond/include/core/common.cuh:485  疑似魔鬼数字，建议定义为具名常量 → 原行: cuChannelFormatDesc = cudaCreateChannelDesc(32, 0, 0, 0, cudaChannelFormatKindFloat);  (规范条款 4.8.1)
[WARN]  /home/gadolinite/CASHIM_HL/subsecond/raytracedicom_pybind_stage/subSecond/include/core/common.cuh:486  疑似魔鬼数字，建议定义为具名常量 → 原行: } else if (sizeof(T) == 8 && c == RG) {  (规范条款 4.8.1)
[WARN]  /home/gadolinite/CASHIM_HL/subsecond/raytracedicom_pybind_stage/subSecond/include/core/common.cuh:487  疑似魔鬼数字，建议定义为具名常量 → 原行: cuChannelFormatDesc = cudaCreateChannelDesc(32, 32, 0, 0, cudaChannelFormatKindFloat);  (规范条款 4.8.1)
[WARN]  /home/gadolinite/CASHIM_HL/subsecond/raytracedicom_pybind_stage/subSecond/include/core/common.cuh:489  疑似魔鬼数字，建议定义为具名常量 → 原行: cuChannelFormatDesc = cudaCreateChannelDesc(32, 32, 32, 0, cudaChannelFormatKindFloat);  (规范条款 4.8.1)
[WARN]  /home/gadolinite/CASHIM_HL/subsecond/raytracedicom_pybind_stage/subSecond/include/core/common.cuh:491  疑似魔鬼数字，建议定义为具名常量 → 原行: cuChannelFormatDesc = cudaCreateChannelDesc(32, 32, 32, 32, cudaChannelFormatKindFloat);  (规范条款 4.8.1)
[INFO]  /home/gadolinite/CASHIM_HL/subsecond/raytracedicom_pybind_stage/subSecond/include/core/common.cuh:524  NULL → nullptr  (规范条款 4.8.10)
[WARN]  /home/gadolinite/CASHIM_HL/subsecond/raytracedicom_pybind_stage/subSecond/include/core/common.cuh:539  疑似魔鬼数字，建议定义为具名常量 → 原行: if (sizeof(T) == 4 && c == R) {  (规范条款 4.8.1)
[WARN]  /home/gadolinite/CASHIM_HL/subsecond/raytracedicom_pybind_stage/subSecond/include/core/common.cuh:540  疑似魔鬼数字，建议定义为具名常量 → 原行: cuChannelFormatDesc = cudaCreateChannelDesc(32, 0, 0, 0, cudaChannelFormatKindFloat);  (规范条款 4.8.1)
[WARN]  /home/gadolinite/CASHIM_HL/subsecond/raytracedicom_pybind_stage/subSecond/include/core/common.cuh:541  疑似魔鬼数字，建议定义为具名常量 → 原行: } else if (sizeof(T) == 8 && c == RG) {  (规范条款 4.8.1)
[WARN]  /home/gadolinite/CASHIM_HL/subsecond/raytracedicom_pybind_stage/subSecond/include/core/common.cuh:542  疑似魔鬼数字，建议定义为具名常量 → 原行: cuChannelFormatDesc = cudaCreateChannelDesc(32, 32, 0, 0, cudaChannelFormatKindFloat);  (规范条款 4.8.1)
[WARN]  /home/gadolinite/CASHIM_HL/subsecond/raytracedicom_pybind_stage/subSecond/include/core/common.cuh:544  疑似魔鬼数字，建议定义为具名常量 → 原行: cuChannelFormatDesc = cudaCreateChannelDesc(32, 32, 32, 0, cudaChannelFormatKindFloat);  (规范条款 4.8.1)
[WARN]  /home/gadolinite/CASHIM_HL/subsecond/raytracedicom_pybind_stage/subSecond/include/core/common.cuh:546  疑似魔鬼数字，建议定义为具名常量 → 原行: cuChannelFormatDesc = cudaCreateChannelDesc(32, 32, 32, 32, cudaChannelFormatKindFloat);  (规范条款 4.8.1)
[INFO]  /home/gadolinite/CASHIM_HL/subsecond/raytracedicom_pybind_stage/subSecond/include/core/common.cuh:584  NULL → nullptr  (规范条款 4.8.10)
[WARN]  /home/gadolinite/CASHIM_HL/subsecond/raytracedicom_pybind_stage/subSecond/include/core/common.cuh:592  疑似魔鬼数字，建议定义为具名常量 → 原行: float m[3][4];  (规范条款 4.8.1)
[INFO]  /home/gadolinite/CASHIM_HL/subsecond/raytracedicom_pybind_stage/subSecond/include/core/common.cuh:594  Tab缩进 → 4空格缩进  (规范条款 4.2)
[WARN]  /home/gadolinite/CASHIM_HL/subsecond/raytracedicom_pybind_stage/subSecond/include/core/common.cuh:596  疑似魔鬼数字，建议定义为具名常量 → 原行: r.x = m[0][0]*p.x + m[0][1]*p.y + m[0][2]*p.z + m[0][3];  (规范条款 4.8.1)
[WARN]  /home/gadolinite/CASHIM_HL/subsecond/raytracedicom_pybind_stage/subSecond/include/core/common.cuh:597  疑似魔鬼数字，建议定义为具名常量 → 原行: r.y = m[1][0]*p.x + m[1][1]*p.y + m[1][2]*p.z + m[1][3];  (规范条款 4.8.1)
[WARN]  /home/gadolinite/CASHIM_HL/subsecond/raytracedicom_pybind_stage/subSecond/include/core/common.cuh:598  疑似魔鬼数字，建议定义为具名常量 → 原行: r.z = m[2][0]*p.x + m[2][1]*p.y + m[2][2]*p.z + m[2][3];  (规范条款 4.8.1)
[INFO]  /home/gadolinite/CASHIM_HL/subsecond/raytracedicom_pybind_stage/subSecond/include/core/common.cuh:602  Tab缩进 → 4空格缩进  (规范条款 4.2)
[INFO]  /home/gadolinite/CASHIM_HL/subsecond/raytracedicom_pybind_stage/subSecond/include/core/common.cuh:604  Tab缩进 → 4空格缩进  (规范条款 4.2)
[SKIP]  /home/gadolinite/CASHIM_HL/subsecond/raytracedicom_pybind_stage/subSecond/include/core/common.cuh:605  同一行多个变量初始化，建议每行只有一个 → 原行: float a = m[0][0], b = m[0][1], c = m[0][2];  (规范条款 4.2)
[SKIP]  /home/gadolinite/CASHIM_HL/subsecond/raytracedicom_pybind_stage/subSecond/include/core/common.cuh:606  同一行多个变量初始化，建议每行只有一个 → 原行: float d = m[1][0], e = m[1][1], f = m[1][2];  (规范条款 4.2)
[SKIP]  /home/gadolinite/CASHIM_HL/subsecond/raytracedicom_pybind_stage/subSecond/include/core/common.cuh:607  同一行多个变量初始化，建议每行只有一个 → 原行: float g = m[2][0], h = m[2][1], i = m[2][2];  (规范条款 4.2)
[INFO]  /home/gadolinite/CASHIM_HL/subsecond/raytracedicom_pybind_stage/subSecond/include/core/common.cuh:608  指针/引用符号空格修正（两边都无空格 → 靠左形式）  (规范条款 4.2)
[INFO]  /home/gadolinite/CASHIM_HL/subsecond/raytracedicom_pybind_stage/subSecond/include/core/common.cuh:610  Tab缩进 → 4空格缩进  (规范条款 4.2)
[INFO]  /home/gadolinite/CASHIM_HL/subsecond/raytracedicom_pybind_stage/subSecond/include/core/common.cuh:611  指针/引用符号空格修正（两边都无空格 → 靠左形式）  (规范条款 4.2)
[INFO]  /home/gadolinite/CASHIM_HL/subsecond/raytracedicom_pybind_stage/subSecond/include/core/common.cuh:612  指针/引用符号空格修正（两边都无空格 → 靠左形式）  (规范条款 4.2)
[INFO]  /home/gadolinite/CASHIM_HL/subsecond/raytracedicom_pybind_stage/subSecond/include/core/common.cuh:613  指针/引用符号空格修正（两边都无空格 → 靠左形式）  (规范条款 4.2)
[INFO]  /home/gadolinite/CASHIM_HL/subsecond/raytracedicom_pybind_stage/subSecond/include/core/common.cuh:614  指针/引用符号空格修正（两边都无空格 → 靠左形式）  (规范条款 4.2)
[INFO]  /home/gadolinite/CASHIM_HL/subsecond/raytracedicom_pybind_stage/subSecond/include/core/common.cuh:615  指针/引用符号空格修正（两边都无空格 → 靠左形式）  (规范条款 4.2)
[INFO]  /home/gadolinite/CASHIM_HL/subsecond/raytracedicom_pybind_stage/subSecond/include/core/common.cuh:616  指针/引用符号空格修正（两边都无空格 → 靠左形式）  (规范条款 4.2)
[INFO]  /home/gadolinite/CASHIM_HL/subsecond/raytracedicom_pybind_stage/subSecond/include/core/common.cuh:617  指针/引用符号空格修正（两边都无空格 → 靠左形式）  (规范条款 4.2)
[INFO]  /home/gadolinite/CASHIM_HL/subsecond/raytracedicom_pybind_stage/subSecond/include/core/common.cuh:618  指针/引用符号空格修正（两边都无空格 → 靠左形式）  (规范条款 4.2)
[INFO]  /home/gadolinite/CASHIM_HL/subsecond/raytracedicom_pybind_stage/subSecond/include/core/common.cuh:619  指针/引用符号空格修正（两边都无空格 → 靠左形式）  (规范条款 4.2)
[WARN]  /home/gadolinite/CASHIM_HL/subsecond/raytracedicom_pybind_stage/subSecond/include/core/common.cuh:621  疑似魔鬼数字，建议定义为具名常量 → 原行: float3 t = make_float3(m[0][3], m[1][3], m[2][3]);  (规范条款 4.8.1)
[WARN]  /home/gadolinite/CASHIM_HL/subsecond/raytracedicom_pybind_stage/subSecond/include/core/common.cuh:626  疑似魔鬼数字，建议定义为具名常量 → 原行: inv.m[0][3] = it.x;  (规范条款 4.8.1)
[WARN]  /home/gadolinite/CASHIM_HL/subsecond/raytracedicom_pybind_stage/subSecond/include/core/common.cuh:627  疑似魔鬼数字，建议定义为具名常量 → 原行: inv.m[1][3] = it.y;  (规范条款 4.8.1)
[WARN]  /home/gadolinite/CASHIM_HL/subsecond/raytracedicom_pybind_stage/subSecond/include/core/common.cuh:628  疑似魔鬼数字，建议定义为具名常量 → 原行: inv.m[2][3] = it.z;  (规范条款 4.8.1)
[WARN]  /home/gadolinite/CASHIM_HL/subsecond/raytracedicom_pybind_stage/subSecond/include/core/common.cuh:637  疑似注释掉的代码，规范要求直接删除 → 原行: // inline __device__ void transform(vec3f *dir, float theta, float phi) {  (规范条款 4.3)
[WARN]  /home/gadolinite/CASHIM_HL/subsecond/raytracedicom_pybind_stage/subSecond/include/core/common.cuh:639  疑似注释掉的代码，规范要求直接删除 → 原行: //   float temp = 1.0 - 1e-7;  (规范条款 4.3)
[WARN]  /home/gadolinite/CASHIM_HL/subsecond/raytracedicom_pybind_stage/subSecond/include/core/common.cuh:640  疑似注释掉的代码，规范要求直接删除 → 原行: //   if ((*dir).z * (*dir).z >= temp) {  (规范条款 4.3)
[INFO]  /home/gadolinite/CASHIM_HL/subsecond/raytracedicom_pybind_stage/subSecond/include/core/common.cuh:641  Tab缩进 → 4空格缩进  (规范条款 4.2)
[WARN]  /home/gadolinite/CASHIM_HL/subsecond/raytracedicom_pybind_stage/subSecond/include/core/common.cuh:641  疑似注释掉的代码，规范要求直接删除 → 原行: //  if ((*dir).z > 0) {  (规范条款 4.3)
[INFO]  /home/gadolinite/CASHIM_HL/subsecond/raytracedicom_pybind_stage/subSecond/include/core/common.cuh:642  Tab缩进 → 4空格缩进  (规范条款 4.2)
[WARN]  /home/gadolinite/CASHIM_HL/subsecond/raytracedicom_pybind_stage/subSecond/include/core/common.cuh:642  疑似注释掉的代码，规范要求直接删除 → 原行: //    (*dir).x = sinf(theta) * cosf(phi);  (规范条款 4.3)
[INFO]  /home/gadolinite/CASHIM_HL/subsecond/raytracedicom_pybind_stage/subSecond/include/core/common.cuh:643  Tab缩进 → 4空格缩进  (规范条款 4.2)
[WARN]  /home/gadolinite/CASHIM_HL/subsecond/raytracedicom_pybind_stage/subSecond/include/core/common.cuh:643  疑似注释掉的代码，规范要求直接删除 → 原行: //    (*dir).y = sinf(theta) * sinf(phi);  (规范条款 4.3)
[INFO]  /home/gadolinite/CASHIM_HL/subsecond/raytracedicom_pybind_stage/subSecond/include/core/common.cuh:644  Tab缩进 → 4空格缩进  (规范条款 4.2)
[WARN]  /home/gadolinite/CASHIM_HL/subsecond/raytracedicom_pybind_stage/subSecond/include/core/common.cuh:644  疑似注释掉的代码，规范要求直接删除 → 原行: //    (*dir).z = cosf(theta);  (规范条款 4.3)
[INFO]  /home/gadolinite/CASHIM_HL/subsecond/raytracedicom_pybind_stage/subSecond/include/core/common.cuh:645  Tab缩进 → 4空格缩进  (规范条款 4.2)
[INFO]  /home/gadolinite/CASHIM_HL/subsecond/raytracedicom_pybind_stage/subSecond/include/core/common.cuh:646  Tab缩进 → 4空格缩进  (规范条款 4.2)
[WARN]  /home/gadolinite/CASHIM_HL/subsecond/raytracedicom_pybind_stage/subSecond/include/core/common.cuh:646  疑似注释掉的代码，规范要求直接删除 → 原行: //    (*dir).x = -sinf(theta) * cosf(phi);  (规范条款 4.3)
[INFO]  /home/gadolinite/CASHIM_HL/subsecond/raytracedicom_pybind_stage/subSecond/include/core/common.cuh:647  Tab缩进 → 4空格缩进  (规范条款 4.2)
[WARN]  /home/gadolinite/CASHIM_HL/subsecond/raytracedicom_pybind_stage/subSecond/include/core/common.cuh:647  疑似注释掉的代码，规范要求直接删除 → 原行: //    (*dir).y = -sinf(theta) * sinf(phi);  (规范条款 4.3)
[INFO]  /home/gadolinite/CASHIM_HL/subsecond/raytracedicom_pybind_stage/subSecond/include/core/common.cuh:648  Tab缩进 → 4空格缩进  (规范条款 4.2)
[WARN]  /home/gadolinite/CASHIM_HL/subsecond/raytracedicom_pybind_stage/subSecond/include/core/common.cuh:648  疑似注释掉的代码，规范要求直接删除 → 原行: //    (*dir).z = -cosf(theta);  (规范条款 4.3)
[INFO]  /home/gadolinite/CASHIM_HL/subsecond/raytracedicom_pybind_stage/subSecond/include/core/common.cuh:649  Tab缩进 → 4空格缩进  (规范条款 4.2)
[INFO]  /home/gadolinite/CASHIM_HL/subsecond/raytracedicom_pybind_stage/subSecond/include/core/common.cuh:651  Tab缩进 → 4空格缩进  (规范条款 4.2)
[WARN]  /home/gadolinite/CASHIM_HL/subsecond/raytracedicom_pybind_stage/subSecond/include/core/common.cuh:651  疑似注释掉的代码，规范要求直接删除 → 原行: //  float u, v, w;  (规范条款 4.3)
[INFO]  /home/gadolinite/CASHIM_HL/subsecond/raytracedicom_pybind_stage/subSecond/include/core/common.cuh:652  Tab缩进 → 4空格缩进  (规范条款 4.2)
[WARN]  /home/gadolinite/CASHIM_HL/subsecond/raytracedicom_pybind_stage/subSecond/include/core/common.cuh:652  疑似注释掉的代码，规范要求直接删除 → 原行: //  u = (*dir).x * cosf(theta)  (规范条款 4.3)
[INFO]  /home/gadolinite/CASHIM_HL/subsecond/raytracedicom_pybind_stage/subSecond/include/core/common.cuh:653  Tab缩进 → 4空格缩进  (规范条款 4.2)
[WARN]  /home/gadolinite/CASHIM_HL/subsecond/raytracedicom_pybind_stage/subSecond/include/core/common.cuh:653  疑似注释掉的代码，规范要求直接删除 → 原行: //      + sinf(theta) * ((*dir).x * (*dir).z * cosf(phi) - (*dir).y * sinf(phi)) / sqrtf(1.0 - (*dir).z * (*dir).z);  (规范条款 4.3)
[INFO]  /home/gadolinite/CASHIM_HL/subsecond/raytracedicom_pybind_stage/subSecond/include/core/common.cuh:654  Tab缩进 → 4空格缩进  (规范条款 4.2)
[WARN]  /home/gadolinite/CASHIM_HL/subsecond/raytracedicom_pybind_stage/subSecond/include/core/common.cuh:654  疑似注释掉的代码，规范要求直接删除 → 原行: //  v = (*dir).y * cosf(theta)  (规范条款 4.3)
[INFO]  /home/gadolinite/CASHIM_HL/subsecond/raytracedicom_pybind_stage/subSecond/include/core/common.cuh:655  Tab缩进 → 4空格缩进  (规范条款 4.2)
[WARN]  /home/gadolinite/CASHIM_HL/subsecond/raytracedicom_pybind_stage/subSecond/include/core/common.cuh:655  疑似注释掉的代码，规范要求直接删除 → 原行: //      + sinf(theta) * ((*dir).y * (*dir).z * cosf(phi) + (*dir).x * sinf(phi)) / sqrtf(1.0 - (*dir).z * (*dir).z);  (规范条款 4.3)
[INFO]  /home/gadolinite/CASHIM_HL/subsecond/raytracedicom_pybind_stage/subSecond/include/core/common.cuh:656  Tab缩进 → 4空格缩进  (规范条款 4.2)
[WARN]  /home/gadolinite/CASHIM_HL/subsecond/raytracedicom_pybind_stage/subSecond/include/core/common.cuh:656  疑似注释掉的代码，规范要求直接删除 → 原行: //  w = (*dir).z * cosf(theta) - sqrtf(1.0f - (*dir).z * (*dir).z) * sinf(theta) * cosf(phi);  (规范条款 4.3)
[INFO]  /home/gadolinite/CASHIM_HL/subsecond/raytracedicom_pybind_stage/subSecond/include/core/common.cuh:658  Tab缩进 → 4空格缩进  (规范条款 4.2)
[WARN]  /home/gadolinite/CASHIM_HL/subsecond/raytracedicom_pybind_stage/subSecond/include/core/common.cuh:658  疑似注释掉的代码，规范要求直接删除 → 原行: //  (*dir).x = u;  (规范条款 4.3)
[INFO]  /home/gadolinite/CASHIM_HL/subsecond/raytracedicom_pybind_stage/subSecond/include/core/common.cuh:659  Tab缩进 → 4空格缩进  (规范条款 4.2)
[WARN]  /home/gadolinite/CASHIM_HL/subsecond/raytracedicom_pybind_stage/subSecond/include/core/common.cuh:659  疑似注释掉的代码，规范要求直接删除 → 原行: //  (*dir).y = v;  (规范条款 4.3)
[INFO]  /home/gadolinite/CASHIM_HL/subsecond/raytracedicom_pybind_stage/subSecond/include/core/common.cuh:660  Tab缩进 → 4空格缩进  (规范条款 4.2)
[WARN]  /home/gadolinite/CASHIM_HL/subsecond/raytracedicom_pybind_stage/subSecond/include/core/common.cuh:660  疑似注释掉的代码，规范要求直接删除 → 原行: //  (*dir).z = w;  (规范条款 4.3)
[WARN]  /home/gadolinite/CASHIM_HL/subsecond/raytracedicom_pybind_stage/subSecond/include/core/common.cuh:662  疑似注释掉的代码，规范要求直接删除 → 原行: //   *dir = normalize(*dir);  (规范条款 4.3)
[WARN]  /home/gadolinite/CASHIM_HL/subsecond/raytracedicom_pybind_stage/subSecond/include/core/common.cuh:693  疑似 C 风格类型转换，建议改为 C++ 风格 → 原行: dim3 dimGrid((int) ceil((float) batchSize / (float) numThreads), 1, 1);  (规范条款 4.8.3)
[WARN]  /home/gadolinite/CASHIM_HL/subsecond/raytracedicom_pybind_stage/subSecond/include/core/common.cuh:694  疑似 C 风格类型转换，建议改为 C++ 风格 → 原行: cudaLaunchKernel((void *)f, dimGrid, dimBlock, args);  (规范条款 4.8.3)
[WARN]  /home/gadolinite/CASHIM_HL/subsecond/raytracedicom_pybind_stage/subSecond/include/core/common.cuh:695  疑似注释掉的代码，规范要求直接删除 → 原行: //    cudaLaunchCooperativeKernel((void *) f, dimGrid, dimBlock, args, 0, 0);  (规范条款 4.3)
[WARN]  /home/gadolinite/CASHIM_HL/subsecond/raytracedicom_pybind_stage/subSecond/include/core/common.cuh:701  疑似注释掉的代码，规范要求直接删除 → 原行: //  int numThreads = BLOCKDIM;  (规范条款 4.3)
[WARN]  /home/gadolinite/CASHIM_HL/subsecond/raytracedicom_pybind_stage/subSecond/include/core/common.cuh:703  疑似魔鬼数字，建议定义为具名常量 → 原行: dim3 dimBlock(16, 32, 1);  (规范条款 4.8.1)
[WARN]  /home/gadolinite/CASHIM_HL/subsecond/raytracedicom_pybind_stage/subSecond/include/core/common.cuh:704  疑似魔鬼数字，建议定义为具名常量 → 原行: dim3 dimGrid(int(sizeX / 16), int(sizeX / 32), 1);  (规范条款 4.8.1)
[WARN]  /home/gadolinite/CASHIM_HL/subsecond/raytracedicom_pybind_stage/subSecond/include/core/common.cuh:705  疑似 C 风格类型转换，建议改为 C++ 风格 → 原行: cudaLaunchKernel((void *)f, dimGrid, dimBlock, args);  (规范条款 4.8.3)
[WARN]  /home/gadolinite/CASHIM_HL/subsecond/raytracedicom_pybind_stage/subSecond/include/core/common.cuh:706  疑似注释掉的代码，规范要求直接删除 → 原行: //    cudaLaunchCooperativeKernel((void *) f, dimGrid, dimBlock, args, 0, 0);  (规范条款 4.3)
[WARN]  /home/gadolinite/CASHIM_HL/subsecond/raytracedicom_pybind_stage/subSecond/include/core/common.cuh:729  疑似注释掉的代码，规范要求直接删除 → 原行: // printf("gpu memory alloc done\n");  (规范条款 4.3)
[INFO]  /home/gadolinite/CASHIM_HL/subsecond/raytracedicom_pybind_stage/subSecond/include/core/forward_declarations.h:13  行尾空白字符已删除  (规范条款 4.2)
[INFO]  /home/gadolinite/CASHIM_HL/subsecond/raytracedicom_pybind_stage/subSecond/include/core/forward_declarations.h:17  行尾空白字符已删除  (规范条款 4.2)
[INFO]  /home/gadolinite/CASHIM_HL/subsecond/raytracedicom_pybind_stage/subSecond/include/core/forward_declarations.h:19  行尾空白字符已删除  (规范条款 4.2)
[INFO]  /home/gadolinite/CASHIM_HL/subsecond/raytracedicom_pybind_stage/subSecond/include/core/forward_declarations.h:27  行尾空白字符已删除  (规范条款 4.2)
[INFO]  /home/gadolinite/CASHIM_HL/subsecond/raytracedicom_pybind_stage/subSecond/include/core/forward_declarations.h:41  行尾空白字符已删除  (规范条款 4.2)
[INFO]  /home/gadolinite/CASHIM_HL/subsecond/raytracedicom_pybind_stage/subSecond/include/core/forward_declarations.h:55  行尾空白字符已删除  (规范条款 4.2)
[INFO]  /home/gadolinite/CASHIM_HL/subsecond/raytracedicom_pybind_stage/subSecond/include/core/raytracedicom_integration.h:4  行尾空白字符已删除  (规范条款 4.2)
[WARN]  /home/gadolinite/CASHIM_HL/subsecond/raytracedicom_pybind_stage/subSecond/include/core/raytracedicom_integration.h:24  用 #define 定义常量，建议改为 const/constexpr → 原行: #define P_INV 0.5649718f // 1/p, p=1.77  (规范条款 4.8.1)
[WARN]  /home/gadolinite/CASHIM_HL/subsecond/raytracedicom_pybind_stage/subSecond/include/core/raytracedicom_integration.h:25  用 #define 定义常量，建议改为 const/constexpr → 原行: #define E_COEF 8.639415f // (10*alpha)^(-1/p), alpha=2.2e-3  (规范条款 4.8.1)
[WARN]  /home/gadolinite/CASHIM_HL/subsecond/raytracedicom_pybind_stage/subSecond/include/core/raytracedicom_integration.h:26  用 #define 定义常量，建议改为 const/constexpr → 原行: #define SQRT2 1.41421356f // sqrt(2.0f)  (规范条款 4.8.1)
[WARN]  /home/gadolinite/CASHIM_HL/subsecond/raytracedicom_pybind_stage/subSecond/include/core/raytracedicom_integration.h:27  用 #define 定义常量，建议改为 const/constexpr → 原行: #define E_REF_SQ 198.81f // 14.1^2, E_s^2  (规范条款 4.8.1)
[WARN]  /home/gadolinite/CASHIM_HL/subsecond/raytracedicom_pybind_stage/subSecond/include/core/raytracedicom_integration.h:28  用 #define 定义常量，建议改为 const/constexpr → 原行: #define SIGMA_DELTA 0.21f  (规范条款 4.8.1)
[WARN]  /home/gadolinite/CASHIM_HL/subsecond/raytracedicom_pybind_stage/subSecond/include/core/raytracedicom_integration.h:29  用 #define 定义常量，建议改为 const/constexpr → 原行: #define HALF 0.5f  (规范条款 4.8.1)
[WARN]  /home/gadolinite/CASHIM_HL/subsecond/raytracedicom_pybind_stage/subSecond/include/core/raytracedicom_integration.h:30  用 #define 定义常量，建议改为 const/constexpr → 原行: #define RAY_WEIGHT_CUTOFF 1e-6f  (规范条款 4.8.1)
[WARN]  /home/gadolinite/CASHIM_HL/subsecond/raytracedicom_pybind_stage/subSecond/include/core/raytracedicom_integration.h:45  疑似注释掉的代码，规范要求直接删除 → 原行: // CarbonPBS-compatible inputs (wrapper must NOT synthesize these internally)  (规范条款 4.3)
[WARN]  /home/gadolinite/CASHIM_HL/subsecond/raytracedicom_pybind_stage/subSecond/include/core/raytracedicom_integration.h:48  疑似注释掉的代码，规范要求直接删除 → 原行: //   width = 5 channels  (deltaX, deltaY, weight, sigmaX, sigmaY)  (规范条款 4.3)
[WARN]  /home/gadolinite/CASHIM_HL/subsecond/raytracedicom_pybind_stage/subSecond/include/core/raytracedicom_integration.h:49  疑似注释掉的代码，规范要求直接删除 → 原行: //   height = maxSubspotsPerLayer  (规范条款 4.3)
[WARN]  /home/gadolinite/CASHIM_HL/subsecond/raytracedicom_pybind_stage/subSecond/include/core/raytracedicom_integration.h:50  疑似注释掉的代码，规范要求直接删除 → 原行: //   depth  = numLayers (energy layers)  (规范条款 4.3)
[WARN]  /home/gadolinite/CASHIM_HL/subsecond/raytracedicom_pybind_stage/subSecond/include/core/raytracedicom_integration.h:52  疑似魔鬼数字，建议定义为具名常量 → 原行: std::vector<float> subspotData;        // Flattened [numLayers][maxSubspotsPerLayer][5]  (规范条款 4.8.1)
[WARN]  /home/gadolinite/CASHIM_HL/subsecond/raytracedicom_pybind_stage/subSecond/include/core/raytracedicom_integration.h:60  疑似魔鬼数字，建议定义为具名常量 → 原行: std::vector<float> spotBeamDirections; // beam_dir flattened as [N][3], optional but preferred  (规范条款 4.8.1)
[WARN]  /home/gadolinite/CASHIM_HL/subsecond/raytracedicom_pybind_stage/subSecond/include/core/raytracedicom_integration.h:80  疑似魔鬼数字，建议定义为具名常量 → 原行: std::vector<float> beamParaData;      // [numLayers][3] -> (2*sigmaIso^2, rtheta, theta2)  (规范条款 4.8.1)
[WARN]  /home/gadolinite/CASHIM_HL/subsecond/raytracedicom_pybind_stage/subSecond/include/core/raytracedicom_integration.h:83  疑似注释掉的代码，规范要求直接删除 → 原行: // Beam geometry on the reference plane (gantry local coordinate system)  (规范条款 4.3)
[INFO]  /home/gadolinite/CASHIM_HL/subsecond/raytracedicom_pybind_stage/subSecond/include/core/raytracedicom_integration.h:105  行尾空白字符已删除  (规范条款 4.2)
[INFO]  /home/gadolinite/CASHIM_HL/subsecond/raytracedicom_pybind_stage/subSecond/include/core/raytracedicom_integration.h:109  行尾空白字符已删除  (规范条款 4.2)
[INFO]  /home/gadolinite/CASHIM_HL/subsecond/raytracedicom_pybind_stage/subSecond/include/core/raytracedicom_integration.h:113  行尾空白字符已删除  (规范条款 4.2)
[WARN]  /home/gadolinite/CASHIM_HL/subsecond/raytracedicom_pybind_stage/subSecond/include/core/raytracedicom_integration.h:132  疑似注释掉的代码，规范要求直接删除 → 原行: // verbose: 0=no output, 1=fine timing (all details), 2=summary (total time only)  (规范条款 4.3)
[SKIP]  /home/gadolinite/CASHIM_HL/subsecond/raytracedicom_pybind_stage/subSecond/include/core/rtd_operator_mode.h:100  行宽 122 > 120，需人工换行处理  (规范条款 4.2)
[INFO]  /home/gadolinite/CASHIM_HL/subsecond/raytracedicom_pybind_stage/subSecond/include/utils/backward_compatibility.h:4  行尾空白字符已删除  (规范条款 4.2)
[WARN]  /home/gadolinite/CASHIM_HL/subsecond/raytracedicom_pybind_stage/subSecond/include/utils/debug_tools.h:17  疑似注释掉的代码，规范要求直接删除 → 原行: // Get verbose level (0=off, 1=fine timing, 2=summary only)  (规范条款 4.3)
[WARN]  /home/gadolinite/CASHIM_HL/subsecond/raytracedicom_pybind_stage/subSecond/include/utils/debug_tools.h:28  疑似注释掉的代码，规范要求直接删除 → 原行: // Legacy: check if any verbose level is enabled (backward compatibility)  (规范条款 4.3)
[WARN]  /home/gadolinite/CASHIM_HL/subsecond/raytracedicom_pybind_stage/subSecond/include/utils/debug_tools.h:33  疑似注释掉的代码，规范要求直接删除 → 原行: // Check if fine timing is enabled (verbose level 1)  (规范条款 4.3)
[WARN]  /home/gadolinite/CASHIM_HL/subsecond/raytracedicom_pybind_stage/subSecond/include/utils/debug_tools.h:38  疑似注释掉的代码，规范要求直接删除 → 原行: // Check if summary timing is enabled (verbose level 2)  (规范条款 4.3)
[WARN]  /home/gadolinite/CASHIM_HL/subsecond/raytracedicom_pybind_stage/subSecond/include/utils/debug_tools.h:43  疑似注释掉的代码，规范要求直接删除 → 原行: // Set verbose level (0/1/2, or bool for backward compatibility)  (规范条款 4.3)
[WARN]  /home/gadolinite/CASHIM_HL/subsecond/raytracedicom_pybind_stage/subSecond/include/utils/debug_tools.h:58  宏函数，建议替换为模板函数或内联函数 → 原行: #define CUDA_CHECK(call) \  (规范条款 4.8.9)
[WARN]  /home/gadolinite/CASHIM_HL/subsecond/raytracedicom_pybind_stage/subSecond/include/utils/debug_tools.h:70  宏函数，建议替换为模板函数或内联函数 → 原行: #define DEBUG_PRINT(fmt, ...) printf("[DEBUG] " fmt "\n", ##__VA_ARGS__)  (规范条款 4.8.9)
[WARN]  /home/gadolinite/CASHIM_HL/subsecond/raytracedicom_pybind_stage/subSecond/include/utils/debug_tools.h:71  宏函数，建议替换为模板函数或内联函数 → 原行: #define DEBUG_PRINT_VAR(name, value) printf("[DEBUG] %s = %f\n", name, value)  (规范条款 4.8.9)
[WARN]  /home/gadolinite/CASHIM_HL/subsecond/raytracedicom_pybind_stage/subSecond/include/utils/debug_tools.h:73  宏函数，建议替换为模板函数或内联函数 → 原行: #define DEBUG_PRINT(fmt, ...)  (规范条款 4.8.9)
[WARN]  /home/gadolinite/CASHIM_HL/subsecond/raytracedicom_pybind_stage/subSecond/include/utils/debug_tools.h:74  宏函数，建议替换为模板函数或内联函数 → 原行: #define DEBUG_PRINT_VAR(name, value)  (规范条款 4.8.9)
[WARN]  /home/gadolinite/CASHIM_HL/subsecond/raytracedicom_pybind_stage/subSecond/include/utils/debug_tools.h:80  疑似注释掉的代码，规范要求直接删除 → 原行: // GPU计时宏 - 细粒度计时（verbose=1时输出）  (规范条款 4.3)
[SKIP]  /home/gadolinite/CASHIM_HL/subsecond/raytracedicom_pybind_stage/subSecond/include/utils/debug_tools.h:81  行宽 147 > 120，需人工换行处理  (规范条款 4.2)
[WARN]  /home/gadolinite/CASHIM_HL/subsecond/raytracedicom_pybind_stage/subSecond/include/utils/debug_tools.h:81  宏函数，建议替换为模板函数或内联函数 → 原行: #define GPU_TIMER_START() cudaEvent_t start_event_gpu_timer_; cudaEventCreate(&start_event_gpu_timer_); cudaEventRecord(start_event_gpu_timer_)  (规范条款 4.8.9)
[WARN]  /home/gadolinite/CASHIM_HL/subsecond/raytracedicom_pybind_stage/subSecond/include/utils/debug_tools.h:82  宏函数，建议替换为模板函数或内联函数 → 原行: #define GPU_TIMER_END(name) \  (规范条款 4.8.9)
[SKIP]  /home/gadolinite/CASHIM_HL/subsecond/raytracedicom_pybind_stage/subSecond/include/utils/debug_tools.h:89  行宽 123 > 120，需人工换行处理  (规范条款 4.2)
[WARN]  /home/gadolinite/CASHIM_HL/subsecond/raytracedicom_pybind_stage/subSecond/include/utils/debug_tools.h:93  疑似注释掉的代码，规范要求直接删除 → 原行: // GPU计时宏 - 仅总耗时（verbose=2时输出）  (规范条款 4.3)
[SKIP]  /home/gadolinite/CASHIM_HL/subsecond/raytracedicom_pybind_stage/subSecond/include/utils/debug_tools.h:94  行宽 179 > 120，需人工换行处理  (规范条款 4.2)
[WARN]  /home/gadolinite/CASHIM_HL/subsecond/raytracedicom_pybind_stage/subSecond/include/utils/debug_tools.h:94  宏函数，建议替换为模板函数或内联函数 → 原行: #define GPU_TIMER_START_SUMMARY() cudaEvent_t start_event_gpu_timer_summary_; cudaEventCreate(&start_event_gpu_timer_summary_); cudaEventRecord(start_event_gpu_timer_summary_)  (规范条款 4.8.9)
[WARN]  /home/gadolinite/CASHIM_HL/subsecond/raytracedicom_pybind_stage/subSecond/include/utils/debug_tools.h:95  宏函数，建议替换为模板函数或内联函数 → 原行: #define GPU_TIMER_END_SUMMARY(name) \  (规范条款 4.8.9)
[SKIP]  /home/gadolinite/CASHIM_HL/subsecond/raytracedicom_pybind_stage/subSecond/include/utils/debug_tools.h:102  行宽 134 > 120，需人工换行处理  (规范条款 4.2)
[WARN]  /home/gadolinite/CASHIM_HL/subsecond/raytracedicom_pybind_stage/subSecond/include/utils/debug_tools.h:106  宏函数，建议替换为模板函数或内联函数 → 原行: #define GPU_TIMER_START()  (规范条款 4.8.9)
[WARN]  /home/gadolinite/CASHIM_HL/subsecond/raytracedicom_pybind_stage/subSecond/include/utils/debug_tools.h:107  宏函数，建议替换为模板函数或内联函数 → 原行: #define GPU_TIMER_END(name)  (规范条款 4.8.9)
[WARN]  /home/gadolinite/CASHIM_HL/subsecond/raytracedicom_pybind_stage/subSecond/include/utils/debug_tools.h:108  宏函数，建议替换为模板函数或内联函数 → 原行: #define GPU_TIMER_START_SUMMARY()  (规范条款 4.8.9)
[WARN]  /home/gadolinite/CASHIM_HL/subsecond/raytracedicom_pybind_stage/subSecond/include/utils/debug_tools.h:109  宏函数，建议替换为模板函数或内联函数 → 原行: #define GPU_TIMER_END_SUMMARY(name)  (规范条款 4.8.9)
[WARN]  /home/gadolinite/CASHIM_HL/subsecond/raytracedicom_pybind_stage/subSecond/include/utils/debug_tools.h:112  疑似注释掉的代码，规范要求直接删除 → 原行: // CPU计时宏 - 细粒度计时（verbose=1时输出）  (规范条款 4.3)
[WARN]  /home/gadolinite/CASHIM_HL/subsecond/raytracedicom_pybind_stage/subSecond/include/utils/debug_tools.h:113  宏函数，建议替换为模板函数或内联函数 → 原行: #define CPU_TIMER_START() auto start_cpu_timer_ = std::chrono::high_resolution_clock::now()  (规范条款 4.8.9)
[WARN]  /home/gadolinite/CASHIM_HL/subsecond/raytracedicom_pybind_stage/subSecond/include/utils/debug_tools.h:114  宏函数，建议替换为模板函数或内联函数 → 原行: #define CPU_TIMER_END(name) \  (规范条款 4.8.9)
[SKIP]  /home/gadolinite/CASHIM_HL/subsecond/raytracedicom_pybind_stage/subSecond/include/utils/debug_tools.h:116  行宽 122 > 120，需人工换行处理  (规范条款 4.2)
[SKIP]  /home/gadolinite/CASHIM_HL/subsecond/raytracedicom_pybind_stage/subSecond/include/utils/debug_tools.h:117  行宽 136 > 120，需人工换行处理  (规范条款 4.2)
[WARN]  /home/gadolinite/CASHIM_HL/subsecond/raytracedicom_pybind_stage/subSecond/include/utils/debug_tools.h:119  疑似注释掉的代码，规范要求直接删除 → 原行: // 总耗时计时宏（verbose=2时输出）- 仅输出最终总耗时  (规范条款 4.3)
[WARN]  /home/gadolinite/CASHIM_HL/subsecond/raytracedicom_pybind_stage/subSecond/include/utils/debug_tools.h:120  宏函数，建议替换为模板函数或内联函数 → 原行: #define CPU_TIMER_START_SUMMARY() auto start_cpu_timer_summary_ = std::chrono::high_resolution_clock::now()  (规范条款 4.8.9)
[WARN]  /home/gadolinite/CASHIM_HL/subsecond/raytracedicom_pybind_stage/subSecond/include/utils/debug_tools.h:121  宏函数，建议替换为模板函数或内联函数 → 原行: #define CPU_TIMER_END_SUMMARY(name) \  (规范条款 4.8.9)
[SKIP]  /home/gadolinite/CASHIM_HL/subsecond/raytracedicom_pybind_stage/subSecond/include/utils/debug_tools.h:123  行宽 146 > 120，需人工换行处理  (规范条款 4.2)
[SKIP]  /home/gadolinite/CASHIM_HL/subsecond/raytracedicom_pybind_stage/subSecond/include/utils/debug_tools.h:124  行宽 141 > 120，需人工换行处理  (规范条款 4.2)
[WARN]  /home/gadolinite/CASHIM_HL/subsecond/raytracedicom_pybind_stage/subSecond/include/utils/debug_tools.h:127  宏函数，建议替换为模板函数或内联函数 → 原行: #define CPU_TIMER_END_FORCE(name) \  (规范条款 4.8.9)
[SKIP]  /home/gadolinite/CASHIM_HL/subsecond/raytracedicom_pybind_stage/subSecond/include/utils/debug_tools.h:130  行宽 138 > 120，需人工换行处理  (规范条款 4.2)
[SKIP]  /home/gadolinite/CASHIM_HL/subsecond/raytracedicom_pybind_stage/subSecond/include/utils/debug_tools.h:131  行宽 129 > 120，需人工换行处理  (规范条款 4.2)
[WARN]  /home/gadolinite/CASHIM_HL/subsecond/raytracedicom_pybind_stage/subSecond/include/utils/debug_tools.h:134  疑似注释掉的代码，规范要求直接删除 → 原行: // 构造函数计时宏 (默认禁用，避免 device printf/性能问题)  (规范条款 4.3)
[WARN]  /home/gadolinite/CASHIM_HL/subsecond/raytracedicom_pybind_stage/subSecond/include/utils/debug_tools.h:136  宏函数，建议替换为模板函数或内联函数 → 原行: #define CONSTRUCTOR_TIMER_START() do {} while(0)  (规范条款 4.8.9)
[WARN]  /home/gadolinite/CASHIM_HL/subsecond/raytracedicom_pybind_stage/subSecond/include/utils/debug_tools.h:137  宏函数，建议替换为模板函数或内联函数 → 原行: #define CONSTRUCTOR_TIMER_END(name) do {} while(0)  (规范条款 4.8.9)
[WARN]  /home/gadolinite/CASHIM_HL/subsecond/raytracedicom_pybind_stage/subSecond/include/utils/debug_tools.h:139  宏函数，建议替换为模板函数或内联函数 → 原行: #define CONSTRUCTOR_TIMER_START() do {} while(0)  (规范条款 4.8.9)
[WARN]  /home/gadolinite/CASHIM_HL/subsecond/raytracedicom_pybind_stage/subSecond/include/utils/debug_tools.h:140  宏函数，建议替换为模板函数或内联函数 → 原行: #define CONSTRUCTOR_TIMER_END(name) do {} while(0)  (规范条款 4.8.9)
[SKIP]  /home/gadolinite/CASHIM_HL/subsecond/raytracedicom_pybind_stage/subSecond/include/utils/debug_tools.h:144  行宽 137 > 120，需人工换行处理  (规范条款 4.2)
[WARN]  /home/gadolinite/CASHIM_HL/subsecond/raytracedicom_pybind_stage/subSecond/include/utils/debug_tools.h:144  宏函数，建议替换为模板函数或内联函数 → 原行: #define KERNEL_TIMER_START() cudaEvent_t start_kernel_event_; cudaEventCreate(&start_kernel_event_); cudaEventRecord(start_kernel_event_)  (规范条款 4.8.9)
[WARN]  /home/gadolinite/CASHIM_HL/subsecond/raytracedicom_pybind_stage/subSecond/include/utils/debug_tools.h:145  宏函数，建议替换为模板函数或内联函数 → 原行: #define KERNEL_TIMER_END(name) \  (规范条款 4.8.9)
[SKIP]  /home/gadolinite/CASHIM_HL/subsecond/raytracedicom_pybind_stage/subSecond/include/utils/debug_tools.h:152  行宽 126 > 120，需人工换行处理  (规范条款 4.2)
[INFO]  /home/gadolinite/CASHIM_HL/subsecond/raytracedicom_pybind_stage/subSecond/include/utils/debug_tools.h:163  行尾空白字符已删除  (规范条款 4.2)
[INFO]  /home/gadolinite/CASHIM_HL/subsecond/raytracedicom_pybind_stage/subSecond/include/utils/debug_tools.h:166  行尾空白字符已删除  (规范条款 4.2)
[INFO]  /home/gadolinite/CASHIM_HL/subsecond/raytracedicom_pybind_stage/subSecond/include/utils/debug_tools.h:171  行尾空白字符已删除  (规范条款 4.2)
[INFO]  /home/gadolinite/CASHIM_HL/subsecond/raytracedicom_pybind_stage/subSecond/include/utils/debug_tools.h:175  行尾空白字符已删除  (规范条款 4.2)
[INFO]  /home/gadolinite/CASHIM_HL/subsecond/raytracedicom_pybind_stage/subSecond/include/utils/debug_tools.h:181  行尾空白字符已删除  (规范条款 4.2)
[INFO]  /home/gadolinite/CASHIM_HL/subsecond/raytracedicom_pybind_stage/subSecond/include/utils/debug_tools.h:187  行尾空白字符已删除  (规范条款 4.2)
[INFO]  /home/gadolinite/CASHIM_HL/subsecond/raytracedicom_pybind_stage/subSecond/include/utils/debug_tools.h:197  行尾空白字符已删除  (规范条款 4.2)
[INFO]  /home/gadolinite/CASHIM_HL/subsecond/raytracedicom_pybind_stage/subSecond/include/utils/debug_tools.h:205  行尾空白字符已删除  (规范条款 4.2)
[INFO]  /home/gadolinite/CASHIM_HL/subsecond/raytracedicom_pybind_stage/subSecond/include/utils/debug_tools.h:216  行尾空白字符已删除  (规范条款 4.2)
[INFO]  /home/gadolinite/CASHIM_HL/subsecond/raytracedicom_pybind_stage/subSecond/include/utils/debug_tools.h:229  行尾空白字符已删除  (规范条款 4.2)
[INFO]  /home/gadolinite/CASHIM_HL/subsecond/raytracedicom_pybind_stage/subSecond/include/utils/debug_tools.h:235  行尾空白字符已删除  (规范条款 4.2)
[INFO]  /home/gadolinite/CASHIM_HL/subsecond/raytracedicom_pybind_stage/subSecond/include/utils/debug_tools.h:240  行尾空白字符已删除  (规范条款 4.2)
[INFO]  /home/gadolinite/CASHIM_HL/subsecond/raytracedicom_pybind_stage/subSecond/include/utils/debug_tools.h:247  行尾空白字符已删除  (规范条款 4.2)
[INFO]  /home/gadolinite/CASHIM_HL/subsecond/raytracedicom_pybind_stage/subSecond/include/utils/debug_tools.h:257  行尾空白字符已删除  (规范条款 4.2)
[INFO]  /home/gadolinite/CASHIM_HL/subsecond/raytracedicom_pybind_stage/subSecond/include/utils/debug_tools.h:262  行尾空白字符已删除  (规范条款 4.2)
[INFO]  /home/gadolinite/CASHIM_HL/subsecond/raytracedicom_pybind_stage/subSecond/include/utils/debug_tools.h:283  行尾空白字符已删除  (规范条款 4.2)
[INFO]  /home/gadolinite/CASHIM_HL/subsecond/raytracedicom_pybind_stage/subSecond/include/utils/debug_tools.h:289  行尾空白字符已删除  (规范条款 4.2)
[INFO]  /home/gadolinite/CASHIM_HL/subsecond/raytracedicom_pybind_stage/subSecond/include/utils/debug_tools.h:299  行尾空白字符已删除  (规范条款 4.2)
[WARN]  /home/gadolinite/CASHIM_HL/subsecond/raytracedicom_pybind_stage/subSecond/include/utils/debug_tools.h:313  宏函数，建议替换为模板函数或内联函数 → 原行: #define DEBUG_MALLOC(ptr, size, location) \  (规范条款 4.8.9)
[WARN]  /home/gadolinite/CASHIM_HL/subsecond/raytracedicom_pybind_stage/subSecond/include/utils/debug_tools.h:319  宏函数，建议替换为模板函数或内联函数 → 原行: #define DEBUG_FREE(ptr, location) \  (规范条款 4.8.9)
[SKIP]  /home/gadolinite/CASHIM_HL/subsecond/raytracedicom_pybind_stage/subSecond/include/utils/energy_reader.h:12  行宽 432 > 120，需人工换行处理  (规范条款 4.2)
[SKIP]  /home/gadolinite/CASHIM_HL/subsecond/raytracedicom_pybind_stage/subSecond/include/utils/energy_struct.h:19  行宽 126 > 120，需人工换行处理  (规范条款 4.2)
[SKIP]  /home/gadolinite/CASHIM_HL/subsecond/raytracedicom_pybind_stage/subSecond/include/utils/nuclear_table_utils.h:90  行宽 123 > 120，需人工换行处理  (规范条款 4.2)
[SKIP]  /home/gadolinite/CASHIM_HL/subsecond/raytracedicom_pybind_stage/subSecond/include/utils/nuclear_table_utils.h:134  行宽 122 > 120，需人工换行处理  (规范条款 4.2)
[SKIP]  /home/gadolinite/CASHIM_HL/subsecond/raytracedicom_pybind_stage/subSecond/include/utils/nuclear_table_utils.h:182  行宽 124 > 120，需人工换行处理  (规范条款 4.2)
[INFO]  /home/gadolinite/CASHIM_HL/subsecond/raytracedicom_pybind_stage/subSecond/include/utils/utils.h:4  行尾空白字符已删除  (规范条款 4.2)
[WARN]  /home/gadolinite/CASHIM_HL/subsecond/raytracedicom_pybind_stage/subSecond/include/utils/utils.h:16  宏函数，建议替换为模板函数或内联函数 → 原行: #define cudaErrchk(ans) { gpuAssert((ans), __FILE__, __LINE__); }  (规范条款 4.8.9)
[WARN]  /home/gadolinite/CASHIM_HL/subsecond/raytracedicom_pybind_stage/subSecond/include/utils/utils.h:26  疑似注释掉的代码，规范要求直接删除 → 原行: // destroyTextureObjectAndArray(...) to free both the texture object and  (规范条款 4.3)
[INFO]  /home/gadolinite/CASHIM_HL/subsecond/raytracedicom_pybind_stage/subSecond/include/utils/utils.h:28  行尾空白字符已删除  (规范条款 4.2)
[INFO]  /home/gadolinite/CASHIM_HL/subsecond/raytracedicom_pybind_stage/subSecond/include/utils/utils.h:57  行尾空白字符已删除  (规范条款 4.2)
[INFO]  /home/gadolinite/CASHIM_HL/subsecond/raytracedicom_pybind_stage/subSecond/include/utils/utils.h:63  行尾空白字符已删除  (规范条款 4.2)
[INFO]  /home/gadolinite/CASHIM_HL/subsecond/raytracedicom_pybind_stage/subSecond/include/utils/utils.h:68  行尾空白字符已删除  (规范条款 4.2)
[INFO]  /home/gadolinite/CASHIM_HL/subsecond/raytracedicom_pybind_stage/subSecond/include/utils/utils.h:74  行尾空白字符已删除  (规范条款 4.2)
[INFO]  /home/gadolinite/CASHIM_HL/subsecond/raytracedicom_pybind_stage/subSecond/include/utils/utils.h:81  行尾空白字符已删除  (规范条款 4.2)
[WARN]  /home/gadolinite/CASHIM_HL/subsecond/raytracedicom_pybind_stage/subSecond/include/utils/vector_find.h:22  if/for/while 缺少大括号，需人工添加 → 原行: if(list.size()==0)  (规范条款 4.2)
[WARN]  /home/gadolinite/CASHIM_HL/subsecond/raytracedicom_pybind_stage/subSecond/include/utils/vector_find.h:42  if/for/while 缺少大括号，需人工添加 → 原行: if(list.size()==0)  (规范条款 4.2)
[SKIP]  /home/gadolinite/CASHIM_HL/subsecond/raytracedicom_pybind_stage/subSecond/include/utils/vector_find.h:117  行宽 127 > 120，需人工换行处理  (规范条款 4.2)
[SKIP]  /home/gadolinite/CASHIM_HL/subsecond/raytracedicom_pybind_stage/subSecond/include/utils/vector_find.h:123  行宽 123 > 120，需人工换行处理  (规范条款 4.2)
[SKIP]  /home/gadolinite/CASHIM_HL/subsecond/raytracedicom_pybind_stage/subSecond/include/utils/vector_find.h:126  行宽 130 > 120，需人工换行处理  (规范条款 4.2)
[WARN]  /home/gadolinite/CASHIM_HL/subsecond/raytracedicom_pybind_stage/subSecond/src/algorithms/complete_superposition.cu:39  宏函数，建议替换为模板函数或内联函数 → 原行: #define LAUNCH_SUPERP_KERNEL(R) \  (规范条款 4.8.9)
[SKIP]  /home/gadolinite/CASHIM_HL/subsecond/raytracedicom_pybind_stage/subSecond/src/algorithms/complete_superposition.cu:42  行宽 122 > 120，需人工换行处理  (规范条款 4.2)
[WARN]  /home/gadolinite/CASHIM_HL/subsecond/raytracedicom_pybind_stage/subSecond/src/algorithms/complete_superposition.cu:159  含自增/自减的复合表达式，需人工将自增/自减单独放一行 → 原行: dbg.nanCount++;  (规范条款 4.8.2)
[WARN]  /home/gadolinite/CASHIM_HL/subsecond/raytracedicom_pybind_stage/subSecond/src/algorithms/complete_superposition.cu:161  含自增/自减的复合表达式，需人工将自增/自减单独放一行 → 原行: dbg.infCount++;  (规范条款 4.8.2)
[WARN]  /home/gadolinite/CASHIM_HL/subsecond/raytracedicom_pybind_stage/subSecond/src/algorithms/complete_superposition.cu:163  含自增/自减的复合表达式，需人工将自增/自减单独放一行 → 原行: dbg.finiteCount++;  (规范条款 4.8.2)
[WARN]  /home/gadolinite/CASHIM_HL/subsecond/raytracedicom_pybind_stage/subSecond/src/algorithms/complete_superposition.cu:166  含自增/自减的复合表达式，需人工将自增/自减单独放一行 → 原行: if (sig < threshold) dbg.belowThresholdCount++;  (规范条款 4.8.2)
[WARN]  /home/gadolinite/CASHIM_HL/subsecond/raytracedicom_pybind_stage/subSecond/src/algorithms/complete_superposition.cu:169  含自增/自减的复合表达式，需人工将自增/自减单独放一行 → 原行: dbg.positiveIddCount++;  (规范条款 4.8.2)
[WARN]  /home/gadolinite/CASHIM_HL/subsecond/raytracedicom_pybind_stage/subSecond/src/algorithms/complete_superposition.cu:177  含自增/自减的复合表达式，需人工将自增/自减单独放一行 → 原行: if (density <= 1.0e-4f) dbg.lowDensityPositiveIddCount++;  (规范条款 4.8.2)
[WARN]  /home/gadolinite/CASHIM_HL/subsecond/raytracedicom_pybind_stage/subSecond/src/algorithms/complete_superposition.cu:178  含自增/自减的复合表达式，需人工将自增/自减单独放一行 → 原行: if (mass <= 1.0e-2f) dbg.lowMassPositiveIddCount++;  (规范条款 4.8.2)
[WARN]  /home/gadolinite/CASHIM_HL/subsecond/raytracedicom_pybind_stage/subSecond/src/algorithms/complete_superposition.cu:180  含自增/自减的复合表达式，需人工将自增/自减单独放一行 → 原行: dbg.belowRangeStopPositiveIddCount++;  (规范条款 4.8.2)
[WARN]  /home/gadolinite/CASHIM_HL/subsecond/raytracedicom_pybind_stage/subSecond/src/algorithms/complete_superposition.cu:182  含自增/自减的复合表达式，需人工将自增/自减单独放一行 → 原行: dbg.aboveRangeStopPositiveIddCount++;  (规范条款 4.8.2)
[WARN]  /home/gadolinite/CASHIM_HL/subsecond/raytracedicom_pybind_stage/subSecond/src/algorithms/complete_superposition.cu:236  疑似 C 风格类型转换，建议改为 C++ 风格 → 原行: T myMin = (T)INT_MAX;  (规范条款 4.8.3)
[WARN]  /home/gadolinite/CASHIM_HL/subsecond/raytracedicom_pybind_stage/subSecond/src/algorithms/complete_superposition.cu:271  疑似 C 风格类型转换，建议改为 C++ 风格 → 原行: T myMax = (T)INT_MIN;  (规范条款 4.8.3)
[WARN]  /home/gadolinite/CASHIM_HL/subsecond/raytracedicom_pybind_stage/subSecond/src/algorithms/complete_superposition.cu:297  疑似注释掉的代码，规范要求直接删除 → 原行: // Explicit template instantiations for int with blockSize=1024  (规范条款 4.3)
[WARN]  /home/gadolinite/CASHIM_HL/subsecond/raytracedicom_pybind_stage/subSecond/src/algorithms/complete_superposition.cu:300  疑似注释掉的代码，规范要求直接删除 → 原行: // Explicit template instantiation needed for WEPL min-reduction (per-step)  (规范条款 4.3)
[WARN]  /home/gadolinite/CASHIM_HL/subsecond/raytracedicom_pybind_stage/subSecond/src/algorithms/complete_superposition.cu:305  疑似注释掉的代码，规范要求直接删除 → 原行: // Complete Tile-Based Superposition (RayTraceDicom reference implementation)  (规范条款 4.3)
[WARN]  /home/gadolinite/CASHIM_HL/subsecond/raytracedicom_pybind_stage/subSecond/src/algorithms/complete_superposition.cu:310  疑似注释掉的代码，规范要求直接删除 → 原行: // The wrapper pads (IDD, rSigmaEff) arrays accordingly.  (规范条款 4.3)
[WARN]  /home/gadolinite/CASHIM_HL/subsecond/raytracedicom_pybind_stage/subSecond/src/algorithms/complete_superposition.cu:312  疑似注释掉的代码，规范要求直接删除 → 原行: // tileRadCalc computes, for each (tile, z), the required radius bucket and stores  (规范条款 4.3)
[WARN]  /home/gadolinite/CASHIM_HL/subsecond/raytracedicom_pybind_stage/subSecond/src/algorithms/complete_superposition.cu:349  疑似注释掉的代码，规范要求直接删除 → 原行: // Reduction over x (only y==0 threads participate)  (规范条款 4.3)
[WARN]  /home/gadolinite/CASHIM_HL/subsecond/raytracedicom_pybind_stage/subSecond/src/algorithms/complete_superposition.cu:530  疑似注释掉的代码，规范要求直接删除 → 原行: // Mirrors RayTraceDicom-main kernel_wrapper.cu lines ~985-1075 (primary path).  (规范条款 4.3)
[WARN]  /home/gadolinite/CASHIM_HL/subsecond/raytracedicom_pybind_stage/subSecond/src/algorithms/complete_superposition.cu:531  疑似注释掉的代码，规范要求直接删除 → 原行: // Overflow policy: clamp + warn (Carbon-class plans may exceed kMaxSuperpR for  (规范条款 4.3)
[WARN]  /home/gadolinite/CASHIM_HL/subsecond/raytracedicom_pybind_stage/subSecond/src/algorithms/complete_superposition.cu:536  疑似注释掉的代码，规范要求直接删除 → 原行: // Local variables intentionally named generically (devIdd, devTileRadCtrs, etc.)  (规范条款 4.3)
[WARN]  /home/gadolinite/CASHIM_HL/subsecond/raytracedicom_pybind_stage/subSecond/src/algorithms/complete_superposition.cu:542  宏函数，建议替换为模板函数或内联函数 → 原行: #define LAUNCH_SUPERP_KERNEL(R) \  (规范条款 4.8.9)
[SKIP]  /home/gadolinite/CASHIM_HL/subsecond/raytracedicom_pybind_stage/subSecond/src/algorithms/complete_superposition.cu:622  行宽 127 > 120，需人工换行处理  (规范条款 4.2)
[SKIP]  /home/gadolinite/CASHIM_HL/subsecond/raytracedicom_pybind_stage/subSecond/src/algorithms/complete_superposition.cu:623  行宽 121 > 120，需人工换行处理  (规范条款 4.2)
[SKIP]  /home/gadolinite/CASHIM_HL/subsecond/raytracedicom_pybind_stage/subSecond/src/algorithms/complete_superposition.cu:680  行宽 122 > 120，需人工换行处理  (规范条款 4.2)
[WARN]  /home/gadolinite/CASHIM_HL/subsecond/raytracedicom_pybind_stage/subSecond/src/algorithms/complete_superposition.cu:734  疑似魔鬼数字，建议定义为具名常量 → 原行: << " rad4=" << tileRadCtrs[4]  (规范条款 4.8.1)
[WARN]  /home/gadolinite/CASHIM_HL/subsecond/raytracedicom_pybind_stage/subSecond/src/algorithms/complete_superposition.cu:735  疑似魔鬼数字，建议定义为具名常量 → 原行: << " rad8=" << tileRadCtrs[8]  (规范条款 4.8.1)
[WARN]  /home/gadolinite/CASHIM_HL/subsecond/raytracedicom_pybind_stage/subSecond/src/algorithms/complete_superposition.cu:737  疑似魔鬼数字，建议定义为具名常量 → 原行: << " rad24=" << tileRadCtrs[24]  (规范条款 4.8.1)
[WARN]  /home/gadolinite/CASHIM_HL/subsecond/raytracedicom_pybind_stage/subSecond/src/algorithms/complete_superposition.cu:738  疑似魔鬼数字，建议定义为具名常量 → 原行: << " rad32=" << tileRadCtrs[32]  (规范条款 4.8.1)
[WARN]  /home/gadolinite/CASHIM_HL/subsecond/raytracedicom_pybind_stage/subSecond/src/algorithms/complete_superposition.cu:767  疑似魔鬼数字，建议定义为具名常量 → 原行: LAUNCH_SUPERP_KERNEL(3);  (规范条款 4.8.1)
[WARN]  /home/gadolinite/CASHIM_HL/subsecond/raytracedicom_pybind_stage/subSecond/src/algorithms/complete_superposition.cu:768  疑似魔鬼数字，建议定义为具名常量 → 原行: LAUNCH_SUPERP_KERNEL(4);  (规范条款 4.8.1)
[WARN]  /home/gadolinite/CASHIM_HL/subsecond/raytracedicom_pybind_stage/subSecond/src/algorithms/complete_superposition.cu:769  疑似魔鬼数字，建议定义为具名常量 → 原行: LAUNCH_SUPERP_KERNEL(5);  (规范条款 4.8.1)
[WARN]  /home/gadolinite/CASHIM_HL/subsecond/raytracedicom_pybind_stage/subSecond/src/algorithms/complete_superposition.cu:770  疑似魔鬼数字，建议定义为具名常量 → 原行: LAUNCH_SUPERP_KERNEL(6);  (规范条款 4.8.1)
[WARN]  /home/gadolinite/CASHIM_HL/subsecond/raytracedicom_pybind_stage/subSecond/src/algorithms/complete_superposition.cu:771  疑似魔鬼数字，建议定义为具名常量 → 原行: LAUNCH_SUPERP_KERNEL(7);  (规范条款 4.8.1)
[WARN]  /home/gadolinite/CASHIM_HL/subsecond/raytracedicom_pybind_stage/subSecond/src/algorithms/complete_superposition.cu:772  疑似魔鬼数字，建议定义为具名常量 → 原行: LAUNCH_SUPERP_KERNEL(8);  (规范条款 4.8.1)
[WARN]  /home/gadolinite/CASHIM_HL/subsecond/raytracedicom_pybind_stage/subSecond/src/algorithms/complete_superposition.cu:773  疑似魔鬼数字，建议定义为具名常量 → 原行: LAUNCH_SUPERP_KERNEL(9);  (规范条款 4.8.1)
[WARN]  /home/gadolinite/CASHIM_HL/subsecond/raytracedicom_pybind_stage/subSecond/src/algorithms/complete_superposition.cu:784  疑似魔鬼数字，建议定义为具名常量 → 原行: LAUNCH_SUPERP_KERNEL(20);  (规范条款 4.8.1)
[WARN]  /home/gadolinite/CASHIM_HL/subsecond/raytracedicom_pybind_stage/subSecond/src/algorithms/complete_superposition.cu:785  疑似魔鬼数字，建议定义为具名常量 → 原行: LAUNCH_SUPERP_KERNEL(21);  (规范条款 4.8.1)
[WARN]  /home/gadolinite/CASHIM_HL/subsecond/raytracedicom_pybind_stage/subSecond/src/algorithms/complete_superposition.cu:786  疑似魔鬼数字，建议定义为具名常量 → 原行: LAUNCH_SUPERP_KERNEL(22);  (规范条款 4.8.1)
[WARN]  /home/gadolinite/CASHIM_HL/subsecond/raytracedicom_pybind_stage/subSecond/src/algorithms/complete_superposition.cu:787  疑似魔鬼数字，建议定义为具名常量 → 原行: LAUNCH_SUPERP_KERNEL(23);  (规范条款 4.8.1)
[WARN]  /home/gadolinite/CASHIM_HL/subsecond/raytracedicom_pybind_stage/subSecond/src/algorithms/complete_superposition.cu:788  疑似魔鬼数字，建议定义为具名常量 → 原行: LAUNCH_SUPERP_KERNEL(24);  (规范条款 4.8.1)
[WARN]  /home/gadolinite/CASHIM_HL/subsecond/raytracedicom_pybind_stage/subSecond/src/algorithms/complete_superposition.cu:789  疑似魔鬼数字，建议定义为具名常量 → 原行: LAUNCH_SUPERP_KERNEL(25);  (规范条款 4.8.1)
[WARN]  /home/gadolinite/CASHIM_HL/subsecond/raytracedicom_pybind_stage/subSecond/src/algorithms/complete_superposition.cu:790  疑似魔鬼数字，建议定义为具名常量 → 原行: LAUNCH_SUPERP_KERNEL(26);  (规范条款 4.8.1)
[WARN]  /home/gadolinite/CASHIM_HL/subsecond/raytracedicom_pybind_stage/subSecond/src/algorithms/complete_superposition.cu:791  疑似魔鬼数字，建议定义为具名常量 → 原行: LAUNCH_SUPERP_KERNEL(27);  (规范条款 4.8.1)
[WARN]  /home/gadolinite/CASHIM_HL/subsecond/raytracedicom_pybind_stage/subSecond/src/algorithms/complete_superposition.cu:792  疑似魔鬼数字，建议定义为具名常量 → 原行: LAUNCH_SUPERP_KERNEL(28);  (规范条款 4.8.1)
[WARN]  /home/gadolinite/CASHIM_HL/subsecond/raytracedicom_pybind_stage/subSecond/src/algorithms/complete_superposition.cu:793  疑似魔鬼数字，建议定义为具名常量 → 原行: LAUNCH_SUPERP_KERNEL(29);  (规范条款 4.8.1)
[WARN]  /home/gadolinite/CASHIM_HL/subsecond/raytracedicom_pybind_stage/subSecond/src/algorithms/complete_superposition.cu:794  疑似魔鬼数字，建议定义为具名常量 → 原行: LAUNCH_SUPERP_KERNEL(30);  (规范条款 4.8.1)
[WARN]  /home/gadolinite/CASHIM_HL/subsecond/raytracedicom_pybind_stage/subSecond/src/algorithms/complete_superposition.cu:795  疑似魔鬼数字，建议定义为具名常量 → 原行: LAUNCH_SUPERP_KERNEL(31);  (规范条款 4.8.1)
[WARN]  /home/gadolinite/CASHIM_HL/subsecond/raytracedicom_pybind_stage/subSecond/src/algorithms/complete_superposition.cu:796  疑似魔鬼数字，建议定义为具名常量 → 原行: LAUNCH_SUPERP_KERNEL(32);  (规范条款 4.8.1)
[WARN]  /home/gadolinite/CASHIM_HL/subsecond/raytracedicom_pybind_stage/subSecond/src/algorithms/complete_superposition.cu:809  疑似注释掉的代码，规范要求直接删除 → 原行: // Mirrors RayTraceDicom-main kernel_wrapper.cu lines ~997-1108 (nuclear path).  (规范条款 4.3)
[WARN]  /home/gadolinite/CASHIM_HL/subsecond/raytracedicom_pybind_stage/subSecond/src/algorithms/complete_superposition.cu:810  疑似注释掉的代码，规范要求直接删除 → 原行: // Overflow policy: THROW (matches kernel_wrapper.cu:1004 exactly).  (规范条款 4.3)
[WARN]  /home/gadolinite/CASHIM_HL/subsecond/raytracedicom_pybind_stage/subSecond/src/algorithms/complete_superposition.cu:811  疑似注释掉的代码，规范要求直接删除 → 原行: //   if (tileNucRadCtrs[maxSuperpR+1] > 0) { throw("Found larger than allowed  (规范条款 4.3)
[WARN]  /home/gadolinite/CASHIM_HL/subsecond/raytracedicom_pybind_stage/subSecond/src/algorithms/complete_superposition.cu:815  疑似注释掉的代码，规范要求直接删除 → 原行: // caller to address the lattice geometry (canonical PB grid via 9.23) or  (规范条款 4.3)
[WARN]  /home/gadolinite/CASHIM_HL/subsecond/raytracedicom_pybind_stage/subSecond/src/algorithms/complete_superposition.cu:837  疑似魔鬼数字，建议定义为具名常量 → 原行: "[9.44] Nuclear ray dimensions must be multiples of superposition tile size; got rayDims=(" +  (规范条款 4.8.1)
[WARN]  /home/gadolinite/CASHIM_HL/subsecond/raytracedicom_pybind_stage/subSecond/src/algorithms/complete_superposition.cu:878  疑似魔鬼数字，建议定义为具名常量 → 原行: std::string("[9.44] Nuclear superposition kernel radius exceeded kMaxSuperpR=") +  (规范条款 4.8.1)
[WARN]  /home/gadolinite/CASHIM_HL/subsecond/raytracedicom_pybind_stage/subSecond/src/algorithms/complete_superposition.cu:884  疑似魔鬼数字，建议定义为具名常量 → 原行: "lattice (task 9.23) so spotDist > 1 reduces in-cell radius; "  (规范条款 4.8.1)
[WARN]  /home/gadolinite/CASHIM_HL/subsecond/raytracedicom_pybind_stage/subSecond/src/algorithms/complete_superposition.cu:885  疑似魔鬼数字，建议定义为具名常量 → 原行: "(2) raise MAX_SUPERP_RADIUS at build time; (3) verify nuclear LUT depth "  (规范条款 4.8.1)
[WARN]  /home/gadolinite/CASHIM_HL/subsecond/raytracedicom_pybind_stage/subSecond/src/algorithms/complete_superposition.cu:886  疑似魔鬼数字，建议定义为具名常量 → 原行: "axis aligns to primary (task 9.14).");  (规范条款 4.8.1)
[WARN]  /home/gadolinite/CASHIM_HL/subsecond/raytracedicom_pybind_stage/subSecond/src/algorithms/complete_superposition.cu:903  疑似魔鬼数字，建议定义为具名常量 → 原行: << ", rad4=" << tileRadCtrs[4]  (规范条款 4.8.1)
[WARN]  /home/gadolinite/CASHIM_HL/subsecond/raytracedicom_pybind_stage/subSecond/src/algorithms/complete_superposition.cu:904  疑似魔鬼数字，建议定义为具名常量 → 原行: << ", rad8=" << tileRadCtrs[8]  (规范条款 4.8.1)
[WARN]  /home/gadolinite/CASHIM_HL/subsecond/raytracedicom_pybind_stage/subSecond/src/algorithms/complete_superposition.cu:906  疑似魔鬼数字，建议定义为具名常量 → 原行: << ", rad24=" << tileRadCtrs[24]  (规范条款 4.8.1)
[WARN]  /home/gadolinite/CASHIM_HL/subsecond/raytracedicom_pybind_stage/subSecond/src/algorithms/complete_superposition.cu:907  疑似魔鬼数字，建议定义为具名常量 → 原行: << ", rad32=" << tileRadCtrs[32]  (规范条款 4.8.1)
[WARN]  /home/gadolinite/CASHIM_HL/subsecond/raytracedicom_pybind_stage/subSecond/src/algorithms/complete_superposition.cu:936  疑似魔鬼数字，建议定义为具名常量 → 原行: LAUNCH_SUPERP_KERNEL(3);  (规范条款 4.8.1)
[WARN]  /home/gadolinite/CASHIM_HL/subsecond/raytracedicom_pybind_stage/subSecond/src/algorithms/complete_superposition.cu:937  疑似魔鬼数字，建议定义为具名常量 → 原行: LAUNCH_SUPERP_KERNEL(4);  (规范条款 4.8.1)
[WARN]  /home/gadolinite/CASHIM_HL/subsecond/raytracedicom_pybind_stage/subSecond/src/algorithms/complete_superposition.cu:938  疑似魔鬼数字，建议定义为具名常量 → 原行: LAUNCH_SUPERP_KERNEL(5);  (规范条款 4.8.1)
[WARN]  /home/gadolinite/CASHIM_HL/subsecond/raytracedicom_pybind_stage/subSecond/src/algorithms/complete_superposition.cu:939  疑似魔鬼数字，建议定义为具名常量 → 原行: LAUNCH_SUPERP_KERNEL(6);  (规范条款 4.8.1)
[WARN]  /home/gadolinite/CASHIM_HL/subsecond/raytracedicom_pybind_stage/subSecond/src/algorithms/complete_superposition.cu:940  疑似魔鬼数字，建议定义为具名常量 → 原行: LAUNCH_SUPERP_KERNEL(7);  (规范条款 4.8.1)
[WARN]  /home/gadolinite/CASHIM_HL/subsecond/raytracedicom_pybind_stage/subSecond/src/algorithms/complete_superposition.cu:941  疑似魔鬼数字，建议定义为具名常量 → 原行: LAUNCH_SUPERP_KERNEL(8);  (规范条款 4.8.1)
[WARN]  /home/gadolinite/CASHIM_HL/subsecond/raytracedicom_pybind_stage/subSecond/src/algorithms/complete_superposition.cu:942  疑似魔鬼数字，建议定义为具名常量 → 原行: LAUNCH_SUPERP_KERNEL(9);  (规范条款 4.8.1)
[WARN]  /home/gadolinite/CASHIM_HL/subsecond/raytracedicom_pybind_stage/subSecond/src/algorithms/complete_superposition.cu:953  疑似魔鬼数字，建议定义为具名常量 → 原行: LAUNCH_SUPERP_KERNEL(20);  (规范条款 4.8.1)
[WARN]  /home/gadolinite/CASHIM_HL/subsecond/raytracedicom_pybind_stage/subSecond/src/algorithms/complete_superposition.cu:954  疑似魔鬼数字，建议定义为具名常量 → 原行: LAUNCH_SUPERP_KERNEL(21);  (规范条款 4.8.1)
[WARN]  /home/gadolinite/CASHIM_HL/subsecond/raytracedicom_pybind_stage/subSecond/src/algorithms/complete_superposition.cu:955  疑似魔鬼数字，建议定义为具名常量 → 原行: LAUNCH_SUPERP_KERNEL(22);  (规范条款 4.8.1)
[WARN]  /home/gadolinite/CASHIM_HL/subsecond/raytracedicom_pybind_stage/subSecond/src/algorithms/complete_superposition.cu:956  疑似魔鬼数字，建议定义为具名常量 → 原行: LAUNCH_SUPERP_KERNEL(23);  (规范条款 4.8.1)
[WARN]  /home/gadolinite/CASHIM_HL/subsecond/raytracedicom_pybind_stage/subSecond/src/algorithms/complete_superposition.cu:957  疑似魔鬼数字，建议定义为具名常量 → 原行: LAUNCH_SUPERP_KERNEL(24);  (规范条款 4.8.1)
[WARN]  /home/gadolinite/CASHIM_HL/subsecond/raytracedicom_pybind_stage/subSecond/src/algorithms/complete_superposition.cu:958  疑似魔鬼数字，建议定义为具名常量 → 原行: LAUNCH_SUPERP_KERNEL(25);  (规范条款 4.8.1)
[WARN]  /home/gadolinite/CASHIM_HL/subsecond/raytracedicom_pybind_stage/subSecond/src/algorithms/complete_superposition.cu:959  疑似魔鬼数字，建议定义为具名常量 → 原行: LAUNCH_SUPERP_KERNEL(26);  (规范条款 4.8.1)
[WARN]  /home/gadolinite/CASHIM_HL/subsecond/raytracedicom_pybind_stage/subSecond/src/algorithms/complete_superposition.cu:960  疑似魔鬼数字，建议定义为具名常量 → 原行: LAUNCH_SUPERP_KERNEL(27);  (规范条款 4.8.1)
[WARN]  /home/gadolinite/CASHIM_HL/subsecond/raytracedicom_pybind_stage/subSecond/src/algorithms/complete_superposition.cu:961  疑似魔鬼数字，建议定义为具名常量 → 原行: LAUNCH_SUPERP_KERNEL(28);  (规范条款 4.8.1)
[WARN]  /home/gadolinite/CASHIM_HL/subsecond/raytracedicom_pybind_stage/subSecond/src/algorithms/complete_superposition.cu:962  疑似魔鬼数字，建议定义为具名常量 → 原行: LAUNCH_SUPERP_KERNEL(29);  (规范条款 4.8.1)
[WARN]  /home/gadolinite/CASHIM_HL/subsecond/raytracedicom_pybind_stage/subSecond/src/algorithms/complete_superposition.cu:963  疑似魔鬼数字，建议定义为具名常量 → 原行: LAUNCH_SUPERP_KERNEL(30);  (规范条款 4.8.1)
[WARN]  /home/gadolinite/CASHIM_HL/subsecond/raytracedicom_pybind_stage/subSecond/src/algorithms/complete_superposition.cu:964  疑似魔鬼数字，建议定义为具名常量 → 原行: LAUNCH_SUPERP_KERNEL(31);  (规范条款 4.8.1)
[WARN]  /home/gadolinite/CASHIM_HL/subsecond/raytracedicom_pybind_stage/subSecond/src/algorithms/complete_superposition.cu:965  疑似魔鬼数字，建议定义为具名常量 → 原行: LAUNCH_SUPERP_KERNEL(32);  (规范条款 4.8.1)
[INFO]  /home/gadolinite/CASHIM_HL/subsecond/raytracedicom_pybind_stage/subSecond/src/algorithms/convolution.cu:4  行尾空白字符已删除  (规范条款 4.2)
[INFO]  /home/gadolinite/CASHIM_HL/subsecond/raytracedicom_pybind_stage/subSecond/src/algorithms/convolution.cu:35  行尾空白字符已删除  (规范条款 4.2)
[WARN]  /home/gadolinite/CASHIM_HL/subsecond/raytracedicom_pybind_stage/subSecond/src/algorithms/convolution.cu:51  疑似魔鬼数字，建议定义为具名常量 → 原行: int* subspotRanges  // [nsubspot * 4] -> (minX, maxX, minY, maxY)  (规范条款 4.8.1)
[INFO]  /home/gadolinite/CASHIM_HL/subsecond/raytracedicom_pybind_stage/subSecond/src/algorithms/convolution.cu:55  行尾空白字符已删除  (规范条款 4.2)
[WARN]  /home/gadolinite/CASHIM_HL/subsecond/raytracedicom_pybind_stage/subSecond/src/algorithms/convolution.cu:58  疑似魔鬼数字，建议定义为具名常量 → 原行: subspotRanges[subspotIdx * 4 + 0] = 0;  (规范条款 4.8.1)
[WARN]  /home/gadolinite/CASHIM_HL/subsecond/raytracedicom_pybind_stage/subSecond/src/algorithms/convolution.cu:59  疑似魔鬼数字，建议定义为具名常量 → 原行: subspotRanges[subspotIdx * 4 + 1] = 0;  (规范条款 4.8.1)
[WARN]  /home/gadolinite/CASHIM_HL/subsecond/raytracedicom_pybind_stage/subSecond/src/algorithms/convolution.cu:60  疑似魔鬼数字，建议定义为具名常量 → 原行: subspotRanges[subspotIdx * 4 + 2] = 0;  (规范条款 4.8.1)
[WARN]  /home/gadolinite/CASHIM_HL/subsecond/raytracedicom_pybind_stage/subSecond/src/algorithms/convolution.cu:61  疑似魔鬼数字，建议定义为具名常量 → 原行: subspotRanges[subspotIdx * 4 + 3] = 0;  (规范条款 4.8.1)
[INFO]  /home/gadolinite/CASHIM_HL/subsecond/raytracedicom_pybind_stage/subSecond/src/algorithms/convolution.cu:64  行尾空白字符已删除  (规范条款 4.2)
[INFO]  /home/gadolinite/CASHIM_HL/subsecond/raytracedicom_pybind_stage/subSecond/src/algorithms/convolution.cu:69  行尾空白字符已删除  (规范条款 4.2)
[INFO]  /home/gadolinite/CASHIM_HL/subsecond/raytracedicom_pybind_stage/subSecond/src/algorithms/convolution.cu:75  行尾空白字符已删除  (规范条款 4.2)
[WARN]  /home/gadolinite/CASHIM_HL/subsecond/raytracedicom_pybind_stage/subSecond/src/algorithms/convolution.cu:77  疑似 C 风格类型转换，建议改为 C++ 风格 → 原行: int cpbMinX = max(0, (int)floorf((minX - cpbCorner.x) / cpbResolution.x));  (规范条款 4.8.3)
[WARN]  /home/gadolinite/CASHIM_HL/subsecond/raytracedicom_pybind_stage/subSecond/src/algorithms/convolution.cu:78  疑似 C 风格类型转换，建议改为 C++ 风格 → 原行: int cpbMaxX = min(cpbDims.x - 1, (int)ceilf((maxX - cpbCorner.x) / cpbResolution.x));  (规范条款 4.8.3)
[WARN]  /home/gadolinite/CASHIM_HL/subsecond/raytracedicom_pybind_stage/subSecond/src/algorithms/convolution.cu:79  疑似 C 风格类型转换，建议改为 C++ 风格 → 原行: int cpbMinY = max(0, (int)floorf((minY - cpbCorner.y) / cpbResolution.y));  (规范条款 4.8.3)
[WARN]  /home/gadolinite/CASHIM_HL/subsecond/raytracedicom_pybind_stage/subSecond/src/algorithms/convolution.cu:80  疑似 C 风格类型转换，建议改为 C++ 风格 → 原行: int cpbMaxY = min(cpbDims.y - 1, (int)ceilf((maxY - cpbCorner.y) / cpbResolution.y));  (规范条款 4.8.3)
[INFO]  /home/gadolinite/CASHIM_HL/subsecond/raytracedicom_pybind_stage/subSecond/src/algorithms/convolution.cu:81  行尾空白字符已删除  (规范条款 4.2)
[INFO]  /home/gadolinite/CASHIM_HL/subsecond/raytracedicom_pybind_stage/subSecond/src/algorithms/convolution.cu:83  行尾空白字符已删除  (规范条款 4.2)
[WARN]  /home/gadolinite/CASHIM_HL/subsecond/raytracedicom_pybind_stage/subSecond/src/algorithms/convolution.cu:84  疑似魔鬼数字，建议定义为具名常量 → 原行: subspotRanges[subspotIdx * 4 + 0] = cpbMinX;  (规范条款 4.8.1)
[WARN]  /home/gadolinite/CASHIM_HL/subsecond/raytracedicom_pybind_stage/subSecond/src/algorithms/convolution.cu:85  疑似魔鬼数字，建议定义为具名常量 → 原行: subspotRanges[subspotIdx * 4 + 1] = cpbMaxX;  (规范条款 4.8.1)
[WARN]  /home/gadolinite/CASHIM_HL/subsecond/raytracedicom_pybind_stage/subSecond/src/algorithms/convolution.cu:86  疑似魔鬼数字，建议定义为具名常量 → 原行: subspotRanges[subspotIdx * 4 + 2] = cpbMinY;  (规范条款 4.8.1)
[WARN]  /home/gadolinite/CASHIM_HL/subsecond/raytracedicom_pybind_stage/subSecond/src/algorithms/convolution.cu:87  疑似魔鬼数字，建议定义为具名常量 → 原行: subspotRanges[subspotIdx * 4 + 3] = cpbMaxY;  (规范条款 4.8.1)
[INFO]  /home/gadolinite/CASHIM_HL/subsecond/raytracedicom_pybind_stage/subSecond/src/algorithms/convolution.cu:107  行尾空白字符已删除  (规范条款 4.2)
[INFO]  /home/gadolinite/CASHIM_HL/subsecond/raytracedicom_pybind_stage/subSecond/src/algorithms/convolution.cu:110  行尾空白字符已删除  (规范条款 4.2)
[WARN]  /home/gadolinite/CASHIM_HL/subsecond/raytracedicom_pybind_stage/subSecond/src/algorithms/convolution.cu:112  疑似魔鬼数字，建议定义为具名常量 → 原行: int minX = subspotRanges[subspotIdx * 4 + 0];  (规范条款 4.8.1)
[WARN]  /home/gadolinite/CASHIM_HL/subsecond/raytracedicom_pybind_stage/subSecond/src/algorithms/convolution.cu:113  疑似魔鬼数字，建议定义为具名常量 → 原行: int maxX = subspotRanges[subspotIdx * 4 + 1];  (规范条款 4.8.1)
[WARN]  /home/gadolinite/CASHIM_HL/subsecond/raytracedicom_pybind_stage/subSecond/src/algorithms/convolution.cu:114  疑似魔鬼数字，建议定义为具名常量 → 原行: int minY = subspotRanges[subspotIdx * 4 + 2];  (规范条款 4.8.1)
[WARN]  /home/gadolinite/CASHIM_HL/subsecond/raytracedicom_pybind_stage/subSecond/src/algorithms/convolution.cu:115  疑似魔鬼数字，建议定义为具名常量 → 原行: int maxY = subspotRanges[subspotIdx * 4 + 3];  (规范条款 4.8.1)
[INFO]  /home/gadolinite/CASHIM_HL/subsecond/raytracedicom_pybind_stage/subSecond/src/algorithms/convolution.cu:116  行尾空白字符已删除  (规范条款 4.2)
[INFO]  /home/gadolinite/CASHIM_HL/subsecond/raytracedicom_pybind_stage/subSecond/src/algorithms/convolution.cu:118  行尾空白字符已删除  (规范条款 4.2)
[INFO]  /home/gadolinite/CASHIM_HL/subsecond/raytracedicom_pybind_stage/subSecond/src/algorithms/convolution.cu:129  行尾空白字符已删除  (规范条款 4.2)
[INFO]  /home/gadolinite/CASHIM_HL/subsecond/raytracedicom_pybind_stage/subSecond/src/algorithms/convolution.cu:135  行尾空白字符已删除  (规范条款 4.2)
[INFO]  /home/gadolinite/CASHIM_HL/subsecond/raytracedicom_pybind_stage/subSecond/src/algorithms/convolution.cu:141  行尾空白字符已删除  (规范条款 4.2)
[INFO]  /home/gadolinite/CASHIM_HL/subsecond/raytracedicom_pybind_stage/subSecond/src/algorithms/convolution.cu:143  行尾空白字符已删除  (规范条款 4.2)
[INFO]  /home/gadolinite/CASHIM_HL/subsecond/raytracedicom_pybind_stage/subSecond/src/algorithms/convolution.cu:167  行尾空白字符已删除  (规范条款 4.2)
[INFO]  /home/gadolinite/CASHIM_HL/subsecond/raytracedicom_pybind_stage/subSecond/src/algorithms/convolution.cu:169  行尾空白字符已删除  (规范条款 4.2)
[INFO]  /home/gadolinite/CASHIM_HL/subsecond/raytracedicom_pybind_stage/subSecond/src/algorithms/convolution.cu:172  行尾空白字符已删除  (规范条款 4.2)
[INFO]  /home/gadolinite/CASHIM_HL/subsecond/raytracedicom_pybind_stage/subSecond/src/algorithms/convolution.cu:177  行尾空白字符已删除  (规范条款 4.2)
[INFO]  /home/gadolinite/CASHIM_HL/subsecond/raytracedicom_pybind_stage/subSecond/src/algorithms/convolution.cu:183  行尾空白字符已删除  (规范条款 4.2)
[INFO]  /home/gadolinite/CASHIM_HL/subsecond/raytracedicom_pybind_stage/subSecond/src/algorithms/convolution.cu:186  行尾空白字符已删除  (规范条款 4.2)
[INFO]  /home/gadolinite/CASHIM_HL/subsecond/raytracedicom_pybind_stage/subSecond/src/algorithms/convolution.cu:190  行尾空白字符已删除  (规范条款 4.2)
[WARN]  /home/gadolinite/CASHIM_HL/subsecond/raytracedicom_pybind_stage/subSecond/src/algorithms/convolution.cu:297  疑似注释掉的代码，规范要求直接删除 → 原行: // Physical bounds of the ray cell in the (ray) plane coordinates  (规范条款 4.3)
[WARN]  /home/gadolinite/CASHIM_HL/subsecond/raytracedicom_pybind_stage/subSecond/src/algorithms/convolution.cu:304  疑似 C 风格类型转换，建议改为 C++ 风格 → 原行: int cpbMinX = (int)floorf((x0 - cpbCornerX) / cpbResolutionX);  (规范条款 4.8.3)
[WARN]  /home/gadolinite/CASHIM_HL/subsecond/raytracedicom_pybind_stage/subSecond/src/algorithms/convolution.cu:305  疑似 C 风格类型转换，建议改为 C++ 风格 → 原行: int cpbMaxX = (int)ceilf((x1 - cpbCornerX) / cpbResolutionX) - 1;  (规范条款 4.8.3)
[WARN]  /home/gadolinite/CASHIM_HL/subsecond/raytracedicom_pybind_stage/subSecond/src/algorithms/convolution.cu:306  疑似 C 风格类型转换，建议改为 C++ 风格 → 原行: int cpbMinY = (int)floorf((y0 - cpbCornerY) / cpbResolutionY);  (规范条款 4.8.3)
[WARN]  /home/gadolinite/CASHIM_HL/subsecond/raytracedicom_pybind_stage/subSecond/src/algorithms/convolution.cu:307  疑似 C 风格类型转换，建议改为 C++ 风格 → 原行: int cpbMaxY = (int)ceilf((y1 - cpbCornerY) / cpbResolutionY) - 1;  (规范条款 4.8.3)
[WARN]  /home/gadolinite/CASHIM_HL/subsecond/raytracedicom_pybind_stage/subSecond/src/algorithms/convolution.cu:357  疑似注释掉的代码，规范要求直接删除 → 原行: // NOTE: cpbWeights may be either a device pointer (cudaMalloc/managed) or a host pointer.  (规范条款 4.3)
[SKIP]  /home/gadolinite/CASHIM_HL/subsecond/raytracedicom_pybind_stage/subSecond/src/algorithms/convolution.cu:358  行宽 135 > 120，需人工换行处理  (规范条款 4.2)
[SKIP]  /home/gadolinite/CASHIM_HL/subsecond/raytracedicom_pybind_stage/subSecond/src/algorithms/convolution.cu:382  行宽 125 > 120，需人工换行处理  (规范条款 4.2)
[WARN]  /home/gadolinite/CASHIM_HL/subsecond/raytracedicom_pybind_stage/subSecond/src/algorithms/convolution.cu:396  疑似魔鬼数字，建议定义为具名常量 → 原行: checkCudaErrors(cudaMalloc(&d_subspotRanges, maxSubspotsPerLayer * 4 * sizeof(int)));  (规范条款 4.8.1)
[WARN]  /home/gadolinite/CASHIM_HL/subsecond/raytracedicom_pybind_stage/subSecond/src/algorithms/convolution.cu:399  疑似魔鬼数字，建议定义为具名常量 → 原行: int threadsPerBlock = 256;  (规范条款 4.8.1)
[SKIP]  /home/gadolinite/CASHIM_HL/subsecond/raytracedicom_pybind_stage/subSecond/src/algorithms/convolution.cu:403  行宽 142 > 120，需人工换行处理  (规范条款 4.2)
[WARN]  /home/gadolinite/CASHIM_HL/subsecond/raytracedicom_pybind_stage/subSecond/src/algorithms/convolution.cu:422  疑似注释掉的代码，规范要求直接删除 → 原行: // 3) Convolve subspots into CPB grid (accumulate into the correct layer slice)  (规范条款 4.3)
[WARN]  /home/gadolinite/CASHIM_HL/subsecond/raytracedicom_pybind_stage/subSecond/src/algorithms/convolution.cu:429  疑似注释掉的代码，规范要求直接删除 → 原行: // NOTE: No per-layer cudaDeviceSynchronize here (was debug code); kernels are ordered on the default stream.  (规范条款 4.3)
[INFO]  /home/gadolinite/CASHIM_HL/subsecond/raytracedicom_pybind_stage/subSecond/src/algorithms/convolution.cu:464  行尾空白字符已删除  (规范条款 4.2)
[INFO]  /home/gadolinite/CASHIM_HL/subsecond/raytracedicom_pybind_stage/subSecond/src/algorithms/convolution.cu:468  行尾空白字符已删除  (规范条款 4.2)
[INFO]  /home/gadolinite/CASHIM_HL/subsecond/raytracedicom_pybind_stage/subSecond/src/algorithms/convolution.cu:473  行尾空白字符已删除  (规范条款 4.2)
[WARN]  /home/gadolinite/CASHIM_HL/subsecond/raytracedicom_pybind_stage/subSecond/src/algorithms/convolution.cu:490  疑似魔鬼数字，建议定义为具名常量 → 原行: dim3 xConvBlock(32, 8);  (规范条款 4.8.1)
[WARN]  /home/gadolinite/CASHIM_HL/subsecond/raytracedicom_pybind_stage/subSecond/src/algorithms/convolution.cu:494  疑似魔鬼数字，建议定义为具名常量 → 原行: dim3 yConvBlock(32, 8);  (规范条款 4.8.1)
[INFO]  /home/gadolinite/CASHIM_HL/subsecond/raytracedicom_pybind_stage/subSecond/src/algorithms/convolution.cu:539  行尾空白字符已删除  (规范条款 4.2)
[INFO]  /home/gadolinite/CASHIM_HL/subsecond/raytracedicom_pybind_stage/subSecond/src/algorithms/convolution.cu:541  行尾空白字符已删除  (规范条款 4.2)
[INFO]  /home/gadolinite/CASHIM_HL/subsecond/raytracedicom_pybind_stage/subSecond/src/algorithms/convolution.cu:545  行尾空白字符已删除  (规范条款 4.2)
[INFO]  /home/gadolinite/CASHIM_HL/subsecond/raytracedicom_pybind_stage/subSecond/src/algorithms/convolution.cu:547  行尾空白字符已删除  (规范条款 4.2)
[INFO]  /home/gadolinite/CASHIM_HL/subsecond/raytracedicom_pybind_stage/subSecond/src/algorithms/convolution.cu:597  行尾空白字符已删除  (规范条款 4.2)
[INFO]  /home/gadolinite/CASHIM_HL/subsecond/raytracedicom_pybind_stage/subSecond/src/algorithms/convolution.cu:602  行尾空白字符已删除  (规范条款 4.2)
[INFO]  /home/gadolinite/CASHIM_HL/subsecond/raytracedicom_pybind_stage/subSecond/src/algorithms/convolution.cu:611  行尾空白字符已删除  (规范条款 4.2)
[WARN]  /home/gadolinite/CASHIM_HL/subsecond/raytracedicom_pybind_stage/subSecond/src/algorithms/convolution.cu:612  疑似注释掉的代码，规范要求直接删除 → 原行: // Check maximum grid size limits (typically 65535 for x and y)  (规范条款 4.3)
[WARN]  /home/gadolinite/CASHIM_HL/subsecond/raytracedicom_pybind_stage/subSecond/src/algorithms/convolution.cu:613  疑似魔鬼数字，建议定义为具名常量 → 原行: if (gridSize.x > 65535 || gridSize.y > 65535) {  (规范条款 4.8.1)
[WARN]  /home/gadolinite/CASHIM_HL/subsecond/raytracedicom_pybind_stage/subSecond/src/algorithms/convolution.cu:614  疑似魔鬼数字，建议定义为具名常量 → 原行: fprintf(stderr, "CUDA error: Grid size (%d, %d) exceeds maximum (65535, 65535)\n",  (规范条款 4.8.1)
[INFO]  /home/gadolinite/CASHIM_HL/subsecond/raytracedicom_pybind_stage/subSecond/src/algorithms/convolution.cu:620  行尾空白字符已删除  (规范条款 4.2)
[INFO]  /home/gadolinite/CASHIM_HL/subsecond/raytracedicom_pybind_stage/subSecond/src/algorithms/convolution.cu:628  行尾空白字符已删除  (规范条款 4.2)
[INFO]  /home/gadolinite/CASHIM_HL/subsecond/raytracedicom_pybind_stage/subSecond/src/algorithms/convolution.cu:636  行尾空白字符已删除  (规范条款 4.2)
[INFO]  /home/gadolinite/CASHIM_HL/subsecond/raytracedicom_pybind_stage/subSecond/src/algorithms/convolution.cu:643  行尾空白字符已删除  (规范条款 4.2)
[INFO]  /home/gadolinite/CASHIM_HL/subsecond/raytracedicom_pybind_stage/subSecond/src/algorithms/convolution.cu:645  行尾空白字符已删除  (规范条款 4.2)
[INFO]  /home/gadolinite/CASHIM_HL/subsecond/raytracedicom_pybind_stage/subSecond/src/algorithms/convolution.cu:649  行尾空白字符已删除  (规范条款 4.2)
[INFO]  /home/gadolinite/CASHIM_HL/subsecond/raytracedicom_pybind_stage/subSecond/src/algorithms/convolution.cu:667  行尾空白字符已删除  (规范条款 4.2)
[INFO]  /home/gadolinite/CASHIM_HL/subsecond/raytracedicom_pybind_stage/subSecond/src/algorithms/convolution.cu:681  行尾空白字符已删除  (规范条款 4.2)
[INFO]  /home/gadolinite/CASHIM_HL/subsecond/raytracedicom_pybind_stage/subSecond/src/algorithms/convolution.cu:689  行尾空白字符已删除  (规范条款 4.2)
[WARN]  /home/gadolinite/CASHIM_HL/subsecond/raytracedicom_pybind_stage/subSecond/src/algorithms/convolution.cu:692  疑似注释掉的代码，规范要求直接删除 → 原行: // Don't exit - return error code instead to allow program to continue  (规范条款 4.3)
[INFO]  /home/gadolinite/CASHIM_HL/subsecond/raytracedicom_pybind_stage/subSecond/src/algorithms/convolution.cu:696  行尾空白字符已删除  (规范条款 4.2)
[INFO]  /home/gadolinite/CASHIM_HL/subsecond/raytracedicom_pybind_stage/subSecond/src/algorithms/convolution.cu:719  行尾空白字符已删除  (规范条款 4.2)
[INFO]  /home/gadolinite/CASHIM_HL/subsecond/raytracedicom_pybind_stage/subSecond/src/algorithms/cuda_final_dose.cu:4  行尾空白字符已删除  (规范条款 4.2)
[INFO]  /home/gadolinite/CASHIM_HL/subsecond/raytracedicom_pybind_stage/subSecond/src/algorithms/cuda_final_dose.cu:31  行尾空白字符已删除  (规范条款 4.2)
[INFO]  /home/gadolinite/CASHIM_HL/subsecond/raytracedicom_pybind_stage/subSecond/src/algorithms/cuda_final_dose.cu:33  行尾空白字符已删除  (规范条款 4.2)
[INFO]  /home/gadolinite/CASHIM_HL/subsecond/raytracedicom_pybind_stage/subSecond/src/algorithms/cuda_final_dose.cu:37  行尾空白字符已删除  (规范条款 4.2)
[INFO]  /home/gadolinite/CASHIM_HL/subsecond/raytracedicom_pybind_stage/subSecond/src/algorithms/cuda_final_dose.cu:39  行尾空白字符已删除  (规范条款 4.2)
[INFO]  /home/gadolinite/CASHIM_HL/subsecond/raytracedicom_pybind_stage/subSecond/src/algorithms/cuda_final_dose.cu:42  行尾空白字符已删除  (规范条款 4.2)
[WARN]  /home/gadolinite/CASHIM_HL/subsecond/raytracedicom_pybind_stage/subSecond/src/algorithms/cuda_final_dose.cu:43  疑似注释掉的代码，规范要求直接删除 → 原行: // Calculate BEV world coordinates (simplified)  (规范条款 4.3)
[INFO]  /home/gadolinite/CASHIM_HL/subsecond/raytracedicom_pybind_stage/subSecond/src/algorithms/cuda_final_dose.cu:46  行尾空白字符已删除  (规范条款 4.2)
[WARN]  /home/gadolinite/CASHIM_HL/subsecond/raytracedicom_pybind_stage/subSecond/src/algorithms/cuda_final_dose.cu:47  疑似注释掉的代码，规范要求直接删除 → 原行: // Transform to dose volume coordinates (simplified)  (规范条款 4.3)
[INFO]  /home/gadolinite/CASHIM_HL/subsecond/raytracedicom_pybind_stage/subSecond/src/algorithms/cuda_final_dose.cu:50  行尾空白字符已删除  (规范条款 4.2)
[INFO]  /home/gadolinite/CASHIM_HL/subsecond/raytracedicom_pybind_stage/subSecond/src/algorithms/cuda_final_dose.cu:54  行尾空白字符已删除  (规范条款 4.2)
[INFO]  /home/gadolinite/CASHIM_HL/subsecond/raytracedicom_pybind_stage/subSecond/src/algorithms/cuda_final_dose.cu:56  行尾空白字符已删除  (规范条款 4.2)
[INFO]  /home/gadolinite/CASHIM_HL/subsecond/raytracedicom_pybind_stage/subSecond/src/algorithms/cuda_final_dose.cu:58  行尾空白字符已删除  (规范条款 4.2)
[WARN]  /home/gadolinite/CASHIM_HL/subsecond/raytracedicom_pybind_stage/subSecond/src/algorithms/cuda_final_dose.cu:59  疑似注释掉的代码，规范要求直接删除 → 原行: // Accumulate dose for all Z slices (simplified - should be depth-dependent)  (规范条款 4.3)
[INFO]  /home/gadolinite/CASHIM_HL/subsecond/raytracedicom_pybind_stage/subSecond/src/algorithms/cuda_final_dose.cu:83  行尾空白字符已删除  (规范条款 4.2)
[INFO]  /home/gadolinite/CASHIM_HL/subsecond/raytracedicom_pybind_stage/subSecond/src/algorithms/cuda_final_dose.cu:87  行尾空白字符已删除  (规范条款 4.2)
[INFO]  /home/gadolinite/CASHIM_HL/subsecond/raytracedicom_pybind_stage/subSecond/src/algorithms/cuda_final_dose.cu:96  行尾空白字符已删除  (规范条款 4.2)
[INFO]  /home/gadolinite/CASHIM_HL/subsecond/raytracedicom_pybind_stage/subSecond/src/algorithms/cuda_final_dose.cu:103  行尾空白字符已删除  (规范条款 4.2)
[INFO]  /home/gadolinite/CASHIM_HL/subsecond/raytracedicom_pybind_stage/subSecond/src/algorithms/cuda_final_dose.cu:109  行尾空白字符已删除  (规范条款 4.2)
[INFO]  /home/gadolinite/CASHIM_HL/subsecond/raytracedicom_pybind_stage/subSecond/src/algorithms/cuda_final_dose.cu:117  行尾空白字符已删除  (规范条款 4.2)
[INFO]  /home/gadolinite/CASHIM_HL/subsecond/raytracedicom_pybind_stage/subSecond/src/algorithms/cuda_final_dose.cu:124  行尾空白字符已删除  (规范条款 4.2)
[INFO]  /home/gadolinite/CASHIM_HL/subsecond/raytracedicom_pybind_stage/subSecond/src/algorithms/cuda_final_dose.cu:145  行尾空白字符已删除  (规范条款 4.2)
[INFO]  /home/gadolinite/CASHIM_HL/subsecond/raytracedicom_pybind_stage/subSecond/src/algorithms/cuda_final_dose.cu:148  行尾空白字符已删除  (规范条款 4.2)
[INFO]  /home/gadolinite/CASHIM_HL/subsecond/raytracedicom_pybind_stage/subSecond/src/algorithms/cuda_final_dose.cu:172  行尾空白字符已删除  (规范条款 4.2)
[INFO]  /home/gadolinite/CASHIM_HL/subsecond/raytracedicom_pybind_stage/subSecond/src/algorithms/cuda_final_dose.cu:174  行尾空白字符已删除  (规范条款 4.2)
[INFO]  /home/gadolinite/CASHIM_HL/subsecond/raytracedicom_pybind_stage/subSecond/src/algorithms/cuda_final_dose.cu:177  行尾空白字符已删除  (规范条款 4.2)
[INFO]  /home/gadolinite/CASHIM_HL/subsecond/raytracedicom_pybind_stage/subSecond/src/algorithms/cuda_final_dose.cu:184  行尾空白字符已删除  (规范条款 4.2)
[INFO]  /home/gadolinite/CASHIM_HL/subsecond/raytracedicom_pybind_stage/subSecond/src/algorithms/cuda_final_dose.cu:187  行尾空白字符已删除  (规范条款 4.2)
[WARN]  /home/gadolinite/CASHIM_HL/subsecond/raytracedicom_pybind_stage/subSecond/src/algorithms/cuda_final_dose.cu:193  疑似魔鬼数字，建议定义为具名常量 → 原行: float sigmaX = tex3D<float>(subspotData, 3.0f, float(subspotIdx), float(layerIdx));  (规范条款 4.8.1)
[WARN]  /home/gadolinite/CASHIM_HL/subsecond/raytracedicom_pybind_stage/subSecond/src/algorithms/cuda_final_dose.cu:194  疑似魔鬼数字，建议定义为具名常量 → 原行: float sigmaY = tex3D<float>(subspotData, 4.0f, float(subspotIdx), float(layerIdx));  (规范条款 4.8.1)
[INFO]  /home/gadolinite/CASHIM_HL/subsecond/raytracedicom_pybind_stage/subSecond/src/algorithms/cuda_final_dose.cu:195  行尾空白字符已删除  (规范条款 4.2)
[INFO]  /home/gadolinite/CASHIM_HL/subsecond/raytracedicom_pybind_stage/subSecond/src/algorithms/cuda_final_dose.cu:200  行尾空白字符已删除  (规范条款 4.2)
[INFO]  /home/gadolinite/CASHIM_HL/subsecond/raytracedicom_pybind_stage/subSecond/src/algorithms/cuda_final_dose.cu:209  行尾空白字符已删除  (规范条款 4.2)
[INFO]  /home/gadolinite/CASHIM_HL/subsecond/raytracedicom_pybind_stage/subSecond/src/algorithms/cuda_final_dose.cu:215  行尾空白字符已删除  (规范条款 4.2)
[INFO]  /home/gadolinite/CASHIM_HL/subsecond/raytracedicom_pybind_stage/subSecond/src/algorithms/cuda_final_dose.cu:223  行尾空白字符已删除  (规范条款 4.2)
[INFO]  /home/gadolinite/CASHIM_HL/subsecond/raytracedicom_pybind_stage/subSecond/src/algorithms/cuda_final_dose.cu:246  行尾空白字符已删除  (规范条款 4.2)
[INFO]  /home/gadolinite/CASHIM_HL/subsecond/raytracedicom_pybind_stage/subSecond/src/algorithms/cuda_final_dose.cu:248  行尾空白字符已删除  (规范条款 4.2)
[INFO]  /home/gadolinite/CASHIM_HL/subsecond/raytracedicom_pybind_stage/subSecond/src/algorithms/cuda_final_dose.cu:253  行尾空白字符已删除  (规范条款 4.2)
[INFO]  /home/gadolinite/CASHIM_HL/subsecond/raytracedicom_pybind_stage/subSecond/src/algorithms/cuda_final_dose.cu:257  行尾空白字符已删除  (规范条款 4.2)
[INFO]  /home/gadolinite/CASHIM_HL/subsecond/raytracedicom_pybind_stage/subSecond/src/algorithms/cuda_final_dose.cu:259  行尾空白字符已删除  (规范条款 4.2)
[INFO]  /home/gadolinite/CASHIM_HL/subsecond/raytracedicom_pybind_stage/subSecond/src/algorithms/cuda_final_dose.cu:265  行尾空白字符已删除  (规范条款 4.2)
[INFO]  /home/gadolinite/CASHIM_HL/subsecond/raytracedicom_pybind_stage/subSecond/src/algorithms/cuda_final_dose.cu:272  行尾空白字符已删除  (规范条款 4.2)
[INFO]  /home/gadolinite/CASHIM_HL/subsecond/raytracedicom_pybind_stage/subSecond/src/algorithms/cuda_final_dose.cu:277  行尾空白字符已删除  (规范条款 4.2)
[INFO]  /home/gadolinite/CASHIM_HL/subsecond/raytracedicom_pybind_stage/subSecond/src/algorithms/cuda_final_dose.cu:281  行尾空白字符已删除  (规范条款 4.2)
[INFO]  /home/gadolinite/CASHIM_HL/subsecond/raytracedicom_pybind_stage/subSecond/src/algorithms/cuda_final_dose.cu:286  行尾空白字符已删除  (规范条款 4.2)
[INFO]  /home/gadolinite/CASHIM_HL/subsecond/raytracedicom_pybind_stage/subSecond/src/algorithms/cuda_final_dose.cu:289  行尾空白字符已删除  (规范条款 4.2)
[INFO]  /home/gadolinite/CASHIM_HL/subsecond/raytracedicom_pybind_stage/subSecond/src/algorithms/cuda_final_dose.cu:298  行尾空白字符已删除  (规范条款 4.2)
[INFO]  /home/gadolinite/CASHIM_HL/subsecond/raytracedicom_pybind_stage/subSecond/src/algorithms/cuda_final_dose.cu:300  行尾空白字符已删除  (规范条款 4.2)
[INFO]  /home/gadolinite/CASHIM_HL/subsecond/raytracedicom_pybind_stage/subSecond/src/algorithms/cuda_final_dose.cu:309  行尾空白字符已删除  (规范条款 4.2)
[INFO]  /home/gadolinite/CASHIM_HL/subsecond/raytracedicom_pybind_stage/subSecond/src/algorithms/cuda_final_dose.cu:314  行尾空白字符已删除  (规范条款 4.2)
[INFO]  /home/gadolinite/CASHIM_HL/subsecond/raytracedicom_pybind_stage/subSecond/src/algorithms/cuda_final_dose.cu:320  行尾空白字符已删除  (规范条款 4.2)
[INFO]  /home/gadolinite/CASHIM_HL/subsecond/raytracedicom_pybind_stage/subSecond/src/algorithms/cuda_final_dose.cu:324  行尾空白字符已删除  (规范条款 4.2)
[INFO]  /home/gadolinite/CASHIM_HL/subsecond/raytracedicom_pybind_stage/subSecond/src/algorithms/cuda_final_dose.cu:329  行尾空白字符已删除  (规范条款 4.2)
[INFO]  /home/gadolinite/CASHIM_HL/subsecond/raytracedicom_pybind_stage/subSecond/src/algorithms/cuda_final_dose.cu:336  行尾空白字符已删除  (规范条款 4.2)
[WARN]  /home/gadolinite/CASHIM_HL/subsecond/raytracedicom_pybind_stage/subSecond/src/algorithms/cuda_final_dose.cu:338  疑似魔鬼数字，建议定义为具名常量 → 原行: dim3 blockSize(256);  (规范条款 4.8.1)
[INFO]  /home/gadolinite/CASHIM_HL/subsecond/raytracedicom_pybind_stage/subSecond/src/algorithms/cuda_final_dose.cu:340  行尾空白字符已删除  (规范条款 4.2)
[INFO]  /home/gadolinite/CASHIM_HL/subsecond/raytracedicom_pybind_stage/subSecond/src/algorithms/cuda_final_dose.cu:349  行尾空白字符已删除  (规范条款 4.2)
[INFO]  /home/gadolinite/CASHIM_HL/subsecond/raytracedicom_pybind_stage/subSecond/src/algorithms/cuda_final_dose.cu:353  行尾空白字符已删除  (规范条款 4.2)
[INFO]  /home/gadolinite/CASHIM_HL/subsecond/raytracedicom_pybind_stage/subSecond/src/algorithms/cuda_final_dose.cu:357  行尾空白字符已删除  (规范条款 4.2)
[INFO]  /home/gadolinite/CASHIM_HL/subsecond/raytracedicom_pybind_stage/subSecond/src/algorithms/cuda_final_dose.cu:365  行尾空白字符已删除  (规范条款 4.2)
[INFO]  /home/gadolinite/CASHIM_HL/subsecond/raytracedicom_pybind_stage/subSecond/src/algorithms/cuda_final_dose.cu:370  行尾空白字符已删除  (规范条款 4.2)
[INFO]  /home/gadolinite/CASHIM_HL/subsecond/raytracedicom_pybind_stage/subSecond/src/algorithms/cuda_final_dose.cu:374  行尾空白字符已删除  (规范条款 4.2)
[WARN]  /home/gadolinite/CASHIM_HL/subsecond/raytracedicom_pybind_stage/subSecond/src/algorithms/cuda_final_dose.cu:375  正式交付代码不能包含 TODO/TBD/FIXME 注释 → 原行: // TODO: Implement dose accumulation from CPB weights to final dose grid  (规范条款 4.3)
[INFO]  /home/gadolinite/CASHIM_HL/subsecond/raytracedicom_pybind_stage/subSecond/src/algorithms/cuda_final_dose.cu:377  行尾空白字符已删除  (规范条款 4.2)
[INFO]  /home/gadolinite/CASHIM_HL/subsecond/raytracedicom_pybind_stage/subSecond/src/algorithms/cuda_final_dose.cu:386  行尾空白字符已删除  (规范条款 4.2)
[INFO]  /home/gadolinite/CASHIM_HL/subsecond/raytracedicom_pybind_stage/subSecond/src/algorithms/cuda_final_dose.cu:388  行尾空白字符已删除  (规范条款 4.2)
[INFO]  /home/gadolinite/CASHIM_HL/subsecond/raytracedicom_pybind_stage/subSecond/src/algorithms/idd_sigma.cu:4  行尾空白字符已删除  (规范条款 4.2)
[WARN]  /home/gadolinite/CASHIM_HL/subsecond/raytracedicom_pybind_stage/subSecond/src/algorithms/idd_sigma.cu:21  疑似注释掉的代码，规范要求直接删除 → 原行: // Uses energyIdx to query IDD lookup table (not density!)  (规范条款 4.3)
[WARN]  /home/gadolinite/CASHIM_HL/subsecond/raytracedicom_pybind_stage/subSecond/src/algorithms/idd_sigma.cu:67  疑似 C 风格类型转换，建议改为 C++ 风格 → 原行: if (x >= (unsigned)rayDimsX || y >= (unsigned)rayDimsY) return;  (规范条款 4.8.3)
[WARN]  /home/gadolinite/CASHIM_HL/subsecond/raytracedicom_pybind_stage/subSecond/src/algorithms/idd_sigma.cu:73  疑似 C 风格类型转换，建议改为 C++ 风格 → 原行: unsigned int afterLast = (unsigned int)min(firstOutside[idx2d], (int)params.getAfterLastStep());  (规范条款 4.8.3)
[WARN]  /home/gadolinite/CASHIM_HL/subsecond/raytracedicom_pybind_stage/subSecond/src/algorithms/idd_sigma.cu:114  疑似魔鬼数字，建议定义为具名常量 → 原行: eRefSq = 216.09f;  (规范条款 4.8.1)
[WARN]  /home/gadolinite/CASHIM_HL/subsecond/raytracedicom_pybind_stage/subSecond/src/algorithms/idd_sigma.cu:155  含自增/自减的复合表达式，需人工将自增/自减单独放一行 → 原行: ++stepNo) {  (规范条款 4.8.2)
[WARN]  /home/gadolinite/CASHIM_HL/subsecond/raytracedicom_pybind_stage/subSecond/src/algorithms/idd_sigma.cu:236  疑似 C 风格类型转换，建议改为 C++ 风格 → 原行: if (!beamLive || (int)stepNo < ((int)firstIn - 1)) {  (规范条款 4.8.3)
[WARN]  /home/gadolinite/CASHIM_HL/subsecond/raytracedicom_pybind_stage/subSecond/src/algorithms/idd_sigma.cu:258  疑似 C 风格类型转换，建议改为 C++ 风格 → 原行: firstPassive[idx2d] = (int)afterLast;  (规范条款 4.8.3)
[WARN]  /home/gadolinite/CASHIM_HL/subsecond/raytracedicom_pybind_stage/subSecond/src/algorithms/idd_sigma.cu:261  疑似注释掉的代码，规范要求直接删除 → 原行: // Legacy simplified kernel (kept for compatibility, but should not be used)  (规范条款 4.3)
[INFO]  /home/gadolinite/CASHIM_HL/subsecond/raytracedicom_pybind_stage/subSecond/src/algorithms/idd_sigma.cu:297  行尾空白字符已删除  (规范条款 4.2)
[INFO]  /home/gadolinite/CASHIM_HL/subsecond/raytracedicom_pybind_stage/subSecond/src/algorithms/idd_sigma.cu:299  行尾空白字符已删除  (规范条款 4.2)
[INFO]  /home/gadolinite/CASHIM_HL/subsecond/raytracedicom_pybind_stage/subSecond/src/algorithms/idd_sigma.cu:302  行尾空白字符已删除  (规范条款 4.2)
[INFO]  /home/gadolinite/CASHIM_HL/subsecond/raytracedicom_pybind_stage/subSecond/src/algorithms/idd_sigma.cu:309  行尾空白字符已删除  (规范条款 4.2)
[INFO]  /home/gadolinite/CASHIM_HL/subsecond/raytracedicom_pybind_stage/subSecond/src/algorithms/idd_sigma.cu:313  行尾空白字符已删除  (规范条款 4.2)
[WARN]  /home/gadolinite/CASHIM_HL/subsecond/raytracedicom_pybind_stage/subSecond/src/algorithms/idd_sigma.cu:319  疑似魔鬼数字，建议定义为具名常量 → 原行: float sigmaX = tex3D<float>(subspotData, 3.0f, float(subspotIdx), float(layerIdx));  (规范条款 4.8.1)
[WARN]  /home/gadolinite/CASHIM_HL/subsecond/raytracedicom_pybind_stage/subSecond/src/algorithms/idd_sigma.cu:320  疑似魔鬼数字，建议定义为具名常量 → 原行: float sigmaY = tex3D<float>(subspotData, 4.0f, float(subspotIdx), float(layerIdx));  (规范条款 4.8.1)
[INFO]  /home/gadolinite/CASHIM_HL/subsecond/raytracedicom_pybind_stage/subSecond/src/algorithms/idd_sigma.cu:321  行尾空白字符已删除  (规范条款 4.2)
[INFO]  /home/gadolinite/CASHIM_HL/subsecond/raytracedicom_pybind_stage/subSecond/src/algorithms/idd_sigma.cu:323  行尾空白字符已删除  (规范条款 4.2)
[INFO]  /home/gadolinite/CASHIM_HL/subsecond/raytracedicom_pybind_stage/subSecond/src/algorithms/idd_sigma.cu:329  行尾空白字符已删除  (规范条款 4.2)
[INFO]  /home/gadolinite/CASHIM_HL/subsecond/raytracedicom_pybind_stage/subSecond/src/algorithms/idd_sigma.cu:335  行尾空白字符已删除  (规范条款 4.2)
[INFO]  /home/gadolinite/CASHIM_HL/subsecond/raytracedicom_pybind_stage/subSecond/src/algorithms/idd_sigma.cu:367  行尾空白字符已删除  (规范条款 4.2)
[INFO]  /home/gadolinite/CASHIM_HL/subsecond/raytracedicom_pybind_stage/subSecond/src/algorithms/idd_sigma.cu:371  行尾空白字符已删除  (规范条款 4.2)
[INFO]  /home/gadolinite/CASHIM_HL/subsecond/raytracedicom_pybind_stage/subSecond/src/algorithms/idd_sigma.cu:378  行尾空白字符已删除  (规范条款 4.2)
[INFO]  /home/gadolinite/CASHIM_HL/subsecond/raytracedicom_pybind_stage/subSecond/src/algorithms/idd_sigma.cu:400  行尾空白字符已删除  (规范条款 4.2)
[WARN]  /home/gadolinite/CASHIM_HL/subsecond/raytracedicom_pybind_stage/subSecond/src/algorithms/idd_sigma.cu:401  疑似魔鬼数字，建议定义为具名常量 → 原行: dim3 blockSize(256);  (规范条款 4.8.1)
[INFO]  /home/gadolinite/CASHIM_HL/subsecond/raytracedicom_pybind_stage/subSecond/src/algorithms/idd_sigma.cu:404  行尾空白字符已删除  (规范条款 4.2)
[INFO]  /home/gadolinite/CASHIM_HL/subsecond/raytracedicom_pybind_stage/subSecond/src/algorithms/idd_sigma.cu:414  行尾空白字符已删除  (规范条款 4.2)
[INFO]  /home/gadolinite/CASHIM_HL/subsecond/raytracedicom_pybind_stage/subSecond/src/algorithms/prim_transf_kernel.cu:26  行尾空白字符已删除  (规范条款 4.2)
[SKIP]  /home/gadolinite/CASHIM_HL/subsecond/raytracedicom_pybind_stage/subSecond/src/algorithms/prim_transf_kernel.cu:28  行宽 132 > 120，需人工换行处理  (规范条款 4.2)
[INFO]  /home/gadolinite/CASHIM_HL/subsecond/raytracedicom_pybind_stage/subSecond/src/algorithms/prim_transf_kernel.cu:29  行尾空白字符已删除  (规范条款 4.2)
[INFO]  /home/gadolinite/CASHIM_HL/subsecond/raytracedicom_pybind_stage/subSecond/src/algorithms/prim_transf_kernel.cu:35  行尾空白字符已删除  (规范条款 4.2)
[INFO]  /home/gadolinite/CASHIM_HL/subsecond/raytracedicom_pybind_stage/subSecond/src/algorithms/prim_transf_kernel.cu:37  行尾空白字符已删除  (规范条款 4.2)
[INFO]  /home/gadolinite/CASHIM_HL/subsecond/raytracedicom_pybind_stage/subSecond/src/algorithms/superposition.cu:4  行尾空白字符已删除  (规范条款 4.2)
[INFO]  /home/gadolinite/CASHIM_HL/subsecond/raytracedicom_pybind_stage/subSecond/src/algorithms/superposition.cu:29  行尾空白字符已删除  (规范条款 4.2)
[INFO]  /home/gadolinite/CASHIM_HL/subsecond/raytracedicom_pybind_stage/subSecond/src/algorithms/superposition.cu:32  行尾空白字符已删除  (规范条款 4.2)
[INFO]  /home/gadolinite/CASHIM_HL/subsecond/raytracedicom_pybind_stage/subSecond/src/algorithms/superposition.cu:35  行尾空白字符已删除  (规范条款 4.2)
[INFO]  /home/gadolinite/CASHIM_HL/subsecond/raytracedicom_pybind_stage/subSecond/src/algorithms/superposition.cu:49  行尾空白字符已删除  (规范条款 4.2)
[INFO]  /home/gadolinite/CASHIM_HL/subsecond/raytracedicom_pybind_stage/subSecond/src/algorithms/superposition.cu:55  行尾空白字符已删除  (规范条款 4.2)
[INFO]  /home/gadolinite/CASHIM_HL/subsecond/raytracedicom_pybind_stage/subSecond/src/algorithms/superposition.cu:59  行尾空白字符已删除  (规范条款 4.2)
[INFO]  /home/gadolinite/CASHIM_HL/subsecond/raytracedicom_pybind_stage/subSecond/src/algorithms/superposition.cu:67  行尾空白字符已删除  (规范条款 4.2)
[WARN]  /home/gadolinite/CASHIM_HL/subsecond/raytracedicom_pybind_stage/subSecond/src/algorithms/superposition.cu:71  疑似 C 风格类型转换，建议改为 C++ 风格 → 原行: int radius = (int)ceilf(SUPERP_TILE_X * minSigma);  (规范条款 4.8.3)
[INFO]  /home/gadolinite/CASHIM_HL/subsecond/raytracedicom_pybind_stage/subSecond/src/algorithms/superposition.cu:73  行尾空白字符已删除  (规范条款 4.2)
[INFO]  /home/gadolinite/CASHIM_HL/subsecond/raytracedicom_pybind_stage/subSecond/src/algorithms/superposition.cu:76  行尾空白字符已删除  (规范条款 4.2)
[INFO]  /home/gadolinite/CASHIM_HL/subsecond/raytracedicom_pybind_stage/subSecond/src/algorithms/superposition.cu:102  行尾空白字符已删除  (规范条款 4.2)
[INFO]  /home/gadolinite/CASHIM_HL/subsecond/raytracedicom_pybind_stage/subSecond/src/algorithms/superposition.cu:104  行尾空白字符已删除  (规范条款 4.2)
[INFO]  /home/gadolinite/CASHIM_HL/subsecond/raytracedicom_pybind_stage/subSecond/src/algorithms/superposition.cu:108  行尾空白字符已删除  (规范条款 4.2)
[INFO]  /home/gadolinite/CASHIM_HL/subsecond/raytracedicom_pybind_stage/subSecond/src/algorithms/superposition.cu:112  行尾空白字符已删除  (规范条款 4.2)
[INFO]  /home/gadolinite/CASHIM_HL/subsecond/raytracedicom_pybind_stage/subSecond/src/algorithms/superposition.cu:116  行尾空白字符已删除  (规范条款 4.2)
[INFO]  /home/gadolinite/CASHIM_HL/subsecond/raytracedicom_pybind_stage/subSecond/src/algorithms/superposition.cu:119  行尾空白字符已删除  (规范条款 4.2)
[INFO]  /home/gadolinite/CASHIM_HL/subsecond/raytracedicom_pybind_stage/subSecond/src/algorithms/superposition.cu:121  行尾空白字符已删除  (规范条款 4.2)
[INFO]  /home/gadolinite/CASHIM_HL/subsecond/raytracedicom_pybind_stage/subSecond/src/algorithms/superposition.cu:124  行尾空白字符已删除  (规范条款 4.2)
[INFO]  /home/gadolinite/CASHIM_HL/subsecond/raytracedicom_pybind_stage/subSecond/src/algorithms/superposition.cu:127  行尾空白字符已删除  (规范条款 4.2)
[INFO]  /home/gadolinite/CASHIM_HL/subsecond/raytracedicom_pybind_stage/subSecond/src/algorithms/superposition.cu:130  行尾空白字符已删除  (规范条款 4.2)
[INFO]  /home/gadolinite/CASHIM_HL/subsecond/raytracedicom_pybind_stage/subSecond/src/algorithms/superposition.cu:134  行尾空白字符已删除  (规范条款 4.2)
[INFO]  /home/gadolinite/CASHIM_HL/subsecond/raytracedicom_pybind_stage/subSecond/src/algorithms/superposition.cu:139  行尾空白字符已删除  (规范条款 4.2)
[INFO]  /home/gadolinite/CASHIM_HL/subsecond/raytracedicom_pybind_stage/subSecond/src/algorithms/superposition.cu:150  行尾空白字符已删除  (规范条款 4.2)
[INFO]  /home/gadolinite/CASHIM_HL/subsecond/raytracedicom_pybind_stage/subSecond/src/algorithms/superposition.cu:164  行尾空白字符已删除  (规范条款 4.2)
[INFO]  /home/gadolinite/CASHIM_HL/subsecond/raytracedicom_pybind_stage/subSecond/src/algorithms/superposition.cu:165  行尾空白字符已删除  (规范条款 4.2)
[INFO]  /home/gadolinite/CASHIM_HL/subsecond/raytracedicom_pybind_stage/subSecond/src/algorithms/superposition.cu:166  行尾空白字符已删除  (规范条款 4.2)
[INFO]  /home/gadolinite/CASHIM_HL/subsecond/raytracedicom_pybind_stage/subSecond/src/algorithms/superposition.cu:167  行尾空白字符已删除  (规范条款 4.2)
[INFO]  /home/gadolinite/CASHIM_HL/subsecond/raytracedicom_pybind_stage/subSecond/src/algorithms/superposition.cu:170  行尾空白字符已删除  (规范条款 4.2)
[INFO]  /home/gadolinite/CASHIM_HL/subsecond/raytracedicom_pybind_stage/subSecond/src/algorithms/superposition.cu:174  行尾空白字符已删除  (规范条款 4.2)
[INFO]  /home/gadolinite/CASHIM_HL/subsecond/raytracedicom_pybind_stage/subSecond/src/algorithms/superposition.cu:178  行尾空白字符已删除  (规范条款 4.2)
[INFO]  /home/gadolinite/CASHIM_HL/subsecond/raytracedicom_pybind_stage/subSecond/src/algorithms/superposition.cu:181  行尾空白字符已删除  (规范条款 4.2)
[INFO]  /home/gadolinite/CASHIM_HL/subsecond/raytracedicom_pybind_stage/subSecond/src/algorithms/superposition.cu:185  行尾空白字符已删除  (规范条款 4.2)
[INFO]  /home/gadolinite/CASHIM_HL/subsecond/raytracedicom_pybind_stage/subSecond/src/algorithms/superposition.cu:190  行尾空白字符已删除  (规范条款 4.2)
[INFO]  /home/gadolinite/CASHIM_HL/subsecond/raytracedicom_pybind_stage/subSecond/src/algorithms/superposition.cu:201  行尾空白字符已删除  (规范条款 4.2)
[WARN]  /home/gadolinite/CASHIM_HL/subsecond/raytracedicom_pybind_stage/subSecond/src/algorithms/superposition.cu:212  疑似魔鬼数字，建议定义为具名常量 → 原行: template __global__ void kernelSuperposition<4>(float const*, float const*, float*, int, int, int);  (规范条款 4.8.1)
[WARN]  /home/gadolinite/CASHIM_HL/subsecond/raytracedicom_pybind_stage/subSecond/src/algorithms/superposition.cu:213  疑似魔鬼数字，建议定义为具名常量 → 原行: template __global__ void kernelSuperposition<8>(float const*, float const*, float*, int, int, int);  (规范条款 4.8.1)
[WARN]  /home/gadolinite/CASHIM_HL/subsecond/raytracedicom_pybind_stage/subSecond/src/algorithms/superposition.cu:215  疑似魔鬼数字，建议定义为具名常量 → 原行: template __global__ void kernelSuperposition<32>(float const*, float const*, float*, int, int, int);  (规范条款 4.8.1)
[INFO]  /home/gadolinite/CASHIM_HL/subsecond/raytracedicom_pybind_stage/subSecond/src/algorithms/superposition.cu:233  行尾空白字符已删除  (规范条款 4.2)
[INFO]  /home/gadolinite/CASHIM_HL/subsecond/raytracedicom_pybind_stage/subSecond/src/algorithms/superposition.cu:238  行尾空白字符已删除  (规范条款 4.2)
[INFO]  /home/gadolinite/CASHIM_HL/subsecond/raytracedicom_pybind_stage/subSecond/src/algorithms/superposition.cu:242  行尾空白字符已删除  (规范条款 4.2)
[INFO]  /home/gadolinite/CASHIM_HL/subsecond/raytracedicom_pybind_stage/subSecond/src/algorithms/superposition.cu:248  行尾空白字符已删除  (规范条款 4.2)
[INFO]  /home/gadolinite/CASHIM_HL/subsecond/raytracedicom_pybind_stage/subSecond/src/algorithms/superposition.cu:253  行尾空白字符已删除  (规范条款 4.2)
[INFO]  /home/gadolinite/CASHIM_HL/subsecond/raytracedicom_pybind_stage/subSecond/src/algorithms/superposition.cu:258  行尾空白字符已删除  (规范条款 4.2)
[INFO]  /home/gadolinite/CASHIM_HL/subsecond/raytracedicom_pybind_stage/subSecond/src/algorithms/superposition.cu:262  行尾空白字符已删除  (规范条款 4.2)
[INFO]  /home/gadolinite/CASHIM_HL/subsecond/raytracedicom_pybind_stage/subSecond/src/algorithms/superposition.cu:270  行尾空白字符已删除  (规范条款 4.2)
[INFO]  /home/gadolinite/CASHIM_HL/subsecond/raytracedicom_pybind_stage/subSecond/src/algorithms/superposition.cu:274  行尾空白字符已删除  (规范条款 4.2)
[INFO]  /home/gadolinite/CASHIM_HL/subsecond/raytracedicom_pybind_stage/subSecond/src/algorithms/superposition.cu:289  行尾空白字符已删除  (规范条款 4.2)
[WARN]  /home/gadolinite/CASHIM_HL/subsecond/raytracedicom_pybind_stage/subSecond/src/algorithms/superposition.cu:290  疑似魔鬼数字，建议定义为具名常量 → 原行: dim3 blockSize(256);  (规范条款 4.8.1)
[INFO]  /home/gadolinite/CASHIM_HL/subsecond/raytracedicom_pybind_stage/subSecond/src/algorithms/superposition.cu:292  行尾空白字符已删除  (规范条款 4.2)
[SKIP]  /home/gadolinite/CASHIM_HL/subsecond/raytracedicom_pybind_stage/subSecond/src/algorithms/superposition.cu:296  行宽 123 > 120，需人工换行处理  (规范条款 4.2)
[SKIP]  /home/gadolinite/CASHIM_HL/subsecond/raytracedicom_pybind_stage/subSecond/src/algorithms/superposition.cu:299  行宽 123 > 120，需人工换行处理  (规范条款 4.2)
[WARN]  /home/gadolinite/CASHIM_HL/subsecond/raytracedicom_pybind_stage/subSecond/src/algorithms/superposition.cu:301  疑似魔鬼数字，建议定义为具名常量 → 原行: case 4:  (规范条款 4.8.1)
[SKIP]  /home/gadolinite/CASHIM_HL/subsecond/raytracedicom_pybind_stage/subSecond/src/algorithms/superposition.cu:302  行宽 123 > 120，需人工换行处理  (规范条款 4.2)
[WARN]  /home/gadolinite/CASHIM_HL/subsecond/raytracedicom_pybind_stage/subSecond/src/algorithms/superposition.cu:302  疑似魔鬼数字，建议定义为具名常量 → 原行: kernelSuperposition<4><<<gridSize, blockSize>>>(inDose, inRSigmaEff, outDose, inDosePitch, rayDimsX, rayDimsY);  (规范条款 4.8.1)
[WARN]  /home/gadolinite/CASHIM_HL/subsecond/raytracedicom_pybind_stage/subSecond/src/algorithms/superposition.cu:304  疑似魔鬼数字，建议定义为具名常量 → 原行: case 8:  (规范条款 4.8.1)
[SKIP]  /home/gadolinite/CASHIM_HL/subsecond/raytracedicom_pybind_stage/subSecond/src/algorithms/superposition.cu:305  行宽 123 > 120，需人工换行处理  (规范条款 4.2)
[WARN]  /home/gadolinite/CASHIM_HL/subsecond/raytracedicom_pybind_stage/subSecond/src/algorithms/superposition.cu:305  疑似魔鬼数字，建议定义为具名常量 → 原行: kernelSuperposition<8><<<gridSize, blockSize>>>(inDose, inRSigmaEff, outDose, inDosePitch, rayDimsX, rayDimsY);  (规范条款 4.8.1)
[SKIP]  /home/gadolinite/CASHIM_HL/subsecond/raytracedicom_pybind_stage/subSecond/src/algorithms/superposition.cu:308  行宽 124 > 120，需人工换行处理  (规范条款 4.2)
[WARN]  /home/gadolinite/CASHIM_HL/subsecond/raytracedicom_pybind_stage/subSecond/src/algorithms/superposition.cu:310  疑似魔鬼数字，建议定义为具名常量 → 原行: case 32:  (规范条款 4.8.1)
[SKIP]  /home/gadolinite/CASHIM_HL/subsecond/raytracedicom_pybind_stage/subSecond/src/algorithms/superposition.cu:311  行宽 124 > 120，需人工换行处理  (规范条款 4.2)
[WARN]  /home/gadolinite/CASHIM_HL/subsecond/raytracedicom_pybind_stage/subSecond/src/algorithms/superposition.cu:311  疑似魔鬼数字，建议定义为具名常量 → 原行: kernelSuperposition<32><<<gridSize, blockSize>>>(inDose, inRSigmaEff, outDose, inDosePitch, rayDimsX, rayDimsY);  (规范条款 4.8.1)
[INFO]  /home/gadolinite/CASHIM_HL/subsecond/raytracedicom_pybind_stage/subSecond/src/algorithms/superposition.cu:317  行尾空白字符已删除  (规范条款 4.2)
[INFO]  /home/gadolinite/CASHIM_HL/subsecond/raytracedicom_pybind_stage/subSecond/src/algorithms/transfer_param_helper.cu:21  行尾空白字符已删除  (规范条款 4.2)
[INFO]  /home/gadolinite/CASHIM_HL/subsecond/raytracedicom_pybind_stage/subSecond/src/algorithms/transfer_param_helper.cu:25  行尾空白字符已删除  (规范条款 4.2)
[WARN]  /home/gadolinite/CASHIM_HL/subsecond/raytracedicom_pybind_stage/subSecond/src/algorithms/transfer_param_helper.cu:29  疑似注释掉的代码，规范要求直接删除 → 原行: // raySpacing is the spacing between rays in BEV coordinate system (CPB resolution)  (规范条款 4.3)
[INFO]  /home/gadolinite/CASHIM_HL/subsecond/raytracedicom_pybind_stage/subSecond/src/algorithms/transfer_param_helper.cu:31  行尾空白字符已删除  (规范条款 4.2)
[WARN]  /home/gadolinite/CASHIM_HL/subsecond/raytracedicom_pybind_stage/subSecond/src/algorithms/transfer_param_helper.cu:32  疑似注释掉的代码，规范要求直接删除 → 原行: // coefIdxI: maps dose volume X index to BEV X index (in ray spacing units)  (规范条款 4.3)
[INFO]  /home/gadolinite/CASHIM_HL/subsecond/raytracedicom_pybind_stage/subSecond/src/algorithms/transfer_param_helper.cu:45  行尾空白字符已删除  (规范条款 4.2)
[WARN]  /home/gadolinite/CASHIM_HL/subsecond/raytracedicom_pybind_stage/subSecond/src/algorithms/transfer_param_helper.cu:46  疑似注释掉的代码，规范要求直接删除 → 原行: // coefOffset: offset in BEV coordinate system (ray indices)  (规范条款 4.3)
[WARN]  /home/gadolinite/CASHIM_HL/subsecond/raytracedicom_pybind_stage/subSecond/src/algorithms/transfer_param_helper.cu:47  疑似注释掉的代码，规范要求直接删除 → 原行: // This represents the BEV coordinate for dose volume index (0, 0)  (规范条款 4.3)
[WARN]  /home/gadolinite/CASHIM_HL/subsecond/raytracedicom_pybind_stage/subSecond/src/algorithms/transfer_param_helper.cu:48  疑似注释掉的代码，规范要求直接删除 → 原行: // BEV coordinate system origin is at CPB corner (rayOffset)  (规范条款 4.3)
[WARN]  /home/gadolinite/CASHIM_HL/subsecond/raytracedicom_pybind_stage/subSecond/src/algorithms/transfer_param_helper.cu:49  疑似注释掉的代码，规范要求直接删除 → 原行: // Dose volume index (0, 0) corresponds to dose volume origin (doseVolOrigin)  (规范条款 4.3)
[INFO]  /home/gadolinite/CASHIM_HL/subsecond/raytracedicom_pybind_stage/subSecond/src/algorithms/transfer_param_helper.cu:58  行尾空白字符已删除  (规范条款 4.2)
[INFO]  /home/gadolinite/CASHIM_HL/subsecond/raytracedicom_pybind_stage/subSecond/src/algorithms/transfer_param_helper.cu:66  行尾空白字符已删除  (规范条款 4.2)
[INFO]  /home/gadolinite/CASHIM_HL/subsecond/raytracedicom_pybind_stage/subSecond/src/algorithms/transfer_param_helper.cu:69  行尾空白字符已删除  (规范条款 4.2)
[WARN]  /home/gadolinite/CASHIM_HL/subsecond/raytracedicom_pybind_stage/subSecond/src/algorithms/transfer_param_helper.cu:71  疑似注释掉的代码，规范要求直接删除 → 原行: // Based on original RayTracedicom: normDist = delta.z * sourceDist  (规范条款 4.3)
[WARN]  /home/gadolinite/CASHIM_HL/subsecond/raytracedicom_pybind_stage/subSecond/src/algorithms/transfer_param_helper.cu:72  疑似注释掉的代码，规范要求直接删除 → 原行: // where delta.z is the step size in BEV coordinate system (ray spacing in Z direction)  (规范条款 4.3)
[INFO]  /home/gadolinite/CASHIM_HL/subsecond/raytracedicom_pybind_stage/subSecond/src/algorithms/transfer_param_helper.cu:81  行尾空白字符已删除  (规范条款 4.2)
[WARN]  /home/gadolinite/CASHIM_HL/subsecond/raytracedicom_pybind_stage/subSecond/src/algorithms/transfer_param_struct_div3_impl.cu:12  疑似注释掉的代码，规范要求直接删除 → 原行: // It constructs a compact parameterization of the inverse (doseIdx -> fanIdx)  (规范条款 4.3)
[WARN]  /home/gadolinite/CASHIM_HL/subsecond/raytracedicom_pybind_stage/subSecond/src/algorithms/transfer_param_struct_div3_impl.cu:17  疑似注释掉的代码，规范要求直接删除 → 原行: // Transpose of the linear part of (imIdx -> gantry) so that we can compute  (规范条款 4.3)
[WARN]  /home/gadolinite/CASHIM_HL/subsecond/raytracedicom_pybind_stage/subSecond/src/algorithms/transfer_param_struct_div3_impl.cu:18  疑似注释掉的代码，规范要求直接删除 → 原行: // dot-products with (i,j,k) efficiently.  (规范条款 4.3)
[WARN]  /home/gadolinite/CASHIM_HL/subsecond/raytracedicom_pybind_stage/subSecond/src/algorithms/transfer_param_struct_div3_impl.cu:29  疑似注释掉的代码，规范要求直接删除 → 原行: // normDist rescales z into the divergence correction in getFanIdx().  (规范条款 4.3)
[WARN]  /home/gadolinite/CASHIM_HL/subsecond/raytracedicom_pybind_stage/subSecond/src/bindings/raytracedicom_pybind.cpp:32  疑似魔鬼数字，建议定义为具名常量 → 原行: static inline int3 to_int3(const std::array<int, 3>& v) {  (规范条款 4.8.1)
[WARN]  /home/gadolinite/CASHIM_HL/subsecond/raytracedicom_pybind_stage/subSecond/src/bindings/raytracedicom_pybind.cpp:36  疑似魔鬼数字，建议定义为具名常量 → 原行: static inline float3 to_float3(const std::array<float, 3>& v) {  (规范条款 4.8.1)
[WARN]  /home/gadolinite/CASHIM_HL/subsecond/raytracedicom_pybind_stage/subSecond/src/bindings/raytracedicom_pybind.cpp:80  疑似注释掉的代码，规范要求直接删除 → 原行: // Accept: list[tuple(x,y)], list[list], or numpy array shape (N,2)  (规范条款 4.3)
[WARN]  /home/gadolinite/CASHIM_HL/subsecond/raytracedicom_pybind_stage/subSecond/src/bindings/raytracedicom_pybind.cpp:117  疑似魔鬼数字，建议定义为具名常量 → 原行: if (info.ndim == 1 && info.size >= 3) {  (规范条款 4.8.1)
[WARN]  /home/gadolinite/CASHIM_HL/subsecond/raytracedicom_pybind_stage/subSecond/src/bindings/raytracedicom_pybind.cpp:120  疑似魔鬼数字，建议定义为具名常量 → 原行: if (info.ndim == 2 && info.shape[0] == 3 && info.shape[1] >= 1) {  (规范条款 4.8.1)
[WARN]  /home/gadolinite/CASHIM_HL/subsecond/raytracedicom_pybind_stage/subSecond/src/bindings/raytracedicom_pybind.cpp:123  疑似魔鬼数字，建议定义为具名常量 → 原行: if (info.ndim == 2 && info.shape[1] == 3 && info.shape[0] >= 1) {  (规范条款 4.8.1)
[WARN]  /home/gadolinite/CASHIM_HL/subsecond/raytracedicom_pybind_stage/subSecond/src/bindings/raytracedicom_pybind.cpp:126  疑似魔鬼数字，建议定义为具名常量 → 原行: throw std::runtime_error("Expected 3-vector input");  (规范条款 4.8.1)
[WARN]  /home/gadolinite/CASHIM_HL/subsecond/raytracedicom_pybind_stage/subSecond/src/bindings/raytracedicom_pybind.cpp:128  疑似魔鬼数字，建议定义为具名常量 → 原行: std::array<float, 3> v = py::cast<std::array<float, 3>>(obj);  (规范条款 4.8.1)
[WARN]  /home/gadolinite/CASHIM_HL/subsecond/raytracedicom_pybind_stage/subSecond/src/bindings/raytracedicom_pybind.cpp:150  疑似魔鬼数字，建议定义为具名常量 → 原行: if ((info.size % 3) != 0) {  (规范条款 4.8.1)
[WARN]  /home/gadolinite/CASHIM_HL/subsecond/raytracedicom_pybind_stage/subSecond/src/bindings/raytracedicom_pybind.cpp:151  疑似魔鬼数字，建议定义为具名常量 → 原行: throw std::runtime_error("Expected flattened 3-vector array with length multiple of 3");  (规范条款 4.8.1)
[WARN]  /home/gadolinite/CASHIM_HL/subsecond/raytracedicom_pybind_stage/subSecond/src/bindings/raytracedicom_pybind.cpp:158  疑似魔鬼数字，建议定义为具名常量 → 原行: if (info.shape[1] == 3) {  (规范条款 4.8.1)
[WARN]  /home/gadolinite/CASHIM_HL/subsecond/raytracedicom_pybind_stage/subSecond/src/bindings/raytracedicom_pybind.cpp:160  疑似魔鬼数字，建议定义为具名常量 → 原行: out.resize(n * 3);  (规范条款 4.8.1)
[WARN]  /home/gadolinite/CASHIM_HL/subsecond/raytracedicom_pybind_stage/subSecond/src/bindings/raytracedicom_pybind.cpp:162  疑似魔鬼数字，建议定义为具名常量 → 原行: out[i * 3 + 0] = ptr[i * 3 + 0];  (规范条款 4.8.1)
[WARN]  /home/gadolinite/CASHIM_HL/subsecond/raytracedicom_pybind_stage/subSecond/src/bindings/raytracedicom_pybind.cpp:163  疑似魔鬼数字，建议定义为具名常量 → 原行: out[i * 3 + 1] = ptr[i * 3 + 1];  (规范条款 4.8.1)
[WARN]  /home/gadolinite/CASHIM_HL/subsecond/raytracedicom_pybind_stage/subSecond/src/bindings/raytracedicom_pybind.cpp:164  疑似魔鬼数字，建议定义为具名常量 → 原行: out[i * 3 + 2] = ptr[i * 3 + 2];  (规范条款 4.8.1)
[WARN]  /home/gadolinite/CASHIM_HL/subsecond/raytracedicom_pybind_stage/subSecond/src/bindings/raytracedicom_pybind.cpp:166  疑似魔鬼数字，建议定义为具名常量 → 原行: } else if (info.shape[0] == 3) {  (规范条款 4.8.1)
[WARN]  /home/gadolinite/CASHIM_HL/subsecond/raytracedicom_pybind_stage/subSecond/src/bindings/raytracedicom_pybind.cpp:168  疑似魔鬼数字，建议定义为具名常量 → 原行: out.resize(n * 3);  (规范条款 4.8.1)
[WARN]  /home/gadolinite/CASHIM_HL/subsecond/raytracedicom_pybind_stage/subSecond/src/bindings/raytracedicom_pybind.cpp:170  疑似魔鬼数字，建议定义为具名常量 → 原行: out[i * 3 + 0] = ptr[0 * n + i];  (规范条款 4.8.1)
[WARN]  /home/gadolinite/CASHIM_HL/subsecond/raytracedicom_pybind_stage/subSecond/src/bindings/raytracedicom_pybind.cpp:171  疑似魔鬼数字，建议定义为具名常量 → 原行: out[i * 3 + 1] = ptr[1 * n + i];  (规范条款 4.8.1)
[WARN]  /home/gadolinite/CASHIM_HL/subsecond/raytracedicom_pybind_stage/subSecond/src/bindings/raytracedicom_pybind.cpp:172  疑似魔鬼数字，建议定义为具名常量 → 原行: out[i * 3 + 2] = ptr[2 * n + i];  (规范条款 4.8.1)
[WARN]  /home/gadolinite/CASHIM_HL/subsecond/raytracedicom_pybind_stage/subSecond/src/bindings/raytracedicom_pybind.cpp:175  疑似魔鬼数字，建议定义为具名常量 → 原行: throw std::runtime_error("Expected shape (N,3) or (3,N) for 3-vector array");  (规范条款 4.8.1)
[WARN]  /home/gadolinite/CASHIM_HL/subsecond/raytracedicom_pybind_stage/subSecond/src/bindings/raytracedicom_pybind.cpp:181  疑似魔鬼数字，建议定义为具名常量 → 原行: if (expected_count > 0 && out.size() != expected_count * 3) {  (规范条款 4.8.1)
[WARN]  /home/gadolinite/CASHIM_HL/subsecond/raytracedicom_pybind_stage/subSecond/src/bindings/raytracedicom_pybind.cpp:230  疑似魔鬼数字，建议定义为具名常量 → 原行: if (flat.size() < 3) {  (规范条款 4.8.1)
[WARN]  /home/gadolinite/CASHIM_HL/subsecond/raytracedicom_pybind_stage/subSecond/src/bindings/raytracedicom_pybind.cpp:231  疑似魔鬼数字，建议定义为具名常量 → 原行: throw std::runtime_error("Expected at least one 3-vector");  (规范条款 4.8.1)
[WARN]  /home/gadolinite/CASHIM_HL/subsecond/raytracedicom_pybind_stage/subSecond/src/bindings/raytracedicom_pybind.cpp:237  疑似魔鬼数字，建议定义为具名常量 → 原行: if (dirs.empty() || (dirs.size() % 3) != 0) {  (规范条款 4.8.1)
[WARN]  /home/gadolinite/CASHIM_HL/subsecond/raytracedicom_pybind_stage/subSecond/src/bindings/raytracedicom_pybind.cpp:238  疑似魔鬼数字，建议定义为具名常量 → 原行: throw std::runtime_error("Direction array must contain one or more 3-vectors");  (规范条款 4.8.1)
[WARN]  /home/gadolinite/CASHIM_HL/subsecond/raytracedicom_pybind_stage/subSecond/src/bindings/raytracedicom_pybind.cpp:246  疑似魔鬼数字，建议定义为具名常量 → 原行: sx += dirs[i * 3 + 0];  (规范条款 4.8.1)
[WARN]  /home/gadolinite/CASHIM_HL/subsecond/raytracedicom_pybind_stage/subSecond/src/bindings/raytracedicom_pybind.cpp:247  疑似魔鬼数字，建议定义为具名常量 → 原行: sy += dirs[i * 3 + 1];  (规范条款 4.8.1)
[WARN]  /home/gadolinite/CASHIM_HL/subsecond/raytracedicom_pybind_stage/subSecond/src/bindings/raytracedicom_pybind.cpp:248  疑似魔鬼数字，建议定义为具名常量 → 原行: sz += dirs[i * 3 + 2];  (规范条款 4.8.1)
[WARN]  /home/gadolinite/CASHIM_HL/subsecond/raytracedicom_pybind_stage/subSecond/src/bindings/raytracedicom_pybind.cpp:302  疑似魔鬼数字，建议定义为具名常量 → 原行: static void print_float_sample_values(const float* ptr, size_t n, size_t max_values = 6) {  (规范条款 4.8.1)
[WARN]  /home/gadolinite/CASHIM_HL/subsecond/raytracedicom_pybind_stage/subSecond/src/bindings/raytracedicom_pybind.cpp:320  疑似魔鬼数字，建议定义为具名常量 → 原行: static void print_int_sample_values(const int* ptr, size_t n, size_t max_values = 6) {  (规范条款 4.8.1)
[WARN]  /home/gadolinite/CASHIM_HL/subsecond/raytracedicom_pybind_stage/subSecond/src/bindings/raytracedicom_pybind.cpp:358  含自增/自减的复合表达式，需人工将自增/自减单独放一行 → 原行: if (x > 0.0f) ++positive;  (规范条款 4.8.2)
[WARN]  /home/gadolinite/CASHIM_HL/subsecond/raytracedicom_pybind_stage/subSecond/src/bindings/raytracedicom_pybind.cpp:359  含自增/自减的复合表达式，需人工将自增/自减单独放一行 → 原行: if (x == 0.0f) ++zeros;  (规范条款 4.8.2)
[WARN]  /home/gadolinite/CASHIM_HL/subsecond/raytracedicom_pybind_stage/subSecond/src/bindings/raytracedicom_pybind.cpp:390  含自增/自减的复合表达式，需人工将自增/自减单独放一行 → 原行: if (x > 0) ++positive;  (规范条款 4.8.2)
[WARN]  /home/gadolinite/CASHIM_HL/subsecond/raytracedicom_pybind_stage/subSecond/src/bindings/raytracedicom_pybind.cpp:391  含自增/自减的复合表达式，需人工将自增/自减单独放一行 → 原行: if (x == 0) ++zeros;  (规范条款 4.8.2)
[WARN]  /home/gadolinite/CASHIM_HL/subsecond/raytracedicom_pybind_stage/subSecond/src/bindings/raytracedicom_pybind.cpp:449  疑似魔鬼数字，建议定义为具名常量 → 原行: << ",y0=" << weq[3]  (规范条款 4.8.1)
[WARN]  /home/gadolinite/CASHIM_HL/subsecond/raytracedicom_pybind_stage/subSecond/src/bindings/raytracedicom_pybind.cpp:450  疑似魔鬼数字，建议定义为具名常量 → 原行: << ",yStep=" << weq[4]  (规范条款 4.8.1)
[WARN]  /home/gadolinite/CASHIM_HL/subsecond/raytracedicom_pybind_stage/subSecond/src/bindings/raytracedicom_pybind.cpp:452  疑似魔鬼数字，建议定义为具名常量 → 原行: << ",x0=" << weq[6]  (规范条款 4.8.1)
[WARN]  /home/gadolinite/CASHIM_HL/subsecond/raytracedicom_pybind_stage/subSecond/src/bindings/raytracedicom_pybind.cpp:453  疑似魔鬼数字，建议定义为具名常量 → 原行: << ",xStep=" << weq[7]  (规范条款 4.8.1)
[SKIP]  /home/gadolinite/CASHIM_HL/subsecond/raytracedicom_pybind_stage/subSecond/src/bindings/raytracedicom_pybind.cpp:596  行宽 125 > 120，需人工换行处理  (规范条款 4.2)
[SKIP]  /home/gadolinite/CASHIM_HL/subsecond/raytracedicom_pybind_stage/subSecond/src/bindings/raytracedicom_pybind.cpp:612  行宽 121 > 120，需人工换行处理  (规范条款 4.2)
[SKIP]  /home/gadolinite/CASHIM_HL/subsecond/raytracedicom_pybind_stage/subSecond/src/bindings/raytracedicom_pybind.cpp:613  行宽 121 > 120，需人工换行处理  (规范条款 4.2)
[WARN]  /home/gadolinite/CASHIM_HL/subsecond/raytracedicom_pybind_stage/subSecond/src/bindings/raytracedicom_pybind.cpp:619  疑似魔鬼数字，建议定义为具名常量 → 原行: " required>=1.5*raySpacing"  (规范条款 4.8.1)
[WARN]  /home/gadolinite/CASHIM_HL/subsecond/raytracedicom_pybind_stage/subSecond/src/bindings/raytracedicom_pybind.cpp:627  疑似魔鬼数字，建议定义为具名常量 → 原行: " required>=1.5*raySpacing"  (规范条款 4.8.1)
[SKIP]  /home/gadolinite/CASHIM_HL/subsecond/raytracedicom_pybind_stage/subSecond/src/bindings/raytracedicom_pybind.cpp:686  行宽 125 > 120，需人工换行处理  (规范条款 4.2)
[SKIP]  /home/gadolinite/CASHIM_HL/subsecond/raytracedicom_pybind_stage/subSecond/src/bindings/raytracedicom_pybind.cpp:747  行宽 142 > 120，需人工换行处理  (规范条款 4.2)
[SKIP]  /home/gadolinite/CASHIM_HL/subsecond/raytracedicom_pybind_stage/subSecond/src/bindings/raytracedicom_pybind.cpp:748  行宽 149 > 120，需人工换行处理  (规范条款 4.2)
[SKIP]  /home/gadolinite/CASHIM_HL/subsecond/raytracedicom_pybind_stage/subSecond/src/bindings/raytracedicom_pybind.cpp:754  行宽 150 > 120，需人工换行处理  (规范条款 4.2)
[SKIP]  /home/gadolinite/CASHIM_HL/subsecond/raytracedicom_pybind_stage/subSecond/src/bindings/raytracedicom_pybind.cpp:760  行宽 141 > 120，需人工换行处理  (规范条款 4.2)
[SKIP]  /home/gadolinite/CASHIM_HL/subsecond/raytracedicom_pybind_stage/subSecond/src/bindings/raytracedicom_pybind.cpp:761  行宽 141 > 120，需人工换行处理  (规范条款 4.2)
[SKIP]  /home/gadolinite/CASHIM_HL/subsecond/raytracedicom_pybind_stage/subSecond/src/bindings/raytracedicom_pybind.cpp:774  行宽 123 > 120，需人工换行处理  (规范条款 4.2)
[SKIP]  /home/gadolinite/CASHIM_HL/subsecond/raytracedicom_pybind_stage/subSecond/src/bindings/raytracedicom_pybind.cpp:784  行宽 142 > 120，需人工换行处理  (规范条款 4.2)
[SKIP]  /home/gadolinite/CASHIM_HL/subsecond/raytracedicom_pybind_stage/subSecond/src/bindings/raytracedicom_pybind.cpp:785  行宽 141 > 120，需人工换行处理  (规范条款 4.2)
[WARN]  /home/gadolinite/CASHIM_HL/subsecond/raytracedicom_pybind_stage/subSecond/src/bindings/raytracedicom_pybind.cpp:787  疑似魔鬼数字，建议定义为具名常量 → 原行: print_sample_window(row_data, 0, std::min(8, energy.nEnergySamples));  (规范条款 4.8.1)
[WARN]  /home/gadolinite/CASHIM_HL/subsecond/raytracedicom_pybind_stage/subSecond/src/bindings/raytracedicom_pybind.cpp:789  疑似魔鬼数字，建议定义为具名常量 → 原行: print_sample_window(row_data, std::max(0, peak_idx - 4), std::min(8, energy.nEnergySamples));  (规范条款 4.8.1)
[WARN]  /home/gadolinite/CASHIM_HL/subsecond/raytracedicom_pybind_stage/subSecond/src/bindings/raytracedicom_pybind.cpp:791  疑似魔鬼数字，建议定义为具名常量 → 原行: print_sample_window(row_data, std::max(0, energy.nEnergySamples - 8), std::min(8, energy.nEnergySamples));  (规范条款 4.8.1)
[WARN]  /home/gadolinite/CASHIM_HL/subsecond/raytracedicom_pybind_stage/subSecond/src/bindings/raytracedicom_pybind.cpp:798  疑似魔鬼数字，建议定义为具名常量 → 原行: if (beam.profileSetting.size() < 3 || beam.profileData.empty()) return;  (规范条款 4.8.1)
[WARN]  /home/gadolinite/CASHIM_HL/subsecond/raytracedicom_pybind_stage/subSecond/src/bindings/raytracedicom_pybind.cpp:803  疑似魔鬼数字，建议定义为具名常量 → 原行: } else if (!beam.beamParaData.empty() && (beam.beamParaData.size() % 3) == 0) {  (规范条款 4.8.1)
[WARN]  /home/gadolinite/CASHIM_HL/subsecond/raytracedicom_pybind_stage/subSecond/src/bindings/raytracedicom_pybind.cpp:804  疑似魔鬼数字，建议定义为具名常量 → 原行: rows = static_cast<int>(beam.beamParaData.size() / 3);  (规范条款 4.8.1)
[SKIP]  /home/gadolinite/CASHIM_HL/subsecond/raytracedicom_pybind_stage/subSecond/src/bindings/raytracedicom_pybind.cpp:823  行宽 149 > 120，需人工换行处理  (规范条款 4.2)
[SKIP]  /home/gadolinite/CASHIM_HL/subsecond/raytracedicom_pybind_stage/subSecond/src/bindings/raytracedicom_pybind.cpp:830  行宽 147 > 120，需人工换行处理  (规范条款 4.2)
[WARN]  /home/gadolinite/CASHIM_HL/subsecond/raytracedicom_pybind_stage/subSecond/src/bindings/raytracedicom_pybind.cpp:830  疑似魔鬼数字，建议定义为具名常量 → 原行: << (row * 3 + 0 < static_cast<int>(beam.beamParaData.size()) ? beam.beamParaData[static_cast<size_t>(row * 3 + 0)] : 0.0f) << ","  (规范条款 4.8.1)
[SKIP]  /home/gadolinite/CASHIM_HL/subsecond/raytracedicom_pybind_stage/subSecond/src/bindings/raytracedicom_pybind.cpp:831  行宽 147 > 120，需人工换行处理  (规范条款 4.2)
[WARN]  /home/gadolinite/CASHIM_HL/subsecond/raytracedicom_pybind_stage/subSecond/src/bindings/raytracedicom_pybind.cpp:831  疑似魔鬼数字，建议定义为具名常量 → 原行: << (row * 3 + 1 < static_cast<int>(beam.beamParaData.size()) ? beam.beamParaData[static_cast<size_t>(row * 3 + 1)] : 0.0f) << ","  (规范条款 4.8.1)
[SKIP]  /home/gadolinite/CASHIM_HL/subsecond/raytracedicom_pybind_stage/subSecond/src/bindings/raytracedicom_pybind.cpp:832  行宽 147 > 120，需人工换行处理  (规范条款 4.2)
[WARN]  /home/gadolinite/CASHIM_HL/subsecond/raytracedicom_pybind_stage/subSecond/src/bindings/raytracedicom_pybind.cpp:832  疑似魔鬼数字，建议定义为具名常量 → 原行: << (row * 3 + 2 < static_cast<int>(beam.beamParaData.size()) ? beam.beamParaData[static_cast<size_t>(row * 3 + 2)] : 0.0f) << ")"  (规范条款 4.8.1)
[SKIP]  /home/gadolinite/CASHIM_HL/subsecond/raytracedicom_pybind_stage/subSecond/src/bindings/raytracedicom_pybind.cpp:835  行宽 151 > 120，需人工换行处理  (规范条款 4.2)
[WARN]  /home/gadolinite/CASHIM_HL/subsecond/raytracedicom_pybind_stage/subSecond/src/bindings/raytracedicom_pybind.cpp:837  疑似魔鬼数字，建议定义为具名常量 → 原行: print_sample_window(beam.profileData, static_cast<int>(base), std::min(5, n_gauss));  (规范条款 4.8.1)
[WARN]  /home/gadolinite/CASHIM_HL/subsecond/raytracedicom_pybind_stage/subSecond/src/bindings/raytracedicom_pybind.cpp:839  疑似魔鬼数字，建议定义为具名常量 → 原行: print_sample_window(beam.profileData, static_cast<int>(base) + n_gauss, std::min(5, n_gauss));  (规范条款 4.8.1)
[SKIP]  /home/gadolinite/CASHIM_HL/subsecond/raytracedicom_pybind_stage/subSecond/src/bindings/raytracedicom_pybind.cpp:917  行宽 122 > 120，需人工换行处理  (规范条款 4.2)
[WARN]  /home/gadolinite/CASHIM_HL/subsecond/raytracedicom_pybind_stage/subSecond/src/bindings/raytracedicom_pybind.cpp:924  疑似魔鬼数字，建议定义为具名常量 → 原行: if (iddSetting.size() < 3) {  (规范条款 4.8.1)
[WARN]  /home/gadolinite/CASHIM_HL/subsecond/raytracedicom_pybind_stage/subSecond/src/bindings/raytracedicom_pybind.cpp:972  疑似魔鬼数字，建议定义为具名常量 → 原行: if (!compactedDepthAxis && stepRaw > 0.0f && stepRaw < 1.0f && observedDepthSpanRaw < 20.0f) {  (规范条款 4.8.1)
[SKIP]  /home/gadolinite/CASHIM_HL/subsecond/raytracedicom_pybind_stage/subSecond/src/bindings/raytracedicom_pybind.cpp:974  行宽 126 > 120，需人工换行处理  (规范条款 4.2)
[WARN]  /home/gadolinite/CASHIM_HL/subsecond/raytracedicom_pybind_stage/subSecond/src/bindings/raytracedicom_pybind.cpp:974  疑似魔鬼数字，建议定义为具名常量 → 原行: } else if (!compactedDepthAxis && maxEnergy >= 250.0f && observedDepthSpanRaw > 20.0f && observedDepthSpanRaw <= 100.0f) {  (规范条款 4.8.1)
[SKIP]  /home/gadolinite/CASHIM_HL/subsecond/raytracedicom_pybind_stage/subSecond/src/bindings/raytracedicom_pybind.cpp:990  行宽 124 > 120，需人工换行处理  (规范条款 4.2)
[SKIP]  /home/gadolinite/CASHIM_HL/subsecond/raytracedicom_pybind_stage/subSecond/src/bindings/raytracedicom_pybind.cpp:992  行宽 127 > 120，需人工换行处理  (规范条款 4.2)
[SKIP]  /home/gadolinite/CASHIM_HL/subsecond/raytracedicom_pybind_stage/subSecond/src/bindings/raytracedicom_pybind.cpp:1004  行宽 131 > 120，需人工换行处理  (规范条款 4.2)
[WARN]  /home/gadolinite/CASHIM_HL/subsecond/raytracedicom_pybind_stage/subSecond/src/bindings/raytracedicom_pybind.cpp:1034  疑似魔鬼数字，建议定义为具名常量 → 原行: if (base + 4 >= subspot_flat.size()) {  (规范条款 4.8.1)
[WARN]  /home/gadolinite/CASHIM_HL/subsecond/raytracedicom_pybind_stage/subSecond/src/bindings/raytracedicom_pybind.cpp:1038  疑似魔鬼数字，建议定义为具名常量 → 原行: subspot_flat[base + 3],  (规范条款 4.8.1)
[WARN]  /home/gadolinite/CASHIM_HL/subsecond/raytracedicom_pybind_stage/subSecond/src/bindings/raytracedicom_pybind.cpp:1039  疑似魔鬼数字，建议定义为具名常量 → 原行: subspot_flat[base + 4]  (规范条款 4.8.1)
[SKIP]  /home/gadolinite/CASHIM_HL/subsecond/raytracedicom_pybind_stage/subSecond/src/bindings/raytracedicom_pybind.cpp:1128  行宽 145 > 120，需人工换行处理  (规范条款 4.2)
[SKIP]  /home/gadolinite/CASHIM_HL/subsecond/raytracedicom_pybind_stage/subSecond/src/bindings/raytracedicom_pybind.cpp:1129  行宽 145 > 120，需人工换行处理  (规范条款 4.2)
[SKIP]  /home/gadolinite/CASHIM_HL/subsecond/raytracedicom_pybind_stage/subSecond/src/bindings/raytracedicom_pybind.cpp:1130  行宽 125 > 120，需人工换行处理  (规范条款 4.2)
[SKIP]  /home/gadolinite/CASHIM_HL/subsecond/raytracedicom_pybind_stage/subSecond/src/bindings/raytracedicom_pybind.cpp:1145  行宽 144 > 120，需人工换行处理  (规范条款 4.2)
[SKIP]  /home/gadolinite/CASHIM_HL/subsecond/raytracedicom_pybind_stage/subSecond/src/bindings/raytracedicom_pybind.cpp:1146  行宽 124 > 120，需人工换行处理  (规范条款 4.2)
[SKIP]  /home/gadolinite/CASHIM_HL/subsecond/raytracedicom_pybind_stage/subSecond/src/bindings/raytracedicom_pybind.cpp:1147  行宽 128 > 120，需人工换行处理  (规范条款 4.2)
[WARN]  /home/gadolinite/CASHIM_HL/subsecond/raytracedicom_pybind_stage/subSecond/src/bindings/raytracedicom_pybind.cpp:1226  疑似魔鬼数字，建议定义为具名常量 → 原行: std::array<int, 3> dims = {0, 0, 0};  (规范条款 4.8.1)
[WARN]  /home/gadolinite/CASHIM_HL/subsecond/raytracedicom_pybind_stage/subSecond/src/bindings/raytracedicom_pybind.cpp:1238  疑似魔鬼数字，建议定义为具名常量 → 原行: std::array<int, 3> dims = {0, 0, 0};  (规范条款 4.8.1)
[WARN]  /home/gadolinite/CASHIM_HL/subsecond/raytracedicom_pybind_stage/subSecond/src/bindings/raytracedicom_pybind.cpp:1242  疑似魔鬼数字，建议定义为具名常量 → 原行: static std::vector<int> to_roi_linear_indices(const py::handle& obj, const std::array<int, 3>& dims) {  (规范条款 4.8.1)
[WARN]  /home/gadolinite/CASHIM_HL/subsecond/raytracedicom_pybind_stage/subSecond/src/bindings/raytracedicom_pybind.cpp:1267  疑似魔鬼数字，建议定义为具名常量 → 原行: if ((flat_info.size % 3) == 0) {  (规范条款 4.8.1)
[WARN]  /home/gadolinite/CASHIM_HL/subsecond/raytracedicom_pybind_stage/subSecond/src/bindings/raytracedicom_pybind.cpp:1279  疑似魔鬼数字，建议定义为具名常量 → 原行: return xyz_triplets_to_linear(ptr, static_cast<size_t>(flat_info.size / 3));  (规范条款 4.8.1)
[WARN]  /home/gadolinite/CASHIM_HL/subsecond/raytracedicom_pybind_stage/subSecond/src/bindings/raytracedicom_pybind.cpp:1299  疑似魔鬼数字，建议定义为具名常量 → 原行: throw std::runtime_error("roi_index must be 1D xyz triplets or 2D (N,3)/(3,N)");  (规范条款 4.8.1)
[WARN]  /home/gadolinite/CASHIM_HL/subsecond/raytracedicom_pybind_stage/subSecond/src/bindings/raytracedicom_pybind.cpp:1302  疑似魔鬼数字，建议定义为具名常量 → 原行: if (roi_info.shape[1] == 3) {  (规范条款 4.8.1)
[WARN]  /home/gadolinite/CASHIM_HL/subsecond/raytracedicom_pybind_stage/subSecond/src/bindings/raytracedicom_pybind.cpp:1306  疑似魔鬼数字，建议定义为具名常量 → 原行: if (roi_info.shape[0] == 3) {  (规范条款 4.8.1)
[WARN]  /home/gadolinite/CASHIM_HL/subsecond/raytracedicom_pybind_stage/subSecond/src/bindings/raytracedicom_pybind.cpp:1318  疑似魔鬼数字，建议定义为具名常量 → 原行: throw std::runtime_error("roi_index must have shape (N,3) or (3,N)");  (规范条款 4.8.1)
[WARN]  /home/gadolinite/CASHIM_HL/subsecond/raytracedicom_pybind_stage/subSecond/src/bindings/raytracedicom_pybind.cpp:1356  疑似魔鬼数字，建议定义为具名常量 → 原行: static DoseOutputBinding bind_output_dose_array(py::array out_final_dose, const std::array<int, 3>& dims) {  (规范条款 4.8.1)
[WARN]  /home/gadolinite/CASHIM_HL/subsecond/raytracedicom_pybind_stage/subSecond/src/bindings/raytracedicom_pybind.cpp:1377  疑似魔鬼数字，建议定义为具名常量 → 原行: if (info.ndim == 3 && is_c_contiguous(info)) {  (规范条款 4.8.1)
[SKIP]  /home/gadolinite/CASHIM_HL/subsecond/raytracedicom_pybind_stage/subSecond/src/bindings/raytracedicom_pybind.cpp:1409  行宽 124 > 120，需人工换行处理  (规范条款 4.2)
[SKIP]  /home/gadolinite/CASHIM_HL/subsecond/raytracedicom_pybind_stage/subSecond/src/bindings/raytracedicom_pybind.cpp:1410  行宽 124 > 120，需人工换行处理  (规范条款 4.2)
[WARN]  /home/gadolinite/CASHIM_HL/subsecond/raytracedicom_pybind_stage/subSecond/src/bindings/raytracedicom_pybind.cpp:1433  含自增/自减的复合表达式，需人工将自增/自减单独放一行 → 原行: ++s.nanCount;  (规范条款 4.8.2)
[WARN]  /home/gadolinite/CASHIM_HL/subsecond/raytracedicom_pybind_stage/subSecond/src/bindings/raytracedicom_pybind.cpp:1437  含自增/自减的复合表达式，需人工将自增/自减单独放一行 → 原行: ++s.infCount;  (规范条款 4.8.2)
[WARN]  /home/gadolinite/CASHIM_HL/subsecond/raytracedicom_pybind_stage/subSecond/src/bindings/raytracedicom_pybind.cpp:1443  含自增/自减的复合表达式，需人工将自增/自减单独放一行 → 原行: ++s.nonZero;  (规范条款 4.8.2)
[SKIP]  /home/gadolinite/CASHIM_HL/subsecond/raytracedicom_pybind_stage/subSecond/src/bindings/raytracedicom_pybind.cpp:1465  行宽 133 > 120，需人工换行处理  (规范条款 4.2)
[WARN]  /home/gadolinite/CASHIM_HL/subsecond/raytracedicom_pybind_stage/subSecond/src/bindings/raytracedicom_pybind.cpp:1553  疑似魔鬼数字，建议定义为具名常量 → 原行: if (dims_vec.size() != 3) {  (规范条款 4.8.1)
[WARN]  /home/gadolinite/CASHIM_HL/subsecond/raytracedicom_pybind_stage/subSecond/src/bindings/raytracedicom_pybind.cpp:1554  疑似魔鬼数字，建议定义为具名常量 → 原行: throw std::runtime_error("dims must contain exactly 3 integers; got length " + std::to_string(dims_vec.size()));  (规范条款 4.8.1)
[SKIP]  /home/gadolinite/CASHIM_HL/subsecond/raytracedicom_pybind_stage/subSecond/src/bindings/raytracedicom_pybind.cpp:1558  行宽 130 > 120，需人工换行处理  (规范条款 4.2)
[WARN]  /home/gadolinite/CASHIM_HL/subsecond/raytracedicom_pybind_stage/subSecond/src/bindings/raytracedicom_pybind.cpp:1567  疑似魔鬼数字，建议定义为具名常量 → 原行: if (ctx.corner.size() != 3 || ctx.resolution.size() != 3) {  (规范条款 4.8.1)
[WARN]  /home/gadolinite/CASHIM_HL/subsecond/raytracedicom_pybind_stage/subSecond/src/bindings/raytracedicom_pybind.cpp:1569  疑似魔鬼数字，建议定义为具名常量 → 原行: "corner and resolution must contain exactly 3 floats; got corner length " +  (规范条款 4.8.1)
[SKIP]  /home/gadolinite/CASHIM_HL/subsecond/raytracedicom_pybind_stage/subSecond/src/bindings/raytracedicom_pybind.cpp:1574  行宽 138 > 120，需人工换行处理  (规范条款 4.2)
[SKIP]  /home/gadolinite/CASHIM_HL/subsecond/raytracedicom_pybind_stage/subSecond/src/bindings/raytracedicom_pybind.cpp:1575  行宽 154 > 120，需人工换行处理  (规范条款 4.2)
[WARN]  /home/gadolinite/CASHIM_HL/subsecond/raytracedicom_pybind_stage/subSecond/src/bindings/raytracedicom_pybind.cpp:1588  疑似魔鬼数字，建议定义为具名常量 → 原行: if (ctx.beamSettings.waterEquivalence.size() < 9) {  (规范条款 4.8.1)
[WARN]  /home/gadolinite/CASHIM_HL/subsecond/raytracedicom_pybind_stage/subSecond/src/bindings/raytracedicom_pybind.cpp:1590  疑似魔鬼数字，建议定义为具名常量 → 原行: "rayweq must include the 9-value CarbonPBS header; got flattened length " +  (规范条款 4.8.1)
[WARN]  /home/gadolinite/CASHIM_HL/subsecond/raytracedicom_pybind_stage/subSecond/src/bindings/raytracedicom_pybind.cpp:1596  疑似魔鬼数字，建议定义为具名常量 → 原行: ctx.beamSettings.waterEquivalence.begin() + 9  (规范条款 4.8.1)
[WARN]  /home/gadolinite/CASHIM_HL/subsecond/raytracedicom_pybind_stage/subSecond/src/bindings/raytracedicom_pybind.cpp:1606  疑似魔鬼数字，建议定义为具名常量 → 原行: ctx.beamSettings.raySpacing = make_float2(ctx.beamSettings.rayWeqHeader[7], ctx.beamSettings.rayWeqHeader[4]);  (规范条款 4.8.1)
[WARN]  /home/gadolinite/CASHIM_HL/subsecond/raytracedicom_pybind_stage/subSecond/src/bindings/raytracedicom_pybind.cpp:1608  疑似注释掉的代码，规范要求直接删除 → 原行: // raySpacing here — that would produce spotDist=1 and disable nuclear σ compression.  (规范条款 4.3)
[WARN]  /home/gadolinite/CASHIM_HL/subsecond/raytracedicom_pybind_stage/subSecond/src/bindings/raytracedicom_pybind.cpp:1609  疑似注释掉的代码，规范要求直接删除 → 原行: // Leave as (0,0,0); the wrapper infers spotDelta via buildPhysicalPBLatticeView().  (规范条款 4.3)
[SKIP]  /home/gadolinite/CASHIM_HL/subsecond/raytracedicom_pybind_stage/subSecond/src/bindings/raytracedicom_pybind.cpp:1621  行宽 124 > 120，需人工换行处理  (规范条款 4.2)
[SKIP]  /home/gadolinite/CASHIM_HL/subsecond/raytracedicom_pybind_stage/subSecond/src/bindings/raytracedicom_pybind.cpp:1653  行宽 122 > 120，需人工换行处理  (规范条款 4.2)
[WARN]  /home/gadolinite/CASHIM_HL/subsecond/raytracedicom_pybind_stage/subSecond/src/bindings/raytracedicom_pybind.cpp:1708  疑似魔鬼数字，建议定义为具名常量 → 原行: if (profile_info.ndim >= 3) profile_channels = static_cast<int>(profile_info.shape[2]);  (规范条款 4.8.1)
[WARN]  /home/gadolinite/CASHIM_HL/subsecond/raytracedicom_pybind_stage/subSecond/src/bindings/raytracedicom_pybind.cpp:1743  疑似魔鬼数字，建议定义为具名常量 → 原行: if (subspot_info.ndim != 3 || subspot_info.shape[2] != 5) {  (规范条款 4.8.1)
[WARN]  /home/gadolinite/CASHIM_HL/subsecond/raytracedicom_pybind_stage/subSecond/src/bindings/raytracedicom_pybind.cpp:1745  疑似魔鬼数字，建议定义为具名常量 → 原行: "subspotdata must have shape (num_layers, max_subspots_per_layer, 5); got shape " +  (规范条款 4.8.1)
[SKIP]  /home/gadolinite/CASHIM_HL/subsecond/raytracedicom_pybind_stage/subSecond/src/bindings/raytracedicom_pybind.cpp:1751  行宽 122 > 120，需人工换行处理  (规范条款 4.2)
[SKIP]  /home/gadolinite/CASHIM_HL/subsecond/raytracedicom_pybind_stage/subSecond/src/bindings/raytracedicom_pybind.cpp:1772  行宽 126 > 120，需人工换行处理  (规范条款 4.2)
[SKIP]  /home/gadolinite/CASHIM_HL/subsecond/raytracedicom_pybind_stage/subSecond/src/bindings/raytracedicom_pybind.cpp:1885  行宽 129 > 120，需人工换行处理  (规范条款 4.2)
[SKIP]  /home/gadolinite/CASHIM_HL/subsecond/raytracedicom_pybind_stage/subSecond/src/bindings/raytracedicom_pybind.cpp:1913  行宽 165 > 120，需人工换行处理  (规范条款 4.2)
[SKIP]  /home/gadolinite/CASHIM_HL/subsecond/raytracedicom_pybind_stage/subSecond/src/bindings/raytracedicom_pybind.cpp:1915  行宽 145 > 120，需人工换行处理  (规范条款 4.2)
[WARN]  /home/gadolinite/CASHIM_HL/subsecond/raytracedicom_pybind_stage/subSecond/src/bindings/raytracedicom_pybind.cpp:2095  疑似魔鬼数字，建议定义为具名常量 → 原行: static py::array_t<float> make_dummy_ct_from_dims(const std::array<int, 3>& dims) {  (规范条款 4.8.1)
[WARN]  /home/gadolinite/CASHIM_HL/subsecond/raytracedicom_pybind_stage/subSecond/src/bindings/raytracedicom_pybind.cpp:2104  疑似魔鬼数字，建议定义为具名常量 → 原行: static py::array_t<float> make_ct_from_roi_mask(const std::array<int, 3>& dims,  (规范条款 4.8.1)
[WARN]  /home/gadolinite/CASHIM_HL/subsecond/raytracedicom_pybind_stage/subSecond/src/bindings/raytracedicom_pybind.cpp:2140  疑似魔鬼数字，建议定义为具名常量 → 原行: std::array<int, 3> ct_dims,  (规范条款 4.8.1)
[WARN]  /home/gadolinite/CASHIM_HL/subsecond/raytracedicom_pybind_stage/subSecond/src/bindings/raytracedicom_pybind.cpp:2141  疑似魔鬼数字，建议定义为具名常量 → 原行: std::array<float, 3> ct_resolution,  (规范条款 4.8.1)
[WARN]  /home/gadolinite/CASHIM_HL/subsecond/raytracedicom_pybind_stage/subSecond/src/bindings/raytracedicom_pybind.cpp:2142  疑似魔鬼数字，建议定义为具名常量 → 原行: std::array<float, 3> ct_corner,  (规范条款 4.8.1)
[WARN]  /home/gadolinite/CASHIM_HL/subsecond/raytracedicom_pybind_stage/subSecond/src/bindings/raytracedicom_pybind.cpp:2143  疑似魔鬼数字，建议定义为具名常量 → 原行: std::array<int, 3> dose_dims,  (规范条款 4.8.1)
[WARN]  /home/gadolinite/CASHIM_HL/subsecond/raytracedicom_pybind_stage/subSecond/src/bindings/raytracedicom_pybind.cpp:2144  疑似魔鬼数字，建议定义为具名常量 → 原行: std::array<float, 3> dose_resolution,  (规范条款 4.8.1)
[WARN]  /home/gadolinite/CASHIM_HL/subsecond/raytracedicom_pybind_stage/subSecond/src/bindings/raytracedicom_pybind.cpp:2145  疑似魔鬼数字，建议定义为具名常量 → 原行: std::array<float, 3> dose_corner,  (规范条款 4.8.1)
[WARN]  /home/gadolinite/CASHIM_HL/subsecond/raytracedicom_pybind_stage/subSecond/src/bindings/raytracedicom_pybind.cpp:2174  疑似注释掉的代码，规范要求直接删除 → 原行: // Allocate output dose array with shape (Z,Y,X) for natural linear indexing.  (规范条款 4.3)
[WARN]  /home/gadolinite/CASHIM_HL/subsecond/raytracedicom_pybind_stage/subSecond/src/bindings/raytracedicom_pybind.cpp:2252  疑似魔鬼数字，建议定义为具名常量 → 原行: if (beamSettings.waterEquivalence.size() >= 9) {  (规范条款 4.8.1)
[WARN]  /home/gadolinite/CASHIM_HL/subsecond/raytracedicom_pybind_stage/subSecond/src/bindings/raytracedicom_pybind.cpp:2255  疑似魔鬼数字，建议定义为具名常量 → 原行: beamSettings.waterEquivalence.begin() + 9  (规范条款 4.8.1)
[WARN]  /home/gadolinite/CASHIM_HL/subsecond/raytracedicom_pybind_stage/subSecond/src/bindings/raytracedicom_pybind.cpp:2262  疑似魔鬼数字，建议定义为具名常量 → 原行: if (beamSettings.waterEquivalence.size() < 9 && beamSettings.rayWeqHeader.size() >= 9) {  (规范条款 4.8.1)
[WARN]  /home/gadolinite/CASHIM_HL/subsecond/raytracedicom_pybind_stage/subSecond/src/bindings/raytracedicom_pybind.cpp:2290  疑似魔鬼数字，建议定义为具名常量 → 原行: if (ss_info.ndim != 3 || ss_info.shape[2] != 5) {  (规范条款 4.8.1)
[WARN]  /home/gadolinite/CASHIM_HL/subsecond/raytracedicom_pybind_stage/subSecond/src/bindings/raytracedicom_pybind.cpp:2292  疑似魔鬼数字，建议定义为具名常量 → 原行: "subspot_data must have shape (num_layers, max_subspots_per_layer, 5); got shape " +  (规范条款 4.8.1)
[SKIP]  /home/gadolinite/CASHIM_HL/subsecond/raytracedicom_pybind_stage/subSecond/src/bindings/raytracedicom_pybind.cpp:2424  行宽 122 > 120，需人工换行处理  (规范条款 4.2)
[WARN]  /home/gadolinite/CASHIM_HL/subsecond/raytracedicom_pybind_stage/subSecond/src/bindings/raytracedicom_pybind.cpp:2426  疑似魔鬼数字，建议定义为具名常量 → 原行: if (dims_vec.size() != 3) {  (规范条款 4.8.1)
[WARN]  /home/gadolinite/CASHIM_HL/subsecond/raytracedicom_pybind_stage/subSecond/src/bindings/raytracedicom_pybind.cpp:2427  疑似魔鬼数字，建议定义为具名常量 → 原行: throw std::runtime_error("dims must contain exactly 3 integers");  (规范条款 4.8.1)
[WARN]  /home/gadolinite/CASHIM_HL/subsecond/raytracedicom_pybind_stage/subSecond/src/bindings/raytracedicom_pybind.cpp:2520  疑似魔鬼数字，建议定义为具名常量 → 原行: if (dims_vec.size() != 3) {  (规范条款 4.8.1)
[WARN]  /home/gadolinite/CASHIM_HL/subsecond/raytracedicom_pybind_stage/subSecond/src/bindings/raytracedicom_pybind.cpp:2521  疑似魔鬼数字，建议定义为具名常量 → 原行: throw std::runtime_error("dims must contain exactly 3 integers");  (规范条款 4.8.1)
[WARN]  /home/gadolinite/CASHIM_HL/subsecond/raytracedicom_pybind_stage/subSecond/src/bindings/raytracedicom_pybind.cpp:2608  疑似 C 风格类型转换，建议改为 C++ 风格 → 原行: m.doc() = "RayTraceDicom (CUDA) dose calculation wrapper (pybind11)";  (规范条款 4.8.3)
[WARN]  /home/gadolinite/CASHIM_HL/subsecond/raytracedicom_pybind_stage/subSecond/src/bindings/raytracedicom_pybind.cpp:2881  含自增/自减的复合表达式，需人工将自增/自减单独放一行 → 原行: This helper lets you verify that Python-to-C++ input conversion succeeds and  (规范条款 4.8.2)
[WARN]  /home/gadolinite/CASHIM_HL/subsecond/raytracedicom_pybind_stage/subSecond/src/core/bev_ray_tracing.cu:132  疑似注释掉的代码，规范要求直接删除 → 原行: // Density and stopping power are *always* taken from the current HU sample (not cumulative HU)  (规范条款 4.3)
[WARN]  /home/gadolinite/CASHIM_HL/subsecond/raytracedicom_pybind_stage/subSecond/src/core/bev_ray_tracing.cu:156  疑似注释掉的代码，规范要求直接删除 → 原行: // Step indices (0-based) in the RayTraceDicom convention.  (规范条款 4.3)
[INFO]  /home/gadolinite/CASHIM_HL/subsecond/raytracedicom_pybind_stage/subSecond/src/core/bev_ray_tracing.cu:165  行尾空白字符已删除  (规范条款 4.2)
[INFO]  /home/gadolinite/CASHIM_HL/subsecond/raytracedicom_pybind_stage/subSecond/src/core/bev_ray_tracing.cu:178  行尾空白字符已删除  (规范条款 4.2)
[INFO]  /home/gadolinite/CASHIM_HL/subsecond/raytracedicom_pybind_stage/subSecond/src/core/bev_ray_tracing.cu:182  行尾空白字符已删除  (规范条款 4.2)
[INFO]  /home/gadolinite/CASHIM_HL/subsecond/raytracedicom_pybind_stage/subSecond/src/core/bev_ray_tracing.cu:215  行尾空白字符已删除  (规范条款 4.2)
[INFO]  /home/gadolinite/CASHIM_HL/subsecond/raytracedicom_pybind_stage/subSecond/src/core/bev_ray_tracing.cu:220  行尾空白字符已删除  (规范条款 4.2)
[INFO]  /home/gadolinite/CASHIM_HL/subsecond/raytracedicom_pybind_stage/subSecond/src/core/bev_ray_tracing.cu:242  行尾空白字符已删除  (规范条款 4.2)
[INFO]  /home/gadolinite/CASHIM_HL/subsecond/raytracedicom_pybind_stage/subSecond/src/core/bev_ray_tracing.cu:251  行尾空白字符已删除  (规范条款 4.2)
[INFO]  /home/gadolinite/CASHIM_HL/subsecond/raytracedicom_pybind_stage/subSecond/src/core/bev_ray_tracing.cu:271  行尾空白字符已删除  (规范条款 4.2)
[INFO]  /home/gadolinite/CASHIM_HL/subsecond/raytracedicom_pybind_stage/subSecond/src/core/bev_ray_tracing.cu:276  行尾空白字符已删除  (规范条款 4.2)
[INFO]  /home/gadolinite/CASHIM_HL/subsecond/raytracedicom_pybind_stage/subSecond/src/core/bev_ray_tracing.cu:287  行尾空白字符已删除  (规范条款 4.2)
[INFO]  /home/gadolinite/CASHIM_HL/subsecond/raytracedicom_pybind_stage/subSecond/src/core/bev_ray_tracing.cu:296  行尾空白字符已删除  (规范条款 4.2)
[WARN]  /home/gadolinite/CASHIM_HL/subsecond/raytracedicom_pybind_stage/subSecond/src/core/raytracedicom_wrapper.cu:32  疑似注释掉的代码，规范要求直接删除 → 原行: // RayTraceDicom CT image use(HU + 1000)  (规范条款 4.3)
[SKIP]  /home/gadolinite/CASHIM_HL/subsecond/raytracedicom_pybind_stage/subSecond/src/core/raytracedicom_wrapper.cu:236  行宽 125 > 120，需人工换行处理  (规范条款 4.2)
[WARN]  /home/gadolinite/CASHIM_HL/subsecond/raytracedicom_pybind_stage/subSecond/src/core/raytracedicom_wrapper.cu:370  疑似魔鬼数字，建议定义为具名常量 → 原行: if (peakMax <= 45.0f && maxEnergy >= 120.0f) {  (规范条款 4.8.1)
[WARN]  /home/gadolinite/CASHIM_HL/subsecond/raytracedicom_pybind_stage/subSecond/src/core/raytracedicom_wrapper.cu:560  疑似魔鬼数字，建议定义为具名常量 → 原行: approxSigmas.reserve(rayIdd.size() / 8);  (规范条款 4.8.1)
[WARN]  /home/gadolinite/CASHIM_HL/subsecond/raytracedicom_pybind_stage/subSecond/src/core/raytracedicom_wrapper.cu:573  含自增/自减的复合表达式，需人工将自增/自减单独放一行 → 原行: out.positiveIddCount++;  (规范条款 4.8.2)
[WARN]  /home/gadolinite/CASHIM_HL/subsecond/raytracedicom_pybind_stage/subSecond/src/core/raytracedicom_wrapper.cu:577  含自增/自减的复合表达式，需人工将自增/自减单独放一行 → 原行: out.finiteSigmaCount++;  (规范条款 4.8.2)
[WARN]  /home/gadolinite/CASHIM_HL/subsecond/raytracedicom_pybind_stage/subSecond/src/core/raytracedicom_wrapper.cu:583  含自增/自减的复合表达式，需人工将自增/自减单独放一行 → 原行: out.overflowLikeCount++;  (规范条款 4.8.2)
[WARN]  /home/gadolinite/CASHIM_HL/subsecond/raytracedicom_pybind_stage/subSecond/src/core/raytracedicom_wrapper.cu:615  含自增/自减的复合表达式，需人工将自增/自减单独放一行 → 原行: s.countNaN++;  (规范条款 4.8.2)
[WARN]  /home/gadolinite/CASHIM_HL/subsecond/raytracedicom_pybind_stage/subSecond/src/core/raytracedicom_wrapper.cu:619  含自增/自减的复合表达式，需人工将自增/自减单独放一行 → 原行: s.countInf++;  (规范条款 4.8.2)
[WARN]  /home/gadolinite/CASHIM_HL/subsecond/raytracedicom_pybind_stage/subSecond/src/core/raytracedicom_wrapper.cu:622  含自增/自减的复合表达式，需人工将自增/自减单独放一行 → 原行: s.countFinite++;  (规范条款 4.8.2)
[WARN]  /home/gadolinite/CASHIM_HL/subsecond/raytracedicom_pybind_stage/subSecond/src/core/raytracedicom_wrapper.cu:627  含自增/自减的复合表达式，需人工将自增/自减单独放一行 → 原行: s.countPositive++;  (规范条款 4.8.2)
[WARN]  /home/gadolinite/CASHIM_HL/subsecond/raytracedicom_pybind_stage/subSecond/src/core/raytracedicom_wrapper.cu:630  含自增/自减的复合表达式，需人工将自增/自减单独放一行 → 原行: if (x > gtThr) s.countGT++;  (规范条款 4.8.2)
[WARN]  /home/gadolinite/CASHIM_HL/subsecond/raytracedicom_pybind_stage/subSecond/src/core/raytracedicom_wrapper.cu:743  含自增/自减的复合表达式，需人工将自增/自减单独放一行 → 原行: if (!sigmaFinite) ++nonFiniteSigmaOnActive;  (规范条款 4.8.2)
[WARN]  /home/gadolinite/CASHIM_HL/subsecond/raytracedicom_pybind_stage/subSecond/src/core/raytracedicom_wrapper.cu:744  含自增/自减的复合表达式，需人工将自增/自减单独放一行 → 原行: if (sigmaFinite && !sigmaPositive) ++nonPositiveSigmaOnActive;  (规范条款 4.8.2)
[WARN]  /home/gadolinite/CASHIM_HL/subsecond/raytracedicom_pybind_stage/subSecond/src/core/raytracedicom_wrapper.cu:869  疑似注释掉的代码，规范要求直接删除 → 原行: // Print up to first 6 slices and the max-sum slice (helps detect 'only z=0')  (规范条款 4.3)
[SKIP]  /home/gadolinite/CASHIM_HL/subsecond/raytracedicom_pybind_stage/subSecond/src/core/raytracedicom_wrapper.cu:1004  同一行多个变量初始化，建议每行只有一个 → 原行: int minX = nx, minY = ny, minZ = nz;  (规范条款 4.2)
[SKIP]  /home/gadolinite/CASHIM_HL/subsecond/raytracedicom_pybind_stage/subSecond/src/core/raytracedicom_wrapper.cu:1005  同一行多个变量初始化，建议每行只有一个 → 原行: int maxX = -1, maxY = -1, maxZ = -1;  (规范条款 4.2)
[WARN]  /home/gadolinite/CASHIM_HL/subsecond/raytracedicom_pybind_stage/subSecond/src/core/raytracedicom_wrapper.cu:1022  含自增/自减的复合表达式，需人工将自增/自减单独放一行 → 原行: ++cntY[static_cast<size_t>(y)];  (规范条款 4.8.2)
[WARN]  /home/gadolinite/CASHIM_HL/subsecond/raytracedicom_pybind_stage/subSecond/src/core/raytracedicom_wrapper.cu:1136  含自增/自减的复合表达式，需人工将自增/自减单独放一行 → 原行: out.nonzero++;  (规范条款 4.8.2)
[WARN]  /home/gadolinite/CASHIM_HL/subsecond/raytracedicom_pybind_stage/subSecond/src/core/raytracedicom_wrapper.cu:1388  疑似注释掉的代码，规范要求直接删除 → 原行: // Python/numpy C-order for shape (Nx, Ny, Nz):  (规范条款 4.3)
[WARN]  /home/gadolinite/CASHIM_HL/subsecond/raytracedicom_pybind_stage/subSecond/src/core/raytracedicom_wrapper.cu:1389  疑似注释掉的代码，规范要求直接删除 → 原行: //   linear = ix*(Ny*Nz) + iy*Nz + iz  (规范条款 4.3)
[WARN]  /home/gadolinite/CASHIM_HL/subsecond/raytracedicom_pybind_stage/subSecond/src/core/raytracedicom_wrapper.cu:1499  含自增/自减的复合表达式，需人工将自增/自减单独放一行 → 原行: audit.activeCells++;  (规范条款 4.8.2)
[WARN]  /home/gadolinite/CASHIM_HL/subsecond/raytracedicom_pybind_stage/subSecond/src/core/raytracedicom_wrapper.cu:1608  疑似注释掉的代码，规范要求直接删除 → 原行: // UNIT CONTRACT (must match upstream beam.getSpotIdxToGantry()):  (规范条款 4.3)
[WARN]  /home/gadolinite/CASHIM_HL/subsecond/raytracedicom_pybind_stage/subSecond/src/core/raytracedicom_wrapper.cu:1609  疑似注释掉的代码，规范要求直接删除 → 原行: //   spotDelta   : mm per physical PB grid step (typically 2-10 mm)  (规范条款 4.3)
[WARN]  /home/gadolinite/CASHIM_HL/subsecond/raytracedicom_pybind_stage/subSecond/src/core/raytracedicom_wrapper.cu:1610  疑似注释掉的代码，规范要求直接删除 → 原行: //   spotOffset  : mm of physical PB cell (0,0) in gantry frame  (规范条款 4.3)
[WARN]  /home/gadolinite/CASHIM_HL/subsecond/raytracedicom_pybind_stage/subSecond/src/core/raytracedicom_wrapper.cu:1611  疑似注释掉的代码，规范要求直接删除 → 原行: // Downstream consumers (nucIdxToFan at ~5132, spotDistInRays at ~3911 and ~4036)  (规范条款 4.3)
[WARN]  /home/gadolinite/CASHIM_HL/subsecond/raytracedicom_pybind_stage/subSecond/src/core/raytracedicom_wrapper.cu:1613  疑似注释掉的代码，规范要求直接删除 → 原行: // must NOT re-multiply by lenToMm. See halo-energy-conservation.md (RC2) for the  (规范条款 4.3)
[WARN]  /home/gadolinite/CASHIM_HL/subsecond/raytracedicom_pybind_stage/subSecond/src/core/raytracedicom_wrapper.cu:1633  疑似注释掉的代码，规范要求直接删除 → 原行: // When RawSpotLattice is built via rasterizeContinuousSpotToDensePlane (bilinear weight  (规范条款 4.3)
[WARN]  /home/gadolinite/CASHIM_HL/subsecond/raytracedicom_pybind_stage/subSecond/src/core/raytracedicom_wrapper.cu:1636  疑似注释掉的代码，规范要求直接删除 → 原行: // - Upstream: each physical PB weight maps to one fixed HPB spot index (deterministic)  (规范条款 4.3)
[INFO]  /home/gadolinite/CASHIM_HL/subsecond/raytracedicom_pybind_stage/subSecond/src/core/raytracedicom_wrapper.cu:1639  行尾空白字符已删除  (规范条款 4.2)
[WARN]  /home/gadolinite/CASHIM_HL/subsecond/raytracedicom_pybind_stage/subSecond/src/core/raytracedicom_wrapper.cu:1643  正式交付代码不能包含 TODO/TBD/FIXME 注释 → 原行: // TODO: Implement 9.43 separation to provide an explicit non-rasterized HPB view.  (规范条款 4.3)
[WARN]  /home/gadolinite/CASHIM_HL/subsecond/raytracedicom_pybind_stage/subSecond/src/core/raytracedicom_wrapper.cu:1696  含自增/自减的复合表达式，需人工将自增/自减单独放一行 → 原行: out.activeSpotCount++;  (规范条款 4.8.2)
[SKIP]  /home/gadolinite/CASHIM_HL/subsecond/raytracedicom_pybind_stage/subSecond/src/core/raytracedicom_wrapper.cu:1716  行宽 121 > 120，需人工换行处理  (规范条款 4.2)
[WARN]  /home/gadolinite/CASHIM_HL/subsecond/raytracedicom_pybind_stage/subSecond/src/core/raytracedicom_wrapper.cu:1810  疑似魔鬼数字，建议定义为具名常量 → 原行: return fail("spotPositionsAreIndices requires a 9-value WEQ header");  (规范条款 4.8.1)
[WARN]  /home/gadolinite/CASHIM_HL/subsecond/raytracedicom_pybind_stage/subSecond/src/core/raytracedicom_wrapper.cu:1951  含自增/自减的复合表达式，需人工将自增/自减单独放一行 → 原行: if (w > 0.0f) out.activeSpotCount++;  (规范条款 4.8.2)
[WARN]  /home/gadolinite/CASHIM_HL/subsecond/raytracedicom_pybind_stage/subSecond/src/core/raytracedicom_wrapper.cu:2078  疑似魔鬼数字，建议定义为具名常量 → 原行: if (beam.waterEquivalence.size() >= 9) return beam.waterEquivalence;  (规范条款 4.8.1)
[WARN]  /home/gadolinite/CASHIM_HL/subsecond/raytracedicom_pybind_stage/subSecond/src/core/raytracedicom_wrapper.cu:2093  疑似魔鬼数字，建议定义为具名常量 → 原行: if (weqHeader.size() < 9) return false;  (规范条款 4.8.1)
[WARN]  /home/gadolinite/CASHIM_HL/subsecond/raytracedicom_pybind_stage/subSecond/src/core/raytracedicom_wrapper.cu:2098  疑似魔鬼数字，建议定义为具名常量 → 原行: outX = weqHeader[6] + (rawX - 0.5f) * weqHeader[7];  (规范条款 4.8.1)
[WARN]  /home/gadolinite/CASHIM_HL/subsecond/raytracedicom_pybind_stage/subSecond/src/core/raytracedicom_wrapper.cu:2099  疑似魔鬼数字，建议定义为具名常量 → 原行: outY = weqHeader[3] + (rawY - 0.5f) * weqHeader[4];  (规范条款 4.8.1)
[INFO]  /home/gadolinite/CASHIM_HL/subsecond/raytracedicom_pybind_stage/subSecond/src/core/raytracedicom_wrapper.cu:2145  指针/引用符号空格修正（两边都无空格 → 靠左形式）  (规范条款 4.2)
[SKIP]  /home/gadolinite/CASHIM_HL/subsecond/raytracedicom_pybind_stage/subSecond/src/core/raytracedicom_wrapper.cu:2171  行宽 123 > 120，需人工换行处理  (规范条款 4.2)
[INFO]  /home/gadolinite/CASHIM_HL/subsecond/raytracedicom_pybind_stage/subSecond/src/core/raytracedicom_wrapper.cu:2189  指针/引用符号空格修正（两边都无空格 → 靠左形式）  (规范条款 4.2)
[WARN]  /home/gadolinite/CASHIM_HL/subsecond/raytracedicom_pybind_stage/subSecond/src/core/raytracedicom_wrapper.cu:2212  疑似魔鬼数字，建议定义为具名常量 → 原行: return fail("spotBeamDirections must be shaped as [N][3]");  (规范条款 4.8.1)
[WARN]  /home/gadolinite/CASHIM_HL/subsecond/raytracedicom_pybind_stage/subSecond/src/core/raytracedicom_wrapper.cu:2231  疑似魔鬼数字，建议定义为具名常量 → 原行: return fail("beamParaData must be shaped as [rows][3]");  (规范条款 4.8.1)
[WARN]  /home/gadolinite/CASHIM_HL/subsecond/raytracedicom_pybind_stage/subSecond/src/core/raytracedicom_wrapper.cu:2234  疑似魔鬼数字，建议定义为具名常量 → 原行: return fail("spotPositionsAreIndices=true requires a 9-value WEQ header");  (规范条款 4.8.1)
[SKIP]  /home/gadolinite/CASHIM_HL/subsecond/raytracedicom_pybind_stage/subSecond/src/core/raytracedicom_wrapper.cu:2273  行宽 124 > 120，需人工换行处理  (规范条款 4.2)
[SKIP]  /home/gadolinite/CASHIM_HL/subsecond/raytracedicom_pybind_stage/subSecond/src/core/raytracedicom_wrapper.cu:2276  行宽 122 > 120，需人工换行处理  (规范条款 4.2)
[WARN]  /home/gadolinite/CASHIM_HL/subsecond/raytracedicom_pybind_stage/subSecond/src/core/raytracedicom_wrapper.cu:2303  疑似魔鬼数字，建议定义为具名常量 → 原行: << " bodyLen=" << (beam.waterEquivalence.size() >= 9 ? (beam.waterEquivalence.size() - 9u) : 0u);  (规范条款 4.8.1)
[WARN]  /home/gadolinite/CASHIM_HL/subsecond/raytracedicom_pybind_stage/subSecond/src/core/raytracedicom_wrapper.cu:2307  疑似魔鬼数字，建议定义为具名常量 → 原行: << weqHeader[3] << "," << weqHeader[4] << "," << weqHeader[5] << ","  (规范条款 4.8.1)
[WARN]  /home/gadolinite/CASHIM_HL/subsecond/raytracedicom_pybind_stage/subSecond/src/core/raytracedicom_wrapper.cu:2308  疑似魔鬼数字，建议定义为具名常量 → 原行: << weqHeader[6] << "," << weqHeader[7] << "," << weqHeader[8] << ")";  (规范条款 4.8.1)
[WARN]  /home/gadolinite/CASHIM_HL/subsecond/raytracedicom_pybind_stage/subSecond/src/core/raytracedicom_wrapper.cu:2373  疑似魔鬼数字，建议定义为具名常量 → 原行: if (beam.spotPositionsAreIndices && weqHeader.size() < 9) {  (规范条款 4.8.1)
[WARN]  /home/gadolinite/CASHIM_HL/subsecond/raytracedicom_pybind_stage/subSecond/src/core/raytracedicom_wrapper.cu:2374  疑似魔鬼数字，建议定义为具名常量 → 原行: return fail("spotPositionsAreIndices requires a 9-value WEQ header");  (规范条款 4.8.1)
[WARN]  /home/gadolinite/CASHIM_HL/subsecond/raytracedicom_pybind_stage/subSecond/src/core/raytracedicom_wrapper.cu:2411  含自增/自减的复合表达式，需人工将自增/自减单独放一行 → 原行: out.skippedZeroWeightSpots++;  (规范条款 4.8.2)
[WARN]  /home/gadolinite/CASHIM_HL/subsecond/raytracedicom_pybind_stage/subSecond/src/core/raytracedicom_wrapper.cu:2412  含自增/自减的复合表达式，需人工将自增/自减单独放一行 → 原行: layerAudit.zeroWeightSpots++;  (规范条款 4.8.2)
[WARN]  /home/gadolinite/CASHIM_HL/subsecond/raytracedicom_pybind_stage/subSecond/src/core/raytracedicom_wrapper.cu:2415  含自增/自减的复合表达式，需人工将自增/自减单独放一行 → 原行: layerAudit.positiveInputSpots++;  (规范条款 4.8.2)
[SKIP]  /home/gadolinite/CASHIM_HL/subsecond/raytracedicom_pybind_stage/subSecond/src/core/raytracedicom_wrapper.cu:2425  行宽 148 > 120，需人工换行处理  (规范条款 4.2)
[SKIP]  /home/gadolinite/CASHIM_HL/subsecond/raytracedicom_pybind_stage/subSecond/src/core/raytracedicom_wrapper.cu:2463  同一行多个变量初始化，建议每行只有一个 → 原行: float x = 0.0f, y = 0.0f;  (规范条款 4.2)
[WARN]  /home/gadolinite/CASHIM_HL/subsecond/raytracedicom_pybind_stage/subSecond/src/core/raytracedicom_wrapper.cu:2529  含自增/自减的复合表达式，需人工将自增/自减单独放一行 → 原行: out.skippedZeroWeightSpots++;  (规范条款 4.8.2)
[WARN]  /home/gadolinite/CASHIM_HL/subsecond/raytracedicom_pybind_stage/subSecond/src/core/raytracedicom_wrapper.cu:2530  含自增/自减的复合表达式，需人工将自增/自减单独放一行 → 原行: layerAudit.zeroWeightSpots++;  (规范条款 4.8.2)
[WARN]  /home/gadolinite/CASHIM_HL/subsecond/raytracedicom_pybind_stage/subSecond/src/core/raytracedicom_wrapper.cu:2551  含自增/自减的复合表达式，需人工将自增/自减单独放一行 → 原行: layerAudit.positiveInputSpots++;  (规范条款 4.8.2)
[WARN]  /home/gadolinite/CASHIM_HL/subsecond/raytracedicom_pybind_stage/subSecond/src/core/raytracedicom_wrapper.cu:2586  疑似注释掉的代码，规范要求直接删除 → 原行: // This is needed for halo/nuclear mapping when spotPositionsAreIndices=true:  (规范条款 4.3)
[WARN]  /home/gadolinite/CASHIM_HL/subsecond/raytracedicom_pybind_stage/subSecond/src/core/raytracedicom_wrapper.cu:2587  疑似注释掉的代码，规范要求直接删除 → 原行: // in that mode, the regular buildRawSpotLattice(...) intentionally rasterizes  (规范条款 4.3)
[WARN]  /home/gadolinite/CASHIM_HL/subsecond/raytracedicom_pybind_stage/subSecond/src/core/raytracedicom_wrapper.cu:2588  疑似注释掉的代码，规范要求直接删除 → 原行: // onto the full ray/WEQ texel lattice (dense), which is NOT the physical PB  (规范条款 4.3)
[WARN]  /home/gadolinite/CASHIM_HL/subsecond/raytracedicom_pybind_stage/subSecond/src/core/raytracedicom_wrapper.cu:2590  疑似注释掉的代码，规范要求直接删除 → 原行: // UNIT CONTRACT (must match upstream beam.getSpotIdxToGantry()):  (规范条款 4.3)
[WARN]  /home/gadolinite/CASHIM_HL/subsecond/raytracedicom_pybind_stage/subSecond/src/core/raytracedicom_wrapper.cu:2591  疑似注释掉的代码，规范要求直接删除 → 原行: //   spotDelta   : mm per physical PB grid step (typically 2-10 mm)  (规范条款 4.3)
[WARN]  /home/gadolinite/CASHIM_HL/subsecond/raytracedicom_pybind_stage/subSecond/src/core/raytracedicom_wrapper.cu:2592  疑似注释掉的代码，规范要求直接删除 → 原行: //   spotOffset  : mm of physical PB cell (0,0) in gantry frame  (规范条款 4.3)
[WARN]  /home/gadolinite/CASHIM_HL/subsecond/raytracedicom_pybind_stage/subSecond/src/core/raytracedicom_wrapper.cu:2595  疑似注释掉的代码，规范要求直接删除 → 原行: // by lenToMm again. Decoded (x,y) below come from decodeSpotPosition which  (规范条款 4.3)
[WARN]  /home/gadolinite/CASHIM_HL/subsecond/raytracedicom_pybind_stage/subSecond/src/core/raytracedicom_wrapper.cu:2629  疑似魔鬼数字，建议定义为具名常量 → 原行: if (beam.spotPositionsAreIndices && weqHeader.size() < 9) {  (规范条款 4.8.1)
[WARN]  /home/gadolinite/CASHIM_HL/subsecond/raytracedicom_pybind_stage/subSecond/src/core/raytracedicom_wrapper.cu:2630  疑似魔鬼数字，建议定义为具名常量 → 原行: return fail("spotPositionsAreIndices requires a 9-value WEQ header");  (规范条款 4.8.1)
[WARN]  /home/gadolinite/CASHIM_HL/subsecond/raytracedicom_pybind_stage/subSecond/src/core/raytracedicom_wrapper.cu:2635  疑似注释掉的代码，规范要求直接删除 → 原行: // weights to keep geometry complete (the caller can still leave weight=0 cells empty).  (规范条款 4.3)
[SKIP]  /home/gadolinite/CASHIM_HL/subsecond/raytracedicom_pybind_stage/subSecond/src/core/raytracedicom_wrapper.cu:2644  同一行多个变量初始化，建议每行只有一个 → 原行: float x = 0.0f, y = 0.0f;  (规范条款 4.2)
[WARN]  /home/gadolinite/CASHIM_HL/subsecond/raytracedicom_pybind_stage/subSecond/src/core/raytracedicom_wrapper.cu:2654  疑似注释掉的代码，规范要求直接删除 → 原行: // beam.getSpotIdxToGantry() (kernel_wrapper.cu:903-908). Local equivalent:  (规范条款 4.3)
[WARN]  /home/gadolinite/CASHIM_HL/subsecond/raytracedicom_pybind_stage/subSecond/src/core/raytracedicom_wrapper.cu:2655  疑似注释掉的代码，规范要求直接删除 → 原行: // project the decoded (x,y) cloud onto a uniform 2D lattice and compute  (规范条款 4.3)
[WARN]  /home/gadolinite/CASHIM_HL/subsecond/raytracedicom_pybind_stage/subSecond/src/core/raytracedicom_wrapper.cu:2658  疑似注释掉的代码，规范要求直接删除 → 原行: // BEST-EFFORT: when canonical inference fails (non-uniform plan, sub-texel  (规范条款 4.3)
[WARN]  /home/gadolinite/CASHIM_HL/subsecond/raytracedicom_pybind_stage/subSecond/src/core/raytracedicom_wrapper.cu:2661  疑似注释掉的代码，规范要求直接删除 → 原行: // fix active. The fallback is NOT upstream-equivalent for lateral profile;  (规范条款 4.3)
[WARN]  /home/gadolinite/CASHIM_HL/subsecond/raytracedicom_pybind_stage/subSecond/src/core/raytracedicom_wrapper.cu:2662  疑似注释掉的代码，规范要求直接删除 → 原行: // see halo-energy-conservation.md (RC1/RC3/RC4) and the fallback warning.  (规范条款 4.3)
[WARN]  /home/gadolinite/CASHIM_HL/subsecond/raytracedicom_pybind_stage/subSecond/src/core/raytracedicom_wrapper.cu:2714  疑似魔鬼数字，建议定义为具名常量 → 原行: if (roundedRatio < 1.0f || roundedRatio > 32.0f) {  (规范条款 4.8.1)
[SKIP]  /home/gadolinite/CASHIM_HL/subsecond/raytracedicom_pybind_stage/subSecond/src/core/raytracedicom_wrapper.cu:2751  同一行多个变量初始化，建议每行只有一个 → 原行: float dxRef = 0.0f, dyRef = 0.0f, oxRef = 0.0f, oyRef = 0.0f;  (规范条款 4.2)
[WARN]  /home/gadolinite/CASHIM_HL/subsecond/raytracedicom_pybind_stage/subSecond/src/core/raytracedicom_wrapper.cu:2772  疑似魔鬼数字，建议定义为具名常量 → 原行: if (bestLayerIdx >= 0 && bestLayerCount >= 3) {  (规范条款 4.8.1)
[SKIP]  /home/gadolinite/CASHIM_HL/subsecond/raytracedicom_pybind_stage/subSecond/src/core/raytracedicom_wrapper.cu:2781  同一行多个变量初始化，建议每行只有一个 → 原行: float lx = 0.0f, ly = 0.0f;  (规范条款 4.2)
[SKIP]  /home/gadolinite/CASHIM_HL/subsecond/raytracedicom_pybind_stage/subSecond/src/core/raytracedicom_wrapper.cu:2788  同一行多个变量初始化，建议每行只有一个 → 原行: float dxLayer = 0.0f, dyLayer = 0.0f, oxLayer = 0.0f, oyLayer = 0.0f;  (规范条款 4.2)
[SKIP]  /home/gadolinite/CASHIM_HL/subsecond/raytracedicom_pybind_stage/subSecond/src/core/raytracedicom_wrapper.cu:2789  同一行多个变量初始化，建议每行只有一个 → 原行: int nxLayer = 0, nyLayer = 0;  (规范条款 4.2)
[WARN]  /home/gadolinite/CASHIM_HL/subsecond/raytracedicom_pybind_stage/subSecond/src/core/raytracedicom_wrapper.cu:2820  疑似注释掉的代码，规范要求直接删除 → 原行: // spotPositionsAreIndices=true this IS the actual spot-bearing grid; the  (规范条款 4.3)
[WARN]  /home/gadolinite/CASHIM_HL/subsecond/raytracedicom_pybind_stage/subSecond/src/core/raytracedicom_wrapper.cu:2821  疑似注释掉的代码，规范要求直接删除 → 原行: // canonical "physical PB lattice" concept may not apply. RC2 (BEV  (规范条款 4.3)
[WARN]  /home/gadolinite/CASHIM_HL/subsecond/raytracedicom_pybind_stage/subSecond/src/core/raytracedicom_wrapper.cu:2824  疑似注释掉的代码，规范要求直接删除 → 原行: // mode -- expect halo width = primary width and missing broad umbrella.  (规范条款 4.3)
[WARN]  /home/gadolinite/CASHIM_HL/subsecond/raytracedicom_pybind_stage/subSecond/src/core/raytracedicom_wrapper.cu:2825  疑似魔鬼数字，建议定义为具名常量 → 原行: if (weqHeader.size() < 9) {  (规范条款 4.8.1)
[WARN]  /home/gadolinite/CASHIM_HL/subsecond/raytracedicom_pybind_stage/subSecond/src/core/raytracedicom_wrapper.cu:2828  疑似魔鬼数字，建议定义为具名常量 → 原行: nxRef = std::max(1, static_cast<int>(std::lround(weqHeader[8])));  (规范条款 4.8.1)
[WARN]  /home/gadolinite/CASHIM_HL/subsecond/raytracedicom_pybind_stage/subSecond/src/core/raytracedicom_wrapper.cu:2829  疑似魔鬼数字，建议定义为具名常量 → 原行: nyRef = std::max(1, static_cast<int>(std::lround(weqHeader[5])));  (规范条款 4.8.1)
[WARN]  /home/gadolinite/CASHIM_HL/subsecond/raytracedicom_pybind_stage/subSecond/src/core/raytracedicom_wrapper.cu:2830  疑似魔鬼数字，建议定义为具名常量 → 原行: dxRef = weqHeader[7];  (规范条款 4.8.1)
[WARN]  /home/gadolinite/CASHIM_HL/subsecond/raytracedicom_pybind_stage/subSecond/src/core/raytracedicom_wrapper.cu:2831  疑似魔鬼数字，建议定义为具名常量 → 原行: dyRef = weqHeader[4];  (规范条款 4.8.1)
[WARN]  /home/gadolinite/CASHIM_HL/subsecond/raytracedicom_pybind_stage/subSecond/src/core/raytracedicom_wrapper.cu:2832  疑似魔鬼数字，建议定义为具名常量 → 原行: oxRef = weqHeader[6];  (规范条款 4.8.1)
[WARN]  /home/gadolinite/CASHIM_HL/subsecond/raytracedicom_pybind_stage/subSecond/src/core/raytracedicom_wrapper.cu:2833  疑似魔鬼数字，建议定义为具名常量 → 原行: oyRef = weqHeader[3];  (规范条款 4.8.1)
[SKIP]  /home/gadolinite/CASHIM_HL/subsecond/raytracedicom_pybind_stage/subSecond/src/core/raytracedicom_wrapper.cu:2878  同一行多个变量初始化，建议每行只有一个 → 原行: float x = 0.0f, y = 0.0f;  (规范条款 4.2)
[WARN]  /home/gadolinite/CASHIM_HL/subsecond/raytracedicom_pybind_stage/subSecond/src/core/raytracedicom_wrapper.cu:2937  疑似魔鬼数字，建议定义为具名常量 → 原行: if (beam.spotPositionsAreIndices && weqHeader.size() < 9) return false;  (规范条款 4.8.1)
[SKIP]  /home/gadolinite/CASHIM_HL/subsecond/raytracedicom_pybind_stage/subSecond/src/core/raytracedicom_wrapper.cu:2943  同一行多个变量初始化，建议每行只有一个 → 原行: float x = 0.0f, y = 0.0f;  (规范条款 4.2)
[WARN]  /home/gadolinite/CASHIM_HL/subsecond/raytracedicom_pybind_stage/subSecond/src/core/raytracedicom_wrapper.cu:2964  疑似魔鬼数字，建议定义为具名常量 → 原行: if ((beam.spotBeamDirections.size() % 3) != 0 || (beam.spotPositions.size() % 2) != 0) return false;  (规范条款 4.8.1)
[WARN]  /home/gadolinite/CASHIM_HL/subsecond/raytracedicom_pybind_stage/subSecond/src/core/raytracedicom_wrapper.cu:2991  疑似注释掉的代码，规范要求直接删除 → 原行: // dosecal.py exports idbeamxy = physical_index + offset + 0.5  (规范条款 4.3)
[WARN]  /home/gadolinite/CASHIM_HL/subsecond/raytracedicom_pybind_stage/subSecond/src/core/raytracedicom_wrapper.cu:2993  疑似注释掉的代码，规范要求直接删除 → 原行: // spot-specific beam directions: coord = start + (raw - 0.5) * step.  (规范条款 4.3)
[WARN]  /home/gadolinite/CASHIM_HL/subsecond/raytracedicom_pybind_stage/subSecond/src/core/raytracedicom_wrapper.cu:2998  疑似魔鬼数字，建议定义为具名常量 → 原行: vec3f dir = make_vec3f(beam.spotBeamDirections[i * 3 + 0],  (规范条款 4.8.1)
[WARN]  /home/gadolinite/CASHIM_HL/subsecond/raytracedicom_pybind_stage/subSecond/src/core/raytracedicom_wrapper.cu:2999  疑似魔鬼数字，建议定义为具名常量 → 原行: beam.spotBeamDirections[i * 3 + 1],  (规范条款 4.8.1)
[WARN]  /home/gadolinite/CASHIM_HL/subsecond/raytracedicom_pybind_stage/subSecond/src/core/raytracedicom_wrapper.cu:3000  疑似魔鬼数字，建议定义为具名常量 → 原行: beam.spotBeamDirections[i * 3 + 2]);  (规范条款 4.8.1)
[WARN]  /home/gadolinite/CASHIM_HL/subsecond/raytracedicom_pybind_stage/subSecond/src/core/raytracedicom_wrapper.cu:3143  含自增/自减的复合表达式，需人工将自增/自减单独放一行 → 原行: audit.nearestInsideRays++;  (规范条款 4.8.2)
[WARN]  /home/gadolinite/CASHIM_HL/subsecond/raytracedicom_pybind_stage/subSecond/src/core/raytracedicom_wrapper.cu:3147  含自增/自减的复合表达式，需人工将自增/自减单独放一行 → 原行: audit.nearestOutsideRays++;  (规范条款 4.8.2)
[WARN]  /home/gadolinite/CASHIM_HL/subsecond/raytracedicom_pybind_stage/subSecond/src/core/raytracedicom_wrapper.cu:3151  含自增/自减的复合表达式，需人工将自增/自减单独放一行 → 原行: audit.linearInsideRays++;  (规范条款 4.8.2)
[WARN]  /home/gadolinite/CASHIM_HL/subsecond/raytracedicom_pybind_stage/subSecond/src/core/raytracedicom_wrapper.cu:3159  含自增/自减的复合表达式，需人工将自增/自减单独放一行 → 原行: audit.linearOutsideRays++;  (规范条款 4.8.2)
[WARN]  /home/gadolinite/CASHIM_HL/subsecond/raytracedicom_pybind_stage/subSecond/src/core/raytracedicom_wrapper.cu:3163  含自增/自减的复合表达式，需人工将自增/自减单独放一行 → 原行: audit.supportMismatchRays++;  (规范条款 4.8.2)
[WARN]  /home/gadolinite/CASHIM_HL/subsecond/raytracedicom_pybind_stage/subSecond/src/core/raytracedicom_wrapper.cu:3178  含自增/自减的复合表达式，需人工将自增/自减单独放一行 → 原行: audit.deltaSamples++;  (规范条款 4.8.2)
[WARN]  /home/gadolinite/CASHIM_HL/subsecond/raytracedicom_pybind_stage/subSecond/src/core/raytracedicom_wrapper.cu:3184  含自增/自减的复合表达式，需人工将自增/自减单独放一行 → 原行: if (v) audit.uniqueNearestX++;  (规范条款 4.8.2)
[WARN]  /home/gadolinite/CASHIM_HL/subsecond/raytracedicom_pybind_stage/subSecond/src/core/raytracedicom_wrapper.cu:3187  含自增/自减的复合表达式，需人工将自增/自减单独放一行 → 原行: if (v) audit.uniqueNearestY++;  (规范条款 4.8.2)
[WARN]  /home/gadolinite/CASHIM_HL/subsecond/raytracedicom_pybind_stage/subSecond/src/core/raytracedicom_wrapper.cu:3345  疑似注释掉的代码，规范要求直接删除 → 原行: // Pad ray IDD / sigma arrays to the superposition tile pitch (RayTraceDicom expects  (规范条款 4.3)
[WARN]  /home/gadolinite/CASHIM_HL/subsecond/raytracedicom_pybind_stage/subSecond/src/core/raytracedicom_wrapper.cu:3409  疑似魔鬼数字，建议定义为具名常量 → 原行: case 3: atomicAdd(&stats->invalidVoxelWidth, 1); break;  (规范条款 4.8.1)
[WARN]  /home/gadolinite/CASHIM_HL/subsecond/raytracedicom_pybind_stage/subSecond/src/core/raytracedicom_wrapper.cu:3410  疑似魔鬼数字，建议定义为具名常量 → 原行: case 4: atomicAdd(&stats->invalidStepVol, 1); break;  (规范条款 4.8.1)
[WARN]  /home/gadolinite/CASHIM_HL/subsecond/raytracedicom_pybind_stage/subSecond/src/core/raytracedicom_wrapper.cu:3411  疑似魔鬼数字，建议定义为具名常量 → 原行: case 5: atomicAdd(&stats->invalidSigmaSq, 1); break;  (规范条款 4.8.1)
[WARN]  /home/gadolinite/CASHIM_HL/subsecond/raytracedicom_pybind_stage/subSecond/src/core/raytracedicom_wrapper.cu:3412  疑似魔鬼数字，建议定义为具名常量 → 原行: case 6: atomicAdd(&stats->invalidRSigmaEff, 1); break;  (规范条款 4.8.1)
[WARN]  /home/gadolinite/CASHIM_HL/subsecond/raytracedicom_pybind_stage/subSecond/src/core/raytracedicom_wrapper.cu:3413  疑似魔鬼数字，建议定义为具名常量 → 原行: case 7: atomicAdd(&stats->invalidMass, 1); break;  (规范条款 4.8.1)
[WARN]  /home/gadolinite/CASHIM_HL/subsecond/raytracedicom_pybind_stage/subSecond/src/core/raytracedicom_wrapper.cu:3414  疑似魔鬼数字，建议定义为具名常量 → 原行: case 8: atomicAdd(&stats->invalidNucSigmaSq, 1); break;  (规范条款 4.8.1)
[WARN]  /home/gadolinite/CASHIM_HL/subsecond/raytracedicom_pybind_stage/subSecond/src/core/raytracedicom_wrapper.cu:3415  疑似魔鬼数字，建议定义为具名常量 → 原行: case 9: atomicAdd(&stats->invalidNucRSigmaEff, 1); break;  (规范条款 4.8.1)
[WARN]  /home/gadolinite/CASHIM_HL/subsecond/raytracedicom_pybind_stage/subSecond/src/core/raytracedicom_wrapper.cu:3475  疑似魔鬼数字，建议定义为具名常量 → 原行: eRefSq = 216.09f;  (规范条款 4.8.1)
[WARN]  /home/gadolinite/CASHIM_HL/subsecond/raytracedicom_pybind_stage/subSecond/src/core/raytracedicom_wrapper.cu:3506  疑似魔鬼数字，建议定义为具名常量 → 原行: stats, 3, rayIdx, static_cast<int>(stepNo), 0.5f * (voxelWidth.x + voxelWidth.y));  (规范条款 4.8.1)
[WARN]  /home/gadolinite/CASHIM_HL/subsecond/raytracedicom_pybind_stage/subSecond/src/core/raytracedicom_wrapper.cu:3509  疑似魔鬼数字，建议定义为具名常量 → 原行: recordIddSigmaInvariantBad(stats, 4, rayIdx, static_cast<int>(stepNo), stepVol);  (规范条款 4.8.1)
[WARN]  /home/gadolinite/CASHIM_HL/subsecond/raytracedicom_pybind_stage/subSecond/src/core/raytracedicom_wrapper.cu:3516  疑似魔鬼数字，建议定义为具名常量 → 原行: recordIddSigmaInvariantBad(stats, 5, rayIdx, static_cast<int>(stepNo), residualDepth);  (规范条款 4.8.1)
[WARN]  /home/gadolinite/CASHIM_HL/subsecond/raytracedicom_pybind_stage/subSecond/src/core/raytracedicom_wrapper.cu:3524  疑似魔鬼数字，建议定义为具名常量 → 原行: recordIddSigmaInvariantBad(stats, 5, rayIdx, static_cast<int>(stepNo), thetaSq);  (规范条款 4.8.1)
[WARN]  /home/gadolinite/CASHIM_HL/subsecond/raytracedicom_pybind_stage/subSecond/src/core/raytracedicom_wrapper.cu:3539  疑似魔鬼数字，建议定义为具名常量 → 原行: recordIddSigmaInvariantBad(stats, 5, rayIdx, static_cast<int>(stepNo), sigmaSq);  (规范条款 4.8.1)
[WARN]  /home/gadolinite/CASHIM_HL/subsecond/raytracedicom_pybind_stage/subSecond/src/core/raytracedicom_wrapper.cu:3545  疑似魔鬼数字，建议定义为具名常量 → 原行: recordIddSigmaInvariantBad(stats, 6, rayIdx, static_cast<int>(stepNo), rSigmaEff);  (规范条款 4.8.1)
[WARN]  /home/gadolinite/CASHIM_HL/subsecond/raytracedicom_pybind_stage/subSecond/src/core/raytracedicom_wrapper.cu:3555  疑似魔鬼数字，建议定义为具名常量 → 原行: recordIddSigmaInvariantBad(stats, 8, rayIdx, static_cast<int>(stepNo), nucSigmaSq);  (规范条款 4.8.1)
[WARN]  /home/gadolinite/CASHIM_HL/subsecond/raytracedicom_pybind_stage/subSecond/src/core/raytracedicom_wrapper.cu:3562  疑似魔鬼数字，建议定义为具名常量 → 原行: stats, 9, rayIdx, static_cast<int>(stepNo), nucRSigmaEff);  (规范条款 4.8.1)
[WARN]  /home/gadolinite/CASHIM_HL/subsecond/raytracedicom_pybind_stage/subSecond/src/core/raytracedicom_wrapper.cu:3575  疑似魔鬼数字，建议定义为具名常量 → 原行: recordIddSigmaInvariantBad(stats, 7, rayIdx, static_cast<int>(stepNo), mass);  (规范条款 4.8.1)
[WARN]  /home/gadolinite/CASHIM_HL/subsecond/raytracedicom_pybind_stage/subSecond/src/core/raytracedicom_wrapper.cu:3670  疑似 C 风格类型转换，建议改为 C++ 风格 → 原行: if (x >= (unsigned)rayDimsX || y >= (unsigned)rayDimsY) return;  (规范条款 4.8.3)
[SKIP]  /home/gadolinite/CASHIM_HL/subsecond/raytracedicom_pybind_stage/subSecond/src/core/raytracedicom_wrapper.cu:3694  行宽 132 > 120，需人工换行处理  (规范条款 4.2)
[WARN]  /home/gadolinite/CASHIM_HL/subsecond/raytracedicom_pybind_stage/subSecond/src/core/raytracedicom_wrapper.cu:3738  疑似 C 风格类型转换，建议改为 C++ 风格 → 原行: if (x >= (unsigned)rayDimsX || y >= (unsigned)rayDimsY) return;  (规范条款 4.8.3)
[SKIP]  /home/gadolinite/CASHIM_HL/subsecond/raytracedicom_pybind_stage/subSecond/src/core/raytracedicom_wrapper.cu:3754  行宽 136 > 120，需人工换行处理  (规范条款 4.2)
[SKIP]  /home/gadolinite/CASHIM_HL/subsecond/raytracedicom_pybind_stage/subSecond/src/core/raytracedicom_wrapper.cu:3825  行宽 128 > 120，需人工换行处理  (规范条款 4.2)
[WARN]  /home/gadolinite/CASHIM_HL/subsecond/raytracedicom_pybind_stage/subSecond/src/core/raytracedicom_wrapper.cu:3853  疑似魔鬼数字，建议定义为具名常量 → 原行: HU,           // [-1000, 3000]  (规范条款 4.8.1)
[WARN]  /home/gadolinite/CASHIM_HL/subsecond/raytracedicom_pybind_stage/subSecond/src/core/raytracedicom_wrapper.cu:3854  疑似魔鬼数字，建议定义为具名常量 → 原行: HUPlus1000,   // [0, 4000]  (规范条款 4.8.1)
[WARN]  /home/gadolinite/CASHIM_HL/subsecond/raytracedicom_pybind_stage/subSecond/src/core/raytracedicom_wrapper.cu:3855  疑似魔鬼数字，建议定义为具名常量 → 原行: Density,      // ~[0.5, 2.0]  (规范条款 4.8.1)
[WARN]  /home/gadolinite/CASHIM_HL/subsecond/raytracedicom_pybind_stage/subSecond/src/core/raytracedicom_wrapper.cu:3856  疑似魔鬼数字，建议定义为具名常量 → 原行: SPR           // ~[0.5, 2.0]  (规范条款 4.8.1)
[WARN]  /home/gadolinite/CASHIM_HL/subsecond/raytracedicom_pybind_stage/subSecond/src/core/raytracedicom_wrapper.cu:3863  疑似 C 风格类型转换，建议改为 C++ 风格 → 原行: std::transform(s.begin(), s.end(), s.begin(), [](unsigned char c){ return (char)std::tolower(c); });  (规范条款 4.8.3)
[WARN]  /home/gadolinite/CASHIM_HL/subsecond/raytracedicom_pybind_stage/subSecond/src/core/raytracedicom_wrapper.cu:3901  疑似魔鬼数字，建议定义为具名常量 → 原行: if (st.minV < -200.0f) return CtInputType::HU;  (规范条款 4.8.1)
[WARN]  /home/gadolinite/CASHIM_HL/subsecond/raytracedicom_pybind_stage/subSecond/src/core/raytracedicom_wrapper.cu:3902  疑似魔鬼数字，建议定义为具名常量 → 原行: if (st.maxV <= 20.0f && st.minV >= 0.0f) return CtInputType::Density;  (规范条款 4.8.1)
[WARN]  /home/gadolinite/CASHIM_HL/subsecond/raytracedicom_pybind_stage/subSecond/src/core/raytracedicom_wrapper.cu:3906  疑似注释掉的代码，规范要求直接删除 → 原行: // Find fractional index for a monotonic LUT (vec[idx] ≈ value).  (规范条款 4.3)
[WARN]  /home/gadolinite/CASHIM_HL/subsecond/raytracedicom_pybind_stage/subSecond/src/core/raytracedicom_wrapper.cu:3973  疑似注释掉的代码，规范要求直接删除 → 原行: // If already HU+1000, just reference input (no conversion needed).  (规范条款 4.3)
[WARN]  /home/gadolinite/CASHIM_HL/subsecond/raytracedicom_pybind_stage/subSecond/src/core/raytracedicom_wrapper.cu:4004  疑似注释掉的代码，规范要求直接删除 → 原行: // Texture coordinate = HUplus1000 * scale + 0.5 -> index+0.5  (规范条款 4.3)
[WARN]  /home/gadolinite/CASHIM_HL/subsecond/raytracedicom_pybind_stage/subSecond/src/core/raytracedicom_wrapper.cu:4005  疑似注释掉的代码，规范要求直接删除 → 原行: // => HUplus1000 * scale = index  (规范条款 4.3)
[INFO]  /home/gadolinite/CASHIM_HL/subsecond/raytracedicom_pybind_stage/subSecond/src/core/raytracedicom_wrapper.cu:4056  行尾空白字符已删除  (规范条款 4.2)
[INFO]  /home/gadolinite/CASHIM_HL/subsecond/raytracedicom_pybind_stage/subSecond/src/core/raytracedicom_wrapper.cu:4060  行尾空白字符已删除  (规范条款 4.2)
[WARN]  /home/gadolinite/CASHIM_HL/subsecond/raytracedicom_pybind_stage/subSecond/src/core/raytracedicom_wrapper.cu:4067  疑似注释掉的代码，规范要求直接删除 → 原行: // CT input conversion (CarbonPBS -> RayTraceDicom)  (规范条款 4.3)
[SKIP]  /home/gadolinite/CASHIM_HL/subsecond/raytracedicom_pybind_stage/subSecond/src/core/raytracedicom_wrapper.cu:4069  行宽 121 > 120，需人工换行处理  (规范条款 4.2)
[SKIP]  /home/gadolinite/CASHIM_HL/subsecond/raytracedicom_pybind_stage/subSecond/src/core/raytracedicom_wrapper.cu:4086  行宽 151 > 120，需人工换行处理  (规范条款 4.2)
[SKIP]  /home/gadolinite/CASHIM_HL/subsecond/raytracedicom_pybind_stage/subSecond/src/core/raytracedicom_wrapper.cu:4096  行宽 127 > 120，需人工换行处理  (规范条款 4.2)
[INFO]  /home/gadolinite/CASHIM_HL/subsecond/raytracedicom_pybind_stage/subSecond/src/core/raytracedicom_wrapper.cu:4101  行尾空白字符已删除  (规范条款 4.2)
[INFO]  /home/gadolinite/CASHIM_HL/subsecond/raytracedicom_pybind_stage/subSecond/src/core/raytracedicom_wrapper.cu:4102  行尾空白字符已删除  (规范条款 4.2)
[INFO]  /home/gadolinite/CASHIM_HL/subsecond/raytracedicom_pybind_stage/subSecond/src/core/raytracedicom_wrapper.cu:4110  行尾空白字符已删除  (规范条款 4.2)
[INFO]  /home/gadolinite/CASHIM_HL/subsecond/raytracedicom_pybind_stage/subSecond/src/core/raytracedicom_wrapper.cu:4111  行尾空白字符已删除  (规范条款 4.2)
[INFO]  /home/gadolinite/CASHIM_HL/subsecond/raytracedicom_pybind_stage/subSecond/src/core/raytracedicom_wrapper.cu:4120  行尾空白字符已删除  (规范条款 4.2)
[INFO]  /home/gadolinite/CASHIM_HL/subsecond/raytracedicom_pybind_stage/subSecond/src/core/raytracedicom_wrapper.cu:4121  行尾空白字符已删除  (规范条款 4.2)
[INFO]  /home/gadolinite/CASHIM_HL/subsecond/raytracedicom_pybind_stage/subSecond/src/core/raytracedicom_wrapper.cu:4131  行尾空白字符已删除  (规范条款 4.2)
[INFO]  /home/gadolinite/CASHIM_HL/subsecond/raytracedicom_pybind_stage/subSecond/src/core/raytracedicom_wrapper.cu:4132  行尾空白字符已删除  (规范条款 4.2)
[WARN]  /home/gadolinite/CASHIM_HL/subsecond/raytracedicom_pybind_stage/subSecond/src/core/raytracedicom_wrapper.cu:4169  疑似注释掉的代码，规范要求直接删除 → 原行: // Energy table diagnostics (helps detect clamping / unsorted energy vectors)  (规范条款 4.3)
[SKIP]  /home/gadolinite/CASHIM_HL/subsecond/raytracedicom_pybind_stage/subSecond/src/core/raytracedicom_wrapper.cu:4176  行宽 124 > 120，需人工换行处理  (规范条款 4.2)
[SKIP]  /home/gadolinite/CASHIM_HL/subsecond/raytracedicom_pybind_stage/subSecond/src/core/raytracedicom_wrapper.cu:4181  行宽 139 > 120，需人工换行处理  (规范条款 4.2)
[SKIP]  /home/gadolinite/CASHIM_HL/subsecond/raytracedicom_pybind_stage/subSecond/src/core/raytracedicom_wrapper.cu:4188  行宽 164 > 120，需人工换行处理  (规范条款 4.2)
[SKIP]  /home/gadolinite/CASHIM_HL/subsecond/raytracedicom_pybind_stage/subSecond/src/core/raytracedicom_wrapper.cu:4191  行宽 150 > 120，需人工换行处理  (规范条款 4.2)
[WARN]  /home/gadolinite/CASHIM_HL/subsecond/raytracedicom_pybind_stage/subSecond/src/core/raytracedicom_wrapper.cu:4194  疑似注释掉的代码，规范要求直接删除 → 原行: // If rows are identical, changing energy will not change the dose (by design/bug).  (规范条款 4.3)
[WARN]  /home/gadolinite/CASHIM_HL/subsecond/raytracedicom_pybind_stage/subSecond/src/core/raytracedicom_wrapper.cu:4206  疑似 C 风格类型转换，建议改为 C++ 风格 → 原行: meanAbsDiff += (double)d;  (规范条款 4.8.3)
[WARN]  /home/gadolinite/CASHIM_HL/subsecond/raytracedicom_pybind_stage/subSecond/src/core/raytracedicom_wrapper.cu:4209  疑似 C 风格类型转换，建议改为 C++ 风格 → 原行: meanAbsDiff /= (double)nS;  (规范条款 4.8.3)
[INFO]  /home/gadolinite/CASHIM_HL/subsecond/raytracedicom_pybind_stage/subSecond/src/core/raytracedicom_wrapper.cu:4221  行尾空白字符已删除  (规范条款 4.2)
[INFO]  /home/gadolinite/CASHIM_HL/subsecond/raytracedicom_pybind_stage/subSecond/src/core/raytracedicom_wrapper.cu:4224  行尾空白字符已删除  (规范条款 4.2)
[INFO]  /home/gadolinite/CASHIM_HL/subsecond/raytracedicom_pybind_stage/subSecond/src/core/raytracedicom_wrapper.cu:4230  行尾空白字符已删除  (规范条款 4.2)
[INFO]  /home/gadolinite/CASHIM_HL/subsecond/raytracedicom_pybind_stage/subSecond/src/core/raytracedicom_wrapper.cu:4232  行尾空白字符已删除  (规范条款 4.2)
[SKIP]  /home/gadolinite/CASHIM_HL/subsecond/raytracedicom_pybind_stage/subSecond/src/core/raytracedicom_wrapper.cu:4243  行宽 124 > 120，需人工换行处理  (规范条款 4.2)
[WARN]  /home/gadolinite/CASHIM_HL/subsecond/raytracedicom_pybind_stage/subSecond/src/core/raytracedicom_wrapper.cu:4246  疑似魔鬼数字，建议定义为具名常量 → 原行: std::cout << "  [BEAM] energies (first up to 8): ";  (规范条款 4.8.1)
[INFO]  /home/gadolinite/CASHIM_HL/subsecond/raytracedicom_pybind_stage/subSecond/src/core/raytracedicom_wrapper.cu:4259  行尾空白字符已删除  (规范条款 4.2)
[WARN]  /home/gadolinite/CASHIM_HL/subsecond/raytracedicom_pybind_stage/subSecond/src/core/raytracedicom_wrapper.cu:4261  疑似注释掉的代码，规范要求直接删除 → 原行: // Pre-compute CPB convolution for all layers (energy layer  is executed inside)  (规范条款 4.3)
[INFO]  /home/gadolinite/CASHIM_HL/subsecond/raytracedicom_pybind_stage/subSecond/src/core/raytracedicom_wrapper.cu:4263  行尾空白字符已删除  (规范条款 4.2)
[WARN]  /home/gadolinite/CASHIM_HL/subsecond/raytracedicom_pybind_stage/subSecond/src/core/raytracedicom_wrapper.cu:4269  疑似注释掉的代码，规范要求直接删除 → 原行: //  - subspotData must be supplied by the caller (CarbonPBS plan parsing pipeline).  (规范条款 4.3)
[SKIP]  /home/gadolinite/CASHIM_HL/subsecond/raytracedicom_pybind_stage/subSecond/src/core/raytracedicom_wrapper.cu:4280  行宽 121 > 120，需人工换行处理  (规范条款 4.2)
[WARN]  /home/gadolinite/CASHIM_HL/subsecond/raytracedicom_pybind_stage/subSecond/src/core/raytracedicom_wrapper.cu:4286  疑似魔鬼数字，建议定义为具名常量 → 原行: << " floats (= numLayers*maxSubspotsPerLayer*5), actual="  (规范条款 4.8.1)
[WARN]  /home/gadolinite/CASHIM_HL/subsecond/raytracedicom_pybind_stage/subSecond/src/core/raytracedicom_wrapper.cu:4294  疑似注释掉的代码，规范要求直接删除 → 原行: // Geometry + coordinate system (CarbonPBS -> RayTraceDicom)  (规范条款 4.3)
[WARN]  /home/gadolinite/CASHIM_HL/subsecond/raytracedicom_pybind_stage/subSecond/src/core/raytracedicom_wrapper.cu:4296  疑似注释掉的代码，规范要求直接删除 → 原行: // RayTraceDicom's BEV/fan geometry is defined in a beam-centric ("gantry") coordinate  (规范条款 4.3)
[WARN]  /home/gadolinite/CASHIM_HL/subsecond/raytracedicom_pybind_stage/subSecond/src/core/raytracedicom_wrapper.cu:4299  疑似注释掉的代码，规范要求直接删除 → 原行: //   - the source is at (0,0,dist)  (规范条款 4.3)
[WARN]  /home/gadolinite/CASHIM_HL/subsecond/raytracedicom_pybind_stage/subSecond/src/core/raytracedicom_wrapper.cu:4300  疑似注释掉的代码，规范要求直接删除 → 原行: //   - the reference plane (isocenter) is at z=0  (规范条款 4.3)
[WARN]  /home/gadolinite/CASHIM_HL/subsecond/raytracedicom_pybind_stage/subSecond/src/core/raytracedicom_wrapper.cu:4302  疑似注释掉的代码，规范要求直接删除 → 原行: //   bmdir (beam direction), bmxdir, bmydir, source position, SAD.  (规范条款 4.3)
[WARN]  /home/gadolinite/CASHIM_HL/subsecond/raytracedicom_pybind_stage/subSecond/src/core/raytracedicom_wrapper.cu:4305  疑似注释掉的代码，规范要求直接删除 → 原行: //   CarbonPBS commonly uses cm (e.g. 0.1 == 1 mm), while RTD tables  (规范条款 4.3)
[WARN]  /home/gadolinite/CASHIM_HL/subsecond/raytracedicom_pybind_stage/subSecond/src/core/raytracedicom_wrapper.cu:4311  疑似注释掉的代码，规范要求直接删除 → 原行: // Energy depth unit normalization (EnergyStruct peakDepth/scaleFacts -> mm)  (规范条款 4.3)
[WARN]  /home/gadolinite/CASHIM_HL/subsecond/raytracedicom_pybind_stage/subSecond/src/core/raytracedicom_wrapper.cu:4314  疑似注释掉的代码，规范要求直接删除 → 原行: //   - cumulSp (WEPL) in *length units* (typically mm)  (规范条款 4.3)
[WARN]  /home/gadolinite/CASHIM_HL/subsecond/raytracedicom_pybind_stage/subSecond/src/core/raytracedicom_wrapper.cu:4319  疑似注释掉的代码，规范要求直接删除 → 原行: // peakDepth and scaleFacts so that WEPL(mm) maps to the correct IDD depth.  (规范条款 4.3)
[WARN]  /home/gadolinite/CASHIM_HL/subsecond/raytracedicom_pybind_stage/subSecond/src/core/raytracedicom_wrapper.cu:4321  疑似注释掉的代码，规范要求直接删除 → 原行: //   RTD_ENERGY_DEPTH_UNIT=mm|cm  (规范条款 4.3)
[WARN]  /home/gadolinite/CASHIM_HL/subsecond/raytracedicom_pybind_stage/subSecond/src/core/raytracedicom_wrapper.cu:4352  疑似魔鬼数字，建议定义为具名常量 → 原行: beam.profileSetting.size() >= 3 &&  (规范条款 4.8.1)
[SKIP]  /home/gadolinite/CASHIM_HL/subsecond/raytracedicom_pybind_stage/subSecond/src/core/raytracedicom_wrapper.cu:4386  行宽 158 > 120，需人工换行处理  (规范条款 4.2)
[WARN]  /home/gadolinite/CASHIM_HL/subsecond/raytracedicom_pybind_stage/subSecond/src/core/raytracedicom_wrapper.cu:4422  疑似注释掉的代码，规范要求直接删除 → 原行: // Beam geometry parameters (from CarbonPBS / caller)  (规范条款 4.3)
[WARN]  /home/gadolinite/CASHIM_HL/subsecond/raytracedicom_pybind_stage/subSecond/src/core/raytracedicom_wrapper.cu:4428  疑似注释掉的代码，规范要求直接删除 → 原行: // SAD fallback: if not provided explicitly, fall back to sourceDist.x (legacy)  (规范条款 4.3)
[WARN]  /home/gadolinite/CASHIM_HL/subsecond/raytracedicom_pybind_stage/subSecond/src/core/raytracedicom_wrapper.cu:4465  疑似注释掉的代码，规范要求直接删除 → 原行: // Gantry origin at isocenter (source + beamDir * SAD)  (规范条款 4.3)
[SKIP]  /home/gadolinite/CASHIM_HL/subsecond/raytracedicom_pybind_stage/subSecond/src/core/raytracedicom_wrapper.cu:4471  行宽 133 > 120，需人工换行处理  (规范条款 4.2)
[SKIP]  /home/gadolinite/CASHIM_HL/subsecond/raytracedicom_pybind_stage/subSecond/src/core/raytracedicom_wrapper.cu:4475  行宽 146 > 120，需人工换行处理  (规范条款 4.2)
[WARN]  /home/gadolinite/CASHIM_HL/subsecond/raytracedicom_pybind_stage/subSecond/src/core/raytracedicom_wrapper.cu:4495  疑似注释掉的代码，规范要求直接删除 → 原行: // Gantry->World affine transform (mm)  (规范条款 4.3)
[INFO]  /home/gadolinite/CASHIM_HL/subsecond/raytracedicom_pybind_stage/subSecond/src/core/raytracedicom_wrapper.cu:4503  行尾空白字符已删除  (规范条款 4.2)
[WARN]  /home/gadolinite/CASHIM_HL/subsecond/raytracedicom_pybind_stage/subSecond/src/core/raytracedicom_wrapper.cu:4505  疑似注释掉的代码，规范要求直接删除 → 原行: // CPB / ray grid definition (in gantry coordinates, on z=0 reference plane)  (规范条款 4.3)
[SKIP]  /home/gadolinite/CASHIM_HL/subsecond/raytracedicom_pybind_stage/subSecond/src/core/raytracedicom_wrapper.cu:4510  行宽 128 > 120，需人工换行处理  (规范条款 4.2)
[SKIP]  /home/gadolinite/CASHIM_HL/subsecond/raytracedicom_pybind_stage/subSecond/src/core/raytracedicom_wrapper.cu:4513  同一行多个变量初始化，建议每行只有一个 → 原行: float minGX = 1e30f, maxGX = -1e30f;  (规范条款 4.2)
[SKIP]  /home/gadolinite/CASHIM_HL/subsecond/raytracedicom_pybind_stage/subSecond/src/core/raytracedicom_wrapper.cu:4514  同一行多个变量初始化，建议每行只有一个 → 原行: float minGY = 1e30f, maxGY = -1e30f;  (规范条款 4.2)
[WARN]  /home/gadolinite/CASHIM_HL/subsecond/raytracedicom_pybind_stage/subSecond/src/core/raytracedicom_wrapper.cu:4523  疑似注释掉的代码，规范要求直接删除 → 原行: // CarbonPBS CSV corner/origin is voxel-center based. Use (dims-1)*spacing  (规范条款 4.3)
[WARN]  /home/gadolinite/CASHIM_HL/subsecond/raytracedicom_pybind_stage/subSecond/src/core/raytracedicom_wrapper.cu:4555  疑似魔鬼数字，建议定义为具名常量 → 原行: if (static_cast<int>(beam.subspotData.size()) <= base + 4) break;  (规范条款 4.8.1)
[SKIP]  /home/gadolinite/CASHIM_HL/subsecond/raytracedicom_pybind_stage/subSecond/src/core/raytracedicom_wrapper.cu:4597  行宽 131 > 120，需人工换行处理  (规范条款 4.2)
[SKIP]  /home/gadolinite/CASHIM_HL/subsecond/raytracedicom_pybind_stage/subSecond/src/core/raytracedicom_wrapper.cu:4608  行宽 131 > 120，需人工换行处理  (规范条款 4.2)
[SKIP]  /home/gadolinite/CASHIM_HL/subsecond/raytracedicom_pybind_stage/subSecond/src/core/raytracedicom_wrapper.cu:4630  行宽 139 > 120，需人工换行处理  (规范条款 4.2)
[SKIP]  /home/gadolinite/CASHIM_HL/subsecond/raytracedicom_pybind_stage/subSecond/src/core/raytracedicom_wrapper.cu:4639  同一行多个变量初始化，建议每行只有一个 → 原行: float spotMinX = 0.0f, spotMaxX = 0.0f, spotMinY = 0.0f, spotMaxY = 0.0f;  (规范条款 4.2)
[WARN]  /home/gadolinite/CASHIM_HL/subsecond/raytracedicom_pybind_stage/subSecond/src/core/raytracedicom_wrapper.cu:4700  疑似魔鬼数字，建议定义为具名常量 → 原行: cpbCorner = make_vec3f(weqHeader[6] / lenToMm, weqHeader[3] / lenToMm, 0.0f);  (规范条款 4.8.1)
[WARN]  /home/gadolinite/CASHIM_HL/subsecond/raytracedicom_pybind_stage/subSecond/src/core/raytracedicom_wrapper.cu:4701  疑似魔鬼数字，建议定义为具名常量 → 原行: cpbResolution = make_vec3f(weqHeader[7] / lenToMm, weqHeader[4] / lenToMm, doseResolution.z);  (规范条款 4.8.1)
[WARN]  /home/gadolinite/CASHIM_HL/subsecond/raytracedicom_pybind_stage/subSecond/src/core/raytracedicom_wrapper.cu:4703  疑似魔鬼数字，建议定义为具名常量 → 原行: roundUpTo(std::max(1, static_cast<int>(std::lround(weqHeader[8]))), SUPERP_TILE_X),  (规范条款 4.8.1)
[WARN]  /home/gadolinite/CASHIM_HL/subsecond/raytracedicom_pybind_stage/subSecond/src/core/raytracedicom_wrapper.cu:4704  疑似魔鬼数字，建议定义为具名常量 → 原行: roundUpTo(std::max(1, static_cast<int>(std::lround(weqHeader[5]))), SUPERP_TILE_Y),  (规范条款 4.8.1)
[WARN]  /home/gadolinite/CASHIM_HL/subsecond/raytracedicom_pybind_stage/subSecond/src/core/raytracedicom_wrapper.cu:4713  疑似魔鬼数字，建议定义为具名常量 → 原行: "doseResolution*0.5 fallback is not RTD-main-equivalent");  (规范条款 4.8.1)
[WARN]  /home/gadolinite/CASHIM_HL/subsecond/raytracedicom_pybind_stage/subSecond/src/core/raytracedicom_wrapper.cu:4741  疑似 C 风格类型转换，建议改为 C++ 风格 → 原行: std::max(1, (int)std::ceil(covX_cm / cpbResolution.x)),  (规范条款 4.8.3)
[WARN]  /home/gadolinite/CASHIM_HL/subsecond/raytracedicom_pybind_stage/subSecond/src/core/raytracedicom_wrapper.cu:4742  疑似 C 风格类型转换，建议改为 C++ 风格 → 原行: std::max(1, (int)std::ceil(covY_cm / cpbResolution.y)),  (规范条款 4.8.3)
[SKIP]  /home/gadolinite/CASHIM_HL/subsecond/raytracedicom_pybind_stage/subSecond/src/core/raytracedicom_wrapper.cu:4751  行宽 132 > 120，需人工换行处理  (规范条款 4.2)
[SKIP]  /home/gadolinite/CASHIM_HL/subsecond/raytracedicom_pybind_stage/subSecond/src/core/raytracedicom_wrapper.cu:4752  行宽 121 > 120，需人工换行处理  (规范条款 4.2)
[WARN]  /home/gadolinite/CASHIM_HL/subsecond/raytracedicom_pybind_stage/subSecond/src/core/raytracedicom_wrapper.cu:4765  疑似注释掉的代码，规范要求直接删除 → 原行: // Gantry -> image/dose index transforms (mm)  (规范条款 4.3)
[WARN]  /home/gadolinite/CASHIM_HL/subsecond/raytracedicom_pybind_stage/subSecond/src/core/raytracedicom_wrapper.cu:4789  疑似注释掉的代码，规范要求直接删除 → 原行: // Source distance in mm (per-axis). Prefer explicitly provided sourceDist.  (规范条款 4.3)
[SKIP]  /home/gadolinite/CASHIM_HL/subsecond/raytracedicom_pybind_stage/subSecond/src/core/raytracedicom_wrapper.cu:4814  行宽 150 > 120，需人工换行处理  (规范条款 4.2)
[SKIP]  /home/gadolinite/CASHIM_HL/subsecond/raytracedicom_pybind_stage/subSecond/src/core/raytracedicom_wrapper.cu:4820  同一行多个变量初始化，建议每行只有一个 → 原行: float minGZ = 1e30f, maxGZ = -1e30f;  (规范条款 4.2)
[WARN]  /home/gadolinite/CASHIM_HL/subsecond/raytracedicom_pybind_stage/subSecond/src/core/raytracedicom_wrapper.cu:4850  疑似魔鬼数字，建议定义为具名常量 → 原行: if (hasWeqVolume && weqHeader.size() >= 9) {  (规范条款 4.8.1)
[WARN]  /home/gadolinite/CASHIM_HL/subsecond/raytracedicom_pybind_stage/subSecond/src/core/raytracedicom_wrapper.cu:4864  疑似注释掉的代码，规范要求直接删除 → 原行: // downstream stage (entry plane, pxSpMult, iddParams.corner,  (规范条款 4.3)
[WARN]  /home/gadolinite/CASHIM_HL/subsecond/raytracedicom_pybind_stage/subSecond/src/core/raytracedicom_wrapper.cu:4898  疑似 C 风格类型转换，建议改为 C++ 风格 → 原行: : std::max(1, (int)std::ceil((maxGZ - minGZ) / fabsf(stepLength_mm)) + 1);  (规范条款 4.8.3)
[WARN]  /home/gadolinite/CASHIM_HL/subsecond/raytracedicom_pybind_stage/subSecond/src/core/raytracedicom_wrapper.cu:4922  疑似注释掉的代码，规范要求直接删除 → 原行: // Fan grid definition (in gantry coords, mm).  (规范条款 4.3)
[SKIP]  /home/gadolinite/CASHIM_HL/subsecond/raytracedicom_pybind_stage/subSecond/src/core/raytracedicom_wrapper.cu:4939  行宽 122 > 120，需人工换行处理  (规范条款 4.2)
[INFO]  /home/gadolinite/CASHIM_HL/subsecond/raytracedicom_pybind_stage/subSecond/src/core/raytracedicom_wrapper.cu:4952  行尾空白字符已删除  (规范条款 4.2)
[SKIP]  /home/gadolinite/CASHIM_HL/subsecond/raytracedicom_pybind_stage/subSecond/src/core/raytracedicom_wrapper.cu:4966  行宽 124 > 120，需人工换行处理  (规范条款 4.2)
[SKIP]  /home/gadolinite/CASHIM_HL/subsecond/raytracedicom_pybind_stage/subSecond/src/core/raytracedicom_wrapper.cu:4983  行宽 121 > 120，需人工换行处理  (规范条款 4.2)
[WARN]  /home/gadolinite/CASHIM_HL/subsecond/raytracedicom_pybind_stage/subSecond/src/core/raytracedicom_wrapper.cu:4984  疑似魔鬼数字，建议定义为具名常量 → 原行: "Gate 9.41 upstream contract failed: " + physicalPbLattice.failureReason);  (规范条款 4.8.1)
[SKIP]  /home/gadolinite/CASHIM_HL/subsecond/raytracedicom_pybind_stage/subSecond/src/core/raytracedicom_wrapper.cu:4996  行宽 161 > 120，需人工换行处理  (规范条款 4.2)
[SKIP]  /home/gadolinite/CASHIM_HL/subsecond/raytracedicom_pybind_stage/subSecond/src/core/raytracedicom_wrapper.cu:4997  行宽 153 > 120，需人工换行处理  (规范条款 4.2)
[SKIP]  /home/gadolinite/CASHIM_HL/subsecond/raytracedicom_pybind_stage/subSecond/src/core/raytracedicom_wrapper.cu:4998  行宽 157 > 120，需人工换行处理  (规范条款 4.2)
[SKIP]  /home/gadolinite/CASHIM_HL/subsecond/raytracedicom_pybind_stage/subSecond/src/core/raytracedicom_wrapper.cu:5000  行宽 128 > 120，需人工换行处理  (规范条款 4.2)
[SKIP]  /home/gadolinite/CASHIM_HL/subsecond/raytracedicom_pybind_stage/subSecond/src/core/raytracedicom_wrapper.cu:5003  行宽 173 > 120，需人工换行处理  (规范条款 4.2)
[SKIP]  /home/gadolinite/CASHIM_HL/subsecond/raytracedicom_pybind_stage/subSecond/src/core/raytracedicom_wrapper.cu:5004  行宽 165 > 120，需人工换行处理  (规范条款 4.2)
[SKIP]  /home/gadolinite/CASHIM_HL/subsecond/raytracedicom_pybind_stage/subSecond/src/core/raytracedicom_wrapper.cu:5005  行宽 170 > 120，需人工换行处理  (规范条款 4.2)
[SKIP]  /home/gadolinite/CASHIM_HL/subsecond/raytracedicom_pybind_stage/subSecond/src/core/raytracedicom_wrapper.cu:5042  行宽 130 > 120，需人工换行处理  (规范条款 4.2)
[SKIP]  /home/gadolinite/CASHIM_HL/subsecond/raytracedicom_pybind_stage/subSecond/src/core/raytracedicom_wrapper.cu:5077  行宽 124 > 120，需人工换行处理  (规范条款 4.2)
[SKIP]  /home/gadolinite/CASHIM_HL/subsecond/raytracedicom_pybind_stage/subSecond/src/core/raytracedicom_wrapper.cu:5078  行宽 125 > 120，需人工换行处理  (规范条款 4.2)
[SKIP]  /home/gadolinite/CASHIM_HL/subsecond/raytracedicom_pybind_stage/subSecond/src/core/raytracedicom_wrapper.cu:5087  行宽 137 > 120，需人工换行处理  (规范条款 4.2)
[SKIP]  /home/gadolinite/CASHIM_HL/subsecond/raytracedicom_pybind_stage/subSecond/src/core/raytracedicom_wrapper.cu:5088  行宽 137 > 120，需人工换行处理  (规范条款 4.2)
[INFO]  /home/gadolinite/CASHIM_HL/subsecond/raytracedicom_pybind_stage/subSecond/src/core/raytracedicom_wrapper.cu:5109  指针/引用符号空格修正（两边都无空格 → 靠左形式）  (规范条款 4.2)
[WARN]  /home/gadolinite/CASHIM_HL/subsecond/raytracedicom_pybind_stage/subSecond/src/core/raytracedicom_wrapper.cu:5111  疑似注释掉的代码，规范要求直接删除 → 原行: // dosecal.py preallocates rayweq with nMaxStep=10000, but legacy  (规范条款 4.3)
[SKIP]  /home/gadolinite/CASHIM_HL/subsecond/raytracedicom_pybind_stage/subSecond/src/core/raytracedicom_wrapper.cu:5274  行宽 122 > 120，需人工换行处理  (规范条款 4.2)
[SKIP]  /home/gadolinite/CASHIM_HL/subsecond/raytracedicom_pybind_stage/subSecond/src/core/raytracedicom_wrapper.cu:5299  行宽 125 > 120，需人工换行处理  (规范条款 4.2)
[SKIP]  /home/gadolinite/CASHIM_HL/subsecond/raytracedicom_pybind_stage/subSecond/src/core/raytracedicom_wrapper.cu:5343  行宽 129 > 120，需人工换行处理  (规范条款 4.2)
[SKIP]  /home/gadolinite/CASHIM_HL/subsecond/raytracedicom_pybind_stage/subSecond/src/core/raytracedicom_wrapper.cu:5365  行宽 130 > 120，需人工换行处理  (规范条款 4.2)
[SKIP]  /home/gadolinite/CASHIM_HL/subsecond/raytracedicom_pybind_stage/subSecond/src/core/raytracedicom_wrapper.cu:5373  行宽 123 > 120，需人工换行处理  (规范条款 4.2)
[SKIP]  /home/gadolinite/CASHIM_HL/subsecond/raytracedicom_pybind_stage/subSecond/src/core/raytracedicom_wrapper.cu:5382  行宽 152 > 120，需人工换行处理  (规范条款 4.2)
[SKIP]  /home/gadolinite/CASHIM_HL/subsecond/raytracedicom_pybind_stage/subSecond/src/core/raytracedicom_wrapper.cu:5386  行宽 141 > 120，需人工换行处理  (规范条款 4.2)
[SKIP]  /home/gadolinite/CASHIM_HL/subsecond/raytracedicom_pybind_stage/subSecond/src/core/raytracedicom_wrapper.cu:5387  行宽 140 > 120，需人工换行处理  (规范条款 4.2)
[SKIP]  /home/gadolinite/CASHIM_HL/subsecond/raytracedicom_pybind_stage/subSecond/src/core/raytracedicom_wrapper.cu:5419  行宽 134 > 120，需人工换行处理  (规范条款 4.2)
[SKIP]  /home/gadolinite/CASHIM_HL/subsecond/raytracedicom_pybind_stage/subSecond/src/core/raytracedicom_wrapper.cu:5432  行宽 137 > 120，需人工换行处理  (规范条款 4.2)
[SKIP]  /home/gadolinite/CASHIM_HL/subsecond/raytracedicom_pybind_stage/subSecond/src/core/raytracedicom_wrapper.cu:5433  行宽 136 > 120，需人工换行处理  (规范条款 4.2)
[SKIP]  /home/gadolinite/CASHIM_HL/subsecond/raytracedicom_pybind_stage/subSecond/src/core/raytracedicom_wrapper.cu:5443  行宽 138 > 120，需人工换行处理  (规范条款 4.2)
[SKIP]  /home/gadolinite/CASHIM_HL/subsecond/raytracedicom_pybind_stage/subSecond/src/core/raytracedicom_wrapper.cu:5471  行宽 140 > 120，需人工换行处理  (规范条款 4.2)
[WARN]  /home/gadolinite/CASHIM_HL/subsecond/raytracedicom_pybind_stage/subSecond/src/core/raytracedicom_wrapper.cu:5505  疑似魔鬼数字，建议定义为具名常量 → 原行: << " nnz(>1e-6)=" << st.countGT << "/" << nRays  (规范条款 4.8.1)
[SKIP]  /home/gadolinite/CASHIM_HL/subsecond/raytracedicom_pybind_stage/subSecond/src/core/raytracedicom_wrapper.cu:5526  行宽 126 > 120，需人工换行处理  (规范条款 4.2)
[INFO]  /home/gadolinite/CASHIM_HL/subsecond/raytracedicom_pybind_stage/subSecond/src/core/raytracedicom_wrapper.cu:5585  行尾空白字符已删除  (规范条款 4.2)
[INFO]  /home/gadolinite/CASHIM_HL/subsecond/raytracedicom_pybind_stage/subSecond/src/core/raytracedicom_wrapper.cu:5587  行尾空白字符已删除  (规范条款 4.2)
[INFO]  /home/gadolinite/CASHIM_HL/subsecond/raytracedicom_pybind_stage/subSecond/src/core/raytracedicom_wrapper.cu:5597  行尾空白字符已删除  (规范条款 4.2)
[INFO]  /home/gadolinite/CASHIM_HL/subsecond/raytracedicom_pybind_stage/subSecond/src/core/raytracedicom_wrapper.cu:5600  行尾空白字符已删除  (规范条款 4.2)
[WARN]  /home/gadolinite/CASHIM_HL/subsecond/raytracedicom_pybind_stage/subSecond/src/core/raytracedicom_wrapper.cu:5601  疑似注释掉的代码，规范要求直接删除 → 原行: // Find energy index (float index for interpolation).  (规范条款 4.3)
[WARN]  /home/gadolinite/CASHIM_HL/subsecond/raytracedicom_pybind_stage/subSecond/src/core/raytracedicom_wrapper.cu:5630  疑似注释掉的代码，规范要求直接删除 → 原行: // Clamp to low-energy end (below LUT range)  (规范条款 4.3)
[WARN]  /home/gadolinite/CASHIM_HL/subsecond/raytracedicom_pybind_stage/subSecond/src/core/raytracedicom_wrapper.cu:5632  疑似 C 风格类型转换，建议改为 C++ 风格 → 原行: energyIdx = (float)idxLow;  (规范条款 4.8.3)
[WARN]  /home/gadolinite/CASHIM_HL/subsecond/raytracedicom_pybind_stage/subSecond/src/core/raytracedicom_wrapper.cu:5640  疑似注释掉的代码，规范要求直接删除 → 原行: // Clamp to high-energy end (above LUT range)  (规范条款 4.3)
[WARN]  /home/gadolinite/CASHIM_HL/subsecond/raytracedicom_pybind_stage/subSecond/src/core/raytracedicom_wrapper.cu:5642  疑似 C 风格类型转换，建议改为 C++ 风格 → 原行: energyIdx = (float)idxHigh;  (规范条款 4.8.3)
[WARN]  /home/gadolinite/CASHIM_HL/subsecond/raytracedicom_pybind_stage/subSecond/src/core/raytracedicom_wrapper.cu:5650  疑似注释掉的代码，规范要求直接删除 → 原行: // Find segment containing energy (inclusive)  (规范条款 4.3)
[WARN]  /home/gadolinite/CASHIM_HL/subsecond/raytracedicom_pybind_stage/subSecond/src/core/raytracedicom_wrapper.cu:5672  疑似注释掉的代码，规范要求直接删除 → 原行: // Warn when energy is truly outside LUT range (silent failure otherwise)  (规范条款 4.3)
[INFO]  /home/gadolinite/CASHIM_HL/subsecond/raytracedicom_pybind_stage/subSecond/src/core/raytracedicom_wrapper.cu:5704  行尾空白字符已删除  (规范条款 4.2)
[INFO]  /home/gadolinite/CASHIM_HL/subsecond/raytracedicom_pybind_stage/subSecond/src/core/raytracedicom_wrapper.cu:5707  行尾空白字符已删除  (规范条款 4.2)
[INFO]  /home/gadolinite/CASHIM_HL/subsecond/raytracedicom_pybind_stage/subSecond/src/core/raytracedicom_wrapper.cu:5718  行尾空白字符已删除  (规范条款 4.2)
[WARN]  /home/gadolinite/CASHIM_HL/subsecond/raytracedicom_pybind_stage/subSecond/src/core/raytracedicom_wrapper.cu:5724  疑似注释掉的代码，规范要求直接删除 → 原行: //   depthIdx = WEPL_mm * energyScaleFact + 0.5  (规范条款 4.3)
[INFO]  /home/gadolinite/CASHIM_HL/subsecond/raytracedicom_pybind_stage/subSecond/src/core/raytracedicom_wrapper.cu:5743  行尾空白字符已删除  (规范条款 4.2)
[WARN]  /home/gadolinite/CASHIM_HL/subsecond/raytracedicom_pybind_stage/subSecond/src/core/raytracedicom_wrapper.cu:5746  疑似注释掉的代码，规范要求直接删除 → 原行: // [9.33] Expected dimensionless spotDistInRays = halo physical-PB spacing / CPB  (规范条款 4.3)
[WARN]  /home/gadolinite/CASHIM_HL/subsecond/raytracedicom_pybind_stage/subSecond/src/core/raytracedicom_wrapper.cu:5747  疑似注释掉的代码，规范要求直接删除 → 原行: // ray spacing. Post-9.23 the halo lattice is the canonical PB grid (e.g. 5x5  (规范条款 4.3)
[WARN]  /home/gadolinite/CASHIM_HL/subsecond/raytracedicom_pybind_stage/subSecond/src/core/raytracedicom_wrapper.cu:5748  疑似注释掉的代码，规范要求直接删除 → 原行: // at 5mm) while the primary helper lattice (rawSpotLattice) stays at the WEQ  (规范条款 4.3)
[WARN]  /home/gadolinite/CASHIM_HL/subsecond/raytracedicom_pybind_stage/subSecond/src/core/raytracedicom_wrapper.cu:5749  疑似注释掉的代码，规范要求直接删除 → 原行: // texel grid (e.g. 80x60 at 1mm); therefore expected MUST come from  (规范条款 4.3)
[SKIP]  /home/gadolinite/CASHIM_HL/subsecond/raytracedicom_pybind_stage/subSecond/src/core/raytracedicom_wrapper.cu:5777  行宽 152 > 120，需人工换行处理  (规范条款 4.2)
[WARN]  /home/gadolinite/CASHIM_HL/subsecond/raytracedicom_pybind_stage/subSecond/src/core/raytracedicom_wrapper.cu:5785  疑似注释掉的代码，规范要求直接删除 → 原行: // Compute spotDistInRays here (same priority as the full computation below)  (规范条款 4.3)
[WARN]  /home/gadolinite/CASHIM_HL/subsecond/raytracedicom_pybind_stage/subSecond/src/core/raytracedicom_wrapper.cu:5799  疑似魔鬼数字，建议定义为具名常量 → 原行: "[9.59] Nuclear superposition gate: spotDistInRays=" +  (规范条款 4.8.1)
[WARN]  /home/gadolinite/CASHIM_HL/subsecond/raytracedicom_pybind_stage/subSecond/src/core/raytracedicom_wrapper.cu:5801  疑似魔鬼数字，建议定义为具名常量 → 原行: " < 1.5 for layer=" + std::to_string(layerIdx) +  (规范条款 4.8.1)
[WARN]  /home/gadolinite/CASHIM_HL/subsecond/raytracedicom_pybind_stage/subSecond/src/core/raytracedicom_wrapper.cu:5802  疑似魔鬼数字，建议定义为具名常量 → 原行: ". Nuclear sigma will not be compressed; tileRadCalc would exceed kMaxSuperpR=32. "  (规范条款 4.8.1)
[SKIP]  /home/gadolinite/CASHIM_HL/subsecond/raytracedicom_pybind_stage/subSecond/src/core/raytracedicom_wrapper.cu:5816  行宽 125 > 120，需人工换行处理  (规范条款 4.2)
[SKIP]  /home/gadolinite/CASHIM_HL/subsecond/raytracedicom_pybind_stage/subSecond/src/core/raytracedicom_wrapper.cu:5825  行宽 128 > 120，需人工换行处理  (规范条款 4.2)
[SKIP]  /home/gadolinite/CASHIM_HL/subsecond/raytracedicom_pybind_stage/subSecond/src/core/raytracedicom_wrapper.cu:5833  行宽 156 > 120，需人工换行处理  (规范条款 4.2)
[INFO]  /home/gadolinite/CASHIM_HL/subsecond/raytracedicom_pybind_stage/subSecond/src/core/raytracedicom_wrapper.cu:5841  行尾空白字符已删除  (规范条款 4.2)
[WARN]  /home/gadolinite/CASHIM_HL/subsecond/raytracedicom_pybind_stage/subSecond/src/core/raytracedicom_wrapper.cu:5854  疑似注释掉的代码，规范要求直接删除 → 原行: // RayTraceDicom reference: spotDistInRays = beam.spotDelta.x / beam.raySpacing.x  (规范条款 4.3)
[WARN]  /home/gadolinite/CASHIM_HL/subsecond/raytracedicom_pybind_stage/subSecond/src/core/raytracedicom_wrapper.cu:5876  疑似注释掉的代码，规范要求直接删除 → 原行: // [9.24] Legacy diagnostic warning (NOT a hard fail). In the  (规范条款 4.3)
[WARN]  /home/gadolinite/CASHIM_HL/subsecond/raytracedicom_pybind_stage/subSecond/src/core/raytracedicom_wrapper.cu:5891  疑似魔鬼数字，建议定义为具名常量 → 原行: roundedX > 32.0f || roundedY > 32.0f;  (规范条款 4.8.1)
[WARN]  /home/gadolinite/CASHIM_HL/subsecond/raytracedicom_pybind_stage/subSecond/src/core/raytracedicom_wrapper.cu:5894  含自增/自减的复合表达式，需人工将自增/自减单独放一行 → 原行: if (s_ratioWarn++ < 3) {  (规范条款 4.8.2)
[WARN]  /home/gadolinite/CASHIM_HL/subsecond/raytracedicom_pybind_stage/subSecond/src/core/raytracedicom_wrapper.cu:5894  疑似魔鬼数字，建议定义为具名常量 → 原行: if (s_ratioWarn++ < 3) {  (规范条款 4.8.1)
[WARN]  /home/gadolinite/CASHIM_HL/subsecond/raytracedicom_pybind_stage/subSecond/src/core/raytracedicom_wrapper.cu:5895  疑似魔鬼数字，建议定义为具名常量 → 原行: std::cerr << "  [9.24] WARN: halo/primary lattice ratio=("  (规范条款 4.8.1)
[WARN]  /home/gadolinite/CASHIM_HL/subsecond/raytracedicom_pybind_stage/subSecond/src/core/raytracedicom_wrapper.cu:5905  含自增/自减的复合表达式，需人工将自增/自减单独放一行 → 原行: if (s_distWarn++ < 3) {  (规范条款 4.8.2)
[WARN]  /home/gadolinite/CASHIM_HL/subsecond/raytracedicom_pybind_stage/subSecond/src/core/raytracedicom_wrapper.cu:5905  疑似魔鬼数字，建议定义为具名常量 → 原行: if (s_distWarn++ < 3) {  (规范条款 4.8.1)
[WARN]  /home/gadolinite/CASHIM_HL/subsecond/raytracedicom_pybind_stage/subSecond/src/core/raytracedicom_wrapper.cu:5917  疑似注释掉的代码，规范要求直接删除 → 原行: //   Pre-9.23 (broken): nucRayDims = padded(CPB grid), e.g. (96, 64);  (规范条款 4.3)
[WARN]  /home/gadolinite/CASHIM_HL/subsecond/raytracedicom_pybind_stage/subSecond/src/core/raytracedicom_wrapper.cu:5918  疑似注释掉的代码，规范要求直接删除 → 原行: //                      occupancy ~ 25/6144 = 0.4% (sparse-on-dense).  (规范条款 4.3)
[WARN]  /home/gadolinite/CASHIM_HL/subsecond/raytracedicom_pybind_stage/subSecond/src/core/raytracedicom_wrapper.cu:5919  疑似注释掉的代码，规范要求直接删除 → 原行: //   Post-9.23 (fixed):  nucRayDims = padded(PB grid), e.g. (32, 32);  (规范条款 4.3)
[WARN]  /home/gadolinite/CASHIM_HL/subsecond/raytracedicom_pybind_stage/subSecond/src/core/raytracedicom_wrapper.cu:5920  疑似注释掉的代码，规范要求直接删除 → 原行: //                      occupancy ~ 25/1024 = 2.4% (sparse-on-coarse).  (规范条款 4.3)
[WARN]  /home/gadolinite/CASHIM_HL/subsecond/raytracedicom_pybind_stage/subSecond/src/core/raytracedicom_wrapper.cu:5924  含自增/自减的复合表达式，需人工将自增/自减单独放一行 → 原行: if (v > 0.0f) ++paddedNonzero;  (规范条款 4.8.2)
[SKIP]  /home/gadolinite/CASHIM_HL/subsecond/raytracedicom_pybind_stage/subSecond/src/core/raytracedicom_wrapper.cu:5938  行宽 128 > 120，需人工换行处理  (规范条款 4.2)
[SKIP]  /home/gadolinite/CASHIM_HL/subsecond/raytracedicom_pybind_stage/subSecond/src/core/raytracedicom_wrapper.cu:5961  行宽 128 > 120，需人工换行处理  (规范条款 4.2)
[SKIP]  /home/gadolinite/CASHIM_HL/subsecond/raytracedicom_pybind_stage/subSecond/src/core/raytracedicom_wrapper.cu:5965  行宽 128 > 120，需人工换行处理  (规范条款 4.2)
[SKIP]  /home/gadolinite/CASHIM_HL/subsecond/raytracedicom_pybind_stage/subSecond/src/core/raytracedicom_wrapper.cu:5972  行宽 126 > 120，需人工换行处理  (规范条款 4.2)
[SKIP]  /home/gadolinite/CASHIM_HL/subsecond/raytracedicom_pybind_stage/subSecond/src/core/raytracedicom_wrapper.cu:5974  行宽 128 > 120，需人工换行处理  (规范条款 4.2)
[SKIP]  /home/gadolinite/CASHIM_HL/subsecond/raytracedicom_pybind_stage/subSecond/src/core/raytracedicom_wrapper.cu:5976  行宽 125 > 120，需人工换行处理  (规范条款 4.2)
[SKIP]  /home/gadolinite/CASHIM_HL/subsecond/raytracedicom_pybind_stage/subSecond/src/core/raytracedicom_wrapper.cu:5977  行宽 129 > 120，需人工换行处理  (规范条款 4.2)
[SKIP]  /home/gadolinite/CASHIM_HL/subsecond/raytracedicom_pybind_stage/subSecond/src/core/raytracedicom_wrapper.cu:5983  行宽 124 > 120，需人工换行处理  (规范条款 4.2)
[INFO]  /home/gadolinite/CASHIM_HL/subsecond/raytracedicom_pybind_stage/subSecond/src/core/raytracedicom_wrapper.cu:6004  Tab缩进 → 4空格缩进  (规范条款 4.2)
[INFO]  /home/gadolinite/CASHIM_HL/subsecond/raytracedicom_pybind_stage/subSecond/src/core/raytracedicom_wrapper.cu:6005  Tab缩进 → 4空格缩进  (规范条款 4.2)
[WARN]  /home/gadolinite/CASHIM_HL/subsecond/raytracedicom_pybind_stage/subSecond/src/core/raytracedicom_wrapper.cu:6005  疑似注释掉的代码，规范要求直接删除 → 原行: // IMPORTANT (unit normalization):  (规范条款 4.3)
[INFO]  /home/gadolinite/CASHIM_HL/subsecond/raytracedicom_pybind_stage/subSecond/src/core/raytracedicom_wrapper.cu:6006  Tab缩进 → 4空格缩进  (规范条款 4.2)
[INFO]  /home/gadolinite/CASHIM_HL/subsecond/raytracedicom_pybind_stage/subSecond/src/core/raytracedicom_wrapper.cu:6007  Tab缩进 → 4空格缩进  (规范条款 4.2)
[WARN]  /home/gadolinite/CASHIM_HL/subsecond/raytracedicom_pybind_stage/subSecond/src/core/raytracedicom_wrapper.cu:6007  疑似注释掉的代码，规范要求直接删除 → 原行: //   All "fan" geometry (corner/delta/dist) provided to the  (规范条款 4.3)
[INFO]  /home/gadolinite/CASHIM_HL/subsecond/raytracedicom_pybind_stage/subSecond/src/core/raytracedicom_wrapper.cu:6008  Tab缩进 → 4空格缩进  (规范条款 4.2)
[INFO]  /home/gadolinite/CASHIM_HL/subsecond/raytracedicom_pybind_stage/subSecond/src/core/raytracedicom_wrapper.cu:6009  Tab缩进 → 4空格缩进  (规范条款 4.2)
[WARN]  /home/gadolinite/CASHIM_HL/subsecond/raytracedicom_pybind_stage/subSecond/src/core/raytracedicom_wrapper.cu:6009  疑似注释掉的代码，规范要求直接删除 → 原行: //   tracer (DensityAndSpTracerParams).  (规范条款 4.3)
[INFO]  /home/gadolinite/CASHIM_HL/subsecond/raytracedicom_pybind_stage/subSecond/src/core/raytracedicom_wrapper.cu:6010  Tab缩进 → 4空格缩进  (规范条款 4.2)
[INFO]  /home/gadolinite/CASHIM_HL/subsecond/raytracedicom_pybind_stage/subSecond/src/core/raytracedicom_wrapper.cu:6012  Tab缩进 → 4空格缩进  (规范条款 4.2)
[INFO]  /home/gadolinite/CASHIM_HL/subsecond/raytracedicom_pybind_stage/subSecond/src/core/raytracedicom_wrapper.cu:6013  Tab缩进 → 4空格缩进  (规范条款 4.2)
[WARN]  /home/gadolinite/CASHIM_HL/subsecond/raytracedicom_pybind_stage/subSecond/src/core/raytracedicom_wrapper.cu:6013  疑似注释掉的代码，规范要求直接删除 → 原行: // looks cm-like and sigma is very small (<1), treat it as cm.  (规范条款 4.3)
[INFO]  /home/gadolinite/CASHIM_HL/subsecond/raytracedicom_pybind_stage/subSecond/src/core/raytracedicom_wrapper.cu:6014  Tab缩进 → 4空格缩进  (规范条款 4.2)
[INFO]  /home/gadolinite/CASHIM_HL/subsecond/raytracedicom_pybind_stage/subSecond/src/core/raytracedicom_wrapper.cu:6015  Tab缩进 → 4空格缩进  (规范条款 4.2)
[WARN]  /home/gadolinite/CASHIM_HL/subsecond/raytracedicom_pybind_stage/subSecond/src/core/raytracedicom_wrapper.cu:6015  疑似注释掉的代码，规范要求直接删除 → 原行: // RTDBeamSettings stores spotSigmas as (sigmax, sigmay) per layer.  (规范条款 4.3)
[INFO]  /home/gadolinite/CASHIM_HL/subsecond/raytracedicom_pybind_stage/subSecond/src/core/raytracedicom_wrapper.cu:6016  Tab缩进 → 4空格缩进  (规范条款 4.2)
[INFO]  /home/gadolinite/CASHIM_HL/subsecond/raytracedicom_pybind_stage/subSecond/src/core/raytracedicom_wrapper.cu:6017  Tab缩进 → 4空格缩进  (规范条款 4.2)
[INFO]  /home/gadolinite/CASHIM_HL/subsecond/raytracedicom_pybind_stage/subSecond/src/core/raytracedicom_wrapper.cu:6018  Tab缩进 → 4空格缩进  (规范条款 4.2)
[INFO]  /home/gadolinite/CASHIM_HL/subsecond/raytracedicom_pybind_stage/subSecond/src/core/raytracedicom_wrapper.cu:6019  Tab缩进 → 4空格缩进  (规范条款 4.2)
[INFO]  /home/gadolinite/CASHIM_HL/subsecond/raytracedicom_pybind_stage/subSecond/src/core/raytracedicom_wrapper.cu:6020  Tab缩进 → 4空格缩进  (规范条款 4.2)
[INFO]  /home/gadolinite/CASHIM_HL/subsecond/raytracedicom_pybind_stage/subSecond/src/core/raytracedicom_wrapper.cu:6021  Tab缩进 → 4空格缩进  (规范条款 4.2)
[INFO]  /home/gadolinite/CASHIM_HL/subsecond/raytracedicom_pybind_stage/subSecond/src/core/raytracedicom_wrapper.cu:6022  Tab缩进 → 4空格缩进  (规范条款 4.2)
[INFO]  /home/gadolinite/CASHIM_HL/subsecond/raytracedicom_pybind_stage/subSecond/src/core/raytracedicom_wrapper.cu:6023  Tab缩进 → 4空格缩进  (规范条款 4.2)
[INFO]  /home/gadolinite/CASHIM_HL/subsecond/raytracedicom_pybind_stage/subSecond/src/core/raytracedicom_wrapper.cu:6024  Tab缩进 → 4空格缩进  (规范条款 4.2)
[INFO]  /home/gadolinite/CASHIM_HL/subsecond/raytracedicom_pybind_stage/subSecond/src/core/raytracedicom_wrapper.cu:6025  Tab缩进 → 4空格缩进  (规范条款 4.2)
[INFO]  /home/gadolinite/CASHIM_HL/subsecond/raytracedicom_pybind_stage/subSecond/src/core/raytracedicom_wrapper.cu:6026  Tab缩进 → 4空格缩进  (规范条款 4.2)
[INFO]  /home/gadolinite/CASHIM_HL/subsecond/raytracedicom_pybind_stage/subSecond/src/core/raytracedicom_wrapper.cu:6027  Tab缩进 → 4空格缩进  (规范条款 4.2)
[INFO]  /home/gadolinite/CASHIM_HL/subsecond/raytracedicom_pybind_stage/subSecond/src/core/raytracedicom_wrapper.cu:6028  Tab缩进 → 4空格缩进  (规范条款 4.2)
[WARN]  /home/gadolinite/CASHIM_HL/subsecond/raytracedicom_pybind_stage/subSecond/src/core/raytracedicom_wrapper.cu:6028  疑似注释掉的代码，规范要求直接删除 → 原行: // These are recomputed in initStepAndAirDiv(); initialize to 0.  (规范条款 4.3)
[INFO]  /home/gadolinite/CASHIM_HL/subsecond/raytracedicom_pybind_stage/subSecond/src/core/raytracedicom_wrapper.cu:6029  Tab缩进 → 4空格缩进  (规范条款 4.2)
[INFO]  /home/gadolinite/CASHIM_HL/subsecond/raytracedicom_pybind_stage/subSecond/src/core/raytracedicom_wrapper.cu:6030  Tab缩进 → 4空格缩进  (规范条款 4.2)
[INFO]  /home/gadolinite/CASHIM_HL/subsecond/raytracedicom_pybind_stage/subSecond/src/core/raytracedicom_wrapper.cu:6031  Tab缩进 → 4空格缩进  (规范条款 4.2)
[WARN]  /home/gadolinite/CASHIM_HL/subsecond/raytracedicom_pybind_stage/subSecond/src/core/raytracedicom_wrapper.cu:6031  疑似注释掉的代码，规范要求直接删除 → 原行: // Fan geometry (mm). Must match the tracer's fanIdxToFan settings.  (规范条款 4.3)
[INFO]  /home/gadolinite/CASHIM_HL/subsecond/raytracedicom_pybind_stage/subSecond/src/core/raytracedicom_wrapper.cu:6032  Tab缩进 → 4空格缩进  (规范条款 4.2)
[INFO]  /home/gadolinite/CASHIM_HL/subsecond/raytracedicom_pybind_stage/subSecond/src/core/raytracedicom_wrapper.cu:6033  Tab缩进 → 4空格缩进  (规范条款 4.2)
[INFO]  /home/gadolinite/CASHIM_HL/subsecond/raytracedicom_pybind_stage/subSecond/src/core/raytracedicom_wrapper.cu:6034  Tab缩进 → 4空格缩进  (规范条款 4.2)
[INFO]  /home/gadolinite/CASHIM_HL/subsecond/raytracedicom_pybind_stage/subSecond/src/core/raytracedicom_wrapper.cu:6035  行尾空白字符已删除  (规范条款 4.2)
[WARN]  /home/gadolinite/CASHIM_HL/subsecond/raytracedicom_pybind_stage/subSecond/src/core/raytracedicom_wrapper.cu:6037  疑似注释掉的代码，规范要求直接删除 → 原行: // Based on RayTracedicom formula: volPerDist(k) = volConst + k*volLin + k*k*volSq  (规范条款 4.3)
[INFO]  /home/gadolinite/CASHIM_HL/subsecond/raytracedicom_pybind_stage/subSecond/src/core/raytracedicom_wrapper.cu:6045  行尾空白字符已删除  (规范条款 4.2)
[INFO]  /home/gadolinite/CASHIM_HL/subsecond/raytracedicom_pybind_stage/subSecond/src/core/raytracedicom_wrapper.cu:6046  行尾空白字符已删除  (规范条款 4.2)
[INFO]  /home/gadolinite/CASHIM_HL/subsecond/raytracedicom_pybind_stage/subSecond/src/core/raytracedicom_wrapper.cu:6047  指针/引用符号空格修正（两边都无空格 → 靠左形式）  (规范条款 4.2)
[INFO]  /home/gadolinite/CASHIM_HL/subsecond/raytracedicom_pybind_stage/subSecond/src/core/raytracedicom_wrapper.cu:6048  指针/引用符号空格修正（两边都无空格 → 靠左形式）  (规范条款 4.2)
[INFO]  /home/gadolinite/CASHIM_HL/subsecond/raytracedicom_pybind_stage/subSecond/src/core/raytracedicom_wrapper.cu:6050  行尾空白字符已删除  (规范条款 4.2)
[WARN]  /home/gadolinite/CASHIM_HL/subsecond/raytracedicom_pybind_stage/subSecond/src/core/raytracedicom_wrapper.cu:6054  疑似注释掉的代码，规范要求直接删除 → 原行: // FillIddAndSigmaParams debug (helps diagnose rSigmaEff NaNs)  (规范条款 4.3)
[SKIP]  /home/gadolinite/CASHIM_HL/subsecond/raytracedicom_pybind_stage/subSecond/src/core/raytracedicom_wrapper.cu:6056  行宽 139 > 120，需人工换行处理  (规范条款 4.2)
[WARN]  /home/gadolinite/CASHIM_HL/subsecond/raytracedicom_pybind_stage/subSecond/src/core/raytracedicom_wrapper.cu:6085  疑似注释掉的代码，规范要求直接删除 → 原行: // Entry sigma at entryZ (reference uses sigmaSqAirCoefs + spotSigma^2)  (规范条款 4.3)
[WARN]  /home/gadolinite/CASHIM_HL/subsecond/raytracedicom_pybind_stage/subSecond/src/core/raytracedicom_wrapper.cu:6088  疑似注释掉的代码，规范要求直接删除 → 原行: // spot sigma at the isocenter plane (already converted to mm above)  (规范条款 4.3)
[SKIP]  /home/gadolinite/CASHIM_HL/subsecond/raytracedicom_pybind_stage/subSecond/src/core/raytracedicom_wrapper.cu:6090  行宽 126 > 120，需人工换行处理  (规范条款 4.2)
[WARN]  /home/gadolinite/CASHIM_HL/subsecond/raytracedicom_pybind_stage/subSecond/src/core/raytracedicom_wrapper.cu:6092  疑似注释掉的代码，规范要求直接删除 → 原行: // Spot distance in rays (used to cap effective sigma)  (规范条款 4.3)
[WARN]  /home/gadolinite/CASHIM_HL/subsecond/raytracedicom_pybind_stage/subSecond/src/core/raytracedicom_wrapper.cu:6107  疑似注释掉的代码，规范要求直接删除 → 原行: // [9.55] Diagnostic warning (NOT a hard fail): dimensionless  (规范条款 4.3)
[WARN]  /home/gadolinite/CASHIM_HL/subsecond/raytracedicom_pybind_stage/subSecond/src/core/raytracedicom_wrapper.cu:6109  疑似注释掉的代码，规范要求直接删除 → 原行: // fallback is active (canonical PB inference failed), spotDist  (规范条款 4.3)
[WARN]  /home/gadolinite/CASHIM_HL/subsecond/raytracedicom_pybind_stage/subSecond/src/core/raytracedicom_wrapper.cu:6112  疑似注释掉的代码，规范要求直接删除 → 原行: // Gaussians (RC3/RC4 not addressed); RC2 BEV fix still applies,  (规范条款 4.3)
[WARN]  /home/gadolinite/CASHIM_HL/subsecond/raytracedicom_pybind_stage/subSecond/src/core/raytracedicom_wrapper.cu:6116  含自增/自减的复合表达式，需人工将自增/自减单独放一行 → 原行: if (s_warnCount++ < 3) {  (规范条款 4.8.2)
[WARN]  /home/gadolinite/CASHIM_HL/subsecond/raytracedicom_pybind_stage/subSecond/src/core/raytracedicom_wrapper.cu:6116  疑似魔鬼数字，建议定义为具名常量 → 原行: if (s_warnCount++ < 3) {  (规范条款 4.8.1)
[WARN]  /home/gadolinite/CASHIM_HL/subsecond/raytracedicom_pybind_stage/subSecond/src/core/raytracedicom_wrapper.cu:6117  疑似魔鬼数字，建议定义为具名常量 → 原行: std::cerr << "  [9.55] WARN: halo spotDist=" << iddParams.spotDist  (规范条款 4.8.1)
[WARN]  /home/gadolinite/CASHIM_HL/subsecond/raytracedicom_pybind_stage/subSecond/src/core/raytracedicom_wrapper.cu:6118  疑似魔鬼数字，建议定义为具名常量 → 原行: << " is < 1.5 (typical HPB regime is 2-16). Lateral profile "  (规范条款 4.8.1)
[WARN]  /home/gadolinite/CASHIM_HL/subsecond/raytracedicom_pybind_stage/subSecond/src/core/raytracedicom_wrapper.cu:6127  含自增/自减的复合表达式，需人工将自增/自减单独放一行 → 原行: if (s_distWarn2++ < 3) {  (规范条款 4.8.2)
[WARN]  /home/gadolinite/CASHIM_HL/subsecond/raytracedicom_pybind_stage/subSecond/src/core/raytracedicom_wrapper.cu:6127  疑似魔鬼数字，建议定义为具名常量 → 原行: if (s_distWarn2++ < 3) {  (规范条款 4.8.1)
[SKIP]  /home/gadolinite/CASHIM_HL/subsecond/raytracedicom_pybind_stage/subSecond/src/core/raytracedicom_wrapper.cu:6205  行宽 123 > 120，需人工换行处理  (规范条款 4.2)
[INFO]  /home/gadolinite/CASHIM_HL/subsecond/raytracedicom_pybind_stage/subSecond/src/core/raytracedicom_wrapper.cu:6216  行尾空白字符已删除  (规范条款 4.2)
[WARN]  /home/gadolinite/CASHIM_HL/subsecond/raytracedicom_pybind_stage/subSecond/src/core/raytracedicom_wrapper.cu:6246  疑似注释掉的代码，规范要求直接删除 → 原行: //   sum_rayWeight  : sum of primary spot weights for this layer (rasterized)  (规范条款 4.3)
[WARN]  /home/gadolinite/CASHIM_HL/subsecond/raytracedicom_pybind_stage/subSecond/src/core/raytracedicom_wrapper.cu:6247  疑似注释掉的代码，规范要求直接删除 → 原行: //   sum_nucRayWeight: sum of halo paddedSpotWeights (same physical source)  (规范条款 4.3)
[WARN]  /home/gadolinite/CASHIM_HL/subsecond/raytracedicom_pybind_stage/subSecond/src/core/raytracedicom_wrapper.cu:6250  疑似注释掉的代码，规范要求直接删除 → 原行: // to RC2 (BEV positioning) since both quantities exist before BEV-to-dose  (规范条款 4.3)
[SKIP]  /home/gadolinite/CASHIM_HL/subsecond/raytracedicom_pybind_stage/subSecond/src/core/raytracedicom_wrapper.cu:6306  行宽 125 > 120，需人工换行处理  (规范条款 4.2)
[SKIP]  /home/gadolinite/CASHIM_HL/subsecond/raytracedicom_pybind_stage/subSecond/src/core/raytracedicom_wrapper.cu:6307  行宽 121 > 120，需人工换行处理  (规范条款 4.2)
[WARN]  /home/gadolinite/CASHIM_HL/subsecond/raytracedicom_pybind_stage/subSecond/src/core/raytracedicom_wrapper.cu:6439  疑似魔鬼数字，建议定义为具名常量 → 原行: profileChannels >= 3 &&  (规范条款 4.8.1)
[SKIP]  /home/gadolinite/CASHIM_HL/subsecond/raytracedicom_pybind_stage/subSecond/src/core/raytracedicom_wrapper.cu:6486  行宽 121 > 120，需人工换行处理  (规范条款 4.2)
[SKIP]  /home/gadolinite/CASHIM_HL/subsecond/raytracedicom_pybind_stage/subSecond/src/core/raytracedicom_wrapper.cu:6490  行宽 172 > 120，需人工换行处理  (规范条款 4.2)
[WARN]  /home/gadolinite/CASHIM_HL/subsecond/raytracedicom_pybind_stage/subSecond/src/core/raytracedicom_wrapper.cu:6494  疑似魔鬼数字，建议定义为具名常量 → 原行: if (g + 1 != std::min(5, nGauss)) std::cout << ", ";  (规范条款 4.8.1)
[WARN]  /home/gadolinite/CASHIM_HL/subsecond/raytracedicom_pybind_stage/subSecond/src/core/raytracedicom_wrapper.cu:6499  疑似魔鬼数字，建议定义为具名常量 → 原行: if (g + 1 != std::min(5, nGauss)) std::cout << ", ";  (规范条款 4.8.1)
[SKIP]  /home/gadolinite/CASHIM_HL/subsecond/raytracedicom_pybind_stage/subSecond/src/core/raytracedicom_wrapper.cu:6503  行宽 122 > 120，需人工换行处理  (规范条款 4.2)
[WARN]  /home/gadolinite/CASHIM_HL/subsecond/raytracedicom_pybind_stage/subSecond/src/core/raytracedicom_wrapper.cu:6527  疑似魔鬼数字，建议定义为具名常量 → 原行: profileChannels >= 3) {  (规范条款 4.8.1)
[WARN]  /home/gadolinite/CASHIM_HL/subsecond/raytracedicom_pybind_stage/subSecond/src/core/raytracedicom_wrapper.cu:6533  疑似魔鬼数字，建议定义为具名常量 → 原行: std::max(0, rayDims.x / 8),  (规范条款 4.8.1)
[WARN]  /home/gadolinite/CASHIM_HL/subsecond/raytracedicom_pybind_stage/subSecond/src/core/raytracedicom_wrapper.cu:6534  疑似魔鬼数字，建议定义为具名常量 → 原行: std::max(0, rayDims.x / 8),  (规范条款 4.8.1)
[WARN]  /home/gadolinite/CASHIM_HL/subsecond/raytracedicom_pybind_stage/subSecond/src/core/raytracedicom_wrapper.cu:6536  疑似魔鬼数字，建议定义为具名常量 → 原行: std::max(0, rayDims.x / 8)  (规范条款 4.8.1)
[WARN]  /home/gadolinite/CASHIM_HL/subsecond/raytracedicom_pybind_stage/subSecond/src/core/raytracedicom_wrapper.cu:6542  疑似魔鬼数字，建议定义为具名常量 → 原行: std::max(0, (9 * rayDims.y) / 10)  (规范条款 4.8.1)
[SKIP]  /home/gadolinite/CASHIM_HL/subsecond/raytracedicom_pybind_stage/subSecond/src/core/raytracedicom_wrapper.cu:6560  行宽 129 > 120，需人工换行处理  (规范条款 4.2)
[SKIP]  /home/gadolinite/CASHIM_HL/subsecond/raytracedicom_pybind_stage/subSecond/src/core/raytracedicom_wrapper.cu:6561  行宽 129 > 120，需人工换行处理  (规范条款 4.2)
[SKIP]  /home/gadolinite/CASHIM_HL/subsecond/raytracedicom_pybind_stage/subSecond/src/core/raytracedicom_wrapper.cu:6562  行宽 135 > 120，需人工换行处理  (规范条款 4.2)
[INFO]  /home/gadolinite/CASHIM_HL/subsecond/raytracedicom_pybind_stage/subSecond/src/core/raytracedicom_wrapper.cu:6741  行尾空白字符已删除  (规范条款 4.2)
[WARN]  /home/gadolinite/CASHIM_HL/subsecond/raytracedicom_pybind_stage/subSecond/src/core/raytracedicom_wrapper.cu:6782  含自增/自减的复合表达式，需人工将自增/自减单独放一行 → 原行: if (idd > 1e-15f) iddGT1e15++;  (规范条款 4.8.2)
[WARN]  /home/gadolinite/CASHIM_HL/subsecond/raytracedicom_pybind_stage/subSecond/src/core/raytracedicom_wrapper.cu:6783  含自增/自减的复合表达式，需人工将自增/自减单独放一行 → 原行: if (idd > 1e-6f) iddGT1e6++;  (规范条款 4.8.2)
[WARN]  /home/gadolinite/CASHIM_HL/subsecond/raytracedicom_pybind_stage/subSecond/src/core/raytracedicom_wrapper.cu:6789  含自增/自减的复合表达式，需人工将自增/自减单独放一行 → 原行: if (idd > 0.0f) sigmaBadOnIddPos++;  (规范条款 4.8.2)
[WARN]  /home/gadolinite/CASHIM_HL/subsecond/raytracedicom_pybind_stage/subSecond/src/core/raytracedicom_wrapper.cu:6792  含自增/自减的复合表达式，需人工将自增/自减单独放一行 → 原行: if (idd > 0.0f) sigmaBadOnIddPos++;  (规范条款 4.8.2)
[WARN]  /home/gadolinite/CASHIM_HL/subsecond/raytracedicom_pybind_stage/subSecond/src/core/raytracedicom_wrapper.cu:6797  含自增/自减的复合表达式，需人工将自增/自减单独放一行 → 原行: if (sig > 1e-6f) sigmaGT1e6++;  (规范条款 4.8.2)
[WARN]  /home/gadolinite/CASHIM_HL/subsecond/raytracedicom_pybind_stage/subSecond/src/core/raytracedicom_wrapper.cu:6817  疑似魔鬼数字，建议定义为具名常量 → 原行: << "  nnz(>1e-6)=" << iddGT1e6 << "/" << raySize  (规范条款 4.8.1)
[WARN]  /home/gadolinite/CASHIM_HL/subsecond/raytracedicom_pybind_stage/subSecond/src/core/raytracedicom_wrapper.cu:6824  疑似魔鬼数字，建议定义为具名常量 → 原行: << "  nnz(>1e-6)=" << sigmaGT1e6 << "/" << raySize  (规范条款 4.8.1)
[INFO]  /home/gadolinite/CASHIM_HL/subsecond/raytracedicom_pybind_stage/subSecond/src/core/raytracedicom_wrapper.cu:6834  行尾空白字符已删除  (规范条款 4.2)
[INFO]  /home/gadolinite/CASHIM_HL/subsecond/raytracedicom_pybind_stage/subSecond/src/core/raytracedicom_wrapper.cu:6838  行尾空白字符已删除  (规范条款 4.2)
[INFO]  /home/gadolinite/CASHIM_HL/subsecond/raytracedicom_pybind_stage/subSecond/src/core/raytracedicom_wrapper.cu:6843  行尾空白字符已删除  (规范条款 4.2)
[WARN]  /home/gadolinite/CASHIM_HL/subsecond/raytracedicom_pybind_stage/subSecond/src/core/raytracedicom_wrapper.cu:6844  疑似注释掉的代码，规范要求直接删除 → 原行: // Calculate beamFirstCalculatedPassive (maximum passive step)  (规范条款 4.3)
[INFO]  /home/gadolinite/CASHIM_HL/subsecond/raytracedicom_pybind_stage/subSecond/src/core/raytracedicom_wrapper.cu:6845  指针/引用符号空格修正（两边都无空格 → 靠左形式）  (规范条款 4.2)
[INFO]  /home/gadolinite/CASHIM_HL/subsecond/raytracedicom_pybind_stage/subSecond/src/core/raytracedicom_wrapper.cu:6848  行尾空白字符已删除  (规范条款 4.2)
[SKIP]  /home/gadolinite/CASHIM_HL/subsecond/raytracedicom_pybind_stage/subSecond/src/core/raytracedicom_wrapper.cu:6850  行宽 127 > 120，需人工换行处理  (规范条款 4.2)
[INFO]  /home/gadolinite/CASHIM_HL/subsecond/raytracedicom_pybind_stage/subSecond/src/core/raytracedicom_wrapper.cu:6868  行尾空白字符已删除  (规范条款 4.2)
[INFO]  /home/gadolinite/CASHIM_HL/subsecond/raytracedicom_pybind_stage/subSecond/src/core/raytracedicom_wrapper.cu:6911  行尾空白字符已删除  (规范条款 4.2)
[WARN]  /home/gadolinite/CASHIM_HL/subsecond/raytracedicom_pybind_stage/subSecond/src/core/raytracedicom_wrapper.cu:6913  疑似注释掉的代码，规范要求直接删除 → 原行: // Step 4: Complete Tile-Based Superposition (RayTracedicom algorithm)  (规范条款 4.3)
[WARN]  /home/gadolinite/CASHIM_HL/subsecond/raytracedicom_pybind_stage/subSecond/src/core/raytracedicom_wrapper.cu:6916  疑似注释掉的代码，规范要求直接删除 → 原行: // If not, we pad the per-ray (IDD, rSigmaEff) arrays to the next tile multiple.  (规范条款 4.3)
[WARN]  /home/gadolinite/CASHIM_HL/subsecond/raytracedicom_pybind_stage/subSecond/src/core/raytracedicom_wrapper.cu:6947  疑似注释掉的代码，规范要求直接删除 → 原行: // Allocate BEV dose array with proper padding (based on padded ray dims)  (规范条款 4.3)
[SKIP]  /home/gadolinite/CASHIM_HL/subsecond/raytracedicom_pybind_stage/subSecond/src/core/raytracedicom_wrapper.cu:6954  行宽 125 > 120，需人工换行处理  (规范条款 4.2)
[SKIP]  /home/gadolinite/CASHIM_HL/subsecond/raytracedicom_pybind_stage/subSecond/src/core/raytracedicom_wrapper.cu:6970  行宽 139 > 120，需人工换行处理  (规范条款 4.2)
[SKIP]  /home/gadolinite/CASHIM_HL/subsecond/raytracedicom_pybind_stage/subSecond/src/core/raytracedicom_wrapper.cu:6993  行宽 126 > 120，需人工换行处理  (规范条款 4.2)
[WARN]  /home/gadolinite/CASHIM_HL/subsecond/raytracedicom_pybind_stage/subSecond/src/core/raytracedicom_wrapper.cu:7051  疑似注释掉的代码，规范要求直接删除 → 原行: // RayTraceDicom-main kernel_wrapper.cu (lines 985-1108).  (规范条款 4.3)
[SKIP]  /home/gadolinite/CASHIM_HL/subsecond/raytracedicom_pybind_stage/subSecond/src/core/raytracedicom_wrapper.cu:7108  行宽 123 > 120，需人工换行处理  (规范条款 4.2)
[SKIP]  /home/gadolinite/CASHIM_HL/subsecond/raytracedicom_pybind_stage/subSecond/src/core/raytracedicom_wrapper.cu:7140  行宽 138 > 120，需人工换行处理  (规范条款 4.2)
[SKIP]  /home/gadolinite/CASHIM_HL/subsecond/raytracedicom_pybind_stage/subSecond/src/core/raytracedicom_wrapper.cu:7200  行宽 132 > 120，需人工换行处理  (规范条款 4.2)
[WARN]  /home/gadolinite/CASHIM_HL/subsecond/raytracedicom_pybind_stage/subSecond/src/core/raytracedicom_wrapper.cu:7246  疑似魔鬼数字，建议定义为具名常量 → 原行: << "  nnz(>1e-6)=" << bevStats.countGT << "/" << hostBevDose.size()  (规范条款 4.8.1)
[WARN]  /home/gadolinite/CASHIM_HL/subsecond/raytracedicom_pybind_stage/subSecond/src/core/raytracedicom_wrapper.cu:7253  疑似注释掉的代码，规范要求直接删除 → 原行: // Step 5: Dose Transformation and Accumulation (3D BEV to Dose Grid)  (规范条款 4.3)
[INFO]  /home/gadolinite/CASHIM_HL/subsecond/raytracedicom_pybind_stage/subSecond/src/core/raytracedicom_wrapper.cu:7255  行尾空白字符已删除  (规范条款 4.2)
[INFO]  /home/gadolinite/CASHIM_HL/subsecond/raytracedicom_pybind_stage/subSecond/src/core/raytracedicom_wrapper.cu:7289  行尾空白字符已删除  (规范条款 4.2)
[WARN]  /home/gadolinite/CASHIM_HL/subsecond/raytracedicom_pybind_stage/subSecond/src/core/raytracedicom_wrapper.cu:7291  疑似注释掉的代码，规范要求直接删除 → 原行: // BEV -> global dose grid transform (reference RayTraceDicom logic)  (规范条款 4.3)
[WARN]  /home/gadolinite/CASHIM_HL/subsecond/raytracedicom_pybind_stage/subSecond/src/core/raytracedicom_wrapper.cu:7294  疑似注释掉的代码，规范要求直接删除 → 原行: // doseIdx -> rayIdx (fan index) used by primTransfDiv.  (规范条款 4.3)
[WARN]  /home/gadolinite/CASHIM_HL/subsecond/raytracedicom_pybind_stage/subSecond/src/core/raytracedicom_wrapper.cu:7340  疑似魔鬼数字，建议定义为具名常量 → 原行: std::max((static_cast<int>(floorf(primMinPoint.x)) / 32) * 32, 0),  (规范条款 4.8.1)
[WARN]  /home/gadolinite/CASHIM_HL/subsecond/raytracedicom_pybind_stage/subSecond/src/core/raytracedicom_wrapper.cu:7356  疑似魔鬼数字，建议定义为具名常量 → 原行: dim3 transfBlockDim(32, 8);  (规范条款 4.8.1)
[INFO]  /home/gadolinite/CASHIM_HL/subsecond/raytracedicom_pybind_stage/subSecond/src/core/raytracedicom_wrapper.cu:7368  行尾空白字符已删除  (规范条款 4.2)
[SKIP]  /home/gadolinite/CASHIM_HL/subsecond/raytracedicom_pybind_stage/subSecond/src/core/raytracedicom_wrapper.cu:7371  行宽 131 > 120，需人工换行处理  (规范条款 4.2)
[SKIP]  /home/gadolinite/CASHIM_HL/subsecond/raytracedicom_pybind_stage/subSecond/src/core/raytracedicom_wrapper.cu:7372  行宽 125 > 120，需人工换行处理  (规范条款 4.2)
[SKIP]  /home/gadolinite/CASHIM_HL/subsecond/raytracedicom_pybind_stage/subSecond/src/core/raytracedicom_wrapper.cu:7386  行宽 122 > 120，需人工换行处理  (规范条款 4.2)
[SKIP]  /home/gadolinite/CASHIM_HL/subsecond/raytracedicom_pybind_stage/subSecond/src/core/raytracedicom_wrapper.cu:7387  行宽 121 > 120，需人工换行处理  (规范条款 4.2)
[SKIP]  /home/gadolinite/CASHIM_HL/subsecond/raytracedicom_pybind_stage/subSecond/src/core/raytracedicom_wrapper.cu:7394  行宽 166 > 120，需人工换行处理  (规范条款 4.2)
[SKIP]  /home/gadolinite/CASHIM_HL/subsecond/raytracedicom_pybind_stage/subSecond/src/core/raytracedicom_wrapper.cu:7401  行宽 133 > 120，需人工换行处理  (规范条款 4.2)
[SKIP]  /home/gadolinite/CASHIM_HL/subsecond/raytracedicom_pybind_stage/subSecond/src/core/raytracedicom_wrapper.cu:7402  行宽 133 > 120，需人工换行处理  (规范条款 4.2)
[SKIP]  /home/gadolinite/CASHIM_HL/subsecond/raytracedicom_pybind_stage/subSecond/src/core/raytracedicom_wrapper.cu:7403  行宽 133 > 120，需人工换行处理  (规范条款 4.2)
[SKIP]  /home/gadolinite/CASHIM_HL/subsecond/raytracedicom_pybind_stage/subSecond/src/core/raytracedicom_wrapper.cu:7404  行宽 140 > 120，需人工换行处理  (规范条款 4.2)
[SKIP]  /home/gadolinite/CASHIM_HL/subsecond/raytracedicom_pybind_stage/subSecond/src/core/raytracedicom_wrapper.cu:7419  行宽 129 > 120，需人工换行处理  (规范条款 4.2)
[SKIP]  /home/gadolinite/CASHIM_HL/subsecond/raytracedicom_pybind_stage/subSecond/src/core/raytracedicom_wrapper.cu:7420  行宽 187 > 120，需人工换行处理  (规范条款 4.2)
[INFO]  /home/gadolinite/CASHIM_HL/subsecond/raytracedicom_pybind_stage/subSecond/src/core/raytracedicom_wrapper.cu:7459  行尾空白字符已删除  (规范条款 4.2)
[WARN]  /home/gadolinite/CASHIM_HL/subsecond/raytracedicom_pybind_stage/subSecond/src/core/raytracedicom_wrapper.cu:7488  疑似注释掉的代码，规范要求直接删除 → 原行: // fan transform (line ~3192) and upstream beam.getSpotIdxToGantry()  (规范条款 4.3)
[WARN]  /home/gadolinite/CASHIM_HL/subsecond/raytracedicom_pybind_stage/subSecond/src/core/raytracedicom_wrapper.cu:7493  疑似魔鬼数字，建议定义为具名常量 → 原行: "[9.53] halo lattice spotDelta out of plausible mm range; "  (规范条款 4.8.1)
[WARN]  /home/gadolinite/CASHIM_HL/subsecond/raytracedicom_pybind_stage/subSecond/src/core/raytracedicom_wrapper.cu:7499  疑似注释掉的代码，规范要求直接删除 → 原行: // at line ~3192 uses Float3IdxTransform fanIdxToFan(fanDelta_mm, fanCorner_mm)  (规范条款 4.3)
[WARN]  /home/gadolinite/CASHIM_HL/subsecond/raytracedicom_pybind_stage/subSecond/src/core/raytracedicom_wrapper.cu:7501  疑似注释掉的代码，规范要求直接删除 → 原行: // beam.getSpotIdxToGantry() (mm) directly. Multiplying by lenToMm again  (规范条款 4.3)
[WARN]  /home/gadolinite/CASHIM_HL/subsecond/raytracedicom_pybind_stage/subSecond/src/core/raytracedicom_wrapper.cu:7542  疑似魔鬼数字，建议定义为具名常量 → 原行: std::max((static_cast<int>(floorf(nucMinPoint.x)) / 32) * 32, 0),  (规范条款 4.8.1)
[SKIP]  /home/gadolinite/CASHIM_HL/subsecond/raytracedicom_pybind_stage/subSecond/src/core/raytracedicom_wrapper.cu:7570  行宽 121 > 120，需人工换行处理  (规范条款 4.2)
[SKIP]  /home/gadolinite/CASHIM_HL/subsecond/raytracedicom_pybind_stage/subSecond/src/core/raytracedicom_wrapper.cu:7571  行宽 121 > 120，需人工换行处理  (规范条款 4.2)
[SKIP]  /home/gadolinite/CASHIM_HL/subsecond/raytracedicom_pybind_stage/subSecond/src/core/raytracedicom_wrapper.cu:7573  行宽 125 > 120，需人工换行处理  (规范条款 4.2)
[SKIP]  /home/gadolinite/CASHIM_HL/subsecond/raytracedicom_pybind_stage/subSecond/src/core/raytracedicom_wrapper.cu:7574  行宽 124 > 120，需人工换行处理  (规范条款 4.2)
[SKIP]  /home/gadolinite/CASHIM_HL/subsecond/raytracedicom_pybind_stage/subSecond/src/core/raytracedicom_wrapper.cu:7575  行宽 129 > 120，需人工换行处理  (规范条款 4.2)
[SKIP]  /home/gadolinite/CASHIM_HL/subsecond/raytracedicom_pybind_stage/subSecond/src/core/raytracedicom_wrapper.cu:7594  行宽 145 > 120，需人工换行处理  (规范条款 4.2)
[SKIP]  /home/gadolinite/CASHIM_HL/subsecond/raytracedicom_pybind_stage/subSecond/src/core/raytracedicom_wrapper.cu:7595  行宽 145 > 120，需人工换行处理  (规范条款 4.2)
[SKIP]  /home/gadolinite/CASHIM_HL/subsecond/raytracedicom_pybind_stage/subSecond/src/core/raytracedicom_wrapper.cu:7596  行宽 145 > 120，需人工换行处理  (规范条款 4.2)
[SKIP]  /home/gadolinite/CASHIM_HL/subsecond/raytracedicom_pybind_stage/subSecond/src/core/raytracedicom_wrapper.cu:7598  行宽 122 > 120，需人工换行处理  (规范条款 4.2)
[SKIP]  /home/gadolinite/CASHIM_HL/subsecond/raytracedicom_pybind_stage/subSecond/src/core/raytracedicom_wrapper.cu:7599  行宽 128 > 120，需人工换行处理  (规范条款 4.2)
[SKIP]  /home/gadolinite/CASHIM_HL/subsecond/raytracedicom_pybind_stage/subSecond/src/core/raytracedicom_wrapper.cu:7661  行宽 122 > 120，需人工换行处理  (规范条款 4.2)
[WARN]  /home/gadolinite/CASHIM_HL/subsecond/raytracedicom_pybind_stage/subSecond/src/core/raytracedicom_wrapper.cu:7694  含自增/自减的复合表达式，需人工将自增/自减单独放一行 → 原行: if (d > 1.0e-12f) ++positiveDeltaCount;  (规范条款 4.8.2)
[WARN]  /home/gadolinite/CASHIM_HL/subsecond/raytracedicom_pybind_stage/subSecond/src/core/raytracedicom_wrapper.cu:7695  含自增/自减的复合表达式，需人工将自增/自减单独放一行 → 原行: if (d < -1.0e-12f) ++negativeDeltaCount;  (规范条款 4.8.2)
[INFO]  /home/gadolinite/CASHIM_HL/subsecond/raytracedicom_pybind_stage/subSecond/src/core/raytracedicom_wrapper.cu:7718  行尾空白字符已删除  (规范条款 4.2)
[INFO]  /home/gadolinite/CASHIM_HL/subsecond/raytracedicom_pybind_stage/subSecond/src/core/raytracedicom_wrapper.cu:7725  行尾空白字符已删除  (规范条款 4.2)
[INFO]  /home/gadolinite/CASHIM_HL/subsecond/raytracedicom_pybind_stage/subSecond/src/core/raytracedicom_wrapper.cu:7730  行尾空白字符已删除  (规范条款 4.2)
[SKIP]  /home/gadolinite/CASHIM_HL/subsecond/raytracedicom_pybind_stage/subSecond/src/core/raytracedicom_wrapper.cu:7810  行宽 129 > 120，需人工换行处理  (规范条款 4.2)
[INFO]  /home/gadolinite/CASHIM_HL/subsecond/raytracedicom_pybind_stage/subSecond/src/core/raytracedicom_wrapper.cu:7831  行尾空白字符已删除  (规范条款 4.2)
[INFO]  /home/gadolinite/CASHIM_HL/subsecond/raytracedicom_pybind_stage/subSecond/src/core/raytracedicom_wrapper.cu:7834  行尾空白字符已删除  (规范条款 4.2)
[INFO]  /home/gadolinite/CASHIM_HL/subsecond/raytracedicom_pybind_stage/subSecond/src/core/raytracedicom_wrapper.cu:7837  行尾空白字符已删除  (规范条款 4.2)
[INFO]  /home/gadolinite/CASHIM_HL/subsecond/raytracedicom_pybind_stage/subSecond/src/core/raytracedicom_wrapper.cu:7849  行尾空白字符已删除  (规范条款 4.2)
[INFO]  /home/gadolinite/CASHIM_HL/subsecond/raytracedicom_pybind_stage/subSecond/src/debug_subspot.cpp:9  行尾空白字符已删除  (规范条款 4.2)
[WARN]  /home/gadolinite/CASHIM_HL/subsecond/raytracedicom_pybind_stage/subSecond/src/debug_subspot.cpp:11  疑似魔鬼数字，建议定义为具名常量 → 原行: int numLayers = 3;  (规范条款 4.8.1)
[WARN]  /home/gadolinite/CASHIM_HL/subsecond/raytracedicom_pybind_stage/subSecond/src/debug_subspot.cpp:13  疑似魔鬼数字，建议定义为具名常量 → 原行: std::vector<float> subspotData(numLayers * maxSubspotsPerLayer * 5);  (规范条款 4.8.1)
[INFO]  /home/gadolinite/CASHIM_HL/subsecond/raytracedicom_pybind_stage/subSecond/src/debug_subspot.cpp:14  行尾空白字符已删除  (规范条款 4.2)
[WARN]  /home/gadolinite/CASHIM_HL/subsecond/raytracedicom_pybind_stage/subSecond/src/debug_subspot.cpp:17  疑似魔鬼数字，建议定义为具名常量 → 原行: int baseIdx = (layer * maxSubspotsPerLayer + subspot) * 5;  (规范条款 4.8.1)
[WARN]  /home/gadolinite/CASHIM_HL/subsecond/raytracedicom_pybind_stage/subSecond/src/debug_subspot.cpp:21  疑似魔鬼数字，建议定义为具名常量 → 原行: subspotData[baseIdx + 3] = 1.0f;  // sigmaX  (规范条款 4.8.1)
[WARN]  /home/gadolinite/CASHIM_HL/subsecond/raytracedicom_pybind_stage/subSecond/src/debug_subspot.cpp:22  疑似魔鬼数字，建议定义为具名常量 → 原行: subspotData[baseIdx + 4] = 1.0f;  // sigmaY  (规范条款 4.8.1)
[INFO]  /home/gadolinite/CASHIM_HL/subsecond/raytracedicom_pybind_stage/subSecond/src/debug_subspot.cpp:25  行尾空白字符已删除  (规范条款 4.2)
[WARN]  /home/gadolinite/CASHIM_HL/subsecond/raytracedicom_pybind_stage/subSecond/src/debug_subspot.cpp:26  疑似魔鬼数字，建议定义为具名常量 → 原行: std::cout << "Subspot data (first 3 subspots, layer 0):" << std::endl;  (规范条款 4.8.1)
[WARN]  /home/gadolinite/CASHIM_HL/subsecond/raytracedicom_pybind_stage/subSecond/src/debug_subspot.cpp:28  疑似魔鬼数字，建议定义为具名常量 → 原行: int baseIdx = subspot * 5;  (规范条款 4.8.1)
[WARN]  /home/gadolinite/CASHIM_HL/subsecond/raytracedicom_pybind_stage/subSecond/src/debug_subspot.cpp:33  疑似魔鬼数字，建议定义为具名常量 → 原行: std::cout << "sigmaX=" << subspotData[baseIdx + 3] << ", ";  (规范条款 4.8.1)
[WARN]  /home/gadolinite/CASHIM_HL/subsecond/raytracedicom_pybind_stage/subSecond/src/debug_subspot.cpp:34  疑似魔鬼数字，建议定义为具名常量 → 原行: std::cout << "sigmaY=" << subspotData[baseIdx + 4] << std::endl;  (规范条款 4.8.1)
[INFO]  /home/gadolinite/CASHIM_HL/subsecond/raytracedicom_pybind_stage/subSecond/src/debug_subspot.cpp:36  行尾空白字符已删除  (规范条款 4.2)
[INFO]  /home/gadolinite/CASHIM_HL/subsecond/raytracedicom_pybind_stage/subSecond/src/debug_subspot.cpp:39  行尾空白字符已删除  (规范条款 4.2)
[WARN]  /home/gadolinite/CASHIM_HL/subsecond/raytracedicom_pybind_stage/subSecond/src/debug_subspot.cpp:40  疑似魔鬼数字，建议定义为具名常量 → 原行: make_int3(5, maxSubspotsPerLayer, numLayers),  (规范条款 4.8.1)
[INFO]  /home/gadolinite/CASHIM_HL/subsecond/raytracedicom_pybind_stage/subSecond/src/debug_subspot.cpp:41  行尾空白字符已删除  (规范条款 4.2)
[INFO]  /home/gadolinite/CASHIM_HL/subsecond/raytracedicom_pybind_stage/subSecond/src/debug_subspot.cpp:44  行尾空白字符已删除  (规范条款 4.2)
[INFO]  /home/gadolinite/CASHIM_HL/subsecond/raytracedicom_pybind_stage/subSecond/src/debug_subspot.cpp:46  行尾空白字符已删除  (规范条款 4.2)
[INFO]  /home/gadolinite/CASHIM_HL/subsecond/raytracedicom_pybind_stage/subSecond/src/debug_subspot.cpp:49  行尾空白字符已删除  (规范条款 4.2)
[INFO]  /home/gadolinite/CASHIM_HL/subsecond/raytracedicom_pybind_stage/subSecond/src/test_library.cpp:11  行尾空白字符已删除  (规范条款 4.2)
[INFO]  /home/gadolinite/CASHIM_HL/subsecond/raytracedicom_pybind_stage/subSecond/src/test_library.cpp:13  行尾空白字符已删除  (规范条款 4.2)
[INFO]  /home/gadolinite/CASHIM_HL/subsecond/raytracedicom_pybind_stage/subSecond/src/test_library.cpp:20  行尾空白字符已删除  (规范条款 4.2)
[INFO]  /home/gadolinite/CASHIM_HL/subsecond/raytracedicom_pybind_stage/subSecond/src/test_library.cpp:24  行尾空白字符已删除  (规范条款 4.2)
[INFO]  /home/gadolinite/CASHIM_HL/subsecond/raytracedicom_pybind_stage/subSecond/src/test_library.cpp:28  行尾空白字符已删除  (规范条款 4.2)
[INFO]  /home/gadolinite/CASHIM_HL/subsecond/raytracedicom_pybind_stage/subSecond/src/test_library.cpp:31  行尾空白字符已删除  (规范条款 4.2)
[INFO]  /home/gadolinite/CASHIM_HL/subsecond/raytracedicom_pybind_stage/subSecond/src/test_library.cpp:40  行尾空白字符已删除  (规范条款 4.2)
[INFO]  /home/gadolinite/CASHIM_HL/subsecond/raytracedicom_pybind_stage/subSecond/src/test_library.cpp:49  行尾空白字符已删除  (规范条款 4.2)
[INFO]  /home/gadolinite/CASHIM_HL/subsecond/raytracedicom_pybind_stage/subSecond/src/test_library.cpp:53  行尾空白字符已删除  (规范条款 4.2)
[INFO]  /home/gadolinite/CASHIM_HL/subsecond/raytracedicom_pybind_stage/subSecond/src/test_simple.cpp:8  行尾空白字符已删除  (规范条款 4.2)
[INFO]  /home/gadolinite/CASHIM_HL/subsecond/raytracedicom_pybind_stage/subSecond/src/test_simple.cpp:15  行尾空白字符已删除  (规范条款 4.2)
[INFO]  /home/gadolinite/CASHIM_HL/subsecond/raytracedicom_pybind_stage/subSecond/src/test_simple.cpp:21  指针/引用符号空格修正（两边都无空格 → 靠左形式）  (规范条款 4.2)
[INFO]  /home/gadolinite/CASHIM_HL/subsecond/raytracedicom_pybind_stage/subSecond/src/test_simple.cpp:22  行尾空白字符已删除  (规范条款 4.2)
[INFO]  /home/gadolinite/CASHIM_HL/subsecond/raytracedicom_pybind_stage/subSecond/src/test_simple.cpp:26  行尾空白字符已删除  (规范条款 4.2)
[INFO]  /home/gadolinite/CASHIM_HL/subsecond/raytracedicom_pybind_stage/subSecond/src/test_simple.cpp:29  行尾空白字符已删除  (规范条款 4.2)
[INFO]  /home/gadolinite/CASHIM_HL/subsecond/raytracedicom_pybind_stage/subSecond/src/test_simple.cpp:38  行尾空白字符已删除  (规范条款 4.2)
[WARN]  /home/gadolinite/CASHIM_HL/subsecond/raytracedicom_pybind_stage/subSecond/src/tests/carbonpbs_data_layout_example.cu:33  疑似注释掉的代码，规范要求直接删除 → 原行: // rayweqData (3D): dims are (nx, ny, nStep), but is uploaded as a 3D texture with  (规范条款 4.3)
[WARN]  /home/gadolinite/CASHIM_HL/subsecond/raytracedicom_pybind_stage/subSecond/src/tests/carbonpbs_data_layout_example.cu:34  疑似注释掉的代码，规范要求直接删除 → 原行: //   width  = nStep (depth samples)  (规范条款 4.3)
[WARN]  /home/gadolinite/CASHIM_HL/subsecond/raytracedicom_pybind_stage/subSecond/src/tests/carbonpbs_data_layout_example.cu:35  疑似注释掉的代码，规范要求直接删除 → 原行: //   height = ny  (规范条款 4.3)
[WARN]  /home/gadolinite/CASHIM_HL/subsecond/raytracedicom_pybind_stage/subSecond/src/tests/carbonpbs_data_layout_example.cu:36  疑似注释掉的代码，规范要求直接删除 → 原行: //   depth  = nx  (规范条款 4.3)
[WARN]  /home/gadolinite/CASHIM_HL/subsecond/raytracedicom_pybind_stage/subSecond/src/tests/carbonpbs_data_layout_example.cu:41  疑似注释掉的代码，规范要求直接删除 → 原行: // iddData (2D): uploaded as a 2D texture with  (规范条款 4.3)
[WARN]  /home/gadolinite/CASHIM_HL/subsecond/raytracedicom_pybind_stage/subSecond/src/tests/carbonpbs_data_layout_example.cu:42  疑似注释掉的代码，规范要求直接删除 → 原行: //   width  = nIdd  (规范条款 4.3)
[WARN]  /home/gadolinite/CASHIM_HL/subsecond/raytracedicom_pybind_stage/subSecond/src/tests/carbonpbs_data_layout_example.cu:43  疑似注释掉的代码，规范要求直接删除 → 原行: //   height = nEne  (规范条款 4.3)
[WARN]  /home/gadolinite/CASHIM_HL/subsecond/raytracedicom_pybind_stage/subSecond/src/tests/carbonpbs_data_layout_example.cu:46  疑似注释掉的代码，规范要求直接删除 → 原行: // profileData (3D): uploaded as a 3D texture with  (规范条款 4.3)
[WARN]  /home/gadolinite/CASHIM_HL/subsecond/raytracedicom_pybind_stage/subSecond/src/tests/carbonpbs_data_layout_example.cu:47  疑似注释掉的代码，规范要求直接删除 → 原行: //   width  = nProfilePara = 2*nGauss + 1  (规范条款 4.3)
[WARN]  /home/gadolinite/CASHIM_HL/subsecond/raytracedicom_pybind_stage/subSecond/src/tests/carbonpbs_data_layout_example.cu:48  疑似注释掉的代码，规范要求直接删除 → 原行: //   height = nProfileDepth  (规范条款 4.3)
[WARN]  /home/gadolinite/CASHIM_HL/subsecond/raytracedicom_pybind_stage/subSecond/src/tests/carbonpbs_data_layout_example.cu:49  疑似注释掉的代码，规范要求直接删除 → 原行: //   depth  = nEne  (规范条款 4.3)
[WARN]  /home/gadolinite/CASHIM_HL/subsecond/raytracedicom_pybind_stage/subSecond/src/tests/carbonpbs_data_layout_example.cu:54  疑似注释掉的代码，规范要求直接删除 → 原行: // subSpotData (3D): uploaded as a 3D texture with  (规范条款 4.3)
[WARN]  /home/gadolinite/CASHIM_HL/subsecond/raytracedicom_pybind_stage/subSecond/src/tests/carbonpbs_data_layout_example.cu:55  疑似注释掉的代码，规范要求直接删除 → 原行: //   width  = 5   (deltax, deltay, weight, sigmax, sigmay)  (规范条款 4.3)
[WARN]  /home/gadolinite/CASHIM_HL/subsecond/raytracedicom_pybind_stage/subSecond/src/tests/carbonpbs_data_layout_example.cu:56  疑似注释掉的代码，规范要求直接删除 → 原行: //   height = nSubspot  (规范条款 4.3)
[WARN]  /home/gadolinite/CASHIM_HL/subsecond/raytracedicom_pybind_stage/subSecond/src/tests/carbonpbs_data_layout_example.cu:57  疑似注释掉的代码，规范要求直接删除 → 原行: //   depth  = nEne  (规范条款 4.3)
[WARN]  /home/gadolinite/CASHIM_HL/subsecond/raytracedicom_pybind_stage/subSecond/src/tests/carbonpbs_data_layout_example.cu:64  疑似注释掉的代码，规范要求直接删除 → 原行: //   vec3f rayweqSetting = ((vec3f*)h_weq.ptr)[0];  (规范条款 4.3)
[WARN]  /home/gadolinite/CASHIM_HL/subsecond/raytracedicom_pybind_stage/subSecond/src/tests/carbonpbs_data_layout_example.cu:65  疑似注释掉的代码，规范要求直接删除 → 原行: //   int nStep = ((float*)h_weq.ptr)[2];  (规范条款 4.3)
[WARN]  /home/gadolinite/CASHIM_HL/subsecond/raytracedicom_pybind_stage/subSecond/src/tests/carbonpbs_data_layout_example.cu:66  疑似注释掉的代码，规范要求直接删除 → 原行: //   int ny    = ((float*)h_weq.ptr)[5];  (规范条款 4.3)
[WARN]  /home/gadolinite/CASHIM_HL/subsecond/raytracedicom_pybind_stage/subSecond/src/tests/carbonpbs_data_layout_example.cu:67  疑似注释掉的代码，规范要求直接删除 → 原行: //   int nx    = ((float*)h_weq.ptr)[8];  (规范条款 4.3)
[WARN]  /home/gadolinite/CASHIM_HL/subsecond/raytracedicom_pybind_stage/subSecond/src/tests/carbonpbs_data_layout_example.cu:68  疑似注释掉的代码，规范要求直接删除 → 原行: //   create3DTexture(weqData+9, nStep, ny, nx)  (规范条款 4.3)
[WARN]  /home/gadolinite/CASHIM_HL/subsecond/raytracedicom_pybind_stage/subSecond/src/tests/carbonpbs_data_layout_example.cu:71  疑似注释掉的代码，规范要求直接删除 → 原行: //   [0..2] depth (start, step, nStep)  (规范条款 4.3)
[WARN]  /home/gadolinite/CASHIM_HL/subsecond/raytracedicom_pybind_stage/subSecond/src/tests/carbonpbs_data_layout_example.cu:72  疑似注释掉的代码，规范要求直接删除 → 原行: //   [3..5] y     (start, step, ny)  (规范条款 4.3)
[WARN]  /home/gadolinite/CASHIM_HL/subsecond/raytracedicom_pybind_stage/subSecond/src/tests/carbonpbs_data_layout_example.cu:73  疑似注释掉的代码，规范要求直接删除 → 原行: //   [6..8] x     (start, step, nx)  (规范条款 4.3)
[WARN]  /home/gadolinite/CASHIM_HL/subsecond/raytracedicom_pybind_stage/subSecond/src/tests/carbonpbs_data_layout_example.cu:74  疑似魔鬼数字，建议定义为具名常量 → 原行: std::vector<float> rayweqData(9 + static_cast<size_t>(nx) * ny * nStep, 0.0f);  (规范条款 4.8.1)
[WARN]  /home/gadolinite/CASHIM_HL/subsecond/raytracedicom_pybind_stage/subSecond/src/tests/carbonpbs_data_layout_example.cu:79  疑似魔鬼数字，建议定义为具名常量 → 原行: rayweqData[3] = -32.0f;         // y start (mm)  (规范条款 4.8.1)
[WARN]  /home/gadolinite/CASHIM_HL/subsecond/raytracedicom_pybind_stage/subSecond/src/tests/carbonpbs_data_layout_example.cu:80  疑似魔鬼数字，建议定义为具名常量 → 原行: rayweqData[4] = 1.0f;           // y step  (mm)  (规范条款 4.8.1)
[WARN]  /home/gadolinite/CASHIM_HL/subsecond/raytracedicom_pybind_stage/subSecond/src/tests/carbonpbs_data_layout_example.cu:81  疑似魔鬼数字，建议定义为具名常量 → 原行: rayweqData[5] = static_cast<float>(ny);  (规范条款 4.8.1)
[WARN]  /home/gadolinite/CASHIM_HL/subsecond/raytracedicom_pybind_stage/subSecond/src/tests/carbonpbs_data_layout_example.cu:82  疑似魔鬼数字，建议定义为具名常量 → 原行: rayweqData[6] = -32.0f;         // x start (mm)  (规范条款 4.8.1)
[WARN]  /home/gadolinite/CASHIM_HL/subsecond/raytracedicom_pybind_stage/subSecond/src/tests/carbonpbs_data_layout_example.cu:83  疑似魔鬼数字，建议定义为具名常量 → 原行: rayweqData[7] = 1.0f;           // x step  (mm)  (规范条款 4.8.1)
[WARN]  /home/gadolinite/CASHIM_HL/subsecond/raytracedicom_pybind_stage/subSecond/src/tests/carbonpbs_data_layout_example.cu:84  疑似魔鬼数字，建议定义为具名常量 → 原行: rayweqData[8] = static_cast<float>(nx);  (规范条款 4.8.1)
[WARN]  /home/gadolinite/CASHIM_HL/subsecond/raytracedicom_pybind_stage/subSecond/src/tests/carbonpbs_data_layout_example.cu:86  疑似魔鬼数字，建议定义为具名常量 → 原行: float* rayweqVol = rayweqData.data() + 9;  (规范条款 4.8.1)
[WARN]  /home/gadolinite/CASHIM_HL/subsecond/raytracedicom_pybind_stage/subSecond/src/tests/carbonpbs_data_layout_example.cu:90  疑似注释掉的代码，规范要求直接删除 → 原行: // Simple example: WEQ depth equals geometric depth sample (not physically meaningful).  (规范条款 4.3)
[WARN]  /home/gadolinite/CASHIM_HL/subsecond/raytracedicom_pybind_stage/subSecond/src/tests/carbonpbs_data_layout_example.cu:101  疑似注释掉的代码，规范要求直接删除 → 原行: //   create2DTexture(idddata, width=shape[1], height=shape[0])  (规范条款 4.3)
[WARN]  /home/gadolinite/CASHIM_HL/subsecond/raytracedicom_pybind_stage/subSecond/src/tests/carbonpbs_data_layout_example.cu:108  疑似魔鬼数字，建议定义为具名常量 → 原行: iddData[static_cast<size_t>(e) * nIdd + k] = std::exp(-depth_mm / 50.0f);  (规范条款 4.8.1)
[WARN]  /home/gadolinite/CASHIM_HL/subsecond/raytracedicom_pybind_stage/subSecond/src/tests/carbonpbs_data_layout_example.cu:113  疑似注释掉的代码，规范要求直接删除 → 原行: //   vec3f iddDepth = ((vec3f*)h_iddsetting.ptr)[0];  (规范条款 4.3)
[WARN]  /home/gadolinite/CASHIM_HL/subsecond/raytracedicom_pybind_stage/subSecond/src/tests/carbonpbs_data_layout_example.cu:121  疑似注释掉的代码，规范要求直接删除 → 原行: //   w_j     = tex3D(profileData, j + 0.5, depthIdx + 0.5, eneIdx + 0.5)  (规范条款 4.3)
[WARN]  /home/gadolinite/CASHIM_HL/subsecond/raytracedicom_pybind_stage/subSecond/src/tests/carbonpbs_data_layout_example.cu:122  疑似注释掉的代码，规范要求直接删除 → 原行: //   sigma_j = tex3D(profileData, (j+nGauss)+0.5, depthIdx + 0.5, eneIdx + 0.5)  (规范条款 4.3)
[WARN]  /home/gadolinite/CASHIM_HL/subsecond/raytracedicom_pybind_stage/subSecond/src/tests/carbonpbs_data_layout_example.cu:123  疑似注释掉的代码，规范要求直接删除 → 原行: //   overall = tex3D(profileData, (2*nGauss)+0.5, depthIdx + 0.5, eneIdx + 0.5)  (规范条款 4.3)
[WARN]  /home/gadolinite/CASHIM_HL/subsecond/raytracedicom_pybind_stage/subSecond/src/tests/carbonpbs_data_layout_example.cu:124  疑似注释掉的代码，规范要求直接删除 → 原行: // So per (ene, depth) we store:  (规范条款 4.3)
[WARN]  /home/gadolinite/CASHIM_HL/subsecond/raytracedicom_pybind_stage/subSecond/src/tests/carbonpbs_data_layout_example.cu:136  疑似注释掉的代码，规范要求直接删除 → 原行: // sigmas (mm)  (规范条款 4.3)
[WARN]  /home/gadolinite/CASHIM_HL/subsecond/raytracedicom_pybind_stage/subSecond/src/tests/carbonpbs_data_layout_example.cu:145  疑似注释掉的代码，规范要求直接删除 → 原行: //   vec3f profileDepth = ((vec3f*)h_profilesetting.ptr)[0];  (规范条款 4.3)
[WARN]  /home/gadolinite/CASHIM_HL/subsecond/raytracedicom_pybind_stage/subSecond/src/tests/carbonpbs_data_layout_example.cu:152  疑似注释掉的代码，规范要求直接删除 → 原行: // In carbonPBS/deviceCalDose.cu, per (eneIdx, isubspot):  (规范条款 4.3)
[WARN]  /home/gadolinite/CASHIM_HL/subsecond/raytracedicom_pybind_stage/subSecond/src/tests/carbonpbs_data_layout_example.cu:153  疑似注释掉的代码，规范要求直接删除 → 原行: //   deltax       = tex3D(subspotData, 0, isubspot, eneIdx)  (规范条款 4.3)
[WARN]  /home/gadolinite/CASHIM_HL/subsecond/raytracedicom_pybind_stage/subSecond/src/tests/carbonpbs_data_layout_example.cu:154  疑似注释掉的代码，规范要求直接删除 → 原行: //   deltay       = tex3D(subspotData, 1, isubspot, eneIdx)  (规范条款 4.3)
[WARN]  /home/gadolinite/CASHIM_HL/subsecond/raytracedicom_pybind_stage/subSecond/src/tests/carbonpbs_data_layout_example.cu:155  疑似注释掉的代码，规范要求直接删除 → 原行: //   subspotweight= tex3D(subspotData, 2, isubspot, eneIdx)  (规范条款 4.3)
[WARN]  /home/gadolinite/CASHIM_HL/subsecond/raytracedicom_pybind_stage/subSecond/src/tests/carbonpbs_data_layout_example.cu:156  疑似注释掉的代码，规范要求直接删除 → 原行: //   sigmax       = tex3D(subspotData, 3, isubspot, eneIdx)  (规范条款 4.3)
[WARN]  /home/gadolinite/CASHIM_HL/subsecond/raytracedicom_pybind_stage/subSecond/src/tests/carbonpbs_data_layout_example.cu:157  疑似注释掉的代码，规范要求直接删除 → 原行: //   sigmay       = tex3D(subspotData, 4, isubspot, eneIdx)  (规范条款 4.3)
[WARN]  /home/gadolinite/CASHIM_HL/subsecond/raytracedicom_pybind_stage/subSecond/src/tests/carbonpbs_data_layout_example.cu:158  疑似魔鬼数字，建议定义为具名常量 → 原行: std::vector<float> subSpotData(static_cast<size_t>(nEne) * nSubspot * 5, 0.0f);  (规范条款 4.8.1)
[WARN]  /home/gadolinite/CASHIM_HL/subsecond/raytracedicom_pybind_stage/subSecond/src/tests/carbonpbs_data_layout_example.cu:165  疑似魔鬼数字，建议定义为具名常量 → 原行: subSpotData[base + 3] = 2.0f;                  // sigmax (mm)  (规范条款 4.8.1)
[WARN]  /home/gadolinite/CASHIM_HL/subsecond/raytracedicom_pybind_stage/subSecond/src/tests/carbonpbs_data_layout_example.cu:166  疑似魔鬼数字，建议定义为具名常量 → 原行: subSpotData[base + 4] = 2.0f;                  // sigmay (mm)  (规范条款 4.8.1)
[WARN]  /home/gadolinite/CASHIM_HL/subsecond/raytracedicom_pybind_stage/subSecond/src/tests/carbonpbs_data_layout_example.cu:174  疑似魔鬼数字，建议定义为具名常量 → 原行: std::cout << "  rayweqData: header 9 floats + volume nx*ny*nStep = "  (规范条款 4.8.1)
[INFO]  /home/gadolinite/CASHIM_HL/subsecond/raytracedicom_pybind_stage/subSecond/src/tests/carbonpbs_data_layout_example.cu:178  指针/引用符号空格修正（两边都无空格 → 靠左形式）  (规范条款 4.2)
[INFO]  /home/gadolinite/CASHIM_HL/subsecond/raytracedicom_pybind_stage/subSecond/src/tests/carbonpbs_data_layout_example.cu:181  指针/引用符号空格修正（两边都无空格 → 靠左形式）  (规范条款 4.2)
[WARN]  /home/gadolinite/CASHIM_HL/subsecond/raytracedicom_pybind_stage/subSecond/src/tests/carbonpbs_data_layout_example.cu:186  疑似魔鬼数字，建议定义为具名常量 → 原行: std::cout << "  subSpotData: nEne*nSubspot*5 = " << subSpotData.size() << " floats ("  (规范条款 4.8.1)
[SKIP]  /home/gadolinite/CASHIM_HL/subsecond/raytracedicom_pybind_stage/subSecond/src/tests/carbonpbs_data_layout_example.cu:190  行宽 122 > 120，需人工换行处理  (规范条款 4.2)
[WARN]  /home/gadolinite/CASHIM_HL/subsecond/raytracedicom_pybind_stage/subSecond/src/tests/complete_dose_debug.cu:21  疑似魔鬼数字，建议定义为具名常量 → 原行: std::vector<float> subspotData(numLayers * maxSubspotsPerLayer * 5);  (规范条款 4.8.1)
[WARN]  /home/gadolinite/CASHIM_HL/subsecond/raytracedicom_pybind_stage/subSecond/src/tests/complete_dose_debug.cu:25  疑似魔鬼数字，建议定义为具名常量 → 原行: std::uniform_real_distribution<float> weightRange(1.0f, 5.0f);  (规范条款 4.8.1)
[INFO]  /home/gadolinite/CASHIM_HL/subsecond/raytracedicom_pybind_stage/subSecond/src/tests/complete_dose_debug.cu:27  行尾空白字符已删除  (规范条款 4.2)
[WARN]  /home/gadolinite/CASHIM_HL/subsecond/raytracedicom_pybind_stage/subSecond/src/tests/complete_dose_debug.cu:30  疑似魔鬼数字，建议定义为具名常量 → 原行: int baseIdx = (layer * maxSubspotsPerLayer + subspot) * 5;  (规范条款 4.8.1)
[WARN]  /home/gadolinite/CASHIM_HL/subsecond/raytracedicom_pybind_stage/subSecond/src/tests/complete_dose_debug.cu:34  疑似魔鬼数字，建议定义为具名常量 → 原行: subspotData[baseIdx + 3] = sigmaRange(gen);  (规范条款 4.8.1)
[WARN]  /home/gadolinite/CASHIM_HL/subsecond/raytracedicom_pybind_stage/subSecond/src/tests/complete_dose_debug.cu:35  疑似魔鬼数字，建议定义为具名常量 → 原行: subspotData[baseIdx + 4] = sigmaRange(gen);  (规范条款 4.8.1)
[INFO]  /home/gadolinite/CASHIM_HL/subsecond/raytracedicom_pybind_stage/subSecond/src/tests/complete_dose_debug.cu:38  行尾空白字符已删除  (规范条款 4.2)
[WARN]  /home/gadolinite/CASHIM_HL/subsecond/raytracedicom_pybind_stage/subSecond/src/tests/complete_dose_debug.cu:41  疑似魔鬼数字，建议定义为具名常量 → 原行: int baseIdx = (layer * maxSubspotsPerLayer + subspot) * 5;  (规范条款 4.8.1)
[WARN]  /home/gadolinite/CASHIM_HL/subsecond/raytracedicom_pybind_stage/subSecond/src/tests/complete_dose_debug.cu:45  疑似魔鬼数字，建议定义为具名常量 → 原行: subspotData[baseIdx + 3] = 1.0f;  // Reasonable sigma  (规范条款 4.8.1)
[WARN]  /home/gadolinite/CASHIM_HL/subsecond/raytracedicom_pybind_stage/subSecond/src/tests/complete_dose_debug.cu:46  疑似魔鬼数字，建议定义为具名常量 → 原行: subspotData[baseIdx + 4] = 1.0f;  // Reasonable sigma  (规范条款 4.8.1)
[INFO]  /home/gadolinite/CASHIM_HL/subsecond/raytracedicom_pybind_stage/subSecond/src/tests/complete_dose_debug.cu:49  行尾空白字符已删除  (规范条款 4.2)
[WARN]  /home/gadolinite/CASHIM_HL/subsecond/raytracedicom_pybind_stage/subSecond/src/tests/complete_dose_debug.cu:57  疑似魔鬼数字，建议定义为具名常量 → 原行: std::cout << "Expected size: " << numLayers * maxSubspotsPerLayer * 5 << " elements" << std::endl;  (规范条款 4.8.1)
[INFO]  /home/gadolinite/CASHIM_HL/subsecond/raytracedicom_pybind_stage/subSecond/src/tests/complete_dose_debug.cu:59  行尾空白字符已删除  (规范条款 4.2)
[INFO]  /home/gadolinite/CASHIM_HL/subsecond/raytracedicom_pybind_stage/subSecond/src/tests/complete_dose_debug.cu:62  行尾空白字符已删除  (规范条款 4.2)
[INFO]  /home/gadolinite/CASHIM_HL/subsecond/raytracedicom_pybind_stage/subSecond/src/tests/complete_dose_debug.cu:66  行尾空白字符已删除  (规范条款 4.2)
[WARN]  /home/gadolinite/CASHIM_HL/subsecond/raytracedicom_pybind_stage/subSecond/src/tests/complete_dose_debug.cu:68  疑似魔鬼数字，建议定义为具名常量 → 原行: int baseIdx = (layer * maxSubspotsPerLayer + subspot) * 5;  (规范条款 4.8.1)
[INFO]  /home/gadolinite/CASHIM_HL/subsecond/raytracedicom_pybind_stage/subSecond/src/tests/complete_dose_debug.cu:69  行尾空白字符已删除  (规范条款 4.2)
[WARN]  /home/gadolinite/CASHIM_HL/subsecond/raytracedicom_pybind_stage/subSecond/src/tests/complete_dose_debug.cu:70  疑似魔鬼数字，建议定义为具名常量 → 原行: if (baseIdx + 4 < (int)subspotData.size()) {  (规范条款 4.8.1)
[WARN]  /home/gadolinite/CASHIM_HL/subsecond/raytracedicom_pybind_stage/subSecond/src/tests/complete_dose_debug.cu:70  疑似 C 风格类型转换，建议改为 C++ 风格 → 原行: if (baseIdx + 4 < (int)subspotData.size()) {  (规范条款 4.8.3)
[WARN]  /home/gadolinite/CASHIM_HL/subsecond/raytracedicom_pybind_stage/subSecond/src/tests/complete_dose_debug.cu:74  疑似魔鬼数字，建议定义为具名常量 → 原行: float sigmaX = subspotData[baseIdx + 3];  (规范条款 4.8.1)
[WARN]  /home/gadolinite/CASHIM_HL/subsecond/raytracedicom_pybind_stage/subSecond/src/tests/complete_dose_debug.cu:75  疑似魔鬼数字，建议定义为具名常量 → 原行: float sigmaY = subspotData[baseIdx + 4];  (规范条款 4.8.1)
[INFO]  /home/gadolinite/CASHIM_HL/subsecond/raytracedicom_pybind_stage/subSecond/src/tests/complete_dose_debug.cu:76  行尾空白字符已删除  (规范条款 4.2)
[INFO]  /home/gadolinite/CASHIM_HL/subsecond/raytracedicom_pybind_stage/subSecond/src/tests/complete_dose_debug.cu:79  行尾空白字符已删除  (规范条款 4.2)
[INFO]  /home/gadolinite/CASHIM_HL/subsecond/raytracedicom_pybind_stage/subSecond/src/tests/complete_dose_debug.cu:84  行尾空白字符已删除  (规范条款 4.2)
[WARN]  /home/gadolinite/CASHIM_HL/subsecond/raytracedicom_pybind_stage/subSecond/src/tests/complete_dose_debug.cu:85  疑似魔鬼数字，建议定义为具名常量 → 原行: if (subspot < 5) { // 只显示前5个subspot  (规范条款 4.8.1)
[INFO]  /home/gadolinite/CASHIM_HL/subsecond/raytracedicom_pybind_stage/subSecond/src/tests/complete_dose_debug.cu:95  行尾空白字符已删除  (规范条款 4.2)
[SKIP]  /home/gadolinite/CASHIM_HL/subsecond/raytracedicom_pybind_stage/subSecond/src/tests/complete_dose_debug.cu:96  行宽 129 > 120，需人工换行处理  (规范条款 4.2)
[INFO]  /home/gadolinite/CASHIM_HL/subsecond/raytracedicom_pybind_stage/subSecond/src/tests/complete_dose_debug.cu:98  行尾空白字符已删除  (规范条款 4.2)
[SKIP]  /home/gadolinite/CASHIM_HL/subsecond/raytracedicom_pybind_stage/subSecond/src/tests/complete_dose_debug.cu:106  行宽 130 > 120，需人工换行处理  (规范条款 4.2)
[INFO]  /home/gadolinite/CASHIM_HL/subsecond/raytracedicom_pybind_stage/subSecond/src/tests/complete_dose_debug.cu:108  行尾空白字符已删除  (规范条款 4.2)
[INFO]  /home/gadolinite/CASHIM_HL/subsecond/raytracedicom_pybind_stage/subSecond/src/tests/complete_dose_debug.cu:114  行尾空白字符已删除  (规范条款 4.2)
[SKIP]  /home/gadolinite/CASHIM_HL/subsecond/raytracedicom_pybind_stage/subSecond/src/tests/complete_dose_debug.cu:115  行宽 126 > 120，需人工换行处理  (规范条款 4.2)
[SKIP]  /home/gadolinite/CASHIM_HL/subsecond/raytracedicom_pybind_stage/subSecond/src/tests/complete_dose_debug.cu:116  行宽 152 > 120，需人工换行处理  (规范条款 4.2)
[INFO]  /home/gadolinite/CASHIM_HL/subsecond/raytracedicom_pybind_stage/subSecond/src/tests/complete_dose_debug.cu:122  行尾空白字符已删除  (规范条款 4.2)
[WARN]  /home/gadolinite/CASHIM_HL/subsecond/raytracedicom_pybind_stage/subSecond/src/tests/complete_dose_debug.cu:124  疑似魔鬼数字，建议定义为具名常量 → 原行: int numLayers = 3;  (规范条款 4.8.1)
[INFO]  /home/gadolinite/CASHIM_HL/subsecond/raytracedicom_pybind_stage/subSecond/src/tests/complete_dose_debug.cu:127  行尾空白字符已删除  (规范条款 4.2)
[INFO]  /home/gadolinite/CASHIM_HL/subsecond/raytracedicom_pybind_stage/subSecond/src/tests/complete_dose_debug.cu:130  行尾空白字符已删除  (规范条款 4.2)
[INFO]  /home/gadolinite/CASHIM_HL/subsecond/raytracedicom_pybind_stage/subSecond/src/tests/complete_dose_debug.cu:138  行尾空白字符已删除  (规范条款 4.2)
[INFO]  /home/gadolinite/CASHIM_HL/subsecond/raytracedicom_pybind_stage/subSecond/src/tests/complete_dose_debug.cu:147  行尾空白字符已删除  (规范条款 4.2)
[INFO]  /home/gadolinite/CASHIM_HL/subsecond/raytracedicom_pybind_stage/subSecond/src/tests/complete_dose_debug.cu:150  行尾空白字符已删除  (规范条款 4.2)
[INFO]  /home/gadolinite/CASHIM_HL/subsecond/raytracedicom_pybind_stage/subSecond/src/tests/complete_dose_debug.cu:156  行尾空白字符已删除  (规范条款 4.2)
[INFO]  /home/gadolinite/CASHIM_HL/subsecond/raytracedicom_pybind_stage/subSecond/src/tests/complete_dose_debug.cu:159  行尾空白字符已删除  (规范条款 4.2)
[INFO]  /home/gadolinite/CASHIM_HL/subsecond/raytracedicom_pybind_stage/subSecond/src/tests/complete_dose_debug.cu:163  行尾空白字符已删除  (规范条款 4.2)
[WARN]  /home/gadolinite/CASHIM_HL/subsecond/raytracedicom_pybind_stage/subSecond/src/tests/complete_dose_debug.cu:167  疑似魔鬼数字，建议定义为具名常量 → 原行: cudaExtent extent = make_cudaExtent(5, maxSubspotsPerLayer, numLayers);  (规范条款 4.8.1)
[INFO]  /home/gadolinite/CASHIM_HL/subsecond/raytracedicom_pybind_stage/subSecond/src/tests/complete_dose_debug.cu:169  行尾空白字符已删除  (规范条款 4.2)
[WARN]  /home/gadolinite/CASHIM_HL/subsecond/raytracedicom_pybind_stage/subSecond/src/tests/complete_dose_debug.cu:172  疑似魔鬼数字，建议定义为具名常量 → 原行: copyParams.srcPtr = make_cudaPitchedPtr(devSubspotData, 5 * sizeof(float), 5, maxSubspotsPerLayer);  (规范条款 4.8.1)
[INFO]  /home/gadolinite/CASHIM_HL/subsecond/raytracedicom_pybind_stage/subSecond/src/tests/complete_dose_debug.cu:177  行尾空白字符已删除  (规范条款 4.2)
[INFO]  /home/gadolinite/CASHIM_HL/subsecond/raytracedicom_pybind_stage/subSecond/src/tests/complete_dose_debug.cu:182  行尾空白字符已删除  (规范条款 4.2)
[INFO]  /home/gadolinite/CASHIM_HL/subsecond/raytracedicom_pybind_stage/subSecond/src/tests/complete_dose_debug.cu:190  行尾空白字符已删除  (规范条款 4.2)
[INFO]  /home/gadolinite/CASHIM_HL/subsecond/raytracedicom_pybind_stage/subSecond/src/tests/complete_dose_debug.cu:192  NULL → nullptr  (规范条款 4.8.10)
[INFO]  /home/gadolinite/CASHIM_HL/subsecond/raytracedicom_pybind_stage/subSecond/src/tests/complete_dose_debug.cu:193  行尾空白字符已删除  (规范条款 4.2)
[INFO]  /home/gadolinite/CASHIM_HL/subsecond/raytracedicom_pybind_stage/subSecond/src/tests/complete_dose_debug.cu:195  行尾空白字符已删除  (规范条款 4.2)
[INFO]  /home/gadolinite/CASHIM_HL/subsecond/raytracedicom_pybind_stage/subSecond/src/tests/complete_dose_debug.cu:198  行尾空白字符已删除  (规范条款 4.2)
[INFO]  /home/gadolinite/CASHIM_HL/subsecond/raytracedicom_pybind_stage/subSecond/src/tests/complete_dose_debug.cu:200  行尾空白字符已删除  (规范条款 4.2)
[INFO]  /home/gadolinite/CASHIM_HL/subsecond/raytracedicom_pybind_stage/subSecond/src/tests/complete_dose_debug.cu:204  行尾空白字符已删除  (规范条款 4.2)
[INFO]  /home/gadolinite/CASHIM_HL/subsecond/raytracedicom_pybind_stage/subSecond/src/tests/complete_dose_debug.cu:208  行尾空白字符已删除  (规范条款 4.2)
[INFO]  /home/gadolinite/CASHIM_HL/subsecond/raytracedicom_pybind_stage/subSecond/src/tests/complete_dose_debug.cu:213  行尾空白字符已删除  (规范条款 4.2)
[INFO]  /home/gadolinite/CASHIM_HL/subsecond/raytracedicom_pybind_stage/subSecond/src/tests/complete_dose_debug.cu:221  行尾空白字符已删除  (规范条款 4.2)
[INFO]  /home/gadolinite/CASHIM_HL/subsecond/raytracedicom_pybind_stage/subSecond/src/tests/complete_dose_debug.cu:227  行尾空白字符已删除  (规范条款 4.2)
[INFO]  /home/gadolinite/CASHIM_HL/subsecond/raytracedicom_pybind_stage/subSecond/src/tests/complete_dose_debug.cu:237  行尾空白字符已删除  (规范条款 4.2)
[INFO]  /home/gadolinite/CASHIM_HL/subsecond/raytracedicom_pybind_stage/subSecond/src/tests/complete_dose_debug.cu:243  行尾空白字符已删除  (规范条款 4.2)
[INFO]  /home/gadolinite/CASHIM_HL/subsecond/raytracedicom_pybind_stage/subSecond/src/tests/complete_dose_debug.cu:279  行尾空白字符已删除  (规范条款 4.2)
[INFO]  /home/gadolinite/CASHIM_HL/subsecond/raytracedicom_pybind_stage/subSecond/src/tests/complete_dose_debug.cu:283  行尾空白字符已删除  (规范条款 4.2)
[INFO]  /home/gadolinite/CASHIM_HL/subsecond/raytracedicom_pybind_stage/subSecond/src/tests/complete_dose_debug.cu:288  行尾空白字符已删除  (规范条款 4.2)
[INFO]  /home/gadolinite/CASHIM_HL/subsecond/raytracedicom_pybind_stage/subSecond/src/tests/complete_dose_debug.cu:291  行尾空白字符已删除  (规范条款 4.2)
[INFO]  /home/gadolinite/CASHIM_HL/subsecond/raytracedicom_pybind_stage/subSecond/src/tests/complete_dose_debug.cu:292  行尾空白字符已删除  (规范条款 4.2)
[INFO]  /home/gadolinite/CASHIM_HL/subsecond/raytracedicom_pybind_stage/subSecond/src/tests/complete_dose_debug.cu:295  行尾空白字符已删除  (规范条款 4.2)
[INFO]  /home/gadolinite/CASHIM_HL/subsecond/raytracedicom_pybind_stage/subSecond/src/tests/complete_dose_debug.cu:299  行尾空白字符已删除  (规范条款 4.2)
[INFO]  /home/gadolinite/CASHIM_HL/subsecond/raytracedicom_pybind_stage/subSecond/src/tests/complete_dose_debug.cu:307  行尾空白字符已删除  (规范条款 4.2)
[WARN]  /home/gadolinite/CASHIM_HL/subsecond/raytracedicom_pybind_stage/subSecond/src/tests/complete_dose_debug.cu:309  疑似魔鬼数字，建议定义为具名常量 → 原行: int numLayers = 3;  (规范条款 4.8.1)
[INFO]  /home/gadolinite/CASHIM_HL/subsecond/raytracedicom_pybind_stage/subSecond/src/tests/complete_dose_debug.cu:312  行尾空白字符已删除  (规范条款 4.2)
[INFO]  /home/gadolinite/CASHIM_HL/subsecond/raytracedicom_pybind_stage/subSecond/src/tests/complete_dose_debug.cu:315  行尾空白字符已删除  (规范条款 4.2)
[INFO]  /home/gadolinite/CASHIM_HL/subsecond/raytracedicom_pybind_stage/subSecond/src/tests/complete_dose_debug.cu:321  行尾空白字符已删除  (规范条款 4.2)
[INFO]  /home/gadolinite/CASHIM_HL/subsecond/raytracedicom_pybind_stage/subSecond/src/tests/complete_dose_debug.cu:323  行尾空白字符已删除  (规范条款 4.2)
[INFO]  /home/gadolinite/CASHIM_HL/subsecond/raytracedicom_pybind_stage/subSecond/src/tests/complete_dose_debug.cu:325  行尾空白字符已删除  (规范条款 4.2)
[INFO]  /home/gadolinite/CASHIM_HL/subsecond/raytracedicom_pybind_stage/subSecond/src/tests/complete_dose_debug.cu:331  行尾空白字符已删除  (规范条款 4.2)
[INFO]  /home/gadolinite/CASHIM_HL/subsecond/raytracedicom_pybind_stage/subSecond/src/tests/complete_dose_debug.cu:334  行尾空白字符已删除  (规范条款 4.2)
[INFO]  /home/gadolinite/CASHIM_HL/subsecond/raytracedicom_pybind_stage/subSecond/src/tests/complete_dose_debug.cu:337  行尾空白字符已删除  (规范条款 4.2)
[SKIP]  /home/gadolinite/CASHIM_HL/subsecond/raytracedicom_pybind_stage/subSecond/src/tests/complete_dose_debug.cu:341  行宽 136 > 120，需人工换行处理  (规范条款 4.2)
[INFO]  /home/gadolinite/CASHIM_HL/subsecond/raytracedicom_pybind_stage/subSecond/src/tests/complete_dose_debug.cu:342  行尾空白字符已删除  (规范条款 4.2)
[INFO]  /home/gadolinite/CASHIM_HL/subsecond/raytracedicom_pybind_stage/subSecond/src/tests/complete_dose_debug.cu:347  行尾空白字符已删除  (规范条款 4.2)
[INFO]  /home/gadolinite/CASHIM_HL/subsecond/raytracedicom_pybind_stage/subSecond/src/tests/complete_dose_debug.cu:355  行尾空白字符已删除  (规范条款 4.2)
[INFO]  /home/gadolinite/CASHIM_HL/subsecond/raytracedicom_pybind_stage/subSecond/src/tests/complete_dose_debug.cu:359  行尾空白字符已删除  (规范条款 4.2)
[INFO]  /home/gadolinite/CASHIM_HL/subsecond/raytracedicom_pybind_stage/subSecond/src/tests/complete_dose_debug.cu:375  行尾空白字符已删除  (规范条款 4.2)
[WARN]  /home/gadolinite/CASHIM_HL/subsecond/raytracedicom_pybind_stage/subSecond/src/tests/complete_dose_debug.cu:377  疑似魔鬼数字，建议定义为具名常量 → 原行: vec3i rayDims = make_vec3i(32, 32, 1);  (规范条款 4.8.1)
[INFO]  /home/gadolinite/CASHIM_HL/subsecond/raytracedicom_pybind_stage/subSecond/src/tests/complete_dose_debug.cu:384  行尾空白字符已删除  (规范条款 4.2)
[INFO]  /home/gadolinite/CASHIM_HL/subsecond/raytracedicom_pybind_stage/subSecond/src/tests/complete_dose_debug.cu:386  行尾空白字符已删除  (规范条款 4.2)
[INFO]  /home/gadolinite/CASHIM_HL/subsecond/raytracedicom_pybind_stage/subSecond/src/tests/complete_dose_debug.cu:388  行尾空白字符已删除  (规范条款 4.2)
[INFO]  /home/gadolinite/CASHIM_HL/subsecond/raytracedicom_pybind_stage/subSecond/src/tests/complete_dose_debug.cu:394  行尾空白字符已删除  (规范条款 4.2)
[INFO]  /home/gadolinite/CASHIM_HL/subsecond/raytracedicom_pybind_stage/subSecond/src/tests/complete_dose_debug.cu:397  行尾空白字符已删除  (规范条款 4.2)
[INFO]  /home/gadolinite/CASHIM_HL/subsecond/raytracedicom_pybind_stage/subSecond/src/tests/complete_dose_debug.cu:400  行尾空白字符已删除  (规范条款 4.2)
[INFO]  /home/gadolinite/CASHIM_HL/subsecond/raytracedicom_pybind_stage/subSecond/src/tests/complete_dose_debug.cu:405  行尾空白字符已删除  (规范条款 4.2)
[INFO]  /home/gadolinite/CASHIM_HL/subsecond/raytracedicom_pybind_stage/subSecond/src/tests/complete_dose_debug.cu:413  行尾空白字符已删除  (规范条款 4.2)
[INFO]  /home/gadolinite/CASHIM_HL/subsecond/raytracedicom_pybind_stage/subSecond/src/tests/complete_dose_debug.cu:417  行尾空白字符已删除  (规范条款 4.2)
[INFO]  /home/gadolinite/CASHIM_HL/subsecond/raytracedicom_pybind_stage/subSecond/src/tests/complete_dose_debug.cu:433  行尾空白字符已删除  (规范条款 4.2)
[WARN]  /home/gadolinite/CASHIM_HL/subsecond/raytracedicom_pybind_stage/subSecond/src/tests/complete_dose_debug.cu:435  疑似魔鬼数字，建议定义为具名常量 → 原行: int3 ctDims = make_int3(64, 64, 32);  (规范条款 4.8.1)
[WARN]  /home/gadolinite/CASHIM_HL/subsecond/raytracedicom_pybind_stage/subSecond/src/tests/complete_dose_debug.cu:436  疑似魔鬼数字，建议定义为具名常量 → 原行: int3 doseDims = make_int3(64, 64, 32);  (规范条款 4.8.1)
[WARN]  /home/gadolinite/CASHIM_HL/subsecond/raytracedicom_pybind_stage/subSecond/src/tests/complete_dose_debug.cu:438  疑似魔鬼数字，建议定义为具名常量 → 原行: float3 ctOrigin = make_float3(-32.0f, -32.0f, -16.0f);  (规范条款 4.8.1)
[WARN]  /home/gadolinite/CASHIM_HL/subsecond/raytracedicom_pybind_stage/subSecond/src/tests/complete_dose_debug.cu:440  疑似魔鬼数字，建议定义为具名常量 → 原行: float3 doseOrigin = make_float3(-32.0f, -32.0f, -16.0f);  (规范条款 4.8.1)
[INFO]  /home/gadolinite/CASHIM_HL/subsecond/raytracedicom_pybind_stage/subSecond/src/tests/complete_dose_debug.cu:441  行尾空白字符已删除  (规范条款 4.2)
[INFO]  /home/gadolinite/CASHIM_HL/subsecond/raytracedicom_pybind_stage/subSecond/src/tests/complete_dose_debug.cu:444  行尾空白字符已删除  (规范条款 4.2)
[INFO]  /home/gadolinite/CASHIM_HL/subsecond/raytracedicom_pybind_stage/subSecond/src/tests/complete_dose_debug.cu:447  行尾空白字符已删除  (规范条款 4.2)
[INFO]  /home/gadolinite/CASHIM_HL/subsecond/raytracedicom_pybind_stage/subSecond/src/tests/complete_dose_debug.cu:449  行尾空白字符已删除  (规范条款 4.2)
[INFO]  /home/gadolinite/CASHIM_HL/subsecond/raytracedicom_pybind_stage/subSecond/src/tests/complete_dose_debug.cu:456  行尾空白字符已删除  (规范条款 4.2)
[INFO]  /home/gadolinite/CASHIM_HL/subsecond/raytracedicom_pybind_stage/subSecond/src/tests/complete_dose_debug.cu:459  行尾空白字符已删除  (规范条款 4.2)
[INFO]  /home/gadolinite/CASHIM_HL/subsecond/raytracedicom_pybind_stage/subSecond/src/tests/complete_dose_debug.cu:461  行尾空白字符已删除  (规范条款 4.2)
[INFO]  /home/gadolinite/CASHIM_HL/subsecond/raytracedicom_pybind_stage/subSecond/src/tests/complete_dose_debug.cu:466  行尾空白字符已删除  (规范条款 4.2)
[INFO]  /home/gadolinite/CASHIM_HL/subsecond/raytracedicom_pybind_stage/subSecond/src/tests/complete_dose_debug.cu:474  行尾空白字符已删除  (规范条款 4.2)
[INFO]  /home/gadolinite/CASHIM_HL/subsecond/raytracedicom_pybind_stage/subSecond/src/tests/complete_dose_debug.cu:478  行尾空白字符已删除  (规范条款 4.2)
[INFO]  /home/gadolinite/CASHIM_HL/subsecond/raytracedicom_pybind_stage/subSecond/src/tests/complete_dose_debug.cu:489  行尾空白字符已删除  (规范条款 4.2)
[WARN]  /home/gadolinite/CASHIM_HL/subsecond/raytracedicom_pybind_stage/subSecond/src/tests/complete_dose_debug.cu:500  疑似魔鬼数字，建议定义为具名常量 → 原行: beam->steps = 50;  (规范条款 4.8.1)
[WARN]  /home/gadolinite/CASHIM_HL/subsecond/raytracedicom_pybind_stage/subSecond/src/tests/complete_dose_debug.cu:503  疑似魔鬼数字，建议定义为具名常量 → 原行: beam->spotDelta = make_float3(3.0f, 3.0f, 0.0f);  (规范条款 4.8.1)
[WARN]  /home/gadolinite/CASHIM_HL/subsecond/raytracedicom_pybind_stage/subSecond/src/tests/complete_dose_debug.cu:510  疑似注释掉的代码，规范要求直接删除 → 原行: // CarbonPBS-compatible subspotData (required by the wrapper)  (规范条款 4.3)
[SKIP]  /home/gadolinite/CASHIM_HL/subsecond/raytracedicom_pybind_stage/subSecond/src/tests/complete_dose_debug.cu:516  行宽 123 > 120，需人工换行处理  (规范条款 4.2)
[SKIP]  /home/gadolinite/CASHIM_HL/subsecond/raytracedicom_pybind_stage/subSecond/src/tests/complete_dose_debug.cu:519  行宽 137 > 120，需人工换行处理  (规范条款 4.2)
[WARN]  /home/gadolinite/CASHIM_HL/subsecond/raytracedicom_pybind_stage/subSecond/src/tests/complete_dose_debug.cu:524  疑似魔鬼数字，建议定义为具名常量 → 原行: beam->subspotData[base + 3] = sxy.x;  (规范条款 4.8.1)
[WARN]  /home/gadolinite/CASHIM_HL/subsecond/raytracedicom_pybind_stage/subSecond/src/tests/complete_dose_debug.cu:525  疑似魔鬼数字，建议定义为具名常量 → 原行: beam->subspotData[base + 4] = sxy.y;  (规范条款 4.8.1)
[WARN]  /home/gadolinite/CASHIM_HL/subsecond/raytracedicom_pybind_stage/subSecond/src/tests/complete_dose_debug.cu:529  疑似注释掉的代码，规范要求直接删除 → 原行: // Beam geometry (synthetic)  (规范条款 4.3)
[WARN]  /home/gadolinite/CASHIM_HL/subsecond/raytracedicom_pybind_stage/subSecond/src/tests/complete_dose_debug.cu:541  疑似魔鬼数字，建议定义为具名常量 → 原行: energy->nEnergySamples = 50;  (规范条款 4.8.1)
[WARN]  /home/gadolinite/CASHIM_HL/subsecond/raytracedicom_pybind_stage/subSecond/src/tests/complete_dose_debug.cu:542  疑似魔鬼数字，建议定义为具名常量 → 原行: energy->nEnergies = 3;  (规范条款 4.8.1)
[INFO]  /home/gadolinite/CASHIM_HL/subsecond/raytracedicom_pybind_stage/subSecond/src/tests/complete_dose_debug.cu:546  行尾空白字符已删除  (规范条款 4.2)
[WARN]  /home/gadolinite/CASHIM_HL/subsecond/raytracedicom_pybind_stage/subSecond/src/tests/complete_dose_debug.cu:551  疑似魔鬼数字，建议定义为具名常量 → 原行: float depth = (float)s / energy->nEnergySamples * 20.0f;  (规范条款 4.8.1)
[WARN]  /home/gadolinite/CASHIM_HL/subsecond/raytracedicom_pybind_stage/subSecond/src/tests/complete_dose_debug.cu:551  疑似 C 风格类型转换，建议改为 C++ 风格 → 原行: float depth = (float)s / energy->nEnergySamples * 20.0f;  (规范条款 4.8.3)
[INFO]  /home/gadolinite/CASHIM_HL/subsecond/raytracedicom_pybind_stage/subSecond/src/tests/complete_dose_debug.cu:557  行尾空白字符已删除  (规范条款 4.2)
[WARN]  /home/gadolinite/CASHIM_HL/subsecond/raytracedicom_pybind_stage/subSecond/src/tests/complete_dose_debug.cu:558  疑似魔鬼数字，建议定义为具名常量 → 原行: energy->nDensitySamples = 50;  (规范条款 4.8.1)
[WARN]  /home/gadolinite/CASHIM_HL/subsecond/raytracedicom_pybind_stage/subSecond/src/tests/complete_dose_debug.cu:562  疑似 C 风格类型转换，建议改为 C++ 风格 → 原行: energy->densityVector[i] = 0.8f + 0.4f * (float)i / energy->nDensitySamples;  (规范条款 4.8.3)
[INFO]  /home/gadolinite/CASHIM_HL/subsecond/raytracedicom_pybind_stage/subSecond/src/tests/complete_dose_debug.cu:564  行尾空白字符已删除  (规范条款 4.2)
[WARN]  /home/gadolinite/CASHIM_HL/subsecond/raytracedicom_pybind_stage/subSecond/src/tests/complete_dose_debug.cu:565  疑似魔鬼数字，建议定义为具名常量 → 原行: energy->nSpSamples = 50;  (规范条款 4.8.1)
[WARN]  /home/gadolinite/CASHIM_HL/subsecond/raytracedicom_pybind_stage/subSecond/src/tests/complete_dose_debug.cu:569  疑似 C 风格类型转换，建议改为 C++ 风格 → 原行: energy->spVector[i] = 1.0f + 0.2f * (float)i / energy->nSpSamples;  (规范条款 4.8.3)
[INFO]  /home/gadolinite/CASHIM_HL/subsecond/raytracedicom_pybind_stage/subSecond/src/tests/complete_dose_debug.cu:571  行尾空白字符已删除  (规范条款 4.2)
[WARN]  /home/gadolinite/CASHIM_HL/subsecond/raytracedicom_pybind_stage/subSecond/src/tests/complete_dose_debug.cu:572  疑似魔鬼数字，建议定义为具名常量 → 原行: energy->nRRlSamples = 50;  (规范条款 4.8.1)
[WARN]  /home/gadolinite/CASHIM_HL/subsecond/raytracedicom_pybind_stage/subSecond/src/tests/complete_dose_debug.cu:576  疑似 C 风格类型转换，建议改为 C++ 风格 → 原行: energy->rRlVector[i] = 0.1f + 0.05f * (float)i / energy->nRRlSamples;  (规范条款 4.8.3)
[INFO]  /home/gadolinite/CASHIM_HL/subsecond/raytracedicom_pybind_stage/subSecond/src/tests/complete_dose_debug.cu:578  行尾空白字符已删除  (规范条款 4.2)
[WARN]  /home/gadolinite/CASHIM_HL/subsecond/raytracedicom_pybind_stage/subSecond/src/tests/complete_dose_debug.cu:586  疑似注释掉的代码，规范要求直接删除 → 原行: //   - air everywhere (HU=-1000 -> HU+1000=0)  (规范条款 4.3)
[WARN]  /home/gadolinite/CASHIM_HL/subsecond/raytracedicom_pybind_stage/subSecond/src/tests/complete_dose_debug.cu:587  疑似注释掉的代码，规范要求直接删除 → 原行: //   - a central water box (HU=0 -> HU+1000=1000)  (规范条款 4.3)
[INFO]  /home/gadolinite/CASHIM_HL/subsecond/raytracedicom_pybind_stage/subSecond/src/tests/complete_dose_debug.cu:607  行尾空白字符已删除  (规范条款 4.2)
[INFO]  /home/gadolinite/CASHIM_HL/subsecond/raytracedicom_pybind_stage/subSecond/src/tests/complete_dose_debug.cu:614  行尾空白字符已删除  (规范条款 4.2)
[INFO]  /home/gadolinite/CASHIM_HL/subsecond/raytracedicom_pybind_stage/subSecond/src/tests/complete_dose_debug.cu:617  行尾空白字符已删除  (规范条款 4.2)
[INFO]  /home/gadolinite/CASHIM_HL/subsecond/raytracedicom_pybind_stage/subSecond/src/tests/complete_dose_debug.cu:619  行尾空白字符已删除  (规范条款 4.2)
[INFO]  /home/gadolinite/CASHIM_HL/subsecond/raytracedicom_pybind_stage/subSecond/src/tests/complete_dose_debug.cu:620  行尾空白字符已删除  (规范条款 4.2)
[WARN]  /home/gadolinite/CASHIM_HL/subsecond/raytracedicom_pybind_stage/subSecond/src/tests/complete_dose_debug.cu:620  疑似魔鬼数字，建议定义为具名常量 → 原行: int maxSubspotsPerLayer = 3;  (规范条款 4.8.1)
[INFO]  /home/gadolinite/CASHIM_HL/subsecond/raytracedicom_pybind_stage/subSecond/src/tests/complete_dose_debug.cu:622  行尾空白字符已删除  (规范条款 4.2)
[WARN]  /home/gadolinite/CASHIM_HL/subsecond/raytracedicom_pybind_stage/subSecond/src/tests/complete_dose_debug.cu:624  疑似魔鬼数字，建议定义为具名常量 → 原行: vec3f roiMinCorner = make_vec3f(-50.0f, -50.0f, 0.0f);  (规范条款 4.8.1)
[WARN]  /home/gadolinite/CASHIM_HL/subsecond/raytracedicom_pybind_stage/subSecond/src/tests/complete_dose_debug.cu:625  疑似魔鬼数字，建议定义为具名常量 → 原行: vec3f roiMaxCorner = make_vec3f(50.0f, 50.0f, 5.0f);  (规范条款 4.8.1)
[INFO]  /home/gadolinite/CASHIM_HL/subsecond/raytracedicom_pybind_stage/subSecond/src/tests/complete_dose_debug.cu:626  行尾空白字符已删除  (规范条款 4.2)
[INFO]  /home/gadolinite/CASHIM_HL/subsecond/raytracedicom_pybind_stage/subSecond/src/tests/complete_dose_debug.cu:634  行尾空白字符已删除  (规范条款 4.2)
[INFO]  /home/gadolinite/CASHIM_HL/subsecond/raytracedicom_pybind_stage/subSecond/src/tests/complete_dose_debug.cu:636  行尾空白字符已删除  (规范条款 4.2)
[INFO]  /home/gadolinite/CASHIM_HL/subsecond/raytracedicom_pybind_stage/subSecond/src/tests/complete_dose_debug.cu:638  行尾空白字符已删除  (规范条款 4.2)
[INFO]  /home/gadolinite/CASHIM_HL/subsecond/raytracedicom_pybind_stage/subSecond/src/tests/complete_dose_debug.cu:644  行尾空白字符已删除  (规范条款 4.2)
[INFO]  /home/gadolinite/CASHIM_HL/subsecond/raytracedicom_pybind_stage/subSecond/src/tests/complete_dose_debug.cu:647  行尾空白字符已删除  (规范条款 4.2)
[INFO]  /home/gadolinite/CASHIM_HL/subsecond/raytracedicom_pybind_stage/subSecond/src/tests/complete_dose_debug.cu:652  行尾空白字符已删除  (规范条款 4.2)
[INFO]  /home/gadolinite/CASHIM_HL/subsecond/raytracedicom_pybind_stage/subSecond/src/tests/complete_dose_debug.cu:657  行尾空白字符已删除  (规范条款 4.2)
[INFO]  /home/gadolinite/CASHIM_HL/subsecond/raytracedicom_pybind_stage/subSecond/src/tests/complete_dose_debug.cu:665  行尾空白字符已删除  (规范条款 4.2)
[INFO]  /home/gadolinite/CASHIM_HL/subsecond/raytracedicom_pybind_stage/subSecond/src/tests/complete_dose_debug.cu:671  行尾空白字符已删除  (规范条款 4.2)
[INFO]  /home/gadolinite/CASHIM_HL/subsecond/raytracedicom_pybind_stage/subSecond/src/tests/complete_dose_debug.cu:674  行尾空白字符已删除  (规范条款 4.2)
[INFO]  /home/gadolinite/CASHIM_HL/subsecond/raytracedicom_pybind_stage/subSecond/src/tests/complete_dose_debug.cu:678  行尾空白字符已删除  (规范条款 4.2)
[INFO]  /home/gadolinite/CASHIM_HL/subsecond/raytracedicom_pybind_stage/subSecond/src/tests/complete_dose_debug.cu:680  行尾空白字符已删除  (规范条款 4.2)
[INFO]  /home/gadolinite/CASHIM_HL/subsecond/raytracedicom_pybind_stage/subSecond/src/tests/complete_dose_debug.cu:694  行尾空白字符已删除  (规范条款 4.2)
[INFO]  /home/gadolinite/CASHIM_HL/subsecond/raytracedicom_pybind_stage/subSecond/src/tests/complete_dose_debug.cu:697  行尾空白字符已删除  (规范条款 4.2)
[INFO]  /home/gadolinite/CASHIM_HL/subsecond/raytracedicom_pybind_stage/subSecond/src/tests/complete_dose_debug.cu:702  行尾空白字符已删除  (规范条款 4.2)
[INFO]  /home/gadolinite/CASHIM_HL/subsecond/raytracedicom_pybind_stage/subSecond/src/tests/complete_dose_debug.cu:710  行尾空白字符已删除  (规范条款 4.2)
[INFO]  /home/gadolinite/CASHIM_HL/subsecond/raytracedicom_pybind_stage/subSecond/src/tests/complete_dose_debug.cu:717  行尾空白字符已删除  (规范条款 4.2)
[WARN]  /home/gadolinite/CASHIM_HL/subsecond/raytracedicom_pybind_stage/subSecond/src/tests/complete_dose_debug.cu:719  疑似魔鬼数字，建议定义为具名常量 → 原行: std::cout << "\nStep 3: Complete Dose Calculation with Ray Weights" << std::endl;  (规范条款 4.8.1)
[INFO]  /home/gadolinite/CASHIM_HL/subsecond/raytracedicom_pybind_stage/subSecond/src/tests/complete_dose_debug.cu:720  行尾空白字符已删除  (规范条款 4.2)
[WARN]  /home/gadolinite/CASHIM_HL/subsecond/raytracedicom_pybind_stage/subSecond/src/tests/complete_dose_debug.cu:722  疑似魔鬼数字，建议定义为具名常量 → 原行: int3 imVolDims = {64, 64, 32};  (规范条款 4.8.1)
[WARN]  /home/gadolinite/CASHIM_HL/subsecond/raytracedicom_pybind_stage/subSecond/src/tests/complete_dose_debug.cu:724  疑似魔鬼数字，建议定义为具名常量 → 原行: float3 imVolOrigin = {-3.2f, -3.2f, 0.0f};  (规范条款 4.8.1)
[INFO]  /home/gadolinite/CASHIM_HL/subsecond/raytracedicom_pybind_stage/subSecond/src/tests/complete_dose_debug.cu:725  行尾空白字符已删除  (规范条款 4.2)
[WARN]  /home/gadolinite/CASHIM_HL/subsecond/raytracedicom_pybind_stage/subSecond/src/tests/complete_dose_debug.cu:726  疑似魔鬼数字，建议定义为具名常量 → 原行: int3 doseVolDims = {400, 400, 32}; // Match rayDims for proper dose accumulation  (规范条款 4.8.1)
[WARN]  /home/gadolinite/CASHIM_HL/subsecond/raytracedicom_pybind_stage/subSecond/src/tests/complete_dose_debug.cu:728  疑似魔鬼数字，建议定义为具名常量 → 原行: float3 doseVolOrigin = {-3.2f, -3.2f, 0.0f};  (规范条款 4.8.1)
[INFO]  /home/gadolinite/CASHIM_HL/subsecond/raytracedicom_pybind_stage/subSecond/src/tests/complete_dose_debug.cu:729  行尾空白字符已删除  (规范条款 4.2)
[INFO]  /home/gadolinite/CASHIM_HL/subsecond/raytracedicom_pybind_stage/subSecond/src/tests/complete_dose_debug.cu:732  行尾空白字符已删除  (规范条款 4.2)
[INFO]  /home/gadolinite/CASHIM_HL/subsecond/raytracedicom_pybind_stage/subSecond/src/tests/complete_dose_debug.cu:735  行尾空白字符已删除  (规范条款 4.2)
[INFO]  /home/gadolinite/CASHIM_HL/subsecond/raytracedicom_pybind_stage/subSecond/src/tests/complete_dose_debug.cu:737  行尾空白字符已删除  (规范条款 4.2)
[INFO]  /home/gadolinite/CASHIM_HL/subsecond/raytracedicom_pybind_stage/subSecond/src/tests/complete_dose_debug.cu:745  行尾空白字符已删除  (规范条款 4.2)
[INFO]  /home/gadolinite/CASHIM_HL/subsecond/raytracedicom_pybind_stage/subSecond/src/tests/complete_dose_debug.cu:748  行尾空白字符已删除  (规范条款 4.2)
[INFO]  /home/gadolinite/CASHIM_HL/subsecond/raytracedicom_pybind_stage/subSecond/src/tests/complete_dose_debug.cu:753  行尾空白字符已删除  (规范条款 4.2)
[INFO]  /home/gadolinite/CASHIM_HL/subsecond/raytracedicom_pybind_stage/subSecond/src/tests/complete_dose_debug.cu:761  行尾空白字符已删除  (规范条款 4.2)
[INFO]  /home/gadolinite/CASHIM_HL/subsecond/raytracedicom_pybind_stage/subSecond/src/tests/complete_dose_debug.cu:767  行尾空白字符已删除  (规范条款 4.2)
[INFO]  /home/gadolinite/CASHIM_HL/subsecond/raytracedicom_pybind_stage/subSecond/src/tests/complete_dose_debug.cu:771  行尾空白字符已删除  (规范条款 4.2)
[INFO]  /home/gadolinite/CASHIM_HL/subsecond/raytracedicom_pybind_stage/subSecond/src/tests/cpb_convolution_debug.cu:4  行尾空白字符已删除  (规范条款 4.2)
[INFO]  /home/gadolinite/CASHIM_HL/subsecond/raytracedicom_pybind_stage/subSecond/src/tests/cpb_convolution_debug.cu:24  行尾空白字符已删除  (规范条款 4.2)
[WARN]  /home/gadolinite/CASHIM_HL/subsecond/raytracedicom_pybind_stage/subSecond/src/tests/cpb_convolution_debug.cu:26  疑似魔鬼数字，建议定义为具名常量 → 原行: int numLayers = 3;  (规范条款 4.8.1)
[WARN]  /home/gadolinite/CASHIM_HL/subsecond/raytracedicom_pybind_stage/subSecond/src/tests/cpb_convolution_debug.cu:27  疑似魔鬼数字，建议定义为具名常量 → 原行: int maxSubspotsPerLayer = 5;  (规范条款 4.8.1)
[WARN]  /home/gadolinite/CASHIM_HL/subsecond/raytracedicom_pybind_stage/subSecond/src/tests/cpb_convolution_debug.cu:28  疑似魔鬼数字，建议定义为具名常量 → 原行: std::vector<float> subspotData(numLayers * maxSubspotsPerLayer * 5);  (规范条款 4.8.1)
[INFO]  /home/gadolinite/CASHIM_HL/subsecond/raytracedicom_pybind_stage/subSecond/src/tests/cpb_convolution_debug.cu:29  行尾空白字符已删除  (规范条款 4.2)
[WARN]  /home/gadolinite/CASHIM_HL/subsecond/raytracedicom_pybind_stage/subSecond/src/tests/cpb_convolution_debug.cu:30  疑似注释掉的代码，规范要求直接删除 → 原行: // Fill with test data (not all zeros or ones, with fractional deltas)  (规范条款 4.3)
[WARN]  /home/gadolinite/CASHIM_HL/subsecond/raytracedicom_pybind_stage/subSecond/src/tests/cpb_convolution_debug.cu:31  疑似魔鬼数字，建议定义为具名常量 → 原行: std::mt19937 gen(42);  (规范条款 4.8.1)
[WARN]  /home/gadolinite/CASHIM_HL/subsecond/raytracedicom_pybind_stage/subSecond/src/tests/cpb_convolution_debug.cu:33  疑似魔鬼数字，建议定义为具名常量 → 原行: std::uniform_real_distribution<float> weightRange(0.5f, 3.0f);  (规范条款 4.8.1)
[INFO]  /home/gadolinite/CASHIM_HL/subsecond/raytracedicom_pybind_stage/subSecond/src/tests/cpb_convolution_debug.cu:35  行尾空白字符已删除  (规范条款 4.2)
[WARN]  /home/gadolinite/CASHIM_HL/subsecond/raytracedicom_pybind_stage/subSecond/src/tests/cpb_convolution_debug.cu:38  疑似魔鬼数字，建议定义为具名常量 → 原行: int baseIdx = (layer * maxSubspotsPerLayer + subspot) * 5;  (规范条款 4.8.1)
[WARN]  /home/gadolinite/CASHIM_HL/subsecond/raytracedicom_pybind_stage/subSecond/src/tests/cpb_convolution_debug.cu:42  疑似魔鬼数字，建议定义为具名常量 → 原行: subspotData[baseIdx + 3] = sigmaRange(gen);  // sigmaX  (规范条款 4.8.1)
[WARN]  /home/gadolinite/CASHIM_HL/subsecond/raytracedicom_pybind_stage/subSecond/src/tests/cpb_convolution_debug.cu:43  疑似魔鬼数字，建议定义为具名常量 → 原行: subspotData[baseIdx + 4] = sigmaRange(gen);  // sigmaY  (规范条款 4.8.1)
[INFO]  /home/gadolinite/CASHIM_HL/subsecond/raytracedicom_pybind_stage/subSecond/src/tests/cpb_convolution_debug.cu:46  行尾空白字符已删除  (规范条款 4.2)
[WARN]  /home/gadolinite/CASHIM_HL/subsecond/raytracedicom_pybind_stage/subSecond/src/tests/cpb_convolution_debug.cu:52  疑似魔鬼数字，建议定义为具名常量 → 原行: int baseIdx = (layer * maxSubspotsPerLayer + subspot) * 5;  (规范条款 4.8.1)
[WARN]  /home/gadolinite/CASHIM_HL/subsecond/raytracedicom_pybind_stage/subSecond/src/tests/cpb_convolution_debug.cu:57  疑似魔鬼数字，建议定义为具名常量 → 原行: << ", sigmaX=" << subspotData[baseIdx + 3]  (规范条款 4.8.1)
[WARN]  /home/gadolinite/CASHIM_HL/subsecond/raytracedicom_pybind_stage/subSecond/src/tests/cpb_convolution_debug.cu:58  疑似魔鬼数字，建议定义为具名常量 → 原行: << ", sigmaY=" << subspotData[baseIdx + 4] << std::endl;  (规范条款 4.8.1)
[INFO]  /home/gadolinite/CASHIM_HL/subsecond/raytracedicom_pybind_stage/subSecond/src/tests/cpb_convolution_debug.cu:61  行尾空白字符已删除  (规范条款 4.2)
[WARN]  /home/gadolinite/CASHIM_HL/subsecond/raytracedicom_pybind_stage/subSecond/src/tests/cpb_convolution_debug.cu:65  疑似魔鬼数字，建议定义为具名常量 → 原行: cudaExtent extent = make_cudaExtent(5, maxSubspotsPerLayer, numLayers);  (规范条款 4.8.1)
[INFO]  /home/gadolinite/CASHIM_HL/subsecond/raytracedicom_pybind_stage/subSecond/src/tests/cpb_convolution_debug.cu:67  行尾空白字符已删除  (规范条款 4.2)
[INFO]  /home/gadolinite/CASHIM_HL/subsecond/raytracedicom_pybind_stage/subSecond/src/tests/cpb_convolution_debug.cu:72  行尾空白字符已删除  (规范条款 4.2)
[WARN]  /home/gadolinite/CASHIM_HL/subsecond/raytracedicom_pybind_stage/subSecond/src/tests/cpb_convolution_debug.cu:75  疑似魔鬼数字，建议定义为具名常量 → 原行: copyParams.srcPtr = make_cudaPitchedPtr(devSubspotData, 5 * sizeof(float), 5, maxSubspotsPerLayer);  (规范条款 4.8.1)
[INFO]  /home/gadolinite/CASHIM_HL/subsecond/raytracedicom_pybind_stage/subSecond/src/tests/cpb_convolution_debug.cu:80  行尾空白字符已删除  (规范条款 4.2)
[INFO]  /home/gadolinite/CASHIM_HL/subsecond/raytracedicom_pybind_stage/subSecond/src/tests/cpb_convolution_debug.cu:85  行尾空白字符已删除  (规范条款 4.2)
[INFO]  /home/gadolinite/CASHIM_HL/subsecond/raytracedicom_pybind_stage/subSecond/src/tests/cpb_convolution_debug.cu:93  行尾空白字符已删除  (规范条款 4.2)
[INFO]  /home/gadolinite/CASHIM_HL/subsecond/raytracedicom_pybind_stage/subSecond/src/tests/cpb_convolution_debug.cu:95  NULL → nullptr  (规范条款 4.8.10)
[INFO]  /home/gadolinite/CASHIM_HL/subsecond/raytracedicom_pybind_stage/subSecond/src/tests/cpb_convolution_debug.cu:96  行尾空白字符已删除  (规范条款 4.2)
[INFO]  /home/gadolinite/CASHIM_HL/subsecond/raytracedicom_pybind_stage/subSecond/src/tests/cpb_convolution_debug.cu:100  行尾空白字符已删除  (规范条款 4.2)
[INFO]  /home/gadolinite/CASHIM_HL/subsecond/raytracedicom_pybind_stage/subSecond/src/tests/cpb_convolution_debug.cu:108  行尾空白字符已删除  (规范条款 4.2)
[INFO]  /home/gadolinite/CASHIM_HL/subsecond/raytracedicom_pybind_stage/subSecond/src/tests/cpb_convolution_debug.cu:111  行尾空白字符已删除  (规范条款 4.2)
[WARN]  /home/gadolinite/CASHIM_HL/subsecond/raytracedicom_pybind_stage/subSecond/src/tests/cpb_convolution_debug.cu:114  疑似魔鬼数字，建议定义为具名常量 → 原行: vec3f cpbCorner = vec3f(-200.0f, -200.0f, 0.0f);  (规范条款 4.8.1)
[WARN]  /home/gadolinite/CASHIM_HL/subsecond/raytracedicom_pybind_stage/subSecond/src/tests/cpb_convolution_debug.cu:116  疑似魔鬼数字，建议定义为具名常量 → 原行: vec3i cpbDims = vec3i(200, 200, 1);  (规范条款 4.8.1)
[INFO]  /home/gadolinite/CASHIM_HL/subsecond/raytracedicom_pybind_stage/subSecond/src/tests/cpb_convolution_debug.cu:120  行尾空白字符已删除  (规范条款 4.2)
[INFO]  /home/gadolinite/CASHIM_HL/subsecond/raytracedicom_pybind_stage/subSecond/src/tests/cpb_convolution_debug.cu:125  行尾空白字符已删除  (规范条款 4.2)
[INFO]  /home/gadolinite/CASHIM_HL/subsecond/raytracedicom_pybind_stage/subSecond/src/tests/cpb_convolution_debug.cu:129  行尾空白字符已删除  (规范条款 4.2)
[INFO]  /home/gadolinite/CASHIM_HL/subsecond/raytracedicom_pybind_stage/subSecond/src/tests/cpb_convolution_debug.cu:139  行尾空白字符已删除  (规范条款 4.2)
[INFO]  /home/gadolinite/CASHIM_HL/subsecond/raytracedicom_pybind_stage/subSecond/src/tests/cpb_convolution_debug.cu:146  行尾空白字符已删除  (规范条款 4.2)
[INFO]  /home/gadolinite/CASHIM_HL/subsecond/raytracedicom_pybind_stage/subSecond/src/tests/cpb_convolution_debug.cu:155  行尾空白字符已删除  (规范条款 4.2)
[INFO]  /home/gadolinite/CASHIM_HL/subsecond/raytracedicom_pybind_stage/subSecond/src/tests/cpb_convolution_debug.cu:159  行尾空白字符已删除  (规范条款 4.2)
[SKIP]  /home/gadolinite/CASHIM_HL/subsecond/raytracedicom_pybind_stage/subSecond/src/tests/cpb_convolution_debug.cu:161  同一行多个变量初始化，建议每行只有一个 → 原行: float centerX = 0.0f, centerY = 0.0f;  (规范条款 4.2)
[INFO]  /home/gadolinite/CASHIM_HL/subsecond/raytracedicom_pybind_stage/subSecond/src/tests/cpb_convolution_debug.cu:163  行尾空白字符已删除  (规范条款 4.2)
[INFO]  /home/gadolinite/CASHIM_HL/subsecond/raytracedicom_pybind_stage/subSecond/src/tests/cpb_convolution_debug.cu:176  行尾空白字符已删除  (规范条款 4.2)
[INFO]  /home/gadolinite/CASHIM_HL/subsecond/raytracedicom_pybind_stage/subSecond/src/tests/cpb_convolution_debug.cu:181  行尾空白字符已删除  (规范条款 4.2)
[WARN]  /home/gadolinite/CASHIM_HL/subsecond/raytracedicom_pybind_stage/subSecond/src/tests/cpb_convolution_debug.cu:182  疑似注释掉的代码，规范要求直接删除 → 原行: // Check if center is near beam axis (should be around (0,0) for our test)  (规范条款 4.3)
[INFO]  /home/gadolinite/CASHIM_HL/subsecond/raytracedicom_pybind_stage/subSecond/src/tests/cpb_convolution_debug.cu:186  行尾空白字符已删除  (规范条款 4.2)
[INFO]  /home/gadolinite/CASHIM_HL/subsecond/raytracedicom_pybind_stage/subSecond/src/tests/cpb_convolution_debug.cu:198  行尾空白字符已删除  (规范条款 4.2)
[INFO]  /home/gadolinite/CASHIM_HL/subsecond/raytracedicom_pybind_stage/subSecond/src/tests/cpb_convolution_debug.cu:203  行尾空白字符已删除  (规范条款 4.2)
[INFO]  /home/gadolinite/CASHIM_HL/subsecond/raytracedicom_pybind_stage/subSecond/src/tests/cpb_convolution_debug.cu:208  行尾空白字符已删除  (规范条款 4.2)
[INFO]  /home/gadolinite/CASHIM_HL/subsecond/raytracedicom_pybind_stage/subSecond/src/tests/cpb_convolution_debug.cu:212  行尾空白字符已删除  (规范条款 4.2)
[INFO]  /home/gadolinite/CASHIM_HL/subsecond/raytracedicom_pybind_stage/subSecond/src/tests/cpb_convolution_debug.cu:221  行尾空白字符已删除  (规范条款 4.2)
[INFO]  /home/gadolinite/CASHIM_HL/subsecond/raytracedicom_pybind_stage/subSecond/src/tests/cpb_convolution_debug.cu:228  行尾空白字符已删除  (规范条款 4.2)
[INFO]  /home/gadolinite/CASHIM_HL/subsecond/raytracedicom_pybind_stage/subSecond/src/tests/cpb_convolution_debug.cu:234  行尾空白字符已删除  (规范条款 4.2)
[INFO]  /home/gadolinite/CASHIM_HL/subsecond/raytracedicom_pybind_stage/subSecond/src/tests/cpb_convolution_debug.cu:242  行尾空白字符已删除  (规范条款 4.2)
[INFO]  /home/gadolinite/CASHIM_HL/subsecond/raytracedicom_pybind_stage/subSecond/src/tests/cpb_convolution_debug.cu:249  行尾空白字符已删除  (规范条款 4.2)
[INFO]  /home/gadolinite/CASHIM_HL/subsecond/raytracedicom_pybind_stage/subSecond/src/tests/cpb_convolution_debug.cu:264  行尾空白字符已删除  (规范条款 4.2)
[INFO]  /home/gadolinite/CASHIM_HL/subsecond/raytracedicom_pybind_stage/subSecond/src/tests/cpb_convolution_debug.cu:267  行尾空白字符已删除  (规范条款 4.2)
[INFO]  /home/gadolinite/CASHIM_HL/subsecond/raytracedicom_pybind_stage/subSecond/src/tests/cpb_convolution_debug.cu:274  行尾空白字符已删除  (规范条款 4.2)
[WARN]  /home/gadolinite/CASHIM_HL/subsecond/raytracedicom_pybind_stage/subSecond/src/tests/cpb_convolution_debug.cu:275  疑似注释掉的代码，规范要求直接删除 → 原行: // Create test ROI indices (large grid to cover subspot positions)  (规范条款 4.3)
[INFO]  /home/gadolinite/CASHIM_HL/subsecond/raytracedicom_pybind_stage/subSecond/src/tests/cpb_convolution_debug.cu:284  行尾空白字符已删除  (规范条款 4.2)
[WARN]  /home/gadolinite/CASHIM_HL/subsecond/raytracedicom_pybind_stage/subSecond/src/tests/cpb_convolution_debug.cu:287  疑似魔鬼数字，建议定义为具名常量 → 原行: vec3f doseGridCorner = vec3f(-200.0f, -200.0f, 0.0f);  (规范条款 4.8.1)
[INFO]  /home/gadolinite/CASHIM_HL/subsecond/raytracedicom_pybind_stage/subSecond/src/tests/cpb_convolution_debug.cu:289  行尾空白字符已删除  (规范条款 4.2)
[INFO]  /home/gadolinite/CASHIM_HL/subsecond/raytracedicom_pybind_stage/subSecond/src/tests/cpb_convolution_debug.cu:292  行尾空白字符已删除  (规范条款 4.2)
[SKIP]  /home/gadolinite/CASHIM_HL/subsecond/raytracedicom_pybind_stage/subSecond/src/tests/cpb_convolution_debug.cu:294  行宽 143 > 120，需人工换行处理  (规范条款 4.2)
[SKIP]  /home/gadolinite/CASHIM_HL/subsecond/raytracedicom_pybind_stage/subSecond/src/tests/cpb_convolution_debug.cu:295  行宽 143 > 120，需人工换行处理  (规范条款 4.2)
[INFO]  /home/gadolinite/CASHIM_HL/subsecond/raytracedicom_pybind_stage/subSecond/src/tests/cpb_convolution_debug.cu:297  行尾空白字符已删除  (规范条款 4.2)
[INFO]  /home/gadolinite/CASHIM_HL/subsecond/raytracedicom_pybind_stage/subSecond/src/tests/cpb_convolution_debug.cu:301  行尾空白字符已删除  (规范条款 4.2)
[INFO]  /home/gadolinite/CASHIM_HL/subsecond/raytracedicom_pybind_stage/subSecond/src/tests/cpb_convolution_debug.cu:305  行尾空白字符已删除  (规范条款 4.2)
[INFO]  /home/gadolinite/CASHIM_HL/subsecond/raytracedicom_pybind_stage/subSecond/src/tests/cpb_convolution_debug.cu:310  行尾空白字符已删除  (规范条款 4.2)
[WARN]  /home/gadolinite/CASHIM_HL/subsecond/raytracedicom_pybind_stage/subSecond/src/tests/cpb_convolution_debug.cu:317  疑似魔鬼数字，建议定义为具名常量 → 原行: 3 // 3 energy layers  (规范条款 4.8.1)
[INFO]  /home/gadolinite/CASHIM_HL/subsecond/raytracedicom_pybind_stage/subSecond/src/tests/cpb_convolution_debug.cu:319  行尾空白字符已删除  (规范条款 4.2)
[SKIP]  /home/gadolinite/CASHIM_HL/subsecond/raytracedicom_pybind_stage/subSecond/src/tests/cpb_convolution_debug.cu:322  行宽 128 > 120，需人工换行处理  (规范条款 4.2)
[INFO]  /home/gadolinite/CASHIM_HL/subsecond/raytracedicom_pybind_stage/subSecond/src/tests/cpb_convolution_debug.cu:324  行尾空白字符已删除  (规范条款 4.2)
[WARN]  /home/gadolinite/CASHIM_HL/subsecond/raytracedicom_pybind_stage/subSecond/src/tests/cpb_convolution_debug.cu:326  疑似魔鬼数字，建议定义为具名常量 → 原行: int numLayers = 3;  (规范条款 4.8.1)
[WARN]  /home/gadolinite/CASHIM_HL/subsecond/raytracedicom_pybind_stage/subSecond/src/tests/cpb_convolution_debug.cu:327  疑似魔鬼数字，建议定义为具名常量 → 原行: int maxSubspotsPerLayer = 5;  (规范条款 4.8.1)
[WARN]  /home/gadolinite/CASHIM_HL/subsecond/raytracedicom_pybind_stage/subSecond/src/tests/cpb_convolution_debug.cu:328  疑似魔鬼数字，建议定义为具名常量 → 原行: std::vector<float> subspotData(numLayers * maxSubspotsPerLayer * 5);  (规范条款 4.8.1)
[INFO]  /home/gadolinite/CASHIM_HL/subsecond/raytracedicom_pybind_stage/subSecond/src/tests/cpb_convolution_debug.cu:329  行尾空白字符已删除  (规范条款 4.2)
[WARN]  /home/gadolinite/CASHIM_HL/subsecond/raytracedicom_pybind_stage/subSecond/src/tests/cpb_convolution_debug.cu:330  疑似魔鬼数字，建议定义为具名常量 → 原行: std::mt19937 gen(42);  (规范条款 4.8.1)
[WARN]  /home/gadolinite/CASHIM_HL/subsecond/raytracedicom_pybind_stage/subSecond/src/tests/cpb_convolution_debug.cu:332  疑似魔鬼数字，建议定义为具名常量 → 原行: std::uniform_real_distribution<float> weightRange(1.0f, 5.0f);  (规范条款 4.8.1)
[INFO]  /home/gadolinite/CASHIM_HL/subsecond/raytracedicom_pybind_stage/subSecond/src/tests/cpb_convolution_debug.cu:334  行尾空白字符已删除  (规范条款 4.2)
[WARN]  /home/gadolinite/CASHIM_HL/subsecond/raytracedicom_pybind_stage/subSecond/src/tests/cpb_convolution_debug.cu:337  疑似魔鬼数字，建议定义为具名常量 → 原行: int baseIdx = (layer * maxSubspotsPerLayer + subspot) * 5;  (规范条款 4.8.1)
[WARN]  /home/gadolinite/CASHIM_HL/subsecond/raytracedicom_pybind_stage/subSecond/src/tests/cpb_convolution_debug.cu:341  疑似魔鬼数字，建议定义为具名常量 → 原行: subspotData[baseIdx + 3] = sigmaRange(gen);  (规范条款 4.8.1)
[WARN]  /home/gadolinite/CASHIM_HL/subsecond/raytracedicom_pybind_stage/subSecond/src/tests/cpb_convolution_debug.cu:342  疑似魔鬼数字，建议定义为具名常量 → 原行: subspotData[baseIdx + 4] = sigmaRange(gen);  (规范条款 4.8.1)
[INFO]  /home/gadolinite/CASHIM_HL/subsecond/raytracedicom_pybind_stage/subSecond/src/tests/cpb_convolution_debug.cu:345  行尾空白字符已删除  (规范条款 4.2)
[WARN]  /home/gadolinite/CASHIM_HL/subsecond/raytracedicom_pybind_stage/subSecond/src/tests/cpb_convolution_debug.cu:349  疑似魔鬼数字，建议定义为具名常量 → 原行: cudaExtent extent = make_cudaExtent(5, maxSubspotsPerLayer, numLayers);  (规范条款 4.8.1)
[INFO]  /home/gadolinite/CASHIM_HL/subsecond/raytracedicom_pybind_stage/subSecond/src/tests/cpb_convolution_debug.cu:351  行尾空白字符已删除  (规范条款 4.2)
[INFO]  /home/gadolinite/CASHIM_HL/subsecond/raytracedicom_pybind_stage/subSecond/src/tests/cpb_convolution_debug.cu:355  行尾空白字符已删除  (规范条款 4.2)
[WARN]  /home/gadolinite/CASHIM_HL/subsecond/raytracedicom_pybind_stage/subSecond/src/tests/cpb_convolution_debug.cu:357  疑似魔鬼数字，建议定义为具名常量 → 原行: copyParams.srcPtr = make_cudaPitchedPtr(devSubspotData, 5 * sizeof(float), 5, maxSubspotsPerLayer);  (规范条款 4.8.1)
[INFO]  /home/gadolinite/CASHIM_HL/subsecond/raytracedicom_pybind_stage/subSecond/src/tests/cpb_convolution_debug.cu:362  行尾空白字符已删除  (规范条款 4.2)
[INFO]  /home/gadolinite/CASHIM_HL/subsecond/raytracedicom_pybind_stage/subSecond/src/tests/cpb_convolution_debug.cu:366  行尾空白字符已删除  (规范条款 4.2)
[INFO]  /home/gadolinite/CASHIM_HL/subsecond/raytracedicom_pybind_stage/subSecond/src/tests/cpb_convolution_debug.cu:374  行尾空白字符已删除  (规范条款 4.2)
[INFO]  /home/gadolinite/CASHIM_HL/subsecond/raytracedicom_pybind_stage/subSecond/src/tests/cpb_convolution_debug.cu:376  NULL → nullptr  (规范条款 4.8.10)
[INFO]  /home/gadolinite/CASHIM_HL/subsecond/raytracedicom_pybind_stage/subSecond/src/tests/cpb_convolution_debug.cu:377  行尾空白字符已删除  (规范条款 4.2)
[INFO]  /home/gadolinite/CASHIM_HL/subsecond/raytracedicom_pybind_stage/subSecond/src/tests/cpb_convolution_debug.cu:383  行尾空白字符已删除  (规范条款 4.2)
[INFO]  /home/gadolinite/CASHIM_HL/subsecond/raytracedicom_pybind_stage/subSecond/src/tests/cpb_convolution_debug.cu:389  行尾空白字符已删除  (规范条款 4.2)
[INFO]  /home/gadolinite/CASHIM_HL/subsecond/raytracedicom_pybind_stage/subSecond/src/tests/cpb_convolution_debug.cu:397  行尾空白字符已删除  (规范条款 4.2)
[INFO]  /home/gadolinite/CASHIM_HL/subsecond/raytracedicom_pybind_stage/subSecond/src/tests/cpb_convolution_debug.cu:401  行尾空白字符已删除  (规范条款 4.2)
[INFO]  /home/gadolinite/CASHIM_HL/subsecond/raytracedicom_pybind_stage/subSecond/src/tests/cpb_convolution_debug.cu:406  行尾空白字符已删除  (规范条款 4.2)
[INFO]  /home/gadolinite/CASHIM_HL/subsecond/raytracedicom_pybind_stage/subSecond/src/tests/cpb_convolution_debug.cu:414  行尾空白字符已删除  (规范条款 4.2)
[INFO]  /home/gadolinite/CASHIM_HL/subsecond/raytracedicom_pybind_stage/subSecond/src/tests/cpb_convolution_debug.cu:420  行尾空白字符已删除  (规范条款 4.2)
[SKIP]  /home/gadolinite/CASHIM_HL/subsecond/raytracedicom_pybind_stage/subSecond/src/tests/cpb_convolution_debug.cu:422  同一行多个变量初始化，建议每行只有一个 → 原行: float centerX = 0.0f, centerY = 0.0f;  (规范条款 4.2)
[INFO]  /home/gadolinite/CASHIM_HL/subsecond/raytracedicom_pybind_stage/subSecond/src/tests/cpb_convolution_debug.cu:424  行尾空白字符已删除  (规范条款 4.2)
[INFO]  /home/gadolinite/CASHIM_HL/subsecond/raytracedicom_pybind_stage/subSecond/src/tests/cpb_convolution_debug.cu:437  行尾空白字符已删除  (规范条款 4.2)
[INFO]  /home/gadolinite/CASHIM_HL/subsecond/raytracedicom_pybind_stage/subSecond/src/tests/cpb_convolution_debug.cu:442  行尾空白字符已删除  (规范条款 4.2)
[WARN]  /home/gadolinite/CASHIM_HL/subsecond/raytracedicom_pybind_stage/subSecond/src/tests/cpb_convolution_debug.cu:443  疑似注释掉的代码，规范要求直接删除 → 原行: // Check if center is near beam axis (should be around (0,0) for our test)  (规范条款 4.3)
[INFO]  /home/gadolinite/CASHIM_HL/subsecond/raytracedicom_pybind_stage/subSecond/src/tests/cpb_convolution_debug.cu:446  行尾空白字符已删除  (规范条款 4.2)
[INFO]  /home/gadolinite/CASHIM_HL/subsecond/raytracedicom_pybind_stage/subSecond/src/tests/cpb_convolution_debug.cu:452  行尾空白字符已删除  (规范条款 4.2)
[INFO]  /home/gadolinite/CASHIM_HL/subsecond/raytracedicom_pybind_stage/subSecond/src/tests/cpb_convolution_debug.cu:462  行尾空白字符已删除  (规范条款 4.2)
[INFO]  /home/gadolinite/CASHIM_HL/subsecond/raytracedicom_pybind_stage/subSecond/src/tests/cpb_convolution_debug.cu:472  行尾空白字符已删除  (规范条款 4.2)
[INFO]  /home/gadolinite/CASHIM_HL/subsecond/raytracedicom_pybind_stage/subSecond/src/tests/cpb_convolution_debug.cu:475  行尾空白字符已删除  (规范条款 4.2)
[INFO]  /home/gadolinite/CASHIM_HL/subsecond/raytracedicom_pybind_stage/subSecond/src/tests/cpb_convolution_debug.cu:478  行尾空白字符已删除  (规范条款 4.2)
[INFO]  /home/gadolinite/CASHIM_HL/subsecond/raytracedicom_pybind_stage/subSecond/src/tests/cpb_ray_tracing_integration.cu:4  行尾空白字符已删除  (规范条款 4.2)
[WARN]  /home/gadolinite/CASHIM_HL/subsecond/raytracedicom_pybind_stage/subSecond/src/tests/cpb_ray_tracing_integration.cu:29  疑似魔鬼数字，建议定义为具名常量 → 原行: std::vector<float> subspotData(numLayers * maxSubspotsPerLayer * 5);  (规范条款 4.8.1)
[WARN]  /home/gadolinite/CASHIM_HL/subsecond/raytracedicom_pybind_stage/subSecond/src/tests/cpb_ray_tracing_integration.cu:30  疑似魔鬼数字，建议定义为具名常量 → 原行: std::default_random_engine generator(42); // Fixed seed for reproducibility  (规范条款 4.8.1)
[INFO]  /home/gadolinite/CASHIM_HL/subsecond/raytracedicom_pybind_stage/subSecond/src/tests/cpb_ray_tracing_integration.cu:31  行尾空白字符已删除  (规范条款 4.2)
[WARN]  /home/gadolinite/CASHIM_HL/subsecond/raytracedicom_pybind_stage/subSecond/src/tests/cpb_ray_tracing_integration.cu:33  疑似注释掉的代码，规范要求直接删除 → 原行: // CPB grid: corner=(-15,-15), resolution=0.1, dims=300x300  (规范条款 4.3)
[WARN]  /home/gadolinite/CASHIM_HL/subsecond/raytracedicom_pybind_stage/subSecond/src/tests/cpb_ray_tracing_integration.cu:35  疑似魔鬼数字，建议定义为具名常量 → 原行: std::uniform_real_distribution<float> deltaDist(-8.0f, 8.0f);  // Within CPB range  (规范条款 4.8.1)
[INFO]  /home/gadolinite/CASHIM_HL/subsecond/raytracedicom_pybind_stage/subSecond/src/tests/cpb_ray_tracing_integration.cu:38  行尾空白字符已删除  (规范条款 4.2)
[WARN]  /home/gadolinite/CASHIM_HL/subsecond/raytracedicom_pybind_stage/subSecond/src/tests/cpb_ray_tracing_integration.cu:41  疑似魔鬼数字，建议定义为具名常量 → 原行: int baseIdx = (l * maxSubspotsPerLayer + i) * 5;  (规范条款 4.8.1)
[INFO]  /home/gadolinite/CASHIM_HL/subsecond/raytracedicom_pybind_stage/subSecond/src/tests/cpb_ray_tracing_integration.cu:42  行尾空白字符已删除  (规范条款 4.2)
[INFO]  /home/gadolinite/CASHIM_HL/subsecond/raytracedicom_pybind_stage/subSecond/src/tests/cpb_ray_tracing_integration.cu:46  行尾空白字符已删除  (规范条款 4.2)
[WARN]  /home/gadolinite/CASHIM_HL/subsecond/raytracedicom_pybind_stage/subSecond/src/tests/cpb_ray_tracing_integration.cu:48  疑似魔鬼数字，建议定义为具名常量 → 原行: if (i < 3) {  (规范条款 4.8.1)
[INFO]  /home/gadolinite/CASHIM_HL/subsecond/raytracedicom_pybind_stage/subSecond/src/tests/cpb_ray_tracing_integration.cu:52  行尾空白字符已删除  (规范条款 4.2)
[WARN]  /home/gadolinite/CASHIM_HL/subsecond/raytracedicom_pybind_stage/subSecond/src/tests/cpb_ray_tracing_integration.cu:56  疑似魔鬼数字，建议定义为具名常量 → 原行: subspotData[baseIdx + 3] = sigmaDist(generator); // sigmaX  (规范条款 4.8.1)
[WARN]  /home/gadolinite/CASHIM_HL/subsecond/raytracedicom_pybind_stage/subSecond/src/tests/cpb_ray_tracing_integration.cu:57  疑似魔鬼数字，建议定义为具名常量 → 原行: subspotData[baseIdx + 4] = sigmaDist(generator); // sigmaY  (规范条款 4.8.1)
[INFO]  /home/gadolinite/CASHIM_HL/subsecond/raytracedicom_pybind_stage/subSecond/src/tests/cpb_ray_tracing_integration.cu:60  行尾空白字符已删除  (规范条款 4.2)
[INFO]  /home/gadolinite/CASHIM_HL/subsecond/raytracedicom_pybind_stage/subSecond/src/tests/cpb_ray_tracing_integration.cu:70  行尾空白字符已删除  (规范条款 4.2)
[INFO]  /home/gadolinite/CASHIM_HL/subsecond/raytracedicom_pybind_stage/subSecond/src/tests/cpb_ray_tracing_integration.cu:72  行尾空白字符已删除  (规范条款 4.2)
[WARN]  /home/gadolinite/CASHIM_HL/subsecond/raytracedicom_pybind_stage/subSecond/src/tests/cpb_ray_tracing_integration.cu:74  疑似魔鬼数字，建议定义为具名常量 → 原行: int numLayers = 3;  (规范条款 4.8.1)
[INFO]  /home/gadolinite/CASHIM_HL/subsecond/raytracedicom_pybind_stage/subSecond/src/tests/cpb_ray_tracing_integration.cu:78  行尾空白字符已删除  (规范条款 4.2)
[INFO]  /home/gadolinite/CASHIM_HL/subsecond/raytracedicom_pybind_stage/subSecond/src/tests/cpb_ray_tracing_integration.cu:86  行尾空白字符已删除  (规范条款 4.2)
[WARN]  /home/gadolinite/CASHIM_HL/subsecond/raytracedicom_pybind_stage/subSecond/src/tests/cpb_ray_tracing_integration.cu:87  疑似注释掉的代码，规范要求直接删除 → 原行: // ROI parameters (smaller, more focused)  (规范条款 4.3)
[WARN]  /home/gadolinite/CASHIM_HL/subsecond/raytracedicom_pybind_stage/subSecond/src/tests/cpb_ray_tracing_integration.cu:88  疑似魔鬼数字，建议定义为具名常量 → 原行: vec3f roiCorner = make_vec3f(-10.0f, -10.0f, -5.0f);  (规范条款 4.8.1)
[INFO]  /home/gadolinite/CASHIM_HL/subsecond/raytracedicom_pybind_stage/subSecond/src/tests/cpb_ray_tracing_integration.cu:91  行尾空白字符已删除  (规范条款 4.2)
[WARN]  /home/gadolinite/CASHIM_HL/subsecond/raytracedicom_pybind_stage/subSecond/src/tests/cpb_ray_tracing_integration.cu:92  疑似注释掉的代码，规范要求直接删除 → 原行: // CPB grid parameters (based on ROI + margin)  (规范条款 4.3)
[INFO]  /home/gadolinite/CASHIM_HL/subsecond/raytracedicom_pybind_stage/subSecond/src/tests/cpb_ray_tracing_integration.cu:93  行尾空白字符已删除  (规范条款 4.2)
[INFO]  /home/gadolinite/CASHIM_HL/subsecond/raytracedicom_pybind_stage/subSecond/src/tests/cpb_ray_tracing_integration.cu:94  行尾空白字符已删除  (规范条款 4.2)
[INFO]  /home/gadolinite/CASHIM_HL/subsecond/raytracedicom_pybind_stage/subSecond/src/tests/cpb_ray_tracing_integration.cu:102  行尾空白字符已删除  (规范条款 4.2)
[SKIP]  /home/gadolinite/CASHIM_HL/subsecond/raytracedicom_pybind_stage/subSecond/src/tests/cpb_ray_tracing_integration.cu:105  行宽 128 > 120，需人工换行处理  (规范条款 4.2)
[INFO]  /home/gadolinite/CASHIM_HL/subsecond/raytracedicom_pybind_stage/subSecond/src/tests/cpb_ray_tracing_integration.cu:107  行尾空白字符已删除  (规范条款 4.2)
[INFO]  /home/gadolinite/CASHIM_HL/subsecond/raytracedicom_pybind_stage/subSecond/src/tests/cpb_ray_tracing_integration.cu:110  行尾空白字符已删除  (规范条款 4.2)
[WARN]  /home/gadolinite/CASHIM_HL/subsecond/raytracedicom_pybind_stage/subSecond/src/tests/cpb_ray_tracing_integration.cu:114  疑似魔鬼数字，建议定义为具名常量 → 原行: cudaExtent subspotExtent = make_cudaExtent(5, maxSubspotsPerLayer, numLayers);  (规范条款 4.8.1)
[INFO]  /home/gadolinite/CASHIM_HL/subsecond/raytracedicom_pybind_stage/subSecond/src/tests/cpb_ray_tracing_integration.cu:116  行尾空白字符已删除  (规范条款 4.2)
[WARN]  /home/gadolinite/CASHIM_HL/subsecond/raytracedicom_pybind_stage/subSecond/src/tests/cpb_ray_tracing_integration.cu:118  疑似魔鬼数字，建议定义为具名常量 → 原行: copyParams.srcPtr = make_cudaPitchedPtr(subspotData.data(), 5 * sizeof(float), 5, maxSubspotsPerLayer);  (规范条款 4.8.1)
[INFO]  /home/gadolinite/CASHIM_HL/subsecond/raytracedicom_pybind_stage/subSecond/src/tests/cpb_ray_tracing_integration.cu:123  行尾空白字符已删除  (规范条款 4.2)
[INFO]  /home/gadolinite/CASHIM_HL/subsecond/raytracedicom_pybind_stage/subSecond/src/tests/cpb_ray_tracing_integration.cu:127  行尾空白字符已删除  (规范条款 4.2)
[INFO]  /home/gadolinite/CASHIM_HL/subsecond/raytracedicom_pybind_stage/subSecond/src/tests/cpb_ray_tracing_integration.cu:135  行尾空白字符已删除  (规范条款 4.2)
[INFO]  /home/gadolinite/CASHIM_HL/subsecond/raytracedicom_pybind_stage/subSecond/src/tests/cpb_ray_tracing_integration.cu:138  行尾空白字符已删除  (规范条款 4.2)
[INFO]  /home/gadolinite/CASHIM_HL/subsecond/raytracedicom_pybind_stage/subSecond/src/tests/cpb_ray_tracing_integration.cu:141  行尾空白字符已删除  (规范条款 4.2)
[INFO]  /home/gadolinite/CASHIM_HL/subsecond/raytracedicom_pybind_stage/subSecond/src/tests/cpb_ray_tracing_integration.cu:146  行尾空白字符已删除  (规范条款 4.2)
[INFO]  /home/gadolinite/CASHIM_HL/subsecond/raytracedicom_pybind_stage/subSecond/src/tests/cpb_ray_tracing_integration.cu:151  行尾空白字符已删除  (规范条款 4.2)
[INFO]  /home/gadolinite/CASHIM_HL/subsecond/raytracedicom_pybind_stage/subSecond/src/tests/cpb_ray_tracing_integration.cu:155  行尾空白字符已删除  (规范条款 4.2)
[INFO]  /home/gadolinite/CASHIM_HL/subsecond/raytracedicom_pybind_stage/subSecond/src/tests/cpb_ray_tracing_integration.cu:167  行尾空白字符已删除  (规范条款 4.2)
[INFO]  /home/gadolinite/CASHIM_HL/subsecond/raytracedicom_pybind_stage/subSecond/src/tests/cpb_ray_tracing_integration.cu:172  行尾空白字符已删除  (规范条款 4.2)
[INFO]  /home/gadolinite/CASHIM_HL/subsecond/raytracedicom_pybind_stage/subSecond/src/tests/cpb_ray_tracing_integration.cu:175  行尾空白字符已删除  (规范条款 4.2)
[INFO]  /home/gadolinite/CASHIM_HL/subsecond/raytracedicom_pybind_stage/subSecond/src/tests/cpb_ray_tracing_integration.cu:180  行尾空白字符已删除  (规范条款 4.2)
[INFO]  /home/gadolinite/CASHIM_HL/subsecond/raytracedicom_pybind_stage/subSecond/src/tests/cpb_ray_tracing_integration.cu:182  行尾空白字符已删除  (规范条款 4.2)
[INFO]  /home/gadolinite/CASHIM_HL/subsecond/raytracedicom_pybind_stage/subSecond/src/tests/cpb_ray_tracing_integration.cu:189  行尾空白字符已删除  (规范条款 4.2)
[INFO]  /home/gadolinite/CASHIM_HL/subsecond/raytracedicom_pybind_stage/subSecond/src/tests/cpb_ray_tracing_integration.cu:193  行尾空白字符已删除  (规范条款 4.2)
[INFO]  /home/gadolinite/CASHIM_HL/subsecond/raytracedicom_pybind_stage/subSecond/src/tests/cpb_ray_tracing_integration.cu:205  行尾空白字符已删除  (规范条款 4.2)
[INFO]  /home/gadolinite/CASHIM_HL/subsecond/raytracedicom_pybind_stage/subSecond/src/tests/cpb_ray_tracing_integration.cu:210  行尾空白字符已删除  (规范条款 4.2)
[WARN]  /home/gadolinite/CASHIM_HL/subsecond/raytracedicom_pybind_stage/subSecond/src/tests/cpb_ray_tracing_integration.cu:211  疑似注释掉的代码，规范要求直接删除 → 原行: // Show ray weight distribution (center region)  (规范条款 4.3)
[INFO]  /home/gadolinite/CASHIM_HL/subsecond/raytracedicom_pybind_stage/subSecond/src/tests/cpb_ray_tracing_integration.cu:224  行尾空白字符已删除  (规范条款 4.2)
[WARN]  /home/gadolinite/CASHIM_HL/subsecond/raytracedicom_pybind_stage/subSecond/src/tests/cpb_ray_tracing_integration.cu:226  疑似魔鬼数字，建议定义为具名常量 → 原行: std::cout << "\nStep 3: Weight Conservation Analysis" << std::endl;  (规范条款 4.8.1)
[INFO]  /home/gadolinite/CASHIM_HL/subsecond/raytracedicom_pybind_stage/subSecond/src/tests/cpb_ray_tracing_integration.cu:227  行尾空白字符已删除  (规范条款 4.2)
[INFO]  /home/gadolinite/CASHIM_HL/subsecond/raytracedicom_pybind_stage/subSecond/src/tests/cpb_ray_tracing_integration.cu:230  行尾空白字符已删除  (规范条款 4.2)
[INFO]  /home/gadolinite/CASHIM_HL/subsecond/raytracedicom_pybind_stage/subSecond/src/tests/cpb_ray_tracing_integration.cu:236  行尾空白字符已删除  (规范条款 4.2)
[INFO]  /home/gadolinite/CASHIM_HL/subsecond/raytracedicom_pybind_stage/subSecond/src/tests/cpb_ray_tracing_integration.cu:242  行尾空白字符已删除  (规范条款 4.2)
[INFO]  /home/gadolinite/CASHIM_HL/subsecond/raytracedicom_pybind_stage/subSecond/src/tests/cpb_ray_tracing_integration.cu:245  行尾空白字符已删除  (规范条款 4.2)
[INFO]  /home/gadolinite/CASHIM_HL/subsecond/raytracedicom_pybind_stage/subSecond/src/tests/cpb_ray_tracing_integration.cu:256  行尾空白字符已删除  (规范条款 4.2)
[INFO]  /home/gadolinite/CASHIM_HL/subsecond/raytracedicom_pybind_stage/subSecond/src/tests/cpb_ray_tracing_integration.cu:259  行尾空白字符已删除  (规范条款 4.2)
[INFO]  /home/gadolinite/CASHIM_HL/subsecond/raytracedicom_pybind_stage/subSecond/src/tests/cpb_ray_tracing_integration.cu:262  行尾空白字符已删除  (规范条款 4.2)
[INFO]  /home/gadolinite/CASHIM_HL/subsecond/raytracedicom_pybind_stage/subSecond/src/tests/dose_debug_detailed.cu:33  行尾空白字符已删除  (规范条款 4.2)
[WARN]  /home/gadolinite/CASHIM_HL/subsecond/raytracedicom_pybind_stage/subSecond/src/tests/dose_debug_detailed.cu:35  疑似魔鬼数字，建议定义为具名常量 → 原行: int3 ctDims = make_int3(32, 32, 16);  (规范条款 4.8.1)
[WARN]  /home/gadolinite/CASHIM_HL/subsecond/raytracedicom_pybind_stage/subSecond/src/tests/dose_debug_detailed.cu:36  疑似魔鬼数字，建议定义为具名常量 → 原行: int3 doseDims = make_int3(32, 32, 16);  (规范条款 4.8.1)
[WARN]  /home/gadolinite/CASHIM_HL/subsecond/raytracedicom_pybind_stage/subSecond/src/tests/dose_debug_detailed.cu:38  疑似魔鬼数字，建议定义为具名常量 → 原行: float3 ctOrigin = make_float3(-16.0f, -16.0f, -8.0f);  (规范条款 4.8.1)
[WARN]  /home/gadolinite/CASHIM_HL/subsecond/raytracedicom_pybind_stage/subSecond/src/tests/dose_debug_detailed.cu:40  疑似魔鬼数字，建议定义为具名常量 → 原行: float3 doseOrigin = make_float3(-16.0f, -16.0f, -8.0f);  (规范条款 4.8.1)
[INFO]  /home/gadolinite/CASHIM_HL/subsecond/raytracedicom_pybind_stage/subSecond/src/tests/dose_debug_detailed.cu:41  行尾空白字符已删除  (规范条款 4.2)
[INFO]  /home/gadolinite/CASHIM_HL/subsecond/raytracedicom_pybind_stage/subSecond/src/tests/dose_debug_detailed.cu:44  行尾空白字符已删除  (规范条款 4.2)
[INFO]  /home/gadolinite/CASHIM_HL/subsecond/raytracedicom_pybind_stage/subSecond/src/tests/dose_debug_detailed.cu:47  行尾空白字符已删除  (规范条款 4.2)
[WARN]  /home/gadolinite/CASHIM_HL/subsecond/raytracedicom_pybind_stage/subSecond/src/tests/dose_debug_detailed.cu:50  疑似魔鬼数字，建议定义为具名常量 → 原行: vec3i rayDims = make_vec3i(32, 32, 1);  (规范条款 4.8.1)
[INFO]  /home/gadolinite/CASHIM_HL/subsecond/raytracedicom_pybind_stage/subSecond/src/tests/dose_debug_detailed.cu:52  行尾空白字符已删除  (规范条款 4.2)
[INFO]  /home/gadolinite/CASHIM_HL/subsecond/raytracedicom_pybind_stage/subSecond/src/tests/dose_debug_detailed.cu:63  行尾空白字符已删除  (规范条款 4.2)
[INFO]  /home/gadolinite/CASHIM_HL/subsecond/raytracedicom_pybind_stage/subSecond/src/tests/dose_debug_detailed.cu:72  行尾空白字符已删除  (规范条款 4.2)
[INFO]  /home/gadolinite/CASHIM_HL/subsecond/raytracedicom_pybind_stage/subSecond/src/tests/dose_debug_detailed.cu:84  行尾空白字符已删除  (规范条款 4.2)
[INFO]  /home/gadolinite/CASHIM_HL/subsecond/raytracedicom_pybind_stage/subSecond/src/tests/dose_debug_detailed.cu:92  行尾空白字符已删除  (规范条款 4.2)
[INFO]  /home/gadolinite/CASHIM_HL/subsecond/raytracedicom_pybind_stage/subSecond/src/tests/dose_debug_detailed.cu:95  行尾空白字符已删除  (规范条款 4.2)
[INFO]  /home/gadolinite/CASHIM_HL/subsecond/raytracedicom_pybind_stage/subSecond/src/tests/dose_debug_detailed.cu:105  行尾空白字符已删除  (规范条款 4.2)
[INFO]  /home/gadolinite/CASHIM_HL/subsecond/raytracedicom_pybind_stage/subSecond/src/tests/dose_debug_detailed.cu:112  行尾空白字符已删除  (规范条款 4.2)
[INFO]  /home/gadolinite/CASHIM_HL/subsecond/raytracedicom_pybind_stage/subSecond/src/tests/dose_debug_detailed.cu:121  行尾空白字符已删除  (规范条款 4.2)
[INFO]  /home/gadolinite/CASHIM_HL/subsecond/raytracedicom_pybind_stage/subSecond/src/tests/dose_debug_detailed.cu:126  行尾空白字符已删除  (规范条款 4.2)
[INFO]  /home/gadolinite/CASHIM_HL/subsecond/raytracedicom_pybind_stage/subSecond/src/tests/dose_debug_detailed.cu:137  行尾空白字符已删除  (规范条款 4.2)
[INFO]  /home/gadolinite/CASHIM_HL/subsecond/raytracedicom_pybind_stage/subSecond/src/tests/dose_debug_detailed.cu:147  行尾空白字符已删除  (规范条款 4.2)
[WARN]  /home/gadolinite/CASHIM_HL/subsecond/raytracedicom_pybind_stage/subSecond/src/tests/dose_debug_detailed.cu:151  疑似魔鬼数字，建议定义为具名常量 → 原行: int maxSubspotsPerLayer = 5;  (规范条款 4.8.1)
[WARN]  /home/gadolinite/CASHIM_HL/subsecond/raytracedicom_pybind_stage/subSecond/src/tests/dose_debug_detailed.cu:152  疑似魔鬼数字，建议定义为具名常量 → 原行: std::vector<float> subspotData(numLayers * maxSubspotsPerLayer * 5);  (规范条款 4.8.1)
[INFO]  /home/gadolinite/CASHIM_HL/subsecond/raytracedicom_pybind_stage/subSecond/src/tests/dose_debug_detailed.cu:153  行尾空白字符已删除  (规范条款 4.2)
[WARN]  /home/gadolinite/CASHIM_HL/subsecond/raytracedicom_pybind_stage/subSecond/src/tests/dose_debug_detailed.cu:156  疑似魔鬼数字，建议定义为具名常量 → 原行: int baseIdx = i * 5;  (规范条款 4.8.1)
[WARN]  /home/gadolinite/CASHIM_HL/subsecond/raytracedicom_pybind_stage/subSecond/src/tests/dose_debug_detailed.cu:160  疑似魔鬼数字，建议定义为具名常量 → 原行: subspotData[baseIdx + 3] = 2.0f;                   // sigmaX  (规范条款 4.8.1)
[WARN]  /home/gadolinite/CASHIM_HL/subsecond/raytracedicom_pybind_stage/subSecond/src/tests/dose_debug_detailed.cu:161  疑似魔鬼数字，建议定义为具名常量 → 原行: subspotData[baseIdx + 4] = 2.0f;                   // sigmaY  (规范条款 4.8.1)
[INFO]  /home/gadolinite/CASHIM_HL/subsecond/raytracedicom_pybind_stage/subSecond/src/tests/dose_debug_detailed.cu:163  行尾空白字符已删除  (规范条款 4.2)
[WARN]  /home/gadolinite/CASHIM_HL/subsecond/raytracedicom_pybind_stage/subSecond/src/tests/dose_debug_detailed.cu:164  疑似魔鬼数字，建议定义为具名常量 → 原行: vec3f cpbCorner = make_vec3f(-5.0f, -5.0f, 0.0f);  (规范条款 4.8.1)
[INFO]  /home/gadolinite/CASHIM_HL/subsecond/raytracedicom_pybind_stage/subSecond/src/tests/dose_debug_detailed.cu:168  行尾空白字符已删除  (规范条款 4.2)
[INFO]  /home/gadolinite/CASHIM_HL/subsecond/raytracedicom_pybind_stage/subSecond/src/tests/dose_debug_detailed.cu:174  行尾空白字符已删除  (规范条款 4.2)
[INFO]  /home/gadolinite/CASHIM_HL/subsecond/raytracedicom_pybind_stage/subSecond/src/tests/dose_debug_detailed.cu:183  行尾空白字符已删除  (规范条款 4.2)
[INFO]  /home/gadolinite/CASHIM_HL/subsecond/raytracedicom_pybind_stage/subSecond/src/tests/dose_debug_detailed.cu:199  行尾空白字符已删除  (规范条款 4.2)
[INFO]  /home/gadolinite/CASHIM_HL/subsecond/raytracedicom_pybind_stage/subSecond/src/tests/dose_debug_detailed.cu:202  行尾空白字符已删除  (规范条款 4.2)
[INFO]  /home/gadolinite/CASHIM_HL/subsecond/raytracedicom_pybind_stage/subSecond/src/tests/dose_debug_detailed.cu:205  行尾空白字符已删除  (规范条款 4.2)
[WARN]  /home/gadolinite/CASHIM_HL/subsecond/raytracedicom_pybind_stage/subSecond/src/tests/dose_debug_detailed.cu:216  疑似魔鬼数字，建议定义为具名常量 → 原行: beam->steps = 20;  (规范条款 4.8.1)
[WARN]  /home/gadolinite/CASHIM_HL/subsecond/raytracedicom_pybind_stage/subSecond/src/tests/dose_debug_detailed.cu:229  疑似魔鬼数字，建议定义为具名常量 → 原行: energy->nEnergySamples = 20;  (规范条款 4.8.1)
[INFO]  /home/gadolinite/CASHIM_HL/subsecond/raytracedicom_pybind_stage/subSecond/src/tests/dose_debug_detailed.cu:234  行尾空白字符已删除  (规范条款 4.2)
[WARN]  /home/gadolinite/CASHIM_HL/subsecond/raytracedicom_pybind_stage/subSecond/src/tests/dose_debug_detailed.cu:238  疑似魔鬼数字，建议定义为具名常量 → 原行: float depth = (float)s / energy->nEnergySamples * 20.0f;  (规范条款 4.8.1)
[WARN]  /home/gadolinite/CASHIM_HL/subsecond/raytracedicom_pybind_stage/subSecond/src/tests/dose_debug_detailed.cu:238  疑似 C 风格类型转换，建议改为 C++ 风格 → 原行: float depth = (float)s / energy->nEnergySamples * 20.0f;  (规范条款 4.8.3)
[INFO]  /home/gadolinite/CASHIM_HL/subsecond/raytracedicom_pybind_stage/subSecond/src/tests/dose_debug_detailed.cu:244  行尾空白字符已删除  (规范条款 4.2)
[WARN]  /home/gadolinite/CASHIM_HL/subsecond/raytracedicom_pybind_stage/subSecond/src/tests/dose_debug_detailed.cu:245  疑似魔鬼数字，建议定义为具名常量 → 原行: energy->nDensitySamples = 20;  (规范条款 4.8.1)
[INFO]  /home/gadolinite/CASHIM_HL/subsecond/raytracedicom_pybind_stage/subSecond/src/tests/dose_debug_detailed.cu:248  行尾空白字符已删除  (规范条款 4.2)
[WARN]  /home/gadolinite/CASHIM_HL/subsecond/raytracedicom_pybind_stage/subSecond/src/tests/dose_debug_detailed.cu:249  疑似魔鬼数字，建议定义为具名常量 → 原行: energy->nSpSamples = 20;  (规范条款 4.8.1)
[INFO]  /home/gadolinite/CASHIM_HL/subsecond/raytracedicom_pybind_stage/subSecond/src/tests/dose_debug_detailed.cu:252  行尾空白字符已删除  (规范条款 4.2)
[WARN]  /home/gadolinite/CASHIM_HL/subsecond/raytracedicom_pybind_stage/subSecond/src/tests/dose_debug_detailed.cu:253  疑似魔鬼数字，建议定义为具名常量 → 原行: energy->nRRlSamples = 20;  (规范条款 4.8.1)
[INFO]  /home/gadolinite/CASHIM_HL/subsecond/raytracedicom_pybind_stage/subSecond/src/tests/dose_debug_detailed.cu:256  行尾空白字符已删除  (规范条款 4.2)
[INFO]  /home/gadolinite/CASHIM_HL/subsecond/raytracedicom_pybind_stage/subSecond/src/tests/dose_distribution_analysis.cu:19  行尾空白字符已删除  (规范条款 4.2)
[INFO]  /home/gadolinite/CASHIM_HL/subsecond/raytracedicom_pybind_stage/subSecond/src/tests/dose_distribution_analysis.cu:26  行尾空白字符已删除  (规范条款 4.2)
[INFO]  /home/gadolinite/CASHIM_HL/subsecond/raytracedicom_pybind_stage/subSecond/src/tests/dose_distribution_analysis.cu:32  行尾空白字符已删除  (规范条款 4.2)
[INFO]  /home/gadolinite/CASHIM_HL/subsecond/raytracedicom_pybind_stage/subSecond/src/tests/dose_distribution_analysis.cu:38  行尾空白字符已删除  (规范条款 4.2)
[INFO]  /home/gadolinite/CASHIM_HL/subsecond/raytracedicom_pybind_stage/subSecond/src/tests/dose_distribution_analysis.cu:43  行尾空白字符已删除  (规范条款 4.2)
[INFO]  /home/gadolinite/CASHIM_HL/subsecond/raytracedicom_pybind_stage/subSecond/src/tests/dose_distribution_analysis.cu:48  行尾空白字符已删除  (规范条款 4.2)
[INFO]  /home/gadolinite/CASHIM_HL/subsecond/raytracedicom_pybind_stage/subSecond/src/tests/dose_distribution_analysis.cu:52  行尾空白字符已删除  (规范条款 4.2)
[WARN]  /home/gadolinite/CASHIM_HL/subsecond/raytracedicom_pybind_stage/subSecond/src/tests/dose_distribution_analysis.cu:70  疑似注释掉的代码，规范要求直接删除 → 原行: // Simple Gaussian fitting (2D)  (规范条款 4.3)
[INFO]  /home/gadolinite/CASHIM_HL/subsecond/raytracedicom_pybind_stage/subSecond/src/tests/dose_distribution_analysis.cu:71  行尾空白字符已删除  (规范条款 4.2)
[INFO]  /home/gadolinite/CASHIM_HL/subsecond/raytracedicom_pybind_stage/subSecond/src/tests/dose_distribution_analysis.cu:74  行尾空白字符已删除  (规范条款 4.2)
[INFO]  /home/gadolinite/CASHIM_HL/subsecond/raytracedicom_pybind_stage/subSecond/src/tests/dose_distribution_analysis.cu:79  行尾空白字符已删除  (规范条款 4.2)
[INFO]  /home/gadolinite/CASHIM_HL/subsecond/raytracedicom_pybind_stage/subSecond/src/tests/dose_distribution_analysis.cu:85  行尾空白字符已删除  (规范条款 4.2)
[INFO]  /home/gadolinite/CASHIM_HL/subsecond/raytracedicom_pybind_stage/subSecond/src/tests/dose_distribution_analysis.cu:88  行尾空白字符已删除  (规范条款 4.2)
[INFO]  /home/gadolinite/CASHIM_HL/subsecond/raytracedicom_pybind_stage/subSecond/src/tests/dose_distribution_analysis.cu:93  行尾空白字符已删除  (规范条款 4.2)
[INFO]  /home/gadolinite/CASHIM_HL/subsecond/raytracedicom_pybind_stage/subSecond/src/tests/dose_distribution_analysis.cu:98  行尾空白字符已删除  (规范条款 4.2)
[WARN]  /home/gadolinite/CASHIM_HL/subsecond/raytracedicom_pybind_stage/subSecond/src/tests/dose_distribution_analysis.cu:99  疑似注释掉的代码，规范要求直接删除 → 原行: // Calculate sigma (standard deviation)  (规范条款 4.3)
[SKIP]  /home/gadolinite/CASHIM_HL/subsecond/raytracedicom_pybind_stage/subSecond/src/tests/dose_distribution_analysis.cu:100  同一行多个变量初始化，建议每行只有一个 → 原行: float sum_x2 = 0.0f, sum_y2 = 0.0f, sum_xy = 0.0f;  (规范条款 4.2)
[INFO]  /home/gadolinite/CASHIM_HL/subsecond/raytracedicom_pybind_stage/subSecond/src/tests/dose_distribution_analysis.cu:105  行尾空白字符已删除  (规范条款 4.2)
[INFO]  /home/gadolinite/CASHIM_HL/subsecond/raytracedicom_pybind_stage/subSecond/src/tests/dose_distribution_analysis.cu:108  行尾空白字符已删除  (规范条款 4.2)
[INFO]  /home/gadolinite/CASHIM_HL/subsecond/raytracedicom_pybind_stage/subSecond/src/tests/dose_distribution_analysis.cu:111  行尾空白字符已删除  (规范条款 4.2)
[INFO]  /home/gadolinite/CASHIM_HL/subsecond/raytracedicom_pybind_stage/subSecond/src/tests/dose_distribution_analysis.cu:117  行尾空白字符已删除  (规范条款 4.2)
[INFO]  /home/gadolinite/CASHIM_HL/subsecond/raytracedicom_pybind_stage/subSecond/src/tests/dose_distribution_analysis.cu:121  行尾空白字符已删除  (规范条款 4.2)
[INFO]  /home/gadolinite/CASHIM_HL/subsecond/raytracedicom_pybind_stage/subSecond/src/tests/dose_distribution_analysis.cu:126  行尾空白字符已删除  (规范条款 4.2)
[INFO]  /home/gadolinite/CASHIM_HL/subsecond/raytracedicom_pybind_stage/subSecond/src/tests/dose_distribution_analysis.cu:131  行尾空白字符已删除  (规范条款 4.2)
[INFO]  /home/gadolinite/CASHIM_HL/subsecond/raytracedicom_pybind_stage/subSecond/src/tests/dose_distribution_analysis.cu:134  行尾空白字符已删除  (规范条款 4.2)
[INFO]  /home/gadolinite/CASHIM_HL/subsecond/raytracedicom_pybind_stage/subSecond/src/tests/dose_distribution_analysis.cu:138  行尾空白字符已删除  (规范条款 4.2)
[INFO]  /home/gadolinite/CASHIM_HL/subsecond/raytracedicom_pybind_stage/subSecond/src/tests/dose_distribution_analysis.cu:138  指针/引用符号空格修正（两边都无空格 → 靠左形式）  (规范条款 4.2)
[INFO]  /home/gadolinite/CASHIM_HL/subsecond/raytracedicom_pybind_stage/subSecond/src/tests/dose_distribution_analysis.cu:139  指针/引用符号空格修正（两边都无空格 → 靠左形式）  (规范条款 4.2)
[INFO]  /home/gadolinite/CASHIM_HL/subsecond/raytracedicom_pybind_stage/subSecond/src/tests/dose_distribution_analysis.cu:140  行尾空白字符已删除  (规范条款 4.2)
[INFO]  /home/gadolinite/CASHIM_HL/subsecond/raytracedicom_pybind_stage/subSecond/src/tests/dose_distribution_analysis.cu:145  行尾空白字符已删除  (规范条款 4.2)
[INFO]  /home/gadolinite/CASHIM_HL/subsecond/raytracedicom_pybind_stage/subSecond/src/tests/dose_distribution_analysis.cu:149  行尾空白字符已删除  (规范条款 4.2)
[INFO]  /home/gadolinite/CASHIM_HL/subsecond/raytracedicom_pybind_stage/subSecond/src/tests/dose_distribution_analysis.cu:154  行尾空白字符已删除  (规范条款 4.2)
[INFO]  /home/gadolinite/CASHIM_HL/subsecond/raytracedicom_pybind_stage/subSecond/src/tests/dose_distribution_analysis.cu:157  行尾空白字符已删除  (规范条款 4.2)
[INFO]  /home/gadolinite/CASHIM_HL/subsecond/raytracedicom_pybind_stage/subSecond/src/tests/dose_distribution_analysis.cu:165  行尾空白字符已删除  (规范条款 4.2)
[INFO]  /home/gadolinite/CASHIM_HL/subsecond/raytracedicom_pybind_stage/subSecond/src/tests/dose_distribution_analysis.cu:173  行尾空白字符已删除  (规范条款 4.2)
[INFO]  /home/gadolinite/CASHIM_HL/subsecond/raytracedicom_pybind_stage/subSecond/src/tests/dose_distribution_analysis.cu:182  行尾空白字符已删除  (规范条款 4.2)
[INFO]  /home/gadolinite/CASHIM_HL/subsecond/raytracedicom_pybind_stage/subSecond/src/tests/dose_distribution_analysis.cu:188  行尾空白字符已删除  (规范条款 4.2)
[INFO]  /home/gadolinite/CASHIM_HL/subsecond/raytracedicom_pybind_stage/subSecond/src/tests/dose_distribution_analysis.cu:195  行尾空白字符已删除  (规范条款 4.2)
[INFO]  /home/gadolinite/CASHIM_HL/subsecond/raytracedicom_pybind_stage/subSecond/src/tests/dose_distribution_analysis.cu:200  行尾空白字符已删除  (规范条款 4.2)
[INFO]  /home/gadolinite/CASHIM_HL/subsecond/raytracedicom_pybind_stage/subSecond/src/tests/dose_distribution_analysis.cu:205  行尾空白字符已删除  (规范条款 4.2)
[INFO]  /home/gadolinite/CASHIM_HL/subsecond/raytracedicom_pybind_stage/subSecond/src/tests/dose_distribution_analysis.cu:206  行尾空白字符已删除  (规范条款 4.2)
[INFO]  /home/gadolinite/CASHIM_HL/subsecond/raytracedicom_pybind_stage/subSecond/src/tests/dose_distribution_analysis.cu:207  行尾空白字符已删除  (规范条款 4.2)
[INFO]  /home/gadolinite/CASHIM_HL/subsecond/raytracedicom_pybind_stage/subSecond/src/tests/dose_distribution_analysis.cu:209  行尾空白字符已删除  (规范条款 4.2)
[WARN]  /home/gadolinite/CASHIM_HL/subsecond/raytracedicom_pybind_stage/subSecond/src/tests/dose_distribution_analysis.cu:210  疑似魔鬼数字，建议定义为具名常量 → 原行: if (dist < dims.x / 4.0f) {  (规范条款 4.8.1)
[INFO]  /home/gadolinite/CASHIM_HL/subsecond/raytracedicom_pybind_stage/subSecond/src/tests/dose_distribution_analysis.cu:218  行尾空白字符已删除  (规范条款 4.2)
[WARN]  /home/gadolinite/CASHIM_HL/subsecond/raytracedicom_pybind_stage/subSecond/src/tests/dose_distribution_analysis.cu:222  疑似注释掉的代码，规范要求直接删除 → 原行: // Create test beam settings (similar to wrapper_integration_test)  (规范条款 4.3)
[WARN]  /home/gadolinite/CASHIM_HL/subsecond/raytracedicom_pybind_stage/subSecond/src/tests/dose_distribution_analysis.cu:234  疑似注释掉的代码，规范要求直接删除 → 原行: // Spot sigmas (5x2 grid => 10 spots)  (规范条款 4.3)
[WARN]  /home/gadolinite/CASHIM_HL/subsecond/raytracedicom_pybind_stage/subSecond/src/tests/dose_distribution_analysis.cu:240  疑似注释掉的代码，规范要求直接删除 → 原行: // Spot origin and delta for placement (gantry coordinates)  (规范条款 4.3)
[WARN]  /home/gadolinite/CASHIM_HL/subsecond/raytracedicom_pybind_stage/subSecond/src/tests/dose_distribution_analysis.cu:244  疑似注释掉的代码，规范要求直接删除 → 原行: // Ray spacing (cm) - required by the wrapper for CPB/ray grid sizing  (规范条款 4.3)
[WARN]  /home/gadolinite/CASHIM_HL/subsecond/raytracedicom_pybind_stage/subSecond/src/tests/dose_distribution_analysis.cu:248  疑似注释掉的代码，规范要求直接删除 → 原行: // CarbonPBS-compatible subspotData (required by the wrapper)  (规范条款 4.3)
[SKIP]  /home/gadolinite/CASHIM_HL/subsecond/raytracedicom_pybind_stage/subSecond/src/tests/dose_distribution_analysis.cu:257  行宽 136 > 120，需人工换行处理  (规范条款 4.2)
[WARN]  /home/gadolinite/CASHIM_HL/subsecond/raytracedicom_pybind_stage/subSecond/src/tests/dose_distribution_analysis.cu:262  疑似魔鬼数字，建议定义为具名常量 → 原行: beam.subspotData[base + 3] = sxy.x;  (规范条款 4.8.1)
[WARN]  /home/gadolinite/CASHIM_HL/subsecond/raytracedicom_pybind_stage/subSecond/src/tests/dose_distribution_analysis.cu:263  疑似魔鬼数字，建议定义为具名常量 → 原行: beam.subspotData[base + 4] = sxy.y;  (规范条款 4.8.1)
[WARN]  /home/gadolinite/CASHIM_HL/subsecond/raytracedicom_pybind_stage/subSecond/src/tests/dose_distribution_analysis.cu:267  疑似注释掉的代码，规范要求直接删除 → 原行: // Beam geometry (synthetic)  (规范条款 4.3)
[WARN]  /home/gadolinite/CASHIM_HL/subsecond/raytracedicom_pybind_stage/subSecond/src/tests/dose_distribution_analysis.cu:278  疑似注释掉的代码，规范要求直接删除 → 原行: // Create test energy data (similar to wrapper_integration_test)  (规范条款 4.3)
[WARN]  /home/gadolinite/CASHIM_HL/subsecond/raytracedicom_pybind_stage/subSecond/src/tests/dose_distribution_analysis.cu:288  疑似注释掉的代码，规范要求直接删除 → 原行: // Populate ciddMatrix (nEnergies x nEnergySamples)  (规范条款 4.3)
[WARN]  /home/gadolinite/CASHIM_HL/subsecond/raytracedicom_pybind_stage/subSecond/src/tests/dose_distribution_analysis.cu:296  疑似魔鬼数字，建议定义为具名常量 → 原行: float depth = (float)s / energy.nEnergySamples * 20.0f;  (规范条款 4.8.1)
[WARN]  /home/gadolinite/CASHIM_HL/subsecond/raytracedicom_pybind_stage/subSecond/src/tests/dose_distribution_analysis.cu:296  疑似 C 风格类型转换，建议改为 C++ 风格 → 原行: float depth = (float)s / energy.nEnergySamples * 20.0f;  (规范条款 4.8.3)
[WARN]  /home/gadolinite/CASHIM_HL/subsecond/raytracedicom_pybind_stage/subSecond/src/tests/dose_distribution_analysis.cu:304  疑似魔鬼数字，建议定义为具名常量 → 原行: energy.nDensitySamples = 50;  (规范条款 4.8.1)
[WARN]  /home/gadolinite/CASHIM_HL/subsecond/raytracedicom_pybind_stage/subSecond/src/tests/dose_distribution_analysis.cu:308  疑似 C 风格类型转换，建议改为 C++ 风格 → 原行: energy.densityVector[i] = 0.8f + 0.4f * (float)i / energy.nDensitySamples;  (规范条款 4.8.3)
[WARN]  /home/gadolinite/CASHIM_HL/subsecond/raytracedicom_pybind_stage/subSecond/src/tests/dose_distribution_analysis.cu:312  疑似魔鬼数字，建议定义为具名常量 → 原行: energy.nSpSamples = 50;  (规范条款 4.8.1)
[WARN]  /home/gadolinite/CASHIM_HL/subsecond/raytracedicom_pybind_stage/subSecond/src/tests/dose_distribution_analysis.cu:316  疑似 C 风格类型转换，建议改为 C++ 风格 → 原行: energy.spVector[i] = 1.0f + 0.2f * (float)i / energy.nSpSamples;  (规范条款 4.8.3)
[WARN]  /home/gadolinite/CASHIM_HL/subsecond/raytracedicom_pybind_stage/subSecond/src/tests/dose_distribution_analysis.cu:320  疑似魔鬼数字，建议定义为具名常量 → 原行: energy.nRRlSamples = 50;  (规范条款 4.8.1)
[WARN]  /home/gadolinite/CASHIM_HL/subsecond/raytracedicom_pybind_stage/subSecond/src/tests/dose_distribution_analysis.cu:324  疑似 C 风格类型转换，建议改为 C++ 风格 → 原行: energy.rRlVector[i] = 0.1f + 0.05f * (float)i / energy.nRRlSamples;  (规范条款 4.8.3)
[INFO]  /home/gadolinite/CASHIM_HL/subsecond/raytracedicom_pybind_stage/subSecond/src/tests/dose_distribution_analysis.cu:332  行尾空白字符已删除  (规范条款 4.2)
[INFO]  /home/gadolinite/CASHIM_HL/subsecond/raytracedicom_pybind_stage/subSecond/src/tests/dose_distribution_analysis.cu:336  行尾空白字符已删除  (规范条款 4.2)
[WARN]  /home/gadolinite/CASHIM_HL/subsecond/raytracedicom_pybind_stage/subSecond/src/tests/dose_distribution_analysis.cu:338  疑似魔鬼数字，建议定义为具名常量 → 原行: int3 ctDims = {64, 64, 32};  (规范条款 4.8.1)
[INFO]  /home/gadolinite/CASHIM_HL/subsecond/raytracedicom_pybind_stage/subSecond/src/tests/dose_distribution_analysis.cu:340  行尾空白字符已删除  (规范条款 4.2)
[INFO]  /home/gadolinite/CASHIM_HL/subsecond/raytracedicom_pybind_stage/subSecond/src/tests/dose_distribution_analysis.cu:343  行尾空白字符已删除  (规范条款 4.2)
[INFO]  /home/gadolinite/CASHIM_HL/subsecond/raytracedicom_pybind_stage/subSecond/src/tests/dose_distribution_analysis.cu:346  行尾空白字符已删除  (规范条款 4.2)
[WARN]  /home/gadolinite/CASHIM_HL/subsecond/raytracedicom_pybind_stage/subSecond/src/tests/dose_distribution_analysis.cu:348  疑似魔鬼数字，建议定义为具名常量 → 原行: int3 doseVolDims = {400, 400, 32};  (规范条款 4.8.1)
[WARN]  /home/gadolinite/CASHIM_HL/subsecond/raytracedicom_pybind_stage/subSecond/src/tests/dose_distribution_analysis.cu:350  疑似魔鬼数字，建议定义为具名常量 → 原行: float3 doseVolOrigin = {-20.0f, -20.0f, 0.0f};  (规范条款 4.8.1)
[INFO]  /home/gadolinite/CASHIM_HL/subsecond/raytracedicom_pybind_stage/subSecond/src/tests/dose_distribution_analysis.cu:352  行尾空白字符已删除  (规范条款 4.2)
[INFO]  /home/gadolinite/CASHIM_HL/subsecond/raytracedicom_pybind_stage/subSecond/src/tests/dose_distribution_analysis.cu:354  行尾空白字符已删除  (规范条款 4.2)
[WARN]  /home/gadolinite/CASHIM_HL/subsecond/raytracedicom_pybind_stage/subSecond/src/tests/dose_distribution_analysis.cu:358  疑似魔鬼数字，建议定义为具名常量 → 原行: float3 imVolOrigin = {-3.2f, -3.2f, 0.0f};  (规范条款 4.8.1)
[INFO]  /home/gadolinite/CASHIM_HL/subsecond/raytracedicom_pybind_stage/subSecond/src/tests/dose_distribution_analysis.cu:359  行尾空白字符已删除  (规范条款 4.2)
[INFO]  /home/gadolinite/CASHIM_HL/subsecond/raytracedicom_pybind_stage/subSecond/src/tests/dose_distribution_analysis.cu:366  行尾空白字符已删除  (规范条款 4.2)
[INFO]  /home/gadolinite/CASHIM_HL/subsecond/raytracedicom_pybind_stage/subSecond/src/tests/dose_distribution_analysis.cu:368  行尾空白字符已删除  (规范条款 4.2)
[INFO]  /home/gadolinite/CASHIM_HL/subsecond/raytracedicom_pybind_stage/subSecond/src/tests/dose_distribution_analysis.cu:372  行尾空白字符已删除  (规范条款 4.2)
[INFO]  /home/gadolinite/CASHIM_HL/subsecond/raytracedicom_pybind_stage/subSecond/src/tests/dose_distribution_analysis.cu:375  行尾空白字符已删除  (规范条款 4.2)
[SKIP]  /home/gadolinite/CASHIM_HL/subsecond/raytracedicom_pybind_stage/subSecond/src/tests/dose_distribution_analysis.cu:377  同一行多个变量初始化，建议每行只有一个 → 原行: float totalDose = 0.0f, maxDose = 0.0f, minDose = 1e6f;  (规范条款 4.2)
[INFO]  /home/gadolinite/CASHIM_HL/subsecond/raytracedicom_pybind_stage/subSecond/src/tests/dose_distribution_analysis.cu:379  行尾空白字符已删除  (规范条款 4.2)
[INFO]  /home/gadolinite/CASHIM_HL/subsecond/raytracedicom_pybind_stage/subSecond/src/tests/dose_distribution_analysis.cu:388  行尾空白字符已删除  (规范条款 4.2)
[INFO]  /home/gadolinite/CASHIM_HL/subsecond/raytracedicom_pybind_stage/subSecond/src/tests/dose_distribution_analysis.cu:394  行尾空白字符已删除  (规范条款 4.2)
[INFO]  /home/gadolinite/CASHIM_HL/subsecond/raytracedicom_pybind_stage/subSecond/src/tests/dose_distribution_analysis.cu:400  行尾空白字符已删除  (规范条款 4.2)
[INFO]  /home/gadolinite/CASHIM_HL/subsecond/raytracedicom_pybind_stage/subSecond/src/tests/dose_distribution_analysis.cu:401  行尾空白字符已删除  (规范条款 4.2)
[INFO]  /home/gadolinite/CASHIM_HL/subsecond/raytracedicom_pybind_stage/subSecond/src/tests/dose_distribution_analysis.cu:403  行尾空白字符已删除  (规范条款 4.2)
[INFO]  /home/gadolinite/CASHIM_HL/subsecond/raytracedicom_pybind_stage/subSecond/src/tests/dose_distribution_analysis.cu:413  行尾空白字符已删除  (规范条款 4.2)
[INFO]  /home/gadolinite/CASHIM_HL/subsecond/raytracedicom_pybind_stage/subSecond/src/tests/dose_distribution_analysis.cu:417  行尾空白字符已删除  (规范条款 4.2)
[WARN]  /home/gadolinite/CASHIM_HL/subsecond/raytracedicom_pybind_stage/subSecond/src/tests/dose_distribution_analysis.cu:418  疑似注释掉的代码，规范要求直接删除 → 原行: // Output to CSV file (Excel compatible)  (规范条款 4.3)
[INFO]  /home/gadolinite/CASHIM_HL/subsecond/raytracedicom_pybind_stage/subSecond/src/tests/dose_distribution_analysis.cu:421  行尾空白字符已删除  (规范条款 4.2)
[INFO]  /home/gadolinite/CASHIM_HL/subsecond/raytracedicom_pybind_stage/subSecond/src/tests/dose_distribution_analysis.cu:446  行尾空白字符已删除  (规范条款 4.2)
[INFO]  /home/gadolinite/CASHIM_HL/subsecond/raytracedicom_pybind_stage/subSecond/src/tests/dose_distribution_analysis.cu:510  行尾空白字符已删除  (规范条款 4.2)
[INFO]  /home/gadolinite/CASHIM_HL/subsecond/raytracedicom_pybind_stage/subSecond/src/tests/dose_distribution_analysis.cu:520  行尾空白字符已删除  (规范条款 4.2)
[INFO]  /home/gadolinite/CASHIM_HL/subsecond/raytracedicom_pybind_stage/subSecond/src/tests/dose_distribution_analysis.cu:525  行尾空白字符已删除  (规范条款 4.2)
[INFO]  /home/gadolinite/CASHIM_HL/subsecond/raytracedicom_pybind_stage/subSecond/src/tests/dose_distribution_analysis.cu:529  行尾空白字符已删除  (规范条款 4.2)
[INFO]  /home/gadolinite/CASHIM_HL/subsecond/raytracedicom_pybind_stage/subSecond/src/tests/dose_distribution_analysis.cu:539  行尾空白字符已删除  (规范条款 4.2)
[INFO]  /home/gadolinite/CASHIM_HL/subsecond/raytracedicom_pybind_stage/subSecond/src/tests/dose_distribution_analysis.cu:542  行尾空白字符已删除  (规范条款 4.2)
[INFO]  /home/gadolinite/CASHIM_HL/subsecond/raytracedicom_pybind_stage/subSecond/src/tests/dose_distribution_analysis.cu:547  行尾空白字符已删除  (规范条款 4.2)
[INFO]  /home/gadolinite/CASHIM_HL/subsecond/raytracedicom_pybind_stage/subSecond/src/tests/simple_ray_mapping_test.cu:14  行尾空白字符已删除  (规范条款 4.2)
[INFO]  /home/gadolinite/CASHIM_HL/subsecond/raytracedicom_pybind_stage/subSecond/src/tests/simple_ray_mapping_test.cu:17  行尾空白字符已删除  (规范条款 4.2)
[WARN]  /home/gadolinite/CASHIM_HL/subsecond/raytracedicom_pybind_stage/subSecond/src/tests/simple_ray_mapping_test.cu:20  疑似魔鬼数字，建议定义为具名常量 → 原行: vec3f cpbCorner = make_vec3f(-5.0f, -5.0f, 0.0f);  (规范条款 4.8.1)
[INFO]  /home/gadolinite/CASHIM_HL/subsecond/raytracedicom_pybind_stage/subSecond/src/tests/simple_ray_mapping_test.cu:22  行尾空白字符已删除  (规范条款 4.2)
[WARN]  /home/gadolinite/CASHIM_HL/subsecond/raytracedicom_pybind_stage/subSecond/src/tests/simple_ray_mapping_test.cu:23  疑似魔鬼数字，建议定义为具名常量 → 原行: vec3i rayDims = make_vec3i(5, 5, 1);  (规范条款 4.8.1)
[INFO]  /home/gadolinite/CASHIM_HL/subsecond/raytracedicom_pybind_stage/subSecond/src/tests/simple_ray_mapping_test.cu:27  行尾空白字符已删除  (规范条款 4.2)
[WARN]  /home/gadolinite/CASHIM_HL/subsecond/raytracedicom_pybind_stage/subSecond/src/tests/simple_ray_mapping_test.cu:28  疑似注释掉的代码，规范要求直接删除 → 原行: // Create simple CPB weights (all zeros except center)  (规范条款 4.3)
[WARN]  /home/gadolinite/CASHIM_HL/subsecond/raytracedicom_pybind_stage/subSecond/src/tests/simple_ray_mapping_test.cu:30  疑似魔鬼数字，建议定义为具名常量 → 原行: cpbWeights[5 * cpbDims.x + 5] = 1.0f; // Center point  (规范条款 4.8.1)
[INFO]  /home/gadolinite/CASHIM_HL/subsecond/raytracedicom_pybind_stage/subSecond/src/tests/simple_ray_mapping_test.cu:31  行尾空白字符已删除  (规范条款 4.2)
[INFO]  /home/gadolinite/CASHIM_HL/subsecond/raytracedicom_pybind_stage/subSecond/src/tests/simple_ray_mapping_test.cu:33  行尾空白字符已删除  (规范条款 4.2)
[INFO]  /home/gadolinite/CASHIM_HL/subsecond/raytracedicom_pybind_stage/subSecond/src/tests/simple_ray_mapping_test.cu:36  行尾空白字符已删除  (规范条款 4.2)
[INFO]  /home/gadolinite/CASHIM_HL/subsecond/raytracedicom_pybind_stage/subSecond/src/tests/simple_ray_mapping_test.cu:51  行尾空白字符已删除  (规范条款 4.2)
[INFO]  /home/gadolinite/CASHIM_HL/subsecond/raytracedicom_pybind_stage/subSecond/src/tests/simple_ray_mapping_test.cu:53  行尾空白字符已删除  (规范条款 4.2)
[INFO]  /home/gadolinite/CASHIM_HL/subsecond/raytracedicom_pybind_stage/subSecond/src/tests/simple_ray_mapping_test.cu:63  行尾空白字符已删除  (规范条款 4.2)
[INFO]  /home/gadolinite/CASHIM_HL/subsecond/raytracedicom_pybind_stage/subSecond/src/tests/simple_ray_mapping_test.cu:67  行尾空白字符已删除  (规范条款 4.2)
[INFO]  /home/gadolinite/CASHIM_HL/subsecond/raytracedicom_pybind_stage/subSecond/src/tests/simple_ray_mapping_test.cu:72  行尾空白字符已删除  (规范条款 4.2)
[INFO]  /home/gadolinite/CASHIM_HL/subsecond/raytracedicom_pybind_stage/subSecond/src/tests/simple_texture_debug.cu:10  行尾空白字符已删除  (规范条款 4.2)
[INFO]  /home/gadolinite/CASHIM_HL/subsecond/raytracedicom_pybind_stage/subSecond/src/tests/simple_texture_debug.cu:14  行尾空白字符已删除  (规范条款 4.2)
[WARN]  /home/gadolinite/CASHIM_HL/subsecond/raytracedicom_pybind_stage/subSecond/src/tests/simple_texture_debug.cu:15  疑似魔鬼数字，建议定义为具名常量 → 原行: if (idx < 5) {  (规范条款 4.8.1)
[INFO]  /home/gadolinite/CASHIM_HL/subsecond/raytracedicom_pybind_stage/subSecond/src/tests/simple_texture_debug.cu:22  行尾空白字符已删除  (规范条款 4.2)
[WARN]  /home/gadolinite/CASHIM_HL/subsecond/raytracedicom_pybind_stage/subSecond/src/tests/simple_texture_debug.cu:27  疑似魔鬼数字，建议定义为具名常量 → 原行: hostData[i] = float(i * 10); // 0, 10, 20, 30, ...  (规范条款 4.8.1)
[INFO]  /home/gadolinite/CASHIM_HL/subsecond/raytracedicom_pybind_stage/subSecond/src/tests/simple_texture_debug.cu:29  行尾空白字符已删除  (规范条款 4.2)
[INFO]  /home/gadolinite/CASHIM_HL/subsecond/raytracedicom_pybind_stage/subSecond/src/tests/simple_texture_debug.cu:35  行尾空白字符已删除  (规范条款 4.2)
[INFO]  /home/gadolinite/CASHIM_HL/subsecond/raytracedicom_pybind_stage/subSecond/src/tests/simple_texture_debug.cu:40  行尾空白字符已删除  (规范条款 4.2)
[INFO]  /home/gadolinite/CASHIM_HL/subsecond/raytracedicom_pybind_stage/subSecond/src/tests/simple_texture_debug.cu:43  行尾空白字符已删除  (规范条款 4.2)
[INFO]  /home/gadolinite/CASHIM_HL/subsecond/raytracedicom_pybind_stage/subSecond/src/tests/simple_texture_debug.cu:48  行尾空白字符已删除  (规范条款 4.2)
[INFO]  /home/gadolinite/CASHIM_HL/subsecond/raytracedicom_pybind_stage/subSecond/src/tests/simple_texture_debug.cu:54  行尾空白字符已删除  (规范条款 4.2)
[INFO]  /home/gadolinite/CASHIM_HL/subsecond/raytracedicom_pybind_stage/subSecond/src/tests/simple_texture_debug.cu:57  行尾空白字符已删除  (规范条款 4.2)
[INFO]  /home/gadolinite/CASHIM_HL/subsecond/raytracedicom_pybind_stage/subSecond/src/tests/simple_texture_debug.cu:61  行尾空白字符已删除  (规范条款 4.2)
[WARN]  /home/gadolinite/CASHIM_HL/subsecond/raytracedicom_pybind_stage/subSecond/src/tests/simple_texture_debug.cu:63  疑似魔鬼数字，建议定义为具名常量 → 原行: dim3 blockSize(256);  (规范条款 4.8.1)
[INFO]  /home/gadolinite/CASHIM_HL/subsecond/raytracedicom_pybind_stage/subSecond/src/tests/simple_texture_debug.cu:66  行尾空白字符已删除  (规范条款 4.2)
[INFO]  /home/gadolinite/CASHIM_HL/subsecond/raytracedicom_pybind_stage/subSecond/src/tests/simple_texture_debug.cu:68  行尾空白字符已删除  (规范条款 4.2)
[INFO]  /home/gadolinite/CASHIM_HL/subsecond/raytracedicom_pybind_stage/subSecond/src/tests/simple_texture_debug.cu:74  行尾空白字符已删除  (规范条款 4.2)
[INFO]  /home/gadolinite/CASHIM_HL/subsecond/raytracedicom_pybind_stage/subSecond/src/tests/simple_texture_debug.cu:76  行尾空白字符已删除  (规范条款 4.2)
[INFO]  /home/gadolinite/CASHIM_HL/subsecond/raytracedicom_pybind_stage/subSecond/src/tests/simple_texture_debug.cu:81  行尾空白字符已删除  (规范条款 4.2)
[INFO]  /home/gadolinite/CASHIM_HL/subsecond/raytracedicom_pybind_stage/subSecond/src/tests/simple_texture_debug.cu:85  行尾空白字符已删除  (规范条款 4.2)
[INFO]  /home/gadolinite/CASHIM_HL/subsecond/raytracedicom_pybind_stage/subSecond/src/tests/simple_texture_debug.cu:91  行尾空白字符已删除  (规范条款 4.2)
[INFO]  /home/gadolinite/CASHIM_HL/subsecond/raytracedicom_pybind_stage/subSecond/src/tests/simple_texture_debug.cu:96  行尾空白字符已删除  (规范条款 4.2)
[INFO]  /home/gadolinite/CASHIM_HL/subsecond/raytracedicom_pybind_stage/subSecond/src/tests/simple_texture_test.cu:15  行尾空白字符已删除  (规范条款 4.2)
[INFO]  /home/gadolinite/CASHIM_HL/subsecond/raytracedicom_pybind_stage/subSecond/src/tests/simple_texture_test.cu:20  行尾空白字符已删除  (规范条款 4.2)
[INFO]  /home/gadolinite/CASHIM_HL/subsecond/raytracedicom_pybind_stage/subSecond/src/tests/simple_texture_test.cu:24  行尾空白字符已删除  (规范条款 4.2)
[INFO]  /home/gadolinite/CASHIM_HL/subsecond/raytracedicom_pybind_stage/subSecond/src/tests/simple_texture_test.cu:30  行尾空白字符已删除  (规范条款 4.2)
[WARN]  /home/gadolinite/CASHIM_HL/subsecond/raytracedicom_pybind_stage/subSecond/src/tests/simple_texture_test.cu:34  疑似魔鬼数字，建议定义为具名常量 → 原行: 1.0f, 2.0f, 3.0f, 4.0f,  // Channel 0: [1,2,3,4]  (规范条款 4.8.1)
[WARN]  /home/gadolinite/CASHIM_HL/subsecond/raytracedicom_pybind_stage/subSecond/src/tests/simple_texture_test.cu:35  疑似魔鬼数字，建议定义为具名常量 → 原行: 5.0f, 6.0f, 7.0f, 8.0f,  // Channel 1: [5,6,7,8]  (规范条款 4.8.1)
[INFO]  /home/gadolinite/CASHIM_HL/subsecond/raytracedicom_pybind_stage/subSecond/src/tests/simple_texture_test.cu:36  行尾空白字符已删除  (规范条款 4.2)
[WARN]  /home/gadolinite/CASHIM_HL/subsecond/raytracedicom_pybind_stage/subSecond/src/tests/simple_texture_test.cu:37  疑似魔鬼数字，建议定义为具名常量 → 原行: 9.0f, 10.0f, 11.0f, 12.0f, // Channel 0: [9,10,11,12]  (规范条款 4.8.1)
[INFO]  /home/gadolinite/CASHIM_HL/subsecond/raytracedicom_pybind_stage/subSecond/src/tests/simple_texture_test.cu:40  行尾空白字符已删除  (规范条款 4.2)
[WARN]  /home/gadolinite/CASHIM_HL/subsecond/raytracedicom_pybind_stage/subSecond/src/tests/simple_texture_test.cu:42  疑似魔鬼数字，建议定义为具名常量 → 原行: std::cout << "Layer 0, Channel 0: [1,2,3,4]" << std::endl;  (规范条款 4.8.1)
[WARN]  /home/gadolinite/CASHIM_HL/subsecond/raytracedicom_pybind_stage/subSecond/src/tests/simple_texture_test.cu:43  疑似魔鬼数字，建议定义为具名常量 → 原行: std::cout << "Layer 0, Channel 1: [5,6,7,8]" << std::endl;  (规范条款 4.8.1)
[WARN]  /home/gadolinite/CASHIM_HL/subsecond/raytracedicom_pybind_stage/subSecond/src/tests/simple_texture_test.cu:44  疑似魔鬼数字，建议定义为具名常量 → 原行: std::cout << "Layer 1, Channel 0: [9,10,11,12]" << std::endl;  (规范条款 4.8.1)
[INFO]  /home/gadolinite/CASHIM_HL/subsecond/raytracedicom_pybind_stage/subSecond/src/tests/simple_texture_test.cu:46  行尾空白字符已删除  (规范条款 4.2)
[WARN]  /home/gadolinite/CASHIM_HL/subsecond/raytracedicom_pybind_stage/subSecond/src/tests/simple_texture_test.cu:47  疑似注释掉的代码，规范要求直接删除 → 原行: // Create 3D texture: width=4, height=2, depth=2  (规范条款 4.3)
[WARN]  /home/gadolinite/CASHIM_HL/subsecond/raytracedicom_pybind_stage/subSecond/src/tests/simple_texture_test.cu:50  疑似魔鬼数字，建议定义为具名常量 → 原行: cudaExtent extent = make_cudaExtent(4, 2, 2);  (规范条款 4.8.1)
[INFO]  /home/gadolinite/CASHIM_HL/subsecond/raytracedicom_pybind_stage/subSecond/src/tests/simple_texture_test.cu:52  行尾空白字符已删除  (规范条款 4.2)
[INFO]  /home/gadolinite/CASHIM_HL/subsecond/raytracedicom_pybind_stage/subSecond/src/tests/simple_texture_test.cu:57  行尾空白字符已删除  (规范条款 4.2)
[WARN]  /home/gadolinite/CASHIM_HL/subsecond/raytracedicom_pybind_stage/subSecond/src/tests/simple_texture_test.cu:60  疑似魔鬼数字，建议定义为具名常量 → 原行: copyParams.srcPtr = make_cudaPitchedPtr(devData, 4 * sizeof(float), 4, 2);  (规范条款 4.8.1)
[INFO]  /home/gadolinite/CASHIM_HL/subsecond/raytracedicom_pybind_stage/subSecond/src/tests/simple_texture_test.cu:65  行尾空白字符已删除  (规范条款 4.2)
[INFO]  /home/gadolinite/CASHIM_HL/subsecond/raytracedicom_pybind_stage/subSecond/src/tests/simple_texture_test.cu:70  行尾空白字符已删除  (规范条款 4.2)
[INFO]  /home/gadolinite/CASHIM_HL/subsecond/raytracedicom_pybind_stage/subSecond/src/tests/simple_texture_test.cu:78  行尾空白字符已删除  (规范条款 4.2)
[INFO]  /home/gadolinite/CASHIM_HL/subsecond/raytracedicom_pybind_stage/subSecond/src/tests/simple_texture_test.cu:80  NULL → nullptr  (规范条款 4.8.10)
[INFO]  /home/gadolinite/CASHIM_HL/subsecond/raytracedicom_pybind_stage/subSecond/src/tests/simple_texture_test.cu:81  行尾空白字符已删除  (规范条款 4.2)
[INFO]  /home/gadolinite/CASHIM_HL/subsecond/raytracedicom_pybind_stage/subSecond/src/tests/simple_texture_test.cu:85  行尾空白字符已删除  (规范条款 4.2)
[INFO]  /home/gadolinite/CASHIM_HL/subsecond/raytracedicom_pybind_stage/subSecond/src/tests/simple_texture_test.cu:88  行尾空白字符已删除  (规范条款 4.2)
[INFO]  /home/gadolinite/CASHIM_HL/subsecond/raytracedicom_pybind_stage/subSecond/src/tests/simple_texture_test.cu:92  行尾空白字符已删除  (规范条款 4.2)
[INFO]  /home/gadolinite/CASHIM_HL/subsecond/raytracedicom_pybind_stage/subSecond/src/tests/simple_texture_test.cu:94  行尾空白字符已删除  (规范条款 4.2)
[INFO]  /home/gadolinite/CASHIM_HL/subsecond/raytracedicom_pybind_stage/subSecond/src/tests/simple_texture_test.cu:100  行尾空白字符已删除  (规范条款 4.2)
[INFO]  /home/gadolinite/CASHIM_HL/subsecond/raytracedicom_pybind_stage/subSecond/src/tests/texture_coordinate_test.cu:4  行尾空白字符已删除  (规范条款 4.2)
[SKIP]  /home/gadolinite/CASHIM_HL/subsecond/raytracedicom_pybind_stage/subSecond/src/tests/texture_coordinate_test.cu:14  行宽 124 > 120，需人工换行处理  (规范条款 4.2)
[INFO]  /home/gadolinite/CASHIM_HL/subsecond/raytracedicom_pybind_stage/subSecond/src/tests/texture_coordinate_test.cu:17  行尾空白字符已删除  (规范条款 4.2)
[INFO]  /home/gadolinite/CASHIM_HL/subsecond/raytracedicom_pybind_stage/subSecond/src/tests/texture_coordinate_test.cu:22  行尾空白字符已删除  (规范条款 4.2)
[WARN]  /home/gadolinite/CASHIM_HL/subsecond/raytracedicom_pybind_stage/subSecond/src/tests/texture_coordinate_test.cu:23  疑似注释掉的代码，规范要求直接删除 → 原行: // Test texture access with correct coordinate mapping (0.5 offset for pixel center)  (规范条款 4.3)
[INFO]  /home/gadolinite/CASHIM_HL/subsecond/raytracedicom_pybind_stage/subSecond/src/tests/texture_coordinate_test.cu:26  行尾空白字符已删除  (规范条款 4.2)
[INFO]  /home/gadolinite/CASHIM_HL/subsecond/raytracedicom_pybind_stage/subSecond/src/tests/texture_coordinate_test.cu:30  行尾空白字符已删除  (规范条款 4.2)
[INFO]  /home/gadolinite/CASHIM_HL/subsecond/raytracedicom_pybind_stage/subSecond/src/tests/texture_coordinate_test.cu:36  行尾空白字符已删除  (规范条款 4.2)
[WARN]  /home/gadolinite/CASHIM_HL/subsecond/raytracedicom_pybind_stage/subSecond/src/tests/texture_coordinate_test.cu:38  疑似魔鬼数字，建议定义为具名常量 → 原行: int width = 5;   // channels (deltaX, deltaY, weight, sigmaX, sigmaY)  (规范条款 4.8.1)
[WARN]  /home/gadolinite/CASHIM_HL/subsecond/raytracedicom_pybind_stage/subSecond/src/tests/texture_coordinate_test.cu:39  疑似魔鬼数字，建议定义为具名常量 → 原行: int height = 3;  // subspots per layer  (规范条款 4.8.1)
[INFO]  /home/gadolinite/CASHIM_HL/subsecond/raytracedicom_pybind_stage/subSecond/src/tests/texture_coordinate_test.cu:41  行尾空白字符已删除  (规范条款 4.2)
[INFO]  /home/gadolinite/CASHIM_HL/subsecond/raytracedicom_pybind_stage/subSecond/src/tests/texture_coordinate_test.cu:43  行尾空白字符已删除  (规范条款 4.2)
[WARN]  /home/gadolinite/CASHIM_HL/subsecond/raytracedicom_pybind_stage/subSecond/src/tests/texture_coordinate_test.cu:44  疑似注释掉的代码，规范要求直接删除 → 原行: // Fill with known pattern: value = x + y*10 + z*100  (规范条款 4.3)
[INFO]  /home/gadolinite/CASHIM_HL/subsecond/raytracedicom_pybind_stage/subSecond/src/tests/texture_coordinate_test.cu:53  行尾空白字符已删除  (规范条款 4.2)
[INFO]  /home/gadolinite/CASHIM_HL/subsecond/raytracedicom_pybind_stage/subSecond/src/tests/texture_coordinate_test.cu:54  指针/引用符号空格修正（两边都无空格 → 靠左形式）  (规范条款 4.2)
[INFO]  /home/gadolinite/CASHIM_HL/subsecond/raytracedicom_pybind_stage/subSecond/src/tests/texture_coordinate_test.cu:66  行尾空白字符已删除  (规范条款 4.2)
[INFO]  /home/gadolinite/CASHIM_HL/subsecond/raytracedicom_pybind_stage/subSecond/src/tests/texture_coordinate_test.cu:72  行尾空白字符已删除  (规范条款 4.2)
[INFO]  /home/gadolinite/CASHIM_HL/subsecond/raytracedicom_pybind_stage/subSecond/src/tests/texture_coordinate_test.cu:80  行尾空白字符已删除  (规范条款 4.2)
[INFO]  /home/gadolinite/CASHIM_HL/subsecond/raytracedicom_pybind_stage/subSecond/src/tests/texture_coordinate_test.cu:85  行尾空白字符已删除  (规范条款 4.2)
[INFO]  /home/gadolinite/CASHIM_HL/subsecond/raytracedicom_pybind_stage/subSecond/src/tests/texture_coordinate_test.cu:93  行尾空白字符已删除  (规范条款 4.2)
[INFO]  /home/gadolinite/CASHIM_HL/subsecond/raytracedicom_pybind_stage/subSecond/src/tests/texture_coordinate_test.cu:95  NULL → nullptr  (规范条款 4.8.10)
[INFO]  /home/gadolinite/CASHIM_HL/subsecond/raytracedicom_pybind_stage/subSecond/src/tests/texture_coordinate_test.cu:96  行尾空白字符已删除  (规范条款 4.2)
[INFO]  /home/gadolinite/CASHIM_HL/subsecond/raytracedicom_pybind_stage/subSecond/src/tests/texture_coordinate_test.cu:100  行尾空白字符已删除  (规范条款 4.2)
[INFO]  /home/gadolinite/CASHIM_HL/subsecond/raytracedicom_pybind_stage/subSecond/src/tests/texture_coordinate_test.cu:103  行尾空白字符已删除  (规范条款 4.2)
[INFO]  /home/gadolinite/CASHIM_HL/subsecond/raytracedicom_pybind_stage/subSecond/src/tests/texture_coordinate_test.cu:107  行尾空白字符已删除  (规范条款 4.2)
[INFO]  /home/gadolinite/CASHIM_HL/subsecond/raytracedicom_pybind_stage/subSecond/src/tests/texture_coordinate_test.cu:120  行尾空白字符已删除  (规范条款 4.2)
[INFO]  /home/gadolinite/CASHIM_HL/subsecond/raytracedicom_pybind_stage/subSecond/src/tests/texture_coordinate_test.cu:125  行尾空白字符已删除  (规范条款 4.2)
[WARN]  /home/gadolinite/CASHIM_HL/subsecond/raytracedicom_pybind_stage/subSecond/src/tests/wrapper_integration_test.cu:36  疑似注释掉的代码，规范要求直接删除 → 原行: // The first zip (dose_inputs_csv.zip) exports arrays in a simple CSV format:  (规范条款 4.3)
[WARN]  /home/gadolinite/CASHIM_HL/subsecond/raytracedicom_pybind_stage/subSecond/src/tests/wrapper_integration_test.cu:41  疑似注释掉的代码，规范要求直接删除 → 原行: // This test prefers those CSV inputs (plus the compact subspot CSV provided separately)  (规范条款 4.3)
[SKIP]  /home/gadolinite/CASHIM_HL/subsecond/raytracedicom_pybind_stage/subSecond/src/tests/wrapper_integration_test.cu:136  行宽 121 > 120，需人工换行处理  (规范条款 4.2)
[SKIP]  /home/gadolinite/CASHIM_HL/subsecond/raytracedicom_pybind_stage/subSecond/src/tests/wrapper_integration_test.cu:197  行宽 136 > 120，需人工换行处理  (规范条款 4.2)
[SKIP]  /home/gadolinite/CASHIM_HL/subsecond/raytracedicom_pybind_stage/subSecond/src/tests/wrapper_integration_test.cu:198  行宽 142 > 120，需人工换行处理  (规范条款 4.2)
[SKIP]  /home/gadolinite/CASHIM_HL/subsecond/raytracedicom_pybind_stage/subSecond/src/tests/wrapper_integration_test.cu:204  行宽 150 > 120，需人工换行处理  (规范条款 4.2)
[SKIP]  /home/gadolinite/CASHIM_HL/subsecond/raytracedicom_pybind_stage/subSecond/src/tests/wrapper_integration_test.cu:210  行宽 141 > 120，需人工换行处理  (规范条款 4.2)
[SKIP]  /home/gadolinite/CASHIM_HL/subsecond/raytracedicom_pybind_stage/subSecond/src/tests/wrapper_integration_test.cu:211  行宽 141 > 120，需人工换行处理  (规范条款 4.2)
[SKIP]  /home/gadolinite/CASHIM_HL/subsecond/raytracedicom_pybind_stage/subSecond/src/tests/wrapper_integration_test.cu:228  行宽 122 > 120，需人工换行处理  (规范条款 4.2)
[SKIP]  /home/gadolinite/CASHIM_HL/subsecond/raytracedicom_pybind_stage/subSecond/src/tests/wrapper_integration_test.cu:238  行宽 142 > 120，需人工换行处理  (规范条款 4.2)
[SKIP]  /home/gadolinite/CASHIM_HL/subsecond/raytracedicom_pybind_stage/subSecond/src/tests/wrapper_integration_test.cu:239  行宽 141 > 120，需人工换行处理  (规范条款 4.2)
[WARN]  /home/gadolinite/CASHIM_HL/subsecond/raytracedicom_pybind_stage/subSecond/src/tests/wrapper_integration_test.cu:241  疑似魔鬼数字，建议定义为具名常量 → 原行: printSampleWindow(rowData, 0, std::min(8, energy.nEnergySamples));  (规范条款 4.8.1)
[WARN]  /home/gadolinite/CASHIM_HL/subsecond/raytracedicom_pybind_stage/subSecond/src/tests/wrapper_integration_test.cu:243  疑似魔鬼数字，建议定义为具名常量 → 原行: printSampleWindow(rowData, std::max(0, peakIdx - 4), std::min(8, energy.nEnergySamples));  (规范条款 4.8.1)
[WARN]  /home/gadolinite/CASHIM_HL/subsecond/raytracedicom_pybind_stage/subSecond/src/tests/wrapper_integration_test.cu:245  疑似魔鬼数字，建议定义为具名常量 → 原行: printSampleWindow(rowData, std::max(0, energy.nEnergySamples - 8), std::min(8, energy.nEnergySamples));  (规范条款 4.8.1)
[WARN]  /home/gadolinite/CASHIM_HL/subsecond/raytracedicom_pybind_stage/subSecond/src/tests/wrapper_integration_test.cu:252  疑似魔鬼数字，建议定义为具名常量 → 原行: if (beam.profileSetting.size() < 3 || beam.profileData.empty()) return;  (规范条款 4.8.1)
[WARN]  /home/gadolinite/CASHIM_HL/subsecond/raytracedicom_pybind_stage/subSecond/src/tests/wrapper_integration_test.cu:257  疑似魔鬼数字，建议定义为具名常量 → 原行: } else if (!beam.beamParaData.empty() && (beam.beamParaData.size() % 3) == 0) {  (规范条款 4.8.1)
[WARN]  /home/gadolinite/CASHIM_HL/subsecond/raytracedicom_pybind_stage/subSecond/src/tests/wrapper_integration_test.cu:258  疑似魔鬼数字，建议定义为具名常量 → 原行: rows = static_cast<int>(beam.beamParaData.size() / 3);  (规范条款 4.8.1)
[SKIP]  /home/gadolinite/CASHIM_HL/subsecond/raytracedicom_pybind_stage/subSecond/src/tests/wrapper_integration_test.cu:277  行宽 142 > 120，需人工换行处理  (规范条款 4.2)
[SKIP]  /home/gadolinite/CASHIM_HL/subsecond/raytracedicom_pybind_stage/subSecond/src/tests/wrapper_integration_test.cu:284  行宽 147 > 120，需人工换行处理  (规范条款 4.2)
[WARN]  /home/gadolinite/CASHIM_HL/subsecond/raytracedicom_pybind_stage/subSecond/src/tests/wrapper_integration_test.cu:284  疑似魔鬼数字，建议定义为具名常量 → 原行: << (row * 3 + 0 < static_cast<int>(beam.beamParaData.size()) ? beam.beamParaData[static_cast<size_t>(row * 3 + 0)] : 0.0f) << ","  (规范条款 4.8.1)
[SKIP]  /home/gadolinite/CASHIM_HL/subsecond/raytracedicom_pybind_stage/subSecond/src/tests/wrapper_integration_test.cu:285  行宽 147 > 120，需人工换行处理  (规范条款 4.2)
[WARN]  /home/gadolinite/CASHIM_HL/subsecond/raytracedicom_pybind_stage/subSecond/src/tests/wrapper_integration_test.cu:285  疑似魔鬼数字，建议定义为具名常量 → 原行: << (row * 3 + 1 < static_cast<int>(beam.beamParaData.size()) ? beam.beamParaData[static_cast<size_t>(row * 3 + 1)] : 0.0f) << ","  (规范条款 4.8.1)
[SKIP]  /home/gadolinite/CASHIM_HL/subsecond/raytracedicom_pybind_stage/subSecond/src/tests/wrapper_integration_test.cu:286  行宽 147 > 120，需人工换行处理  (规范条款 4.2)
[WARN]  /home/gadolinite/CASHIM_HL/subsecond/raytracedicom_pybind_stage/subSecond/src/tests/wrapper_integration_test.cu:286  疑似魔鬼数字，建议定义为具名常量 → 原行: << (row * 3 + 2 < static_cast<int>(beam.beamParaData.size()) ? beam.beamParaData[static_cast<size_t>(row * 3 + 2)] : 0.0f) << ")"  (规范条款 4.8.1)
[SKIP]  /home/gadolinite/CASHIM_HL/subsecond/raytracedicom_pybind_stage/subSecond/src/tests/wrapper_integration_test.cu:289  行宽 150 > 120，需人工换行处理  (规范条款 4.2)
[WARN]  /home/gadolinite/CASHIM_HL/subsecond/raytracedicom_pybind_stage/subSecond/src/tests/wrapper_integration_test.cu:291  疑似魔鬼数字，建议定义为具名常量 → 原行: printSampleWindow(beam.profileData, static_cast<int>(base), std::min(5, nGauss));  (规范条款 4.8.1)
[WARN]  /home/gadolinite/CASHIM_HL/subsecond/raytracedicom_pybind_stage/subSecond/src/tests/wrapper_integration_test.cu:293  疑似魔鬼数字，建议定义为具名常量 → 原行: printSampleWindow(beam.profileData, static_cast<int>(base) + nGauss, std::min(5, nGauss));  (规范条款 4.8.1)
[WARN]  /home/gadolinite/CASHIM_HL/subsecond/raytracedicom_pybind_stage/subSecond/src/tests/wrapper_integration_test.cu:308  疑似魔鬼数字，建议定义为具名常量 → 原行: if (beam.waterEquivalence.size() >= 9) return beam.waterEquivalence;  (规范条款 4.8.1)
[SKIP]  /home/gadolinite/CASHIM_HL/subsecond/raytracedicom_pybind_stage/subSecond/src/tests/wrapper_integration_test.cu:328  行宽 125 > 120，需人工换行处理  (规范条款 4.2)
[SKIP]  /home/gadolinite/CASHIM_HL/subsecond/raytracedicom_pybind_stage/subSecond/src/tests/wrapper_integration_test.cu:329  行宽 133 > 120，需人工换行处理  (规范条款 4.2)
[WARN]  /home/gadolinite/CASHIM_HL/subsecond/raytracedicom_pybind_stage/subSecond/src/tests/wrapper_integration_test.cu:347  疑似魔鬼数字，建议定义为具名常量 → 原行: "spotBeamDirections must be shaped as [N][3] and match spot count");  (规范条款 4.8.1)
[SKIP]  /home/gadolinite/CASHIM_HL/subsecond/raytracedicom_pybind_stage/subSecond/src/tests/wrapper_integration_test.cu:353  行宽 127 > 120，需人工换行处理  (规范条款 4.2)
[INFO]  /home/gadolinite/CASHIM_HL/subsecond/raytracedicom_pybind_stage/subSecond/src/tests/wrapper_integration_test.cu:357  指针/引用符号空格修正（两边都无空格 → 靠左形式）  (规范条款 4.2)
[WARN]  /home/gadolinite/CASHIM_HL/subsecond/raytracedicom_pybind_stage/subSecond/src/tests/wrapper_integration_test.cu:365  疑似魔鬼数字，建议定义为具名常量 → 原行: requireOrThrow(beam.profileSetting.size() >= 3, "profileData requires profileSetting[depth0,step,n]");  (规范条款 4.8.1)
[WARN]  /home/gadolinite/CASHIM_HL/subsecond/raytracedicom_pybind_stage/subSecond/src/tests/wrapper_integration_test.cu:368  疑似魔鬼数字，建议定义为具名常量 → 原行: requireOrThrow((beam.beamParaData.size() % 3u) == 0u, "beamParaData must be shaped as [rows][3]");  (规范条款 4.8.1)
[WARN]  /home/gadolinite/CASHIM_HL/subsecond/raytracedicom_pybind_stage/subSecond/src/tests/wrapper_integration_test.cu:372  疑似魔鬼数字，建议定义为具名常量 → 原行: "spotPositionsAreIndices=true requires a 9-value WEQ header");  (规范条款 4.8.1)
[INFO]  /home/gadolinite/CASHIM_HL/subsecond/raytracedicom_pybind_stage/subSecond/src/tests/wrapper_integration_test.cu:385  指针/引用符号空格修正（两边都无空格 → 靠左形式）  (规范条款 4.2)
[WARN]  /home/gadolinite/CASHIM_HL/subsecond/raytracedicom_pybind_stage/subSecond/src/tests/wrapper_integration_test.cu:407  疑似魔鬼数字，建议定义为具名常量 → 原行: (beam.profileSetting.size() >= 3) ? std::max(0, static_cast<int>(std::lround(beam.profileSetting[2]))) : 0;  (规范条款 4.8.1)
[SKIP]  /home/gadolinite/CASHIM_HL/subsecond/raytracedicom_pybind_stage/subSecond/src/tests/wrapper_integration_test.cu:424  行宽 124 > 120，需人工换行处理  (规范条款 4.2)
[SKIP]  /home/gadolinite/CASHIM_HL/subsecond/raytracedicom_pybind_stage/subSecond/src/tests/wrapper_integration_test.cu:427  行宽 122 > 120，需人工换行处理  (规范条款 4.2)
[WARN]  /home/gadolinite/CASHIM_HL/subsecond/raytracedicom_pybind_stage/subSecond/src/tests/wrapper_integration_test.cu:453  疑似魔鬼数字，建议定义为具名常量 → 原行: << " bodyLen=" << (beam.waterEquivalence.size() >= 9 ? (beam.waterEquivalence.size() - 9u) : 0u);  (规范条款 4.8.1)
[WARN]  /home/gadolinite/CASHIM_HL/subsecond/raytracedicom_pybind_stage/subSecond/src/tests/wrapper_integration_test.cu:457  疑似魔鬼数字，建议定义为具名常量 → 原行: << weqHeader[3] << "," << weqHeader[4] << "," << weqHeader[5] << ","  (规范条款 4.8.1)
[WARN]  /home/gadolinite/CASHIM_HL/subsecond/raytracedicom_pybind_stage/subSecond/src/tests/wrapper_integration_test.cu:458  疑似魔鬼数字，建议定义为具名常量 → 原行: << weqHeader[6] << "," << weqHeader[7] << "," << weqHeader[8] << ")";  (规范条款 4.8.1)
[SKIP]  /home/gadolinite/CASHIM_HL/subsecond/raytracedicom_pybind_stage/subSecond/src/tests/wrapper_integration_test.cu:597  行宽 122 > 120，需人工换行处理  (规范条款 4.2)
[SKIP]  /home/gadolinite/CASHIM_HL/subsecond/raytracedicom_pybind_stage/subSecond/src/tests/wrapper_integration_test.cu:674  行宽 131 > 120，需人工换行处理  (规范条款 4.2)
[SKIP]  /home/gadolinite/CASHIM_HL/subsecond/raytracedicom_pybind_stage/subSecond/src/tests/wrapper_integration_test.cu:677  行宽 131 > 120，需人工换行处理  (规范条款 4.2)
[SKIP]  /home/gadolinite/CASHIM_HL/subsecond/raytracedicom_pybind_stage/subSecond/src/tests/wrapper_integration_test.cu:696  行宽 131 > 120，需人工换行处理  (规范条款 4.2)
[SKIP]  /home/gadolinite/CASHIM_HL/subsecond/raytracedicom_pybind_stage/subSecond/src/tests/wrapper_integration_test.cu:699  行宽 131 > 120，需人工换行处理  (规范条款 4.2)
[WARN]  /home/gadolinite/CASHIM_HL/subsecond/raytracedicom_pybind_stage/subSecond/src/tests/wrapper_integration_test.cu:756  含自增/自减的复合表达式，需人工将自增/自减单独放一行 → 原行: ++s.activeSlices;  (规范条款 4.8.2)
[WARN]  /home/gadolinite/CASHIM_HL/subsecond/raytracedicom_pybind_stage/subSecond/src/tests/wrapper_integration_test.cu:760  含自增/自减的复合表达式，需人工将自增/自减单独放一行 → 原行: ++s.testGreater;  (规范条款 4.8.2)
[WARN]  /home/gadolinite/CASHIM_HL/subsecond/raytracedicom_pybind_stage/subSecond/src/tests/wrapper_integration_test.cu:762  含自增/自减的复合表达式，需人工将自增/自减单独放一行 → 原行: ++s.testLess;  (规范条款 4.8.2)
[WARN]  /home/gadolinite/CASHIM_HL/subsecond/raytracedicom_pybind_stage/subSecond/src/tests/wrapper_integration_test.cu:764  含自增/自减的复合表达式，需人工将自增/自减单独放一行 → 原行: ++s.equal;  (规范条款 4.8.2)
[SKIP]  /home/gadolinite/CASHIM_HL/subsecond/raytracedicom_pybind_stage/subSecond/src/tests/wrapper_integration_test.cu:817  行宽 128 > 120，需人工换行处理  (规范条款 4.2)
[SKIP]  /home/gadolinite/CASHIM_HL/subsecond/raytracedicom_pybind_stage/subSecond/src/tests/wrapper_integration_test.cu:818  行宽 128 > 120，需人工换行处理  (规范条款 4.2)
[SKIP]  /home/gadolinite/CASHIM_HL/subsecond/raytracedicom_pybind_stage/subSecond/src/tests/wrapper_integration_test.cu:852  行宽 134 > 120，需人工换行处理  (规范条款 4.2)
[WARN]  /home/gadolinite/CASHIM_HL/subsecond/raytracedicom_pybind_stage/subSecond/src/tests/wrapper_integration_test.cu:852  疑似魔鬼数字，建议定义为具名常量 → 原行: (static_cast<double>(coords[lateralA]) + 0.5) * static_cast<double>(axisSpacing(spacing, lateralA));  (规范条款 4.8.1)
[SKIP]  /home/gadolinite/CASHIM_HL/subsecond/raytracedicom_pybind_stage/subSecond/src/tests/wrapper_integration_test.cu:854  行宽 134 > 120，需人工换行处理  (规范条款 4.2)
[WARN]  /home/gadolinite/CASHIM_HL/subsecond/raytracedicom_pybind_stage/subSecond/src/tests/wrapper_integration_test.cu:854  疑似魔鬼数字，建议定义为具名常量 → 原行: (static_cast<double>(coords[lateralB]) + 0.5) * static_cast<double>(axisSpacing(spacing, lateralB));  (规范条款 4.8.1)
[SKIP]  /home/gadolinite/CASHIM_HL/subsecond/raytracedicom_pybind_stage/subSecond/src/tests/wrapper_integration_test.cu:873  行宽 134 > 120，需人工换行处理  (规范条款 4.2)
[WARN]  /home/gadolinite/CASHIM_HL/subsecond/raytracedicom_pybind_stage/subSecond/src/tests/wrapper_integration_test.cu:873  疑似魔鬼数字，建议定义为具名常量 → 原行: (static_cast<double>(coords[lateralA]) + 0.5) * static_cast<double>(axisSpacing(spacing, lateralA));  (规范条款 4.8.1)
[SKIP]  /home/gadolinite/CASHIM_HL/subsecond/raytracedicom_pybind_stage/subSecond/src/tests/wrapper_integration_test.cu:875  行宽 134 > 120，需人工换行处理  (规范条款 4.2)
[WARN]  /home/gadolinite/CASHIM_HL/subsecond/raytracedicom_pybind_stage/subSecond/src/tests/wrapper_integration_test.cu:875  疑似魔鬼数字，建议定义为具名常量 → 原行: (static_cast<double>(coords[lateralB]) + 0.5) * static_cast<double>(axisSpacing(spacing, lateralB));  (规范条款 4.8.1)
[SKIP]  /home/gadolinite/CASHIM_HL/subsecond/raytracedicom_pybind_stage/subSecond/src/tests/wrapper_integration_test.cu:896  行宽 121 > 120，需人工换行处理  (规范条款 4.2)
[SKIP]  /home/gadolinite/CASHIM_HL/subsecond/raytracedicom_pybind_stage/subSecond/src/tests/wrapper_integration_test.cu:901  行宽 130 > 120，需人工换行处理  (规范条款 4.2)
[SKIP]  /home/gadolinite/CASHIM_HL/subsecond/raytracedicom_pybind_stage/subSecond/src/tests/wrapper_integration_test.cu:902  行宽 130 > 120，需人工换行处理  (规范条款 4.2)
[SKIP]  /home/gadolinite/CASHIM_HL/subsecond/raytracedicom_pybind_stage/subSecond/src/tests/wrapper_integration_test.cu:1066  行宽 125 > 120，需人工换行处理  (规范条款 4.2)
[SKIP]  /home/gadolinite/CASHIM_HL/subsecond/raytracedicom_pybind_stage/subSecond/src/tests/wrapper_integration_test.cu:1067  行宽 126 > 120，需人工换行处理  (规范条款 4.2)
[WARN]  /home/gadolinite/CASHIM_HL/subsecond/raytracedicom_pybind_stage/subSecond/src/tests/wrapper_integration_test.cu:1144  含自增/自减的复合表达式，需人工将自增/自减单独放一行 → 原行: if (v > threshold) s.nonZero++;  (规范条款 4.8.2)
[WARN]  /home/gadolinite/CASHIM_HL/subsecond/raytracedicom_pybind_stage/subSecond/src/tests/wrapper_integration_test.cu:1165  疑似魔鬼数字，建议定义为具名常量 → 原行: int coords[3] = {dims.x / 2, dims.y / 2, dims.z / 2};  (规范条款 4.8.1)
[SKIP]  /home/gadolinite/CASHIM_HL/subsecond/raytracedicom_pybind_stage/subSecond/src/tests/wrapper_integration_test.cu:1203  行宽 121 > 120，需人工换行处理  (规范条款 4.2)
[SKIP]  /home/gadolinite/CASHIM_HL/subsecond/raytracedicom_pybind_stage/subSecond/src/tests/wrapper_integration_test.cu:1209  行宽 124 > 120，需人工换行处理  (规范条款 4.2)
[SKIP]  /home/gadolinite/CASHIM_HL/subsecond/raytracedicom_pybind_stage/subSecond/src/tests/wrapper_integration_test.cu:1256  行宽 138 > 120，需人工换行处理  (规范条款 4.2)
[SKIP]  /home/gadolinite/CASHIM_HL/subsecond/raytracedicom_pybind_stage/subSecond/src/tests/wrapper_integration_test.cu:1257  行宽 135 > 120，需人工换行处理  (规范条款 4.2)
[SKIP]  /home/gadolinite/CASHIM_HL/subsecond/raytracedicom_pybind_stage/subSecond/src/tests/wrapper_integration_test.cu:1265  行宽 138 > 120，需人工换行处理  (规范条款 4.2)
[SKIP]  /home/gadolinite/CASHIM_HL/subsecond/raytracedicom_pybind_stage/subSecond/src/tests/wrapper_integration_test.cu:1281  行宽 122 > 120，需人工换行处理  (规范条款 4.2)
[SKIP]  /home/gadolinite/CASHIM_HL/subsecond/raytracedicom_pybind_stage/subSecond/src/tests/wrapper_integration_test.cu:1284  行宽 121 > 120，需人工换行处理  (规范条款 4.2)
[WARN]  /home/gadolinite/CASHIM_HL/subsecond/raytracedicom_pybind_stage/subSecond/src/tests/wrapper_integration_test.cu:1293  疑似魔鬼数字，建议定义为具名常量 → 原行: static const char* kSliceLabels[3] = {"proximal", "peak", "distal"};  (规范条款 4.8.1)
[SKIP]  /home/gadolinite/CASHIM_HL/subsecond/raytracedicom_pybind_stage/subSecond/src/tests/wrapper_integration_test.cu:1312  行宽 138 > 120，需人工换行处理  (规范条款 4.2)
[WARN]  /home/gadolinite/CASHIM_HL/subsecond/raytracedicom_pybind_stage/subSecond/src/tests/wrapper_integration_test.cu:1374  疑似魔鬼数字，建议定义为具名常量 → 原行: if (!std::regex_search(jsonPathValue, m, re) || m.size() != 3) {  (规范条款 4.8.1)
[WARN]  /home/gadolinite/CASHIM_HL/subsecond/raytracedicom_pybind_stage/subSecond/src/tests/wrapper_integration_test.cu:1487  疑似注释掉的代码，规范要求直接删除 → 原行: // Given a binary candidate (typically .../<case>/output/), check whether the  (规范条款 4.3)
[WARN]  /home/gadolinite/CASHIM_HL/subsecond/raytracedicom_pybind_stage/subSecond/src/tests/wrapper_integration_test.cu:1488  疑似注释掉的代码，规范要求直接删除 → 原行: // containing case directory advertises a fresher CSV fixture (typically in  (规范条款 4.3)
[WARN]  /home/gadolinite/CASHIM_HL/subsecond/raytracedicom_pybind_stage/subSecond/src/tests/wrapper_integration_test.cu:1530  疑似注释掉的代码，规范要求直接删除 → 原行: // 0.24: RTD_TEST_FIXTURE_MODE=binary|csv|auto  (规范条款 4.3)
[WARN]  /home/gadolinite/CASHIM_HL/subsecond/raytracedicom_pybind_stage/subSecond/src/tests/wrapper_integration_test.cu:1533  疑似注释掉的代码，规范要求直接删除 → 原行: //   auto (default) -> prefer CSV only when its advertised beam prefix disagrees  (规范条款 4.3)
[WARN]  /home/gadolinite/CASHIM_HL/subsecond/raytracedicom_pybind_stage/subSecond/src/tests/wrapper_integration_test.cu:1566  疑似注释掉的代码，规范要求直接删除 → 原行: // return the first usable one. This lets users bypass any stale legacy  (规范条款 4.3)
[WARN]  /home/gadolinite/CASHIM_HL/subsecond/raytracedicom_pybind_stage/subSecond/src/tests/wrapper_integration_test.cu:1567  疑似注释掉的代码，规范要求直接删除 → 原行: // binary dump (e.g., <case>/output/*.bin with a jsonPath.txt pointing to a  (规范条款 4.3)
[WARN]  /home/gadolinite/CASHIM_HL/subsecond/raytracedicom_pybind_stage/subSecond/src/tests/wrapper_integration_test.cu:1733  疑似魔鬼数字，建议定义为具名常量 → 原行: std::array<char, 4096> buffer{};  (规范条款 4.8.1)
[WARN]  /home/gadolinite/CASHIM_HL/subsecond/raytracedicom_pybind_stage/subSecond/src/tests/wrapper_integration_test.cu:1803  疑似魔鬼数字，建议定义为具名常量 → 原行: if (asFloat.size() == 3 && isPlausibleRoundedFloatVector(asFloat, 10000)) {  (规范条款 4.8.1)
[WARN]  /home/gadolinite/CASHIM_HL/subsecond/raytracedicom_pybind_stage/subSecond/src/tests/wrapper_integration_test.cu:1808  疑似魔鬼数字，建议定义为具名常量 → 原行: if (asInt.size() == 3 && isPlausibleIntVector(asInt, 10000)) {  (规范条款 4.8.1)
[WARN]  /home/gadolinite/CASHIM_HL/subsecond/raytracedicom_pybind_stage/subSecond/src/tests/wrapper_integration_test.cu:1897  疑似魔鬼数字，建议定义为具名常量 → 原行: if (std::regex_match(beamPrefix, m, re) && m.size() == 3) {  (规范条款 4.8.1)
[WARN]  /home/gadolinite/CASHIM_HL/subsecond/raytracedicom_pybind_stage/subSecond/src/tests/wrapper_integration_test.cu:1939  疑似魔鬼数字，建议定义为具名常量 → 原行: if (dims.size() != 3 || spacing.size() != 3 || corner.size() != 3 || sourcePos.size() != 3) {  (规范条款 4.8.1)
[SKIP]  /home/gadolinite/CASHIM_HL/subsecond/raytracedicom_pybind_stage/subSecond/src/tests/wrapper_integration_test.cu:2118  行宽 125 > 120，需人工换行处理  (规范条款 4.2)
[WARN]  /home/gadolinite/CASHIM_HL/subsecond/raytracedicom_pybind_stage/subSecond/src/tests/wrapper_integration_test.cu:2120  疑似魔鬼数字，建议定义为具名常量 → 原行: if (!readMetaShape(path, shape) || shape.size() != 3) {  (规范条款 4.8.1)
[WARN]  /home/gadolinite/CASHIM_HL/subsecond/raytracedicom_pybind_stage/subSecond/src/tests/wrapper_integration_test.cu:2129  疑似魔鬼数字，建议定义为具名常量 → 原行: entries.reserve(4096);  (规范条款 4.8.1)
[SKIP]  /home/gadolinite/CASHIM_HL/subsecond/raytracedicom_pybind_stage/subSecond/src/tests/wrapper_integration_test.cu:2130  同一行多个变量初始化，建议每行只有一个 → 原行: int maxISeen = -1, maxJSeen = -1, maxKSeen = -1;  (规范条款 4.2)
[WARN]  /home/gadolinite/CASHIM_HL/subsecond/raytracedicom_pybind_stage/subSecond/src/tests/wrapper_integration_test.cu:2253  疑似魔鬼数字，建议定义为具名常量 → 原行: if (std::regex_match(beamPrefix, m, re) && m.size() == 3) {  (规范条款 4.8.1)
[SKIP]  /home/gadolinite/CASHIM_HL/subsecond/raytracedicom_pybind_stage/subSecond/src/tests/wrapper_integration_test.cu:2313  行宽 122 > 120，需人工换行处理  (规范条款 4.2)
[WARN]  /home/gadolinite/CASHIM_HL/subsecond/raytracedicom_pybind_stage/subSecond/src/tests/wrapper_integration_test.cu:2320  疑似魔鬼数字，建议定义为具名常量 → 原行: if (meta.headerLen < 9) {  (规范条款 4.8.1)
[INFO]  /home/gadolinite/CASHIM_HL/subsecond/raytracedicom_pybind_stage/subSecond/src/tests/wrapper_integration_test.cu:2333  指针/引用符号空格修正（两边都无空格 → 靠左形式）  (规范条款 4.2)
[INFO]  /home/gadolinite/CASHIM_HL/subsecond/raytracedicom_pybind_stage/subSecond/src/tests/wrapper_integration_test.cu:2337  指针/引用符号空格修正（两边都无空格 → 靠左形式）  (规范条款 4.2)
[SKIP]  /home/gadolinite/CASHIM_HL/subsecond/raytracedicom_pybind_stage/subSecond/src/tests/wrapper_integration_test.cu:2340  行宽 122 > 120，需人工换行处理  (规范条款 4.2)
[WARN]  /home/gadolinite/CASHIM_HL/subsecond/raytracedicom_pybind_stage/subSecond/src/tests/wrapper_integration_test.cu:2347  疑似魔鬼数字，建议定义为具名常量 → 原行: if (meta.headerLen >= 9) {  (规范条款 4.8.1)
[WARN]  /home/gadolinite/CASHIM_HL/subsecond/raytracedicom_pybind_stage/subSecond/src/tests/wrapper_integration_test.cu:2349  疑似魔鬼数字，建议定义为具名常量 → 原行: fabsf(out[3] - meta.y0) > 1e-5f ||  (规范条款 4.8.1)
[WARN]  /home/gadolinite/CASHIM_HL/subsecond/raytracedicom_pybind_stage/subSecond/src/tests/wrapper_integration_test.cu:2350  疑似魔鬼数字，建议定义为具名常量 → 原行: fabsf(out[4] - meta.dy) > 1e-5f ||  (规范条款 4.8.1)
[WARN]  /home/gadolinite/CASHIM_HL/subsecond/raytracedicom_pybind_stage/subSecond/src/tests/wrapper_integration_test.cu:2351  疑似魔鬼数字，建议定义为具名常量 → 原行: static_cast<int>(std::lround(out[5])) != meta.ny ||  (规范条款 4.8.1)
[WARN]  /home/gadolinite/CASHIM_HL/subsecond/raytracedicom_pybind_stage/subSecond/src/tests/wrapper_integration_test.cu:2352  疑似魔鬼数字，建议定义为具名常量 → 原行: fabsf(out[6] - meta.x0) > 1e-5f ||  (规范条款 4.8.1)
[WARN]  /home/gadolinite/CASHIM_HL/subsecond/raytracedicom_pybind_stage/subSecond/src/tests/wrapper_integration_test.cu:2353  疑似魔鬼数字，建议定义为具名常量 → 原行: fabsf(out[7] - meta.dx) > 1e-5f ||  (规范条款 4.8.1)
[WARN]  /home/gadolinite/CASHIM_HL/subsecond/raytracedicom_pybind_stage/subSecond/src/tests/wrapper_integration_test.cu:2354  疑似魔鬼数字，建议定义为具名常量 → 原行: static_cast<int>(std::lround(out[8])) != meta.nx) {  (规范条款 4.8.1)
[SKIP]  /home/gadolinite/CASHIM_HL/subsecond/raytracedicom_pybind_stage/subSecond/src/tests/wrapper_integration_test.cu:2372  行宽 121 > 120，需人工换行处理  (规范条款 4.2)
[WARN]  /home/gadolinite/CASHIM_HL/subsecond/raytracedicom_pybind_stage/subSecond/src/tests/wrapper_integration_test.cu:2398  疑似魔鬼数字，建议定义为具名常量 → 原行: if (cols >= 3) {  (规范条款 4.8.1)
[SKIP]  /home/gadolinite/CASHIM_HL/subsecond/raytracedicom_pybind_stage/subSecond/src/tests/wrapper_integration_test.cu:2449  行宽 137 > 120，需人工换行处理  (规范条款 4.2)
[WARN]  /home/gadolinite/CASHIM_HL/subsecond/raytracedicom_pybind_stage/subSecond/src/tests/wrapper_integration_test.cu:2474  疑似注释掉的代码，规范要求直接删除 → 原行: // Compact CSV format (provided separately):  (规范条款 4.3)
[WARN]  /home/gadolinite/CASHIM_HL/subsecond/raytracedicom_pybind_stage/subSecond/src/tests/wrapper_integration_test.cu:2507  疑似魔鬼数字，建议定义为具名常量 → 原行: if (shape.size() != 3 || shape[2] != 5) {  (规范条款 4.8.1)
[WARN]  /home/gadolinite/CASHIM_HL/subsecond/raytracedicom_pybind_stage/subSecond/src/tests/wrapper_integration_test.cu:2508  疑似魔鬼数字，建议定义为具名常量 → 原行: throw std::runtime_error("Expected #meta,shape,(L,S,5) in subspot CSV");  (规范条款 4.8.1)
[WARN]  /home/gadolinite/CASHIM_HL/subsecond/raytracedicom_pybind_stage/subSecond/src/tests/wrapper_integration_test.cu:2554  疑似魔鬼数字，建议定义为具名常量 → 原行: subspotDataOut.assign(static_cast<size_t>(numLayers) * maxSubspotsPerLayer * 5, 0.0f);  (规范条款 4.8.1)
[SKIP]  /home/gadolinite/CASHIM_HL/subsecond/raytracedicom_pybind_stage/subSecond/src/tests/wrapper_integration_test.cu:2586  行宽 138 > 120，需人工换行处理  (规范条款 4.2)
[WARN]  /home/gadolinite/CASHIM_HL/subsecond/raytracedicom_pybind_stage/subSecond/src/tests/wrapper_integration_test.cu:2600  疑似魔鬼数字，建议定义为具名常量 → 原行: subspotDataOut[base + 3] = sx;  (规范条款 4.8.1)
[WARN]  /home/gadolinite/CASHIM_HL/subsecond/raytracedicom_pybind_stage/subSecond/src/tests/wrapper_integration_test.cu:2601  疑似魔鬼数字，建议定义为具名常量 → 原行: subspotDataOut[base + 4] = sy;  (规范条款 4.8.1)
[WARN]  /home/gadolinite/CASHIM_HL/subsecond/raytracedicom_pybind_stage/subSecond/src/tests/wrapper_integration_test.cu:2603  疑似注释掉的代码，规范要求直接删除 → 原行: // For now, set the layer sigma to the first subspot's sigma (common case: 1 subspot)  (规范条款 4.3)
[WARN]  /home/gadolinite/CASHIM_HL/subsecond/raytracedicom_pybind_stage/subSecond/src/tests/wrapper_integration_test.cu:2618  疑似魔鬼数字，建议定义为具名常量 → 原行: if (!readMetaShape(path, shape) || shape.size() != 3 || shape[2] != 5) {  (规范条款 4.8.1)
[WARN]  /home/gadolinite/CASHIM_HL/subsecond/raytracedicom_pybind_stage/subSecond/src/tests/wrapper_integration_test.cu:2619  疑似魔鬼数字，建议定义为具名常量 → 原行: throw std::runtime_error("subspot_data CSV missing/invalid #meta,shape,(L,S,5): " + path);  (规范条款 4.8.1)
[SKIP]  /home/gadolinite/CASHIM_HL/subsecond/raytracedicom_pybind_stage/subSecond/src/tests/wrapper_integration_test.cu:2649  行宽 126 > 120，需人工换行处理  (规范条款 4.2)
[WARN]  /home/gadolinite/CASHIM_HL/subsecond/raytracedicom_pybind_stage/subSecond/src/tests/wrapper_integration_test.cu:2649  疑似魔鬼数字，建议定义为具名常量 → 原行: if (layer < 0 || layer >= numLayers || subspot < 0 || subspot >= maxSubspotsPerLayer || channel < 0 || channel >= 5) {  (规范条款 4.8.1)
[SKIP]  /home/gadolinite/CASHIM_HL/subsecond/raytracedicom_pybind_stage/subSecond/src/tests/wrapper_integration_test.cu:2659  行宽 121 > 120，需人工换行处理  (规范条款 4.2)
[SKIP]  /home/gadolinite/CASHIM_HL/subsecond/raytracedicom_pybind_stage/subSecond/src/tests/wrapper_integration_test.cu:2661  行宽 124 > 120，需人工换行处理  (规范条款 4.2)
[WARN]  /home/gadolinite/CASHIM_HL/subsecond/raytracedicom_pybind_stage/subSecond/src/tests/wrapper_integration_test.cu:2661  疑似魔鬼数字，建议定义为具名常量 → 原行: spotSigmasOut[static_cast<size_t>(layer)] = make_float2(subspotDataOut[base + 3], subspotDataOut[base + 4]);  (规范条款 4.8.1)
[WARN]  /home/gadolinite/CASHIM_HL/subsecond/raytracedicom_pybind_stage/subSecond/src/tests/wrapper_integration_test.cu:2773  疑似魔鬼数字，建议定义为具名常量 → 原行: outSubspotData.assign(static_cast<size_t>(actualLayerEnergies.size()) * maxSubspotsPerLayer * 5, 0.0f);  (规范条款 4.8.1)
[WARN]  /home/gadolinite/CASHIM_HL/subsecond/raytracedicom_pybind_stage/subSecond/src/tests/wrapper_integration_test.cu:2790  疑似魔鬼数字，建议定义为具名常量 → 原行: outSubspotData[(static_cast<size_t>(layer) * maxSubspotsPerLayer + s) * 5 + c] =  (规范条款 4.8.1)
[SKIP]  /home/gadolinite/CASHIM_HL/subsecond/raytracedicom_pybind_stage/subSecond/src/tests/wrapper_integration_test.cu:2814  行宽 121 > 120，需人工换行处理  (规范条款 4.2)
[WARN]  /home/gadolinite/CASHIM_HL/subsecond/raytracedicom_pybind_stage/subSecond/src/tests/wrapper_integration_test.cu:2815  疑似魔鬼数字，建议定义为具名常量 → 原行: if (base + 4 >= subspotData.size()) {  (规范条款 4.8.1)
[WARN]  /home/gadolinite/CASHIM_HL/subsecond/raytracedicom_pybind_stage/subSecond/src/tests/wrapper_integration_test.cu:2819  疑似魔鬼数字，建议定义为具名常量 → 原行: out[static_cast<size_t>(layer)] = make_float2(subspotData[base + 3], subspotData[base + 4]);  (规范条款 4.8.1)
[SKIP]  /home/gadolinite/CASHIM_HL/subsecond/raytracedicom_pybind_stage/subSecond/src/tests/wrapper_integration_test.cu:2827  行宽 139 > 120，需人工换行处理  (规范条款 4.2)
[WARN]  /home/gadolinite/CASHIM_HL/subsecond/raytracedicom_pybind_stage/subSecond/src/tests/wrapper_integration_test.cu:2847  疑似注释掉的代码，规范要求直接删除 → 原行: // Beam geometry (CarbonPBS style)  (规范条款 4.3)
[WARN]  /home/gadolinite/CASHIM_HL/subsecond/raytracedicom_pybind_stage/subSecond/src/tests/wrapper_integration_test.cu:2850  疑似魔鬼数字，建议定义为具名常量 → 原行: if (src.size() != 3) throw std::runtime_error("source_pos must have 3 values");  (规范条款 4.8.1)
[WARN]  /home/gadolinite/CASHIM_HL/subsecond/raytracedicom_pybind_stage/subSecond/src/tests/wrapper_integration_test.cu:2863  疑似魔鬼数字，建议定义为具名常量 → 原行: if (xdir.size() != 3 || ydir.size() != 3) throw std::runtime_error("beam_xdir/beam_ydir must have 3 values");  (规范条款 4.8.1)
[WARN]  /home/gadolinite/CASHIM_HL/subsecond/raytracedicom_pybind_stage/subSecond/src/tests/wrapper_integration_test.cu:2868  疑似注释掉的代码，规范要求直接删除 → 原行: // beam_dir is exported as a flattened array (N*3). We use the mean direction.  (规范条款 4.3)
[WARN]  /home/gadolinite/CASHIM_HL/subsecond/raytracedicom_pybind_stage/subSecond/src/tests/wrapper_integration_test.cu:2871  疑似魔鬼数字，建议定义为具名常量 → 原行: if (dirFlat.size() < 3 || (dirFlat.size() % 3) != 0) {  (规范条款 4.8.1)
[SKIP]  /home/gadolinite/CASHIM_HL/subsecond/raytracedicom_pybind_stage/subSecond/src/tests/wrapper_integration_test.cu:2874  同一行多个变量初始化，建议每行只有一个 → 原行: double sx = 0.0, sy = 0.0, sz = 0.0;  (规范条款 4.2)
[WARN]  /home/gadolinite/CASHIM_HL/subsecond/raytracedicom_pybind_stage/subSecond/src/tests/wrapper_integration_test.cu:2877  疑似魔鬼数字，建议定义为具名常量 → 原行: sx += dirFlat[i * 3 + 0];  (规范条款 4.8.1)
[WARN]  /home/gadolinite/CASHIM_HL/subsecond/raytracedicom_pybind_stage/subSecond/src/tests/wrapper_integration_test.cu:2878  疑似魔鬼数字，建议定义为具名常量 → 原行: sy += dirFlat[i * 3 + 1];  (规范条款 4.8.1)
[WARN]  /home/gadolinite/CASHIM_HL/subsecond/raytracedicom_pybind_stage/subSecond/src/tests/wrapper_integration_test.cu:2879  疑似魔鬼数字，建议定义为具名常量 → 原行: sz += dirFlat[i * 3 + 2];  (规范条款 4.8.1)
[WARN]  /home/gadolinite/CASHIM_HL/subsecond/raytracedicom_pybind_stage/subSecond/src/tests/wrapper_integration_test.cu:2899  疑似魔鬼数字，建议定义为具名常量 → 原行: if (beam.waterEquivalence.size() >= 9) {  (规范条款 4.8.1)
[WARN]  /home/gadolinite/CASHIM_HL/subsecond/raytracedicom_pybind_stage/subSecond/src/tests/wrapper_integration_test.cu:2900  疑似魔鬼数字，建议定义为具名常量 → 原行: beam.rayWeqHeader.assign(beam.waterEquivalence.begin(), beam.waterEquivalence.begin() + 9);  (规范条款 4.8.1)
[WARN]  /home/gadolinite/CASHIM_HL/subsecond/raytracedicom_pybind_stage/subSecond/src/tests/wrapper_integration_test.cu:2902  疑似魔鬼数字，建议定义为具名常量 → 原行: if (beam.waterEquivalence.size() < 9) {  (规范条款 4.8.1)
[WARN]  /home/gadolinite/CASHIM_HL/subsecond/raytracedicom_pybind_stage/subSecond/src/tests/wrapper_integration_test.cu:2903  疑似魔鬼数字，建议定义为具名常量 → 原行: throw std::runtime_error("water_equivalence header must provide at least 9 values");  (规范条款 4.8.1)
[SKIP]  /home/gadolinite/CASHIM_HL/subsecond/raytracedicom_pybind_stage/subSecond/src/tests/wrapper_integration_test.cu:2923  同一行多个变量初始化，建议每行只有一个 → 原行: int pd0 = 0, pd1 = 0, pd2 = 0;  (规范条款 4.2)
[WARN]  /home/gadolinite/CASHIM_HL/subsecond/raytracedicom_pybind_stage/subSecond/src/tests/wrapper_integration_test.cu:2925  疑似魔鬼数字，建议定义为具名常量 → 原行: if (profileSliceExport && beam.profileSetting.size() >= 3 && pd1 > 0) {  (规范条款 4.8.1)
[SKIP]  /home/gadolinite/CASHIM_HL/subsecond/raytracedicom_pybind_stage/subSecond/src/tests/wrapper_integration_test.cu:2945  行宽 160 > 120，需人工换行处理  (规范条款 4.2)
[SKIP]  /home/gadolinite/CASHIM_HL/subsecond/raytracedicom_pybind_stage/subSecond/src/tests/wrapper_integration_test.cu:2957  行宽 121 > 120，需人工换行处理  (规范条款 4.2)
[SKIP]  /home/gadolinite/CASHIM_HL/subsecond/raytracedicom_pybind_stage/subSecond/src/tests/wrapper_integration_test.cu:2974  行宽 152 > 120，需人工换行处理  (规范条款 4.2)
[SKIP]  /home/gadolinite/CASHIM_HL/subsecond/raytracedicom_pybind_stage/subSecond/src/tests/wrapper_integration_test.cu:3003  行宽 139 > 120，需人工换行处理  (规范条款 4.2)
[WARN]  /home/gadolinite/CASHIM_HL/subsecond/raytracedicom_pybind_stage/subSecond/src/tests/wrapper_integration_test.cu:3023  疑似魔鬼数字，建议定义为具名常量 → 原行: beam.raySpacing = make_float2(beam.waterEquivalence[7], beam.waterEquivalence[4]);  (规范条款 4.8.1)
[WARN]  /home/gadolinite/CASHIM_HL/subsecond/raytracedicom_pybind_stage/subSecond/src/tests/wrapper_integration_test.cu:3024  疑似注释掉的代码，规范要求直接删除 → 原行: // spotDelta is physical PB spacing, NOT CPB/WEQ spacing. Leave at (0,0,0);  (规范条款 4.3)
[WARN]  /home/gadolinite/CASHIM_HL/subsecond/raytracedicom_pybind_stage/subSecond/src/tests/wrapper_integration_test.cu:3025  疑似注释掉的代码，规范要求直接删除 → 原行: // the wrapper infers it via buildPhysicalPBLatticeView().  (规范条款 4.3)
[WARN]  /home/gadolinite/CASHIM_HL/subsecond/raytracedicom_pybind_stage/subSecond/src/tests/wrapper_integration_test.cu:3073  疑似魔鬼数字，建议定义为具名常量 → 原行: if (totalVoxels > 0 && beam.roiLinearIndices.size() < std::max<size_t>(1024, totalVoxels / 200)) {  (规范条款 4.8.1)
[WARN]  /home/gadolinite/CASHIM_HL/subsecond/raytracedicom_pybind_stage/subSecond/src/tests/wrapper_integration_test.cu:3119  疑似魔鬼数字，建议定义为具名常量 → 原行: if (src.size() != 3) throw std::runtime_error("source_pos.bin must contain 3 float32 values");  (规范条款 4.8.1)
[WARN]  /home/gadolinite/CASHIM_HL/subsecond/raytracedicom_pybind_stage/subSecond/src/tests/wrapper_integration_test.cu:3127  疑似魔鬼数字，建议定义为具名常量 → 原行: if (xdir.size() != 3 || ydir.size() != 3) {  (规范条款 4.8.1)
[WARN]  /home/gadolinite/CASHIM_HL/subsecond/raytracedicom_pybind_stage/subSecond/src/tests/wrapper_integration_test.cu:3128  疑似魔鬼数字，建议定义为具名常量 → 原行: throw std::runtime_error("beam_xdir.bin/beam_ydir.bin must contain 3 float32 values");  (规范条款 4.8.1)
[WARN]  /home/gadolinite/CASHIM_HL/subsecond/raytracedicom_pybind_stage/subSecond/src/tests/wrapper_integration_test.cu:3135  疑似魔鬼数字，建议定义为具名常量 → 原行: if (beam.spotBeamDirections.size() < 3 || (beam.spotBeamDirections.size() % 3) != 0) {  (规范条款 4.8.1)
[WARN]  /home/gadolinite/CASHIM_HL/subsecond/raytracedicom_pybind_stage/subSecond/src/tests/wrapper_integration_test.cu:3144  疑似魔鬼数字，建议定义为具名常量 → 原行: sx += beam.spotBeamDirections[i * 3 + 0];  (规范条款 4.8.1)
[WARN]  /home/gadolinite/CASHIM_HL/subsecond/raytracedicom_pybind_stage/subSecond/src/tests/wrapper_integration_test.cu:3145  疑似魔鬼数字，建议定义为具名常量 → 原行: sy += beam.spotBeamDirections[i * 3 + 1];  (规范条款 4.8.1)
[WARN]  /home/gadolinite/CASHIM_HL/subsecond/raytracedicom_pybind_stage/subSecond/src/tests/wrapper_integration_test.cu:3146  疑似魔鬼数字，建议定义为具名常量 → 原行: sz += beam.spotBeamDirections[i * 3 + 2];  (规范条款 4.8.1)
[WARN]  /home/gadolinite/CASHIM_HL/subsecond/raytracedicom_pybind_stage/subSecond/src/tests/wrapper_integration_test.cu:3164  疑似魔鬼数字，建议定义为具名常量 → 原行: if (beam.waterEquivalence.size() < 9) {  (规范条款 4.8.1)
[WARN]  /home/gadolinite/CASHIM_HL/subsecond/raytracedicom_pybind_stage/subSecond/src/tests/wrapper_integration_test.cu:3165  疑似魔鬼数字，建议定义为具名常量 → 原行: throw std::runtime_error("water_equivalence.bin must include the 9-value CarbonPBS header");  (规范条款 4.8.1)
[WARN]  /home/gadolinite/CASHIM_HL/subsecond/raytracedicom_pybind_stage/subSecond/src/tests/wrapper_integration_test.cu:3167  疑似魔鬼数字，建议定义为具名常量 → 原行: beam.rayWeqHeader.assign(beam.waterEquivalence.begin(), beam.waterEquivalence.begin() + 9);  (规范条款 4.8.1)
[SKIP]  /home/gadolinite/CASHIM_HL/subsecond/raytracedicom_pybind_stage/subSecond/src/tests/wrapper_integration_test.cu:3201  行宽 125 > 120，需人工换行处理  (规范条款 4.2)
[SKIP]  /home/gadolinite/CASHIM_HL/subsecond/raytracedicom_pybind_stage/subSecond/src/tests/wrapper_integration_test.cu:3211  行宽 126 > 120，需人工换行处理  (规范条款 4.2)
[WARN]  /home/gadolinite/CASHIM_HL/subsecond/raytracedicom_pybind_stage/subSecond/src/tests/wrapper_integration_test.cu:3242  疑似魔鬼数字，建议定义为具名常量 → 原行: beam.raySpacing = make_float2(beam.waterEquivalence[7], beam.waterEquivalence[4]);  (规范条款 4.8.1)
[WARN]  /home/gadolinite/CASHIM_HL/subsecond/raytracedicom_pybind_stage/subSecond/src/tests/wrapper_integration_test.cu:3243  疑似注释掉的代码，规范要求直接删除 → 原行: // spotDelta is physical PB spacing, NOT CPB/WEQ spacing. Leave at (0,0,0);  (规范条款 4.3)
[WARN]  /home/gadolinite/CASHIM_HL/subsecond/raytracedicom_pybind_stage/subSecond/src/tests/wrapper_integration_test.cu:3244  疑似注释掉的代码，规范要求直接删除 → 原行: // the wrapper infers it via buildPhysicalPBLatticeView().  (规范条款 4.3)
[WARN]  /home/gadolinite/CASHIM_HL/subsecond/raytracedicom_pybind_stage/subSecond/src/tests/wrapper_integration_test.cu:3253  疑似魔鬼数字，建议定义为具名常量 → 原行: if (dims.size() == 3) {  (规范条款 4.8.1)
[WARN]  /home/gadolinite/CASHIM_HL/subsecond/raytracedicom_pybind_stage/subSecond/src/tests/wrapper_integration_test.cu:3294  疑似魔鬼数字，建议定义为具名常量 → 原行: if (iddSetting.size() < 3) {  (规范条款 4.8.1)
[WARN]  /home/gadolinite/CASHIM_HL/subsecond/raytracedicom_pybind_stage/subSecond/src/tests/wrapper_integration_test.cu:3295  疑似魔鬼数字，建议定义为具名常量 → 原行: throw std::runtime_error("idd_setting must have 3 values");  (规范条款 4.8.1)
[SKIP]  /home/gadolinite/CASHIM_HL/subsecond/raytracedicom_pybind_stage/subSecond/src/tests/wrapper_integration_test.cu:3300  同一行多个变量初始化，建议每行只有一个 → 原行: int rows = 0, cols = 0;  (规范条款 4.2)
[SKIP]  /home/gadolinite/CASHIM_HL/subsecond/raytracedicom_pybind_stage/subSecond/src/tests/wrapper_integration_test.cu:3304  行宽 121 > 120，需人工换行处理  (规范条款 4.2)
[SKIP]  /home/gadolinite/CASHIM_HL/subsecond/raytracedicom_pybind_stage/subSecond/src/tests/wrapper_integration_test.cu:3325  行宽 123 > 120，需人工换行处理  (规范条款 4.2)
[WARN]  /home/gadolinite/CASHIM_HL/subsecond/raytracedicom_pybind_stage/subSecond/src/tests/wrapper_integration_test.cu:3327  疑似魔鬼数字，建议定义为具名常量 → 原行: if (!iddSliceExport && stepRaw > 0.0f && stepRaw < 1.0f && observedDepthSpanRaw < 20.0f) {  (规范条款 4.8.1)
[SKIP]  /home/gadolinite/CASHIM_HL/subsecond/raytracedicom_pybind_stage/subSecond/src/tests/wrapper_integration_test.cu:3329  行宽 122 > 120，需人工换行处理  (规范条款 4.2)
[WARN]  /home/gadolinite/CASHIM_HL/subsecond/raytracedicom_pybind_stage/subSecond/src/tests/wrapper_integration_test.cu:3329  疑似魔鬼数字，建议定义为具名常量 → 原行: } else if (!iddSliceExport && maxEnergy >= 250.0f && observedDepthSpanRaw > 20.0f && observedDepthSpanRaw <= 100.0f) {  (规范条款 4.8.1)
[WARN]  /home/gadolinite/CASHIM_HL/subsecond/raytracedicom_pybind_stage/subSecond/src/tests/wrapper_integration_test.cu:3342  疑似注释掉的代码，规范要求直接删除 → 原行: // scaleFacts convert WEPL(mm) -> sample index. If table spacing is 'step' mm, scale=1/step.  (规范条款 4.3)
[WARN]  /home/gadolinite/CASHIM_HL/subsecond/raytracedicom_pybind_stage/subSecond/src/tests/wrapper_integration_test.cu:3345  疑似注释掉的代码，规范要求直接删除 → 原行: // Convert differential IDD -> cumulative integral IDD (CIDD).  (规范条款 4.3)
[WARN]  /home/gadolinite/CASHIM_HL/subsecond/raytracedicom_pybind_stage/subSecond/src/tests/wrapper_integration_test.cu:3355  疑似注释掉的代码，规范要求直接删除 → 原行: // Tissue LUTs (density / stopping power / radiation length) from reference tables  (规范条款 4.3)
[SKIP]  /home/gadolinite/CASHIM_HL/subsecond/raytracedicom_pybind_stage/subSecond/src/tests/wrapper_integration_test.cu:3371  行宽 131 > 120，需人工换行处理  (规范条款 4.2)
[WARN]  /home/gadolinite/CASHIM_HL/subsecond/raytracedicom_pybind_stage/subSecond/src/tests/wrapper_integration_test.cu:3404  疑似魔鬼数字，建议定义为具名常量 → 原行: if (iddSetting.size() < 3) {  (规范条款 4.8.1)
[WARN]  /home/gadolinite/CASHIM_HL/subsecond/raytracedicom_pybind_stage/subSecond/src/tests/wrapper_integration_test.cu:3429  疑似魔鬼数字，建议定义为具名常量 → 原行: if (!compactedDepthAxis && stepRaw > 0.0f && stepRaw < 1.0f && observedDepthSpanRaw < 20.0f) {  (规范条款 4.8.1)
[SKIP]  /home/gadolinite/CASHIM_HL/subsecond/raytracedicom_pybind_stage/subSecond/src/tests/wrapper_integration_test.cu:3431  行宽 126 > 120，需人工换行处理  (规范条款 4.2)
[WARN]  /home/gadolinite/CASHIM_HL/subsecond/raytracedicom_pybind_stage/subSecond/src/tests/wrapper_integration_test.cu:3431  疑似魔鬼数字，建议定义为具名常量 → 原行: } else if (!compactedDepthAxis && maxEnergy >= 250.0f && observedDepthSpanRaw > 20.0f && observedDepthSpanRaw <= 100.0f) {  (规范条款 4.8.1)
[WARN]  /home/gadolinite/CASHIM_HL/subsecond/raytracedicom_pybind_stage/subSecond/src/tests/wrapper_integration_test.cu:3487  疑似魔鬼数字，建议定义为具名常量 → 原行: std::default_random_engine generator(42);  (规范条款 4.8.1)
[INFO]  /home/gadolinite/CASHIM_HL/subsecond/raytracedicom_pybind_stage/subSecond/src/tests/wrapper_integration_test.cu:3488  行尾空白字符已删除  (规范条款 4.2)
[WARN]  /home/gadolinite/CASHIM_HL/subsecond/raytracedicom_pybind_stage/subSecond/src/tests/wrapper_integration_test.cu:3489  疑似注释掉的代码，规范要求直接删除 → 原行: // Generate HU values (HU+1000 format for RayTracedicom)  (规范条款 4.3)
[WARN]  /home/gadolinite/CASHIM_HL/subsecond/raytracedicom_pybind_stage/subSecond/src/tests/wrapper_integration_test.cu:3490  疑似注释掉的代码，规范要求直接删除 → 原行: // HU values: -1000 (air) to 3000 (bone)  (规范条款 4.3)
[WARN]  /home/gadolinite/CASHIM_HL/subsecond/raytracedicom_pybind_stage/subSecond/src/tests/wrapper_integration_test.cu:3491  疑似注释掉的代码，规范要求直接删除 → 原行: // HU+1000: 0 (air) to 4000 (bone)  (规范条款 4.3)
[WARN]  /home/gadolinite/CASHIM_HL/subsecond/raytracedicom_pybind_stage/subSecond/src/tests/wrapper_integration_test.cu:3492  疑似注释掉的代码，规范要求直接删除 → 原行: // We'll use mostly water-like tissue (HU ~ 0, so HU+1000 ~ 1000)  (规范条款 4.3)
[WARN]  /home/gadolinite/CASHIM_HL/subsecond/raytracedicom_pybind_stage/subSecond/src/tests/wrapper_integration_test.cu:3493  疑似魔鬼数字，建议定义为具名常量 → 原行: std::uniform_real_distribution<float> huDist(800.0f, 1200.0f); // Water-like tissue (HU ~ 0, HU+1000 ~ 1000)  (规范条款 4.8.1)
[INFO]  /home/gadolinite/CASHIM_HL/subsecond/raytracedicom_pybind_stage/subSecond/src/tests/wrapper_integration_test.cu:3494  行尾空白字符已删除  (规范条款 4.2)
[WARN]  /home/gadolinite/CASHIM_HL/subsecond/raytracedicom_pybind_stage/subSecond/src/tests/wrapper_integration_test.cu:3499  疑似魔鬼数字，建议定义为具名常量 → 原行: int radius = std::min({dims.x, dims.y, dims.z}) / 3;  (规范条款 4.8.1)
[INFO]  /home/gadolinite/CASHIM_HL/subsecond/raytracedicom_pybind_stage/subSecond/src/tests/wrapper_integration_test.cu:3500  行尾空白字符已删除  (规范条款 4.2)
[INFO]  /home/gadolinite/CASHIM_HL/subsecond/raytracedicom_pybind_stage/subSecond/src/tests/wrapper_integration_test.cu:3505  行尾空白字符已删除  (规范条款 4.2)
[INFO]  /home/gadolinite/CASHIM_HL/subsecond/raytracedicom_pybind_stage/subSecond/src/tests/wrapper_integration_test.cu:3510  指针/引用符号空格修正（两边都无空格 → 靠左形式）  (规范条款 4.2)
[INFO]  /home/gadolinite/CASHIM_HL/subsecond/raytracedicom_pybind_stage/subSecond/src/tests/wrapper_integration_test.cu:3511  行尾空白字符已删除  (规范条款 4.2)
[WARN]  /home/gadolinite/CASHIM_HL/subsecond/raytracedicom_pybind_stage/subSecond/src/tests/wrapper_integration_test.cu:3513  疑似注释掉的代码，规范要求直接删除 → 原行: // Inside phantom: tissue (HU+1000 ~ 1000)  (规范条款 4.3)
[WARN]  /home/gadolinite/CASHIM_HL/subsecond/raytracedicom_pybind_stage/subSecond/src/tests/wrapper_integration_test.cu:3516  疑似注释掉的代码，规范要求直接删除 → 原行: // Outside phantom: air (HU+1000 ~ 0)  (规范条款 4.3)
[WARN]  /home/gadolinite/CASHIM_HL/subsecond/raytracedicom_pybind_stage/subSecond/src/tests/wrapper_integration_test.cu:3517  疑似魔鬼数字，建议定义为具名常量 → 原行: data[idx] = 50.0f + huDist(generator) * 0.1f; // Small value for air  (规范条款 4.8.1)
[INFO]  /home/gadolinite/CASHIM_HL/subsecond/raytracedicom_pybind_stage/subSecond/src/tests/wrapper_integration_test.cu:3522  行尾空白字符已删除  (规范条款 4.2)
[WARN]  /home/gadolinite/CASHIM_HL/subsecond/raytracedicom_pybind_stage/subSecond/src/tests/wrapper_integration_test.cu:3532  疑似魔鬼数字，建议定义为具名常量 → 原行: std::default_random_engine generator(42);  (规范条款 4.8.1)
[INFO]  /home/gadolinite/CASHIM_HL/subsecond/raytracedicom_pybind_stage/subSecond/src/tests/wrapper_integration_test.cu:3533  行尾空白字符已删除  (规范条款 4.2)
[WARN]  /home/gadolinite/CASHIM_HL/subsecond/raytracedicom_pybind_stage/subSecond/src/tests/wrapper_integration_test.cu:3534  疑似注释掉的代码，规范要求直接删除 → 原行: // Generate HU values (HU+1000 format for RayTracedicom)  (规范条款 4.3)
[WARN]  /home/gadolinite/CASHIM_HL/subsecond/raytracedicom_pybind_stage/subSecond/src/tests/wrapper_integration_test.cu:3535  疑似注释掉的代码，规范要求直接删除 → 原行: // Water HU = 0, so HU+1000 = 1000  (规范条款 4.3)
[INFO]  /home/gadolinite/CASHIM_HL/subsecond/raytracedicom_pybind_stage/subSecond/src/tests/wrapper_integration_test.cu:3537  行尾空白字符已删除  (规范条款 4.2)
[INFO]  /home/gadolinite/CASHIM_HL/subsecond/raytracedicom_pybind_stage/subSecond/src/tests/wrapper_integration_test.cu:3541  行尾空白字符已删除  (规范条款 4.2)
[INFO]  /home/gadolinite/CASHIM_HL/subsecond/raytracedicom_pybind_stage/subSecond/src/tests/wrapper_integration_test.cu:3550  行尾空白字符已删除  (规范条款 4.2)
[WARN]  /home/gadolinite/CASHIM_HL/subsecond/raytracedicom_pybind_stage/subSecond/src/tests/wrapper_integration_test.cu:3566  疑似注释掉的代码，规范要求直接删除 → 原行: // Both verified to use identical raytracedicom algorithm (see VERIFICATION_REPORT.md)  (规范条款 4.3)
[WARN]  /home/gadolinite/CASHIM_HL/subsecond/raytracedicom_pybind_stage/subSecond/src/tests/wrapper_integration_test.cu:3568  疑似注释掉的代码，规范要求直接删除 → 原行: // Option 1: Water phantom (to see Bragg peaks at full depth)  (规范条款 4.3)
[WARN]  /home/gadolinite/CASHIM_HL/subsecond/raytracedicom_pybind_stage/subSecond/src/tests/wrapper_integration_test.cu:3569  疑似注释掉的代码，规范要求直接删除 → 原行: // return createTestCTDataWaterPhantom(dims);  (规范条款 4.3)
[INFO]  /home/gadolinite/CASHIM_HL/subsecond/raytracedicom_pybind_stage/subSecond/src/tests/wrapper_integration_test.cu:3570  行尾空白字符已删除  (规范条款 4.2)
[WARN]  /home/gadolinite/CASHIM_HL/subsecond/raytracedicom_pybind_stage/subSecond/src/tests/wrapper_integration_test.cu:3571  疑似注释掉的代码，规范要求直接删除 → 原行: // Option 2: Spherical phantom (ORIGINAL for 32mm test)  (规范条款 4.3)
[INFO]  /home/gadolinite/CASHIM_HL/subsecond/raytracedicom_pybind_stage/subSecond/src/tests/wrapper_integration_test.cu:3577  行尾空白字符已删除  (规范条款 4.2)
[INFO]  /home/gadolinite/CASHIM_HL/subsecond/raytracedicom_pybind_stage/subSecond/src/tests/wrapper_integration_test.cu:3580  行尾空白字符已删除  (规范条款 4.2)
[INFO]  /home/gadolinite/CASHIM_HL/subsecond/raytracedicom_pybind_stage/subSecond/src/tests/wrapper_integration_test.cu:3583  行尾空白字符已删除  (规范条款 4.2)
[INFO]  /home/gadolinite/CASHIM_HL/subsecond/raytracedicom_pybind_stage/subSecond/src/tests/wrapper_integration_test.cu:3586  行尾空白字符已删除  (规范条款 4.2)
[WARN]  /home/gadolinite/CASHIM_HL/subsecond/raytracedicom_pybind_stage/subSecond/src/tests/wrapper_integration_test.cu:3588  疑似魔鬼数字，建议定义为具名常量 → 原行: beam.steps = 256;  (规范条款 4.8.1)
[INFO]  /home/gadolinite/CASHIM_HL/subsecond/raytracedicom_pybind_stage/subSecond/src/tests/wrapper_integration_test.cu:3589  行尾空白字符已删除  (规范条款 4.2)
[INFO]  /home/gadolinite/CASHIM_HL/subsecond/raytracedicom_pybind_stage/subSecond/src/tests/wrapper_integration_test.cu:3592  行尾空白字符已删除  (规范条款 4.2)
[INFO]  /home/gadolinite/CASHIM_HL/subsecond/raytracedicom_pybind_stage/subSecond/src/tests/wrapper_integration_test.cu:3596  行尾空白字符已删除  (规范条款 4.2)
[WARN]  /home/gadolinite/CASHIM_HL/subsecond/raytracedicom_pybind_stage/subSecond/src/tests/wrapper_integration_test.cu:3598  疑似注释掉的代码，规范要求直接删除 → 原行: // CarbonPBS-compatible subspotData (required by the wrapper)  (规范条款 4.3)
[WARN]  /home/gadolinite/CASHIM_HL/subsecond/raytracedicom_pybind_stage/subSecond/src/tests/wrapper_integration_test.cu:3607  疑似注释掉的代码，规范要求直接删除 → 原行: // Simple ring sampling around the spot center (synthetic test only)  (规范条款 4.3)
[SKIP]  /home/gadolinite/CASHIM_HL/subsecond/raytracedicom_pybind_stage/subSecond/src/tests/wrapper_integration_test.cu:3608  行宽 136 > 120，需人工换行处理  (规范条款 4.2)
[WARN]  /home/gadolinite/CASHIM_HL/subsecond/raytracedicom_pybind_stage/subSecond/src/tests/wrapper_integration_test.cu:3611  疑似魔鬼数字，建议定义为具名常量 → 原行: beam.subspotData[base + 1] = r * sinf(ang) + 3.0f *l;            // deltaY  (规范条款 4.8.1)
[WARN]  /home/gadolinite/CASHIM_HL/subsecond/raytracedicom_pybind_stage/subSecond/src/tests/wrapper_integration_test.cu:3613  疑似魔鬼数字，建议定义为具名常量 → 原行: beam.subspotData[base + 3] = sxy.x;                    // sigmaX  (规范条款 4.8.1)
[WARN]  /home/gadolinite/CASHIM_HL/subsecond/raytracedicom_pybind_stage/subSecond/src/tests/wrapper_integration_test.cu:3614  疑似魔鬼数字，建议定义为具名常量 → 原行: beam.subspotData[base + 4] = sxy.y;                    // sigmaY  (规范条款 4.8.1)
[WARN]  /home/gadolinite/CASHIM_HL/subsecond/raytracedicom_pybind_stage/subSecond/src/tests/wrapper_integration_test.cu:3619  疑似注释掉的代码，规范要求直接删除 → 原行: // Beam geometry (synthetic identity gantry geometry for this test)  (规范条款 4.3)
[WARN]  /home/gadolinite/CASHIM_HL/subsecond/raytracedicom_pybind_stage/subSecond/src/tests/wrapper_integration_test.cu:3628  疑似注释掉的代码，规范要求直接删除 → 原行: // Transform matrices (identity for now)  (规范条款 4.3)
[INFO]  /home/gadolinite/CASHIM_HL/subsecond/raytracedicom_pybind_stage/subSecond/src/tests/wrapper_integration_test.cu:3633  行尾空白字符已删除  (规范条款 4.2)
[WARN]  /home/gadolinite/CASHIM_HL/subsecond/raytracedicom_pybind_stage/subSecond/src/tests/wrapper_integration_test.cu:3640  疑似魔鬼数字，建议定义为具名常量 → 原行: energy.nEnergySamples = 50;   // Number of depth samples per energy (texture width)  (规范条款 4.8.1)
[WARN]  /home/gadolinite/CASHIM_HL/subsecond/raytracedicom_pybind_stage/subSecond/src/tests/wrapper_integration_test.cu:3641  疑似魔鬼数字，建议定义为具名常量 → 原行: energy.nEnergies      = 3;    // Number of discrete energies (texture height)  (规范条款 4.8.1)
[WARN]  /home/gadolinite/CASHIM_HL/subsecond/raytracedicom_pybind_stage/subSecond/src/tests/wrapper_integration_test.cu:3644  疑似注释掉的代码，规范要求直接删除 → 原行: // The wrapper assumes energiesPerU is monotonic (ascending or descending) for interpolation.  (规范条款 4.3)
[WARN]  /home/gadolinite/CASHIM_HL/subsecond/raytracedicom_pybind_stage/subSecond/src/tests/wrapper_integration_test.cu:3646  疑似魔鬼数字，建议定义为具名常量 → 原行: energy.energiesPerU = {120.0f, 120.0f, 280.0f};  (规范条款 4.8.1)
[WARN]  /home/gadolinite/CASHIM_HL/subsecond/raytracedicom_pybind_stage/subSecond/src/tests/wrapper_integration_test.cu:3648  疑似注释掉的代码，规范要求直接删除 → 原行: // Peak depths (one per energy). For this synthetic test we treat these as "table units"  (规范条款 4.3)
[WARN]  /home/gadolinite/CASHIM_HL/subsecond/raytracedicom_pybind_stage/subSecond/src/tests/wrapper_integration_test.cu:3649  疑似注释掉的代码，规范要求直接删除 → 原行: // consistent with cumulSp increments (i.e., ~mm when stepLength=1mm).  (规范条款 4.3)
[WARN]  /home/gadolinite/CASHIM_HL/subsecond/raytracedicom_pybind_stage/subSecond/src/tests/wrapper_integration_test.cu:3654  疑似注释掉的代码，规范要求直接删除 → 原行: // (depthIdx = cumulSp * scaleFact + 0.5)  (规范条款 4.3)
[WARN]  /home/gadolinite/CASHIM_HL/subsecond/raytracedicom_pybind_stage/subSecond/src/tests/wrapper_integration_test.cu:3657  疑似注释掉的代码，规范要求直接删除 → 原行: // LUT scale factors used by the BEV tracer (HU_to_density / HU_to_sp) and RL lookup.  (规范条款 4.3)
[WARN]  /home/gadolinite/CASHIM_HL/subsecond/raytracedicom_pybind_stage/subSecond/src/tests/wrapper_integration_test.cu:3664  疑似注释掉的代码，规范要求直接删除 → 原行: // Texture: width=nEnergySamples, height=nEnergies  (规范条款 4.3)
[WARN]  /home/gadolinite/CASHIM_HL/subsecond/raytracedicom_pybind_stage/subSecond/src/tests/wrapper_integration_test.cu:3667  疑似注释掉的代码，规范要求直接删除 → 原行: // curve by integrating a Gaussian IDD (always increasing).  (规范条款 4.3)
[WARN]  /home/gadolinite/CASHIM_HL/subsecond/raytracedicom_pybind_stage/subSecond/src/tests/wrapper_integration_test.cu:3681  疑似注释掉的代码，规范要求直接删除 → 原行: // Density vector (synthetic)  (规范条款 4.3)
[WARN]  /home/gadolinite/CASHIM_HL/subsecond/raytracedicom_pybind_stage/subSecond/src/tests/wrapper_integration_test.cu:3682  疑似魔鬼数字，建议定义为具名常量 → 原行: energy.nDensitySamples = 20;  (规范条款 4.8.1)
[WARN]  /home/gadolinite/CASHIM_HL/subsecond/raytracedicom_pybind_stage/subSecond/src/tests/wrapper_integration_test.cu:3688  疑似注释掉的代码，规范要求直接删除 → 原行: // Stopping power vector (synthetic)  (规范条款 4.3)
[WARN]  /home/gadolinite/CASHIM_HL/subsecond/raytracedicom_pybind_stage/subSecond/src/tests/wrapper_integration_test.cu:3689  疑似魔鬼数字，建议定义为具名常量 → 原行: energy.nSpSamples = 20;  (规范条款 4.8.1)
[WARN]  /home/gadolinite/CASHIM_HL/subsecond/raytracedicom_pybind_stage/subSecond/src/tests/wrapper_integration_test.cu:3695  疑似注释掉的代码，规范要求直接删除 → 原行: // Radiation length vector (synthetic)  (规范条款 4.3)
[WARN]  /home/gadolinite/CASHIM_HL/subsecond/raytracedicom_pybind_stage/subSecond/src/tests/wrapper_integration_test.cu:3696  疑似魔鬼数字，建议定义为具名常量 → 原行: energy.nRRlSamples = 20;  (规范条款 4.8.1)
[SKIP]  /home/gadolinite/CASHIM_HL/subsecond/raytracedicom_pybind_stage/subSecond/src/tests/wrapper_integration_test.cu:3859  行宽 134 > 120，需人工换行处理  (规范条款 4.2)
[INFO]  /home/gadolinite/CASHIM_HL/subsecond/raytracedicom_pybind_stage/subSecond/src/tests/wrapper_integration_test.cu:3905  行尾空白字符已删除  (规范条款 4.2)
[INFO]  /home/gadolinite/CASHIM_HL/subsecond/raytracedicom_pybind_stage/subSecond/src/tests/wrapper_integration_test.cu:3907  行尾空白字符已删除  (规范条款 4.2)
[WARN]  /home/gadolinite/CASHIM_HL/subsecond/raytracedicom_pybind_stage/subSecond/src/tests/wrapper_integration_test.cu:3909  疑似注释掉的代码，规范要求直接删除 → 原行: // Prefer CSV inputs (dose_inputs_csv + compact subspot CSV) if available.  (规范条款 4.3)
[WARN]  /home/gadolinite/CASHIM_HL/subsecond/raytracedicom_pybind_stage/subSecond/src/tests/wrapper_integration_test.cu:3937  疑似注释掉的代码，规范要求直接删除 → 原行: // a wrong-plan fixture (e.g., stale <case>/output/*.bin) is visible in logs.  (规范条款 4.3)
[SKIP]  /home/gadolinite/CASHIM_HL/subsecond/raytracedicom_pybind_stage/subSecond/src/tests/wrapper_integration_test.cu:4042  行宽 138 > 120，需人工换行处理  (规范条款 4.2)
[WARN]  /home/gadolinite/CASHIM_HL/subsecond/raytracedicom_pybind_stage/subSecond/src/tests/wrapper_integration_test.cu:4051  疑似注释掉的代码，规范要求直接删除 → 原行: // Override beam geometry with calc_required_meta values (authoritative source)  (规范条款 4.3)
[WARN]  /home/gadolinite/CASHIM_HL/subsecond/raytracedicom_pybind_stage/subSecond/src/tests/wrapper_integration_test.cu:4069  疑似注释掉的代码，规范要求直接删除 → 原行: // Original test parameters (cm units; ctResolution.z < 0.3 => wrapper assumes cm and scales to mm internally)  (规范条款 4.3)
[WARN]  /home/gadolinite/CASHIM_HL/subsecond/raytracedicom_pybind_stage/subSecond/src/tests/wrapper_integration_test.cu:4070  疑似魔鬼数字，建议定义为具名常量 → 原行: imVolDims = make_int3(512, 512, 256);  (规范条款 4.8.1)
[WARN]  /home/gadolinite/CASHIM_HL/subsecond/raytracedicom_pybind_stage/subSecond/src/tests/wrapper_integration_test.cu:4072  疑似魔鬼数字，建议定义为具名常量 → 原行: imVolOrigin = make_float3(-20.0f, -20.0f, 0.0f);  (规范条款 4.8.1)
[WARN]  /home/gadolinite/CASHIM_HL/subsecond/raytracedicom_pybind_stage/subSecond/src/tests/wrapper_integration_test.cu:4082  疑似注释掉的代码，规范要求直接删除 → 原行: // Use the reference LUT shipped with the repo (tables/proton_cumul_ddd_data.txt)  (规范条款 4.3)
[WARN]  /home/gadolinite/CASHIM_HL/subsecond/raytracedicom_pybind_stage/subSecond/src/tests/wrapper_integration_test.cu:4088  疑似魔鬼数字，建议定义为具名常量 → 原行: beam.energies = {120.0f, 160.0f, 220.0f};  (规范条款 4.8.1)
[INFO]  /home/gadolinite/CASHIM_HL/subsecond/raytracedicom_pybind_stage/subSecond/src/tests/wrapper_integration_test.cu:4131  行尾空白字符已删除  (规范条款 4.2)
[INFO]  /home/gadolinite/CASHIM_HL/subsecond/raytracedicom_pybind_stage/subSecond/src/tests/wrapper_integration_test.cu:4134  行尾空白字符已删除  (规范条款 4.2)
[INFO]  /home/gadolinite/CASHIM_HL/subsecond/raytracedicom_pybind_stage/subSecond/src/tests/wrapper_integration_test.cu:4145  行尾空白字符已删除  (规范条款 4.2)
[INFO]  /home/gadolinite/CASHIM_HL/subsecond/raytracedicom_pybind_stage/subSecond/src/tests/wrapper_integration_test.cu:4150  行尾空白字符已删除  (规范条款 4.2)
[INFO]  /home/gadolinite/CASHIM_HL/subsecond/raytracedicom_pybind_stage/subSecond/src/tests/wrapper_integration_test.cu:4158  行尾空白字符已删除  (规范条款 4.2)
[INFO]  /home/gadolinite/CASHIM_HL/subsecond/raytracedicom_pybind_stage/subSecond/src/tests/wrapper_integration_test.cu:4163  行尾空白字符已删除  (规范条款 4.2)
[INFO]  /home/gadolinite/CASHIM_HL/subsecond/raytracedicom_pybind_stage/subSecond/src/tests/wrapper_integration_test.cu:4167  行尾空白字符已删除  (规范条款 4.2)
[SKIP]  /home/gadolinite/CASHIM_HL/subsecond/raytracedicom_pybind_stage/subSecond/src/tests/wrapper_integration_test.cu:4193  行宽 141 > 120，需人工换行处理  (规范条款 4.2)
[INFO]  /home/gadolinite/CASHIM_HL/subsecond/raytracedicom_pybind_stage/subSecond/src/tests/wrapper_integration_test.cu:4230  行尾空白字符已删除  (规范条款 4.2)
[SKIP]  /home/gadolinite/CASHIM_HL/subsecond/raytracedicom_pybind_stage/subSecond/src/tests/wrapper_integration_test.cu:4235  行宽 135 > 120，需人工换行处理  (规范条款 4.2)
[INFO]  /home/gadolinite/CASHIM_HL/subsecond/raytracedicom_pybind_stage/subSecond/src/tests/wrapper_integration_test.cu:4236  行尾空白字符已删除  (规范条款 4.2)
[INFO]  /home/gadolinite/CASHIM_HL/subsecond/raytracedicom_pybind_stage/subSecond/src/tests/wrapper_integration_test.cu:4241  行尾空白字符已删除  (规范条款 4.2)
[INFO]  /home/gadolinite/CASHIM_HL/subsecond/raytracedicom_pybind_stage/subSecond/src/tests/wrapper_integration_test.cu:4244  行尾空白字符已删除  (规范条款 4.2)
[INFO]  /home/gadolinite/CASHIM_HL/subsecond/raytracedicom_pybind_stage/subSecond/src/tests/wrapper_integration_test.cu:4251  行尾空白字符已删除  (规范条款 4.2)
[INFO]  /home/gadolinite/CASHIM_HL/subsecond/raytracedicom_pybind_stage/subSecond/src/utils/advanced_memory_pool.cu:4  行尾空白字符已删除  (规范条款 4.2)
[WARN]  /home/gadolinite/CASHIM_HL/subsecond/raytracedicom_pybind_stage/subSecond/src/utils/advanced_memory_pool.cu:25  疑似魔鬼数字，建议定义为具名常量 → 原行: size_t initialPoolSize = 512 * 1024 * 1024; // 512MB initial pool  (规范条款 4.8.1)
[WARN]  /home/gadolinite/CASHIM_HL/subsecond/raytracedicom_pybind_stage/subSecond/src/utils/advanced_memory_pool.cu:28  疑似魔鬼数字，建议定义为具名常量 → 原行: size_t maxAllocationSize = 256 * 1024 * 1024; // 256MB maximum allocation  (规范条款 4.8.1)
[WARN]  /home/gadolinite/CASHIM_HL/subsecond/raytracedicom_pybind_stage/subSecond/src/utils/advanced_memory_pool.cu:31  疑似魔鬼数字，建议定义为具名常量 → 原行: float fragmentationThreshold = 0.3f; // 30% fragmentation threshold  (规范条款 4.8.1)
[INFO]  /home/gadolinite/CASHIM_HL/subsecond/raytracedicom_pybind_stage/subSecond/src/utils/advanced_memory_pool.cu:64  行尾空白字符已删除  (规范条款 4.2)
[INFO]  /home/gadolinite/CASHIM_HL/subsecond/raytracedicom_pybind_stage/subSecond/src/utils/advanced_memory_pool.cu:68  行尾空白字符已删除  (规范条款 4.2)
[WARN]  /home/gadolinite/CASHIM_HL/subsecond/raytracedicom_pybind_stage/subSecond/src/utils/advanced_memory_pool.cu:70  疑似魔鬼数字，建议定义为具名常量 → 原行: static constexpr size_t MEMORY_ALIGNMENT = 256; // 256-byte alignment for CUDA 12.1  (规范条款 4.8.1)
[INFO]  /home/gadolinite/CASHIM_HL/subsecond/raytracedicom_pybind_stage/subSecond/src/utils/advanced_memory_pool.cu:71  行尾空白字符已删除  (规范条款 4.2)
[INFO]  /home/gadolinite/CASHIM_HL/subsecond/raytracedicom_pybind_stage/subSecond/src/utils/advanced_memory_pool.cu:76  行尾空白字符已删除  (规范条款 4.2)
[INFO]  /home/gadolinite/CASHIM_HL/subsecond/raytracedicom_pybind_stage/subSecond/src/utils/advanced_memory_pool.cu:80  行尾空白字符已删除  (规范条款 4.2)
[WARN]  /home/gadolinite/CASHIM_HL/subsecond/raytracedicom_pybind_stage/subSecond/src/utils/advanced_memory_pool.cu:83  疑似注释掉的代码，规范要求直接删除 → 原行: // Prefer the device default memory pool (valid on modern CUDA)  (规范条款 4.3)
[INFO]  /home/gadolinite/CASHIM_HL/subsecond/raytracedicom_pybind_stage/subSecond/src/utils/advanced_memory_pool.cu:100  行尾空白字符已删除  (规范条款 4.2)
[INFO]  /home/gadolinite/CASHIM_HL/subsecond/raytracedicom_pybind_stage/subSecond/src/utils/advanced_memory_pool.cu:104  行尾空白字符已删除  (规范条款 4.2)
[INFO]  /home/gadolinite/CASHIM_HL/subsecond/raytracedicom_pybind_stage/subSecond/src/utils/advanced_memory_pool.cu:108  行尾空白字符已删除  (规范条款 4.2)
[INFO]  /home/gadolinite/CASHIM_HL/subsecond/raytracedicom_pybind_stage/subSecond/src/utils/advanced_memory_pool.cu:116  行尾空白字符已删除  (规范条款 4.2)
[INFO]  /home/gadolinite/CASHIM_HL/subsecond/raytracedicom_pybind_stage/subSecond/src/utils/advanced_memory_pool.cu:126  行尾空白字符已删除  (规范条款 4.2)
[INFO]  /home/gadolinite/CASHIM_HL/subsecond/raytracedicom_pybind_stage/subSecond/src/utils/advanced_memory_pool.cu:129  行尾空白字符已删除  (规范条款 4.2)
[INFO]  /home/gadolinite/CASHIM_HL/subsecond/raytracedicom_pybind_stage/subSecond/src/utils/advanced_memory_pool.cu:132  行尾空白字符已删除  (规范条款 4.2)
[INFO]  /home/gadolinite/CASHIM_HL/subsecond/raytracedicom_pybind_stage/subSecond/src/utils/advanced_memory_pool.cu:133  指针/引用符号空格修正（两边都无空格 → 靠左形式）  (规范条款 4.2)
[INFO]  /home/gadolinite/CASHIM_HL/subsecond/raytracedicom_pybind_stage/subSecond/src/utils/advanced_memory_pool.cu:135  行尾空白字符已删除  (规范条款 4.2)
[INFO]  /home/gadolinite/CASHIM_HL/subsecond/raytracedicom_pybind_stage/subSecond/src/utils/advanced_memory_pool.cu:139  行尾空白字符已删除  (规范条款 4.2)
[INFO]  /home/gadolinite/CASHIM_HL/subsecond/raytracedicom_pybind_stage/subSecond/src/utils/advanced_memory_pool.cu:142  行尾空白字符已删除  (规范条款 4.2)
[INFO]  /home/gadolinite/CASHIM_HL/subsecond/raytracedicom_pybind_stage/subSecond/src/utils/advanced_memory_pool.cu:149  行尾空白字符已删除  (规范条款 4.2)
[INFO]  /home/gadolinite/CASHIM_HL/subsecond/raytracedicom_pybind_stage/subSecond/src/utils/advanced_memory_pool.cu:158  行尾空白字符已删除  (规范条款 4.2)
[INFO]  /home/gadolinite/CASHIM_HL/subsecond/raytracedicom_pybind_stage/subSecond/src/utils/advanced_memory_pool.cu:161  行尾空白字符已删除  (规范条款 4.2)
[WARN]  /home/gadolinite/CASHIM_HL/subsecond/raytracedicom_pybind_stage/subSecond/src/utils/advanced_memory_pool.cu:163  含自增/自减的复合表达式，需人工将自增/自减单独放一行 → 原行: stats_.allocationCount++;  (规范条款 4.8.2)
[INFO]  /home/gadolinite/CASHIM_HL/subsecond/raytracedicom_pybind_stage/subSecond/src/utils/advanced_memory_pool.cu:165  行尾空白字符已删除  (规范条款 4.2)
[INFO]  /home/gadolinite/CASHIM_HL/subsecond/raytracedicom_pybind_stage/subSecond/src/utils/advanced_memory_pool.cu:169  行尾空白字符已删除  (规范条款 4.2)
[INFO]  /home/gadolinite/CASHIM_HL/subsecond/raytracedicom_pybind_stage/subSecond/src/utils/advanced_memory_pool.cu:173  行尾空白字符已删除  (规范条款 4.2)
[INFO]  /home/gadolinite/CASHIM_HL/subsecond/raytracedicom_pybind_stage/subSecond/src/utils/advanced_memory_pool.cu:184  行尾空白字符已删除  (规范条款 4.2)
[INFO]  /home/gadolinite/CASHIM_HL/subsecond/raytracedicom_pybind_stage/subSecond/src/utils/advanced_memory_pool.cu:189  行尾空白字符已删除  (规范条款 4.2)
[INFO]  /home/gadolinite/CASHIM_HL/subsecond/raytracedicom_pybind_stage/subSecond/src/utils/advanced_memory_pool.cu:192  行尾空白字符已删除  (规范条款 4.2)
[INFO]  /home/gadolinite/CASHIM_HL/subsecond/raytracedicom_pybind_stage/subSecond/src/utils/advanced_memory_pool.cu:195  行尾空白字符已删除  (规范条款 4.2)
[WARN]  /home/gadolinite/CASHIM_HL/subsecond/raytracedicom_pybind_stage/subSecond/src/utils/advanced_memory_pool.cu:196  含自增/自减的复合表达式，需人工将自增/自减单独放一行 → 原行: stats_.allocationCount++;  (规范条款 4.8.2)
[INFO]  /home/gadolinite/CASHIM_HL/subsecond/raytracedicom_pybind_stage/subSecond/src/utils/advanced_memory_pool.cu:198  行尾空白字符已删除  (规范条款 4.2)
[INFO]  /home/gadolinite/CASHIM_HL/subsecond/raytracedicom_pybind_stage/subSecond/src/utils/advanced_memory_pool.cu:202  行尾空白字符已删除  (规范条款 4.2)
[INFO]  /home/gadolinite/CASHIM_HL/subsecond/raytracedicom_pybind_stage/subSecond/src/utils/advanced_memory_pool.cu:206  行尾空白字符已删除  (规范条款 4.2)
[INFO]  /home/gadolinite/CASHIM_HL/subsecond/raytracedicom_pybind_stage/subSecond/src/utils/advanced_memory_pool.cu:208  行尾空白字符已删除  (规范条款 4.2)
[INFO]  /home/gadolinite/CASHIM_HL/subsecond/raytracedicom_pybind_stage/subSecond/src/utils/advanced_memory_pool.cu:215  行尾空白字符已删除  (规范条款 4.2)
[INFO]  /home/gadolinite/CASHIM_HL/subsecond/raytracedicom_pybind_stage/subSecond/src/utils/advanced_memory_pool.cu:223  行尾空白字符已删除  (规范条款 4.2)
[INFO]  /home/gadolinite/CASHIM_HL/subsecond/raytracedicom_pybind_stage/subSecond/src/utils/advanced_memory_pool.cu:226  行尾空白字符已删除  (规范条款 4.2)
[WARN]  /home/gadolinite/CASHIM_HL/subsecond/raytracedicom_pybind_stage/subSecond/src/utils/advanced_memory_pool.cu:228  含自增/自减的复合表达式，需人工将自增/自减单独放一行 → 原行: stats_.deallocationCount++;  (规范条款 4.8.2)
[INFO]  /home/gadolinite/CASHIM_HL/subsecond/raytracedicom_pybind_stage/subSecond/src/utils/advanced_memory_pool.cu:229  行尾空白字符已删除  (规范条款 4.2)
[INFO]  /home/gadolinite/CASHIM_HL/subsecond/raytracedicom_pybind_stage/subSecond/src/utils/advanced_memory_pool.cu:232  行尾空白字符已删除  (规范条款 4.2)
[INFO]  /home/gadolinite/CASHIM_HL/subsecond/raytracedicom_pybind_stage/subSecond/src/utils/advanced_memory_pool.cu:236  行尾空白字符已删除  (规范条款 4.2)
[INFO]  /home/gadolinite/CASHIM_HL/subsecond/raytracedicom_pybind_stage/subSecond/src/utils/advanced_memory_pool.cu:242  行尾空白字符已删除  (规范条款 4.2)
[WARN]  /home/gadolinite/CASHIM_HL/subsecond/raytracedicom_pybind_stage/subSecond/src/utils/advanced_memory_pool.cu:247  含自增/自减的复合表达式，需人工将自增/自减单独放一行 → 原行: stats_.deallocationCount++;  (规范条款 4.8.2)
[INFO]  /home/gadolinite/CASHIM_HL/subsecond/raytracedicom_pybind_stage/subSecond/src/utils/advanced_memory_pool.cu:248  行尾空白字符已删除  (规范条款 4.2)
[INFO]  /home/gadolinite/CASHIM_HL/subsecond/raytracedicom_pybind_stage/subSecond/src/utils/advanced_memory_pool.cu:251  行尾空白字符已删除  (规范条款 4.2)
[INFO]  /home/gadolinite/CASHIM_HL/subsecond/raytracedicom_pybind_stage/subSecond/src/utils/advanced_memory_pool.cu:256  行尾空白字符已删除  (规范条款 4.2)
[INFO]  /home/gadolinite/CASHIM_HL/subsecond/raytracedicom_pybind_stage/subSecond/src/utils/advanced_memory_pool.cu:259  行尾空白字符已删除  (规范条款 4.2)
[INFO]  /home/gadolinite/CASHIM_HL/subsecond/raytracedicom_pybind_stage/subSecond/src/utils/advanced_memory_pool.cu:262  行尾空白字符已删除  (规范条款 4.2)
[INFO]  /home/gadolinite/CASHIM_HL/subsecond/raytracedicom_pybind_stage/subSecond/src/utils/advanced_memory_pool.cu:267  行尾空白字符已删除  (规范条款 4.2)
[INFO]  /home/gadolinite/CASHIM_HL/subsecond/raytracedicom_pybind_stage/subSecond/src/utils/advanced_memory_pool.cu:274  行尾空白字符已删除  (规范条款 4.2)
[INFO]  /home/gadolinite/CASHIM_HL/subsecond/raytracedicom_pybind_stage/subSecond/src/utils/advanced_memory_pool.cu:277  行尾空白字符已删除  (规范条款 4.2)
[WARN]  /home/gadolinite/CASHIM_HL/subsecond/raytracedicom_pybind_stage/subSecond/src/utils/advanced_memory_pool.cu:283  含自增/自减的复合表达式，需人工将自增/自减单独放一行 → 原行: block->allocationCount++;  (规范条款 4.8.2)
[INFO]  /home/gadolinite/CASHIM_HL/subsecond/raytracedicom_pybind_stage/subSecond/src/utils/advanced_memory_pool.cu:286  行尾空白字符已删除  (规范条款 4.2)
[INFO]  /home/gadolinite/CASHIM_HL/subsecond/raytracedicom_pybind_stage/subSecond/src/utils/advanced_memory_pool.cu:296  行尾空白字符已删除  (规范条款 4.2)
[WARN]  /home/gadolinite/CASHIM_HL/subsecond/raytracedicom_pybind_stage/subSecond/src/utils/advanced_memory_pool.cu:300  含自增/自减的复合表达式，需人工将自增/自减单独放一行 → 原行: block->allocationCount++;  (规范条款 4.8.2)
[INFO]  /home/gadolinite/CASHIM_HL/subsecond/raytracedicom_pybind_stage/subSecond/src/utils/advanced_memory_pool.cu:302  行尾空白字符已删除  (规范条款 4.2)
[INFO]  /home/gadolinite/CASHIM_HL/subsecond/raytracedicom_pybind_stage/subSecond/src/utils/advanced_memory_pool.cu:306  行尾空白字符已删除  (规范条款 4.2)
[INFO]  /home/gadolinite/CASHIM_HL/subsecond/raytracedicom_pybind_stage/subSecond/src/utils/advanced_memory_pool.cu:309  行尾空白字符已删除  (规范条款 4.2)
[INFO]  /home/gadolinite/CASHIM_HL/subsecond/raytracedicom_pybind_stage/subSecond/src/utils/advanced_memory_pool.cu:320  行尾空白字符已删除  (规范条款 4.2)
[INFO]  /home/gadolinite/CASHIM_HL/subsecond/raytracedicom_pybind_stage/subSecond/src/utils/advanced_memory_pool.cu:330  行尾空白字符已删除  (规范条款 4.2)
[INFO]  /home/gadolinite/CASHIM_HL/subsecond/raytracedicom_pybind_stage/subSecond/src/utils/advanced_memory_pool.cu:334  行尾空白字符已删除  (规范条款 4.2)
[INFO]  /home/gadolinite/CASHIM_HL/subsecond/raytracedicom_pybind_stage/subSecond/src/utils/advanced_memory_pool.cu:338  行尾空白字符已删除  (规范条款 4.2)
[INFO]  /home/gadolinite/CASHIM_HL/subsecond/raytracedicom_pybind_stage/subSecond/src/utils/advanced_memory_pool.cu:342  行尾空白字符已删除  (规范条款 4.2)
[INFO]  /home/gadolinite/CASHIM_HL/subsecond/raytracedicom_pybind_stage/subSecond/src/utils/advanced_memory_pool.cu:344  行尾空白字符已删除  (规范条款 4.2)
[INFO]  /home/gadolinite/CASHIM_HL/subsecond/raytracedicom_pybind_stage/subSecond/src/utils/advanced_memory_pool.cu:348  行尾空白字符已删除  (规范条款 4.2)
[INFO]  /home/gadolinite/CASHIM_HL/subsecond/raytracedicom_pybind_stage/subSecond/src/utils/advanced_memory_pool.cu:357  行尾空白字符已删除  (规范条款 4.2)
[WARN]  /home/gadolinite/CASHIM_HL/subsecond/raytracedicom_pybind_stage/subSecond/src/utils/advanced_memory_pool.cu:358  含自增/自减的复合表达式，需人工将自增/自减单独放一行 → 原行: stats_.defragmentationCount++;  (规范条款 4.8.2)
[INFO]  /home/gadolinite/CASHIM_HL/subsecond/raytracedicom_pybind_stage/subSecond/src/utils/advanced_memory_pool.cu:360  行尾空白字符已删除  (规范条款 4.2)
[INFO]  /home/gadolinite/CASHIM_HL/subsecond/raytracedicom_pybind_stage/subSecond/src/utils/advanced_memory_pool.cu:363  行尾空白字符已删除  (规范条款 4.2)
[INFO]  /home/gadolinite/CASHIM_HL/subsecond/raytracedicom_pybind_stage/subSecond/src/utils/advanced_memory_pool.cu:370  行尾空白字符已删除  (规范条款 4.2)
[INFO]  /home/gadolinite/CASHIM_HL/subsecond/raytracedicom_pybind_stage/subSecond/src/utils/advanced_memory_pool.cu:377  行尾空白字符已删除  (规范条款 4.2)
[INFO]  /home/gadolinite/CASHIM_HL/subsecond/raytracedicom_pybind_stage/subSecond/src/utils/advanced_memory_pool.cu:387  行尾空白字符已删除  (规范条款 4.2)
[INFO]  /home/gadolinite/CASHIM_HL/subsecond/raytracedicom_pybind_stage/subSecond/src/utils/advanced_memory_pool.cu:390  行尾空白字符已删除  (规范条款 4.2)
[INFO]  /home/gadolinite/CASHIM_HL/subsecond/raytracedicom_pybind_stage/subSecond/src/utils/advanced_memory_pool.cu:393  行尾空白字符已删除  (规范条款 4.2)
[INFO]  /home/gadolinite/CASHIM_HL/subsecond/raytracedicom_pybind_stage/subSecond/src/utils/advanced_memory_pool.cu:394  指针/引用符号空格修正（两边都无空格 → 靠左形式）  (规范条款 4.2)
[INFO]  /home/gadolinite/CASHIM_HL/subsecond/raytracedicom_pybind_stage/subSecond/src/utils/advanced_memory_pool.cu:397  行尾空白字符已删除  (规范条款 4.2)
[INFO]  /home/gadolinite/CASHIM_HL/subsecond/raytracedicom_pybind_stage/subSecond/src/utils/advanced_memory_pool.cu:402  行尾空白字符已删除  (规范条款 4.2)
[INFO]  /home/gadolinite/CASHIM_HL/subsecond/raytracedicom_pybind_stage/subSecond/src/utils/advanced_memory_pool.cu:406  行尾空白字符已删除  (规范条款 4.2)
[INFO]  /home/gadolinite/CASHIM_HL/subsecond/raytracedicom_pybind_stage/subSecond/src/utils/advanced_memory_pool.cu:409  指针/引用符号空格修正（两边都无空格 → 靠左形式）  (规范条款 4.2)
[INFO]  /home/gadolinite/CASHIM_HL/subsecond/raytracedicom_pybind_stage/subSecond/src/utils/advanced_memory_pool.cu:410  指针/引用符号空格修正（两边都无空格 → 靠左形式）  (规范条款 4.2)
[INFO]  /home/gadolinite/CASHIM_HL/subsecond/raytracedicom_pybind_stage/subSecond/src/utils/advanced_memory_pool.cu:418  行尾空白字符已删除  (规范条款 4.2)
[INFO]  /home/gadolinite/CASHIM_HL/subsecond/raytracedicom_pybind_stage/subSecond/src/utils/advanced_memory_pool.cu:422  行尾空白字符已删除  (规范条款 4.2)
[INFO]  /home/gadolinite/CASHIM_HL/subsecond/raytracedicom_pybind_stage/subSecond/src/utils/advanced_memory_pool.cu:431  行尾空白字符已删除  (规范条款 4.2)
[INFO]  /home/gadolinite/CASHIM_HL/subsecond/raytracedicom_pybind_stage/subSecond/src/utils/advanced_memory_pool.cu:434  行尾空白字符已删除  (规范条款 4.2)
[INFO]  /home/gadolinite/CASHIM_HL/subsecond/raytracedicom_pybind_stage/subSecond/src/utils/backward_compatibility.cu:4  行尾空白字符已删除  (规范条款 4.2)
[INFO]  /home/gadolinite/CASHIM_HL/subsecond/raytracedicom_pybind_stage/subSecond/src/utils/backward_compatibility.cu:32  行尾空白字符已删除  (规范条款 4.2)
[WARN]  /home/gadolinite/CASHIM_HL/subsecond/raytracedicom_pybind_stage/subSecond/src/utils/backward_compatibility.cu:33  疑似魔鬼数字，建议定义为具名常量 → 原行: make_int3(5, maxSubspotsPerLayer, numLayers), // 5 parameters per subspot  (规范条款 4.8.1)
[INFO]  /home/gadolinite/CASHIM_HL/subsecond/raytracedicom_pybind_stage/subSecond/src/utils/backward_compatibility.cu:34  行尾空白字符已删除  (规范条款 4.2)
[INFO]  /home/gadolinite/CASHIM_HL/subsecond/raytracedicom_pybind_stage/subSecond/src/utils/backward_compatibility.cu:37  行尾空白字符已删除  (规范条款 4.2)
[INFO]  /home/gadolinite/CASHIM_HL/subsecond/raytracedicom_pybind_stage/subSecond/src/utils/backward_compatibility.cu:45  行尾空白字符已删除  (规范条款 4.2)
[INFO]  /home/gadolinite/CASHIM_HL/subsecond/raytracedicom_pybind_stage/subSecond/src/utils/backward_compatibility.cu:53  行尾空白字符已删除  (规范条款 4.2)
[INFO]  /home/gadolinite/CASHIM_HL/subsecond/raytracedicom_pybind_stage/subSecond/src/utils/backward_compatibility.cu:56  行尾空白字符已删除  (规范条款 4.2)
[INFO]  /home/gadolinite/CASHIM_HL/subsecond/raytracedicom_pybind_stage/subSecond/src/utils/backward_compatibility.cu:80  行尾空白字符已删除  (规范条款 4.2)
[INFO]  /home/gadolinite/CASHIM_HL/subsecond/raytracedicom_pybind_stage/subSecond/src/utils/backward_compatibility.cu:81  行尾空白字符已删除  (规范条款 4.2)
[INFO]  /home/gadolinite/CASHIM_HL/subsecond/raytracedicom_pybind_stage/subSecond/src/utils/backward_compatibility.cu:84  行尾空白字符已删除  (规范条款 4.2)
[INFO]  /home/gadolinite/CASHIM_HL/subsecond/raytracedicom_pybind_stage/subSecond/src/utils/backward_compatibility.cu:93  指针/引用符号空格修正（两边都无空格 → 靠左形式）  (规范条款 4.2)
[WARN]  /home/gadolinite/CASHIM_HL/subsecond/raytracedicom_pybind_stage/subSecond/src/utils/backward_compatibility.cu:94  疑似魔鬼数字，建议定义为具名常量 → 原行: cpbWeights[idx] = expf(-dist*dist / 4.0f); // 高斯权重  (规范条款 4.8.1)
[INFO]  /home/gadolinite/CASHIM_HL/subsecond/raytracedicom_pybind_stage/subSecond/src/utils/backward_compatibility.cu:97  行尾空白字符已删除  (规范条款 4.2)
[INFO]  /home/gadolinite/CASHIM_HL/subsecond/raytracedicom_pybind_stage/subSecond/src/utils/backward_compatibility.cu:107  行尾空白字符已删除  (规范条款 4.2)
[INFO]  /home/gadolinite/CASHIM_HL/subsecond/raytracedicom_pybind_stage/subSecond/src/utils/cuda_diagnostic.cu:9  行尾空白字符已删除  (规范条款 4.2)
[INFO]  /home/gadolinite/CASHIM_HL/subsecond/raytracedicom_pybind_stage/subSecond/src/utils/cuda_diagnostic.cu:11  行尾空白字符已删除  (规范条款 4.2)
[INFO]  /home/gadolinite/CASHIM_HL/subsecond/raytracedicom_pybind_stage/subSecond/src/utils/cuda_diagnostic.cu:23  行尾空白字符已删除  (规范条款 4.2)
[INFO]  /home/gadolinite/CASHIM_HL/subsecond/raytracedicom_pybind_stage/subSecond/src/utils/cuda_diagnostic.cu:35  行尾空白字符已删除  (规范条款 4.2)
[SKIP]  /home/gadolinite/CASHIM_HL/subsecond/raytracedicom_pybind_stage/subSecond/src/utils/cuda_diagnostic.cu:43  行宽 123 > 120，需人工换行处理  (规范条款 4.2)
[INFO]  /home/gadolinite/CASHIM_HL/subsecond/raytracedicom_pybind_stage/subSecond/src/utils/cuda_diagnostic.cu:44  行尾空白字符已删除  (规范条款 4.2)
[INFO]  /home/gadolinite/CASHIM_HL/subsecond/raytracedicom_pybind_stage/subSecond/src/utils/cuda_diagnostic.cu:50  行尾空白字符已删除  (规范条款 4.2)
[INFO]  /home/gadolinite/CASHIM_HL/subsecond/raytracedicom_pybind_stage/subSecond/src/utils/cuda_diagnostic.cu:53  行尾空白字符已删除  (规范条款 4.2)
[INFO]  /home/gadolinite/CASHIM_HL/subsecond/raytracedicom_pybind_stage/subSecond/src/utils/cuda_diagnostic.cu:58  行尾空白字符已删除  (规范条款 4.2)
[INFO]  /home/gadolinite/CASHIM_HL/subsecond/raytracedicom_pybind_stage/subSecond/src/utils/cuda_diagnostic.cu:67  指针/引用符号空格修正（两边都无空格 → 靠左形式）  (规范条款 4.2)
[SKIP]  /home/gadolinite/CASHIM_HL/subsecond/raytracedicom_pybind_stage/subSecond/src/utils/cuda_diagnostic.cu:70  行宽 125 > 120，需人工换行处理  (规范条款 4.2)
[INFO]  /home/gadolinite/CASHIM_HL/subsecond/raytracedicom_pybind_stage/subSecond/src/utils/cuda_diagnostic.cu:73  行尾空白字符已删除  (规范条款 4.2)
[INFO]  /home/gadolinite/CASHIM_HL/subsecond/raytracedicom_pybind_stage/subSecond/src/utils/cuda_diagnostic.cu:79  行尾空白字符已删除  (规范条款 4.2)
[INFO]  /home/gadolinite/CASHIM_HL/subsecond/raytracedicom_pybind_stage/subSecond/src/utils/cuda_diagnostic.cu:91  行尾空白字符已删除  (规范条款 4.2)
[INFO]  /home/gadolinite/CASHIM_HL/subsecond/raytracedicom_pybind_stage/subSecond/src/utils/cuda_diagnostic.cu:98  行尾空白字符已删除  (规范条款 4.2)
[INFO]  /home/gadolinite/CASHIM_HL/subsecond/raytracedicom_pybind_stage/subSecond/src/utils/cuda_diagnostic.cu:104  行尾空白字符已删除  (规范条款 4.2)
[INFO]  /home/gadolinite/CASHIM_HL/subsecond/raytracedicom_pybind_stage/subSecond/src/utils/cuda_diagnostic.cu:110  行尾空白字符已删除  (规范条款 4.2)
[INFO]  /home/gadolinite/CASHIM_HL/subsecond/raytracedicom_pybind_stage/subSecond/src/utils/cuda_diagnostic.cu:130  行尾空白字符已删除  (规范条款 4.2)
[INFO]  /home/gadolinite/CASHIM_HL/subsecond/raytracedicom_pybind_stage/subSecond/src/utils/cuda_diagnostic.cu:136  行尾空白字符已删除  (规范条款 4.2)
[INFO]  /home/gadolinite/CASHIM_HL/subsecond/raytracedicom_pybind_stage/subSecond/src/utils/cuda_diagnostic.cu:145  行尾空白字符已删除  (规范条款 4.2)
[INFO]  /home/gadolinite/CASHIM_HL/subsecond/raytracedicom_pybind_stage/subSecond/src/utils/cuda_diagnostic.cu:149  行尾空白字符已删除  (规范条款 4.2)
[SKIP]  /home/gadolinite/CASHIM_HL/subsecond/raytracedicom_pybind_stage/subSecond/src/utils/energy_reader.cpp:39  行宽 151 > 120，需人工换行处理  (规范条款 4.2)
[SKIP]  /home/gadolinite/CASHIM_HL/subsecond/raytracedicom_pybind_stage/subSecond/src/utils/energy_reader.cpp:51  行宽 126 > 120，需人工换行处理  (规范条款 4.2)
[INFO]  /home/gadolinite/CASHIM_HL/subsecond/raytracedicom_pybind_stage/subSecond/src/utils/energy_reader.cpp:69  指针/引用符号空格修正（两边都无空格 → 靠左形式）  (规范条款 4.2)
[INFO]  /home/gadolinite/CASHIM_HL/subsecond/raytracedicom_pybind_stage/subSecond/src/utils/energy_reader.cpp:70  指针/引用符号空格修正（两边都无空格 → 靠左形式）  (规范条款 4.2)
[SKIP]  /home/gadolinite/CASHIM_HL/subsecond/raytracedicom_pybind_stage/subSecond/src/utils/energy_reader.cpp:76  行宽 154 > 120，需人工换行处理  (规范条款 4.2)
[INFO]  /home/gadolinite/CASHIM_HL/subsecond/raytracedicom_pybind_stage/subSecond/src/utils/energy_reader.cpp:93  指针/引用符号空格修正（两边都无空格 → 靠左形式）  (规范条款 4.2)
[SKIP]  /home/gadolinite/CASHIM_HL/subsecond/raytracedicom_pybind_stage/subSecond/src/utils/energy_reader.cpp:94  行宽 139 > 120，需人工换行处理  (规范条款 4.2)
[SKIP]  /home/gadolinite/CASHIM_HL/subsecond/raytracedicom_pybind_stage/subSecond/src/utils/energy_reader.cpp:116  行宽 142 > 120，需人工换行处理  (规范条款 4.2)
[SKIP]  /home/gadolinite/CASHIM_HL/subsecond/raytracedicom_pybind_stage/subSecond/src/utils/energy_reader.cpp:148  行宽 127 > 120，需人工换行处理  (规范条款 4.2)
[INFO]  /home/gadolinite/CASHIM_HL/subsecond/raytracedicom_pybind_stage/subSecond/src/utils/energy_reader.cpp:172  指针/引用符号空格修正（两边都无空格 → 靠左形式）  (规范条款 4.2)
[INFO]  /home/gadolinite/CASHIM_HL/subsecond/raytracedicom_pybind_stage/subSecond/src/utils/energy_reader.cpp:173  指针/引用符号空格修正（两边都无空格 → 靠左形式）  (规范条款 4.2)
[INFO]  /home/gadolinite/CASHIM_HL/subsecond/raytracedicom_pybind_stage/subSecond/src/utils/energy_reader.cpp:176  指针/引用符号空格修正（两边都无空格 → 靠左形式）  (规范条款 4.2)
[INFO]  /home/gadolinite/CASHIM_HL/subsecond/raytracedicom_pybind_stage/subSecond/src/utils/energy_reader.cpp:177  指针/引用符号空格修正（两边都无空格 → 靠左形式）  (规范条款 4.2)
[INFO]  /home/gadolinite/CASHIM_HL/subsecond/raytracedicom_pybind_stage/subSecond/src/utils/precompiled_texture_manager.cu:4  行尾空白字符已删除  (规范条款 4.2)
[WARN]  /home/gadolinite/CASHIM_HL/subsecond/raytracedicom_pybind_stage/subSecond/src/utils/precompiled_texture_manager.cu:25  C 风格头文件，建议改为 C++ 头文件（如 <cstdlib>）→ 原行: #include <limits.h>  (规范条款 4.8.5)
[WARN]  /home/gadolinite/CASHIM_HL/subsecond/raytracedicom_pybind_stage/subSecond/src/utils/precompiled_texture_manager.cu:27  疑似注释掉的代码，规范要求直接删除 → 原行: // Small helper: check file existence (POSIX).  (规范条款 4.3)
[WARN]  /home/gadolinite/CASHIM_HL/subsecond/raytracedicom_pybind_stage/subSecond/src/utils/precompiled_texture_manager.cu:33  疑似注释掉的代码，规范要求直接删除 → 原行: // Small helper: find executable directory (Linux /proc).  (规范条款 4.3)
[WARN]  /home/gadolinite/CASHIM_HL/subsecond/raytracedicom_pybind_stage/subSecond/src/utils/precompiled_texture_manager.cu:50  疑似魔鬼数字，建议定义为具名常量 → 原行: size_t maxCachedTextures = 50;  (规范条款 4.8.1)
[INFO]  /home/gadolinite/CASHIM_HL/subsecond/raytracedicom_pybind_stage/subSecond/src/utils/precompiled_texture_manager.cu:85  行尾空白字符已删除  (规范条款 4.2)
[INFO]  /home/gadolinite/CASHIM_HL/subsecond/raytracedicom_pybind_stage/subSecond/src/utils/precompiled_texture_manager.cu:89  行尾空白字符已删除  (规范条款 4.2)
[INFO]  /home/gadolinite/CASHIM_HL/subsecond/raytracedicom_pybind_stage/subSecond/src/utils/precompiled_texture_manager.cu:94  行尾空白字符已删除  (规范条款 4.2)
[INFO]  /home/gadolinite/CASHIM_HL/subsecond/raytracedicom_pybind_stage/subSecond/src/utils/precompiled_texture_manager.cu:100  行尾空白字符已删除  (规范条款 4.2)
[INFO]  /home/gadolinite/CASHIM_HL/subsecond/raytracedicom_pybind_stage/subSecond/src/utils/precompiled_texture_manager.cu:105  行尾空白字符已删除  (规范条款 4.2)
[INFO]  /home/gadolinite/CASHIM_HL/subsecond/raytracedicom_pybind_stage/subSecond/src/utils/precompiled_texture_manager.cu:116  行尾空白字符已删除  (规范条款 4.2)
[INFO]  /home/gadolinite/CASHIM_HL/subsecond/raytracedicom_pybind_stage/subSecond/src/utils/precompiled_texture_manager.cu:120  指针/引用符号空格修正（两边都无空格 → 靠左形式）  (规范条款 4.2)
[INFO]  /home/gadolinite/CASHIM_HL/subsecond/raytracedicom_pybind_stage/subSecond/src/utils/precompiled_texture_manager.cu:121  行尾空白字符已删除  (规范条款 4.2)
[INFO]  /home/gadolinite/CASHIM_HL/subsecond/raytracedicom_pybind_stage/subSecond/src/utils/precompiled_texture_manager.cu:129  行尾空白字符已删除  (规范条款 4.2)
[INFO]  /home/gadolinite/CASHIM_HL/subsecond/raytracedicom_pybind_stage/subSecond/src/utils/precompiled_texture_manager.cu:157  行尾空白字符已删除  (规范条款 4.2)
[INFO]  /home/gadolinite/CASHIM_HL/subsecond/raytracedicom_pybind_stage/subSecond/src/utils/precompiled_texture_manager.cu:166  行尾空白字符已删除  (规范条款 4.2)
[INFO]  /home/gadolinite/CASHIM_HL/subsecond/raytracedicom_pybind_stage/subSecond/src/utils/precompiled_texture_manager.cu:169  行尾空白字符已删除  (规范条款 4.2)
[INFO]  /home/gadolinite/CASHIM_HL/subsecond/raytracedicom_pybind_stage/subSecond/src/utils/precompiled_texture_manager.cu:177  行尾空白字符已删除  (规范条款 4.2)
[WARN]  /home/gadolinite/CASHIM_HL/subsecond/raytracedicom_pybind_stage/subSecond/src/utils/precompiled_texture_manager.cu:187  疑似注释掉的代码，规范要求直接删除 → 原行: // NOTE: Dimensions are intentionally "written-dead" from file headers (no extra checking helpers).  (规范条款 4.3)
[INFO]  /home/gadolinite/CASHIM_HL/subsecond/raytracedicom_pybind_stage/subSecond/src/utils/precompiled_texture_manager.cu:189  指针/引用符号空格修正（两边都无空格 → 靠左形式）  (规范条款 4.2)
[WARN]  /home/gadolinite/CASHIM_HL/subsecond/raytracedicom_pybind_stage/subSecond/src/utils/precompiled_texture_manager.cu:207  疑似注释掉的代码，规范要求直接删除 → 原行: // Skip energy axis + peak depths + scale facts (needed for parsing, not for this texture)  (规范条款 4.3)
[WARN]  /home/gadolinite/CASHIM_HL/subsecond/raytracedicom_pybind_stage/subSecond/src/utils/precompiled_texture_manager.cu:229  疑似注释掉的代码，规范要求直接删除 → 原行: // Pack into a 3D array: z=0 => weights, z=1 => sigmas  (规范条款 4.3)
[INFO]  /home/gadolinite/CASHIM_HL/subsecond/raytracedicom_pybind_stage/subSecond/src/utils/precompiled_texture_manager.cu:267  行尾空白字符已删除  (规范条款 4.2)
[INFO]  /home/gadolinite/CASHIM_HL/subsecond/raytracedicom_pybind_stage/subSecond/src/utils/precompiled_texture_manager.cu:271  行尾空白字符已删除  (规范条款 4.2)
[WARN]  /home/gadolinite/CASHIM_HL/subsecond/raytracedicom_pybind_stage/subSecond/src/utils/precompiled_texture_manager.cu:285  疑似注释掉的代码，规范要求直接删除 → 原行: // Important: use the 1D form (3-arg) to avoid passing height=0.  (规范条款 4.3)
[INFO]  /home/gadolinite/CASHIM_HL/subsecond/raytracedicom_pybind_stage/subSecond/src/utils/precompiled_texture_manager.cu:288  行尾空白字符已删除  (规范条款 4.2)
[INFO]  /home/gadolinite/CASHIM_HL/subsecond/raytracedicom_pybind_stage/subSecond/src/utils/precompiled_texture_manager.cu:290  行尾空白字符已删除  (规范条款 4.2)
[INFO]  /home/gadolinite/CASHIM_HL/subsecond/raytracedicom_pybind_stage/subSecond/src/utils/precompiled_texture_manager.cu:294  行尾空白字符已删除  (规范条款 4.2)
[WARN]  /home/gadolinite/CASHIM_HL/subsecond/raytracedicom_pybind_stage/subSecond/src/utils/precompiled_texture_manager.cu:295  疑似注释掉的代码，规范要求直接删除 → 原行: // Copy data to array (use cudaMemcpy3D for 1D/2D/3D, consistent with raytracedicom_main style)  (规范条款 4.3)
[WARN]  /home/gadolinite/CASHIM_HL/subsecond/raytracedicom_pybind_stage/subSecond/src/utils/precompiled_texture_manager.cu:301  疑似 C 风格类型转换，建议改为 C++ 风格 → 原行: copyParams.srcPtr = make_cudaPitchedPtr((void*)lutInfo.data.data(),  (规范条款 4.8.3)
[INFO]  /home/gadolinite/CASHIM_HL/subsecond/raytracedicom_pybind_stage/subSecond/src/utils/precompiled_texture_manager.cu:309  行尾空白字符已删除  (规范条款 4.2)
[INFO]  /home/gadolinite/CASHIM_HL/subsecond/raytracedicom_pybind_stage/subSecond/src/utils/precompiled_texture_manager.cu:311  行尾空白字符已删除  (规范条款 4.2)
[INFO]  /home/gadolinite/CASHIM_HL/subsecond/raytracedicom_pybind_stage/subSecond/src/utils/precompiled_texture_manager.cu:316  行尾空白字符已删除  (规范条款 4.2)
[INFO]  /home/gadolinite/CASHIM_HL/subsecond/raytracedicom_pybind_stage/subSecond/src/utils/precompiled_texture_manager.cu:321  行尾空白字符已删除  (规范条款 4.2)
[INFO]  /home/gadolinite/CASHIM_HL/subsecond/raytracedicom_pybind_stage/subSecond/src/utils/precompiled_texture_manager.cu:329  行尾空白字符已删除  (规范条款 4.2)
[INFO]  /home/gadolinite/CASHIM_HL/subsecond/raytracedicom_pybind_stage/subSecond/src/utils/precompiled_texture_manager.cu:331  NULL → nullptr  (规范条款 4.8.10)
[INFO]  /home/gadolinite/CASHIM_HL/subsecond/raytracedicom_pybind_stage/subSecond/src/utils/precompiled_texture_manager.cu:333  行尾空白字符已删除  (规范条款 4.2)
[INFO]  /home/gadolinite/CASHIM_HL/subsecond/raytracedicom_pybind_stage/subSecond/src/utils/precompiled_texture_manager.cu:341  行尾空白字符已删除  (规范条款 4.2)
[INFO]  /home/gadolinite/CASHIM_HL/subsecond/raytracedicom_pybind_stage/subSecond/src/utils/precompiled_texture_manager.cu:344  行尾空白字符已删除  (规范条款 4.2)
[INFO]  /home/gadolinite/CASHIM_HL/subsecond/raytracedicom_pybind_stage/subSecond/src/utils/precompiled_texture_manager.cu:345  行尾空白字符已删除  (规范条款 4.2)
[INFO]  /home/gadolinite/CASHIM_HL/subsecond/raytracedicom_pybind_stage/subSecond/src/utils/precompiled_texture_manager.cu:347  行尾空白字符已删除  (规范条款 4.2)
[INFO]  /home/gadolinite/CASHIM_HL/subsecond/raytracedicom_pybind_stage/subSecond/src/utils/precompiled_texture_manager.cu:350  行尾空白字符已删除  (规范条款 4.2)
[INFO]  /home/gadolinite/CASHIM_HL/subsecond/raytracedicom_pybind_stage/subSecond/src/utils/precompiled_texture_manager.cu:354  行尾空白字符已删除  (规范条款 4.2)
[INFO]  /home/gadolinite/CASHIM_HL/subsecond/raytracedicom_pybind_stage/subSecond/src/utils/precompiled_texture_manager.cu:361  行尾空白字符已删除  (规范条款 4.2)
[INFO]  /home/gadolinite/CASHIM_HL/subsecond/raytracedicom_pybind_stage/subSecond/src/utils/precompiled_texture_manager.cu:366  行尾空白字符已删除  (规范条款 4.2)
[INFO]  /home/gadolinite/CASHIM_HL/subsecond/raytracedicom_pybind_stage/subSecond/src/utils/precompiled_texture_manager.cu:372  行尾空白字符已删除  (规范条款 4.2)
[INFO]  /home/gadolinite/CASHIM_HL/subsecond/raytracedicom_pybind_stage/subSecond/src/utils/precompiled_texture_manager.cu:375  行尾空白字符已删除  (规范条款 4.2)
[INFO]  /home/gadolinite/CASHIM_HL/subsecond/raytracedicom_pybind_stage/subSecond/src/utils/precompiled_texture_manager.cu:383  行尾空白字符已删除  (规范条款 4.2)
[INFO]  /home/gadolinite/CASHIM_HL/subsecond/raytracedicom_pybind_stage/subSecond/src/utils/precompiled_texture_manager.cu:387  行尾空白字符已删除  (规范条款 4.2)
[INFO]  /home/gadolinite/CASHIM_HL/subsecond/raytracedicom_pybind_stage/subSecond/src/utils/precompiled_texture_manager.cu:392  行尾空白字符已删除  (规范条款 4.2)
[INFO]  /home/gadolinite/CASHIM_HL/subsecond/raytracedicom_pybind_stage/subSecond/src/utils/precompiled_texture_manager.cu:399  行尾空白字符已删除  (规范条款 4.2)
[INFO]  /home/gadolinite/CASHIM_HL/subsecond/raytracedicom_pybind_stage/subSecond/src/utils/precompiled_texture_manager.cu:404  行尾空白字符已删除  (规范条款 4.2)
[INFO]  /home/gadolinite/CASHIM_HL/subsecond/raytracedicom_pybind_stage/subSecond/src/utils/precompiled_texture_manager.cu:408  行尾空白字符已删除  (规范条款 4.2)
[INFO]  /home/gadolinite/CASHIM_HL/subsecond/raytracedicom_pybind_stage/subSecond/src/utils/precompiled_texture_manager.cu:415  行尾空白字符已删除  (规范条款 4.2)
[INFO]  /home/gadolinite/CASHIM_HL/subsecond/raytracedicom_pybind_stage/subSecond/src/utils/precompiled_texture_manager.cu:418  行尾空白字符已删除  (规范条款 4.2)
[INFO]  /home/gadolinite/CASHIM_HL/subsecond/raytracedicom_pybind_stage/subSecond/src/utils/precompiled_texture_manager.cu:418  指针/引用符号空格修正（两边都无空格 → 靠左形式）  (规范条款 4.2)
[INFO]  /home/gadolinite/CASHIM_HL/subsecond/raytracedicom_pybind_stage/subSecond/src/utils/precompiled_texture_manager.cu:423  行尾空白字符已删除  (规范条款 4.2)
[INFO]  /home/gadolinite/CASHIM_HL/subsecond/raytracedicom_pybind_stage/subSecond/src/utils/precompiled_texture_manager.cu:431  行尾空白字符已删除  (规范条款 4.2)
[INFO]  /home/gadolinite/CASHIM_HL/subsecond/raytracedicom_pybind_stage/subSecond/src/utils/precompiled_texture_manager.cu:436  行尾空白字符已删除  (规范条款 4.2)
[INFO]  /home/gadolinite/CASHIM_HL/subsecond/raytracedicom_pybind_stage/subSecond/src/utils/precompiled_texture_manager.cu:444  行尾空白字符已删除  (规范条款 4.2)
[INFO]  /home/gadolinite/CASHIM_HL/subsecond/raytracedicom_pybind_stage/subSecond/src/utils/precompiled_texture_manager.cu:445  NULL → nullptr  (规范条款 4.8.10)
[INFO]  /home/gadolinite/CASHIM_HL/subsecond/raytracedicom_pybind_stage/subSecond/src/utils/precompiled_texture_manager.cu:452  行尾空白字符已删除  (规范条款 4.2)
[INFO]  /home/gadolinite/CASHIM_HL/subsecond/raytracedicom_pybind_stage/subSecond/src/utils/precompiled_texture_manager.cu:456  行尾空白字符已删除  (规范条款 4.2)
[INFO]  /home/gadolinite/CASHIM_HL/subsecond/raytracedicom_pybind_stage/subSecond/src/utils/precompiled_texture_manager.cu:460  行尾空白字符已删除  (规范条款 4.2)
[INFO]  /home/gadolinite/CASHIM_HL/subsecond/raytracedicom_pybind_stage/subSecond/src/utils/precompiled_texture_manager.cu:470  行尾空白字符已删除  (规范条款 4.2)
[INFO]  /home/gadolinite/CASHIM_HL/subsecond/raytracedicom_pybind_stage/subSecond/src/utils/precompiled_texture_manager.cu:477  行尾空白字符已删除  (规范条款 4.2)
[INFO]  /home/gadolinite/CASHIM_HL/subsecond/raytracedicom_pybind_stage/subSecond/src/utils/precompiled_texture_manager.cu:481  行尾空白字符已删除  (规范条款 4.2)
[INFO]  /home/gadolinite/CASHIM_HL/subsecond/raytracedicom_pybind_stage/subSecond/src/utils/precompiled_texture_manager.cu:484  行尾空白字符已删除  (规范条款 4.2)
[INFO]  /home/gadolinite/CASHIM_HL/subsecond/raytracedicom_pybind_stage/subSecond/src/utils/precompiled_texture_manager.cu:486  行尾空白字符已删除  (规范条款 4.2)
[INFO]  /home/gadolinite/CASHIM_HL/subsecond/raytracedicom_pybind_stage/subSecond/src/utils/precompiled_texture_manager.cu:489  行尾空白字符已删除  (规范条款 4.2)
[WARN]  /home/gadolinite/CASHIM_HL/subsecond/raytracedicom_pybind_stage/subSecond/src/utils/precompiled_texture_manager.cu:496  疑似魔鬼数字，建议定义为具名常量 → 原行: hash ^= std::hash<int>()(dims.x) + 0x9e3779b9 + (hash << 6) + (hash >> 2);  (规范条款 4.8.1)
[WARN]  /home/gadolinite/CASHIM_HL/subsecond/raytracedicom_pybind_stage/subSecond/src/utils/precompiled_texture_manager.cu:497  疑似魔鬼数字，建议定义为具名常量 → 原行: hash ^= std::hash<int>()(dims.y) + 0x9e3779b9 + (hash << 6) + (hash >> 2);  (规范条款 4.8.1)
[WARN]  /home/gadolinite/CASHIM_HL/subsecond/raytracedicom_pybind_stage/subSecond/src/utils/precompiled_texture_manager.cu:498  疑似魔鬼数字，建议定义为具名常量 → 原行: hash ^= std::hash<int>()(dims.z) + 0x9e3779b9 + (hash << 6) + (hash >> 2);  (规范条款 4.8.1)
[WARN]  /home/gadolinite/CASHIM_HL/subsecond/raytracedicom_pybind_stage/subSecond/src/utils/precompiled_texture_manager.cu:499  疑似魔鬼数字，建议定义为具名常量 → 原行: hash ^= std::hash<int>()(filterMode) + 0x9e3779b9 + (hash << 6) + (hash >> 2);  (规范条款 4.8.1)
[WARN]  /home/gadolinite/CASHIM_HL/subsecond/raytracedicom_pybind_stage/subSecond/src/utils/precompiled_texture_manager.cu:500  疑似魔鬼数字，建议定义为具名常量 → 原行: hash ^= std::hash<int>()(addressMode) + 0x9e3779b9 + (hash << 6) + (hash >> 2);  (规范条款 4.8.1)
[INFO]  /home/gadolinite/CASHIM_HL/subsecond/raytracedicom_pybind_stage/subSecond/src/utils/precompiled_texture_manager.cu:501  行尾空白字符已删除  (规范条款 4.2)
[INFO]  /home/gadolinite/CASHIM_HL/subsecond/raytracedicom_pybind_stage/subSecond/src/utils/precompiled_texture_manager.cu:504  行尾空白字符已删除  (规范条款 4.2)
[INFO]  /home/gadolinite/CASHIM_HL/subsecond/raytracedicom_pybind_stage/subSecond/src/utils/precompiled_texture_manager.cu:508  行尾空白字符已删除  (规范条款 4.2)
[INFO]  /home/gadolinite/CASHIM_HL/subsecond/raytracedicom_pybind_stage/subSecond/src/utils/precompiled_texture_manager.cu:515  行尾空白字符已删除  (规范条款 4.2)
[INFO]  /home/gadolinite/CASHIM_HL/subsecond/raytracedicom_pybind_stage/subSecond/src/utils/precompiled_texture_manager.cu:517  行尾空白字符已删除  (规范条款 4.2)
[INFO]  /home/gadolinite/CASHIM_HL/subsecond/raytracedicom_pybind_stage/subSecond/src/utils/precompiled_texture_manager.cu:520  行尾空白字符已删除  (规范条款 4.2)
[INFO]  /home/gadolinite/CASHIM_HL/subsecond/raytracedicom_pybind_stage/subSecond/src/utils/precompiled_texture_manager.cu:525  行尾空白字符已删除  (规范条款 4.2)
[INFO]  /home/gadolinite/CASHIM_HL/subsecond/raytracedicom_pybind_stage/subSecond/src/utils/precompiled_texture_manager.cu:528  行尾空白字符已删除  (规范条款 4.2)
[INFO]  /home/gadolinite/CASHIM_HL/subsecond/raytracedicom_pybind_stage/subSecond/src/utils/precompiled_texture_manager.cu:532  行尾空白字符已删除  (规范条款 4.2)
[INFO]  /home/gadolinite/CASHIM_HL/subsecond/raytracedicom_pybind_stage/subSecond/src/utils/precompiled_texture_manager.cu:541  行尾空白字符已删除  (规范条款 4.2)
[INFO]  /home/gadolinite/CASHIM_HL/subsecond/raytracedicom_pybind_stage/subSecond/src/utils/precompiled_texture_manager.cu:549  行尾空白字符已删除  (规范条款 4.2)
[INFO]  /home/gadolinite/CASHIM_HL/subsecond/raytracedicom_pybind_stage/subSecond/src/utils/texture_optimized.cu:4  行尾空白字符已删除  (规范条款 4.2)
[INFO]  /home/gadolinite/CASHIM_HL/subsecond/raytracedicom_pybind_stage/subSecond/src/utils/texture_optimized.cu:19  行尾空白字符已删除  (规范条款 4.2)
[INFO]  /home/gadolinite/CASHIM_HL/subsecond/raytracedicom_pybind_stage/subSecond/src/utils/texture_optimized.cu:22  行尾空白字符已删除  (规范条款 4.2)
[INFO]  /home/gadolinite/CASHIM_HL/subsecond/raytracedicom_pybind_stage/subSecond/src/utils/texture_optimized.cu:25  行尾空白字符已删除  (规范条款 4.2)
[INFO]  /home/gadolinite/CASHIM_HL/subsecond/raytracedicom_pybind_stage/subSecond/src/utils/texture_optimized.cu:32  行尾空白字符已删除  (规范条款 4.2)
[WARN]  /home/gadolinite/CASHIM_HL/subsecond/raytracedicom_pybind_stage/subSecond/src/utils/texture_optimized.cu:35  疑似 C 风格类型转换，建议改为 C++ 风格 → 原行: copyParams.srcPtr = make_cudaPitchedPtr((void*)data, extent.width*sizeof(float), extent.width, extent.height);  (规范条款 4.8.3)
[INFO]  /home/gadolinite/CASHIM_HL/subsecond/raytracedicom_pybind_stage/subSecond/src/utils/texture_optimized.cu:39  行尾空白字符已删除  (规范条款 4.2)
[INFO]  /home/gadolinite/CASHIM_HL/subsecond/raytracedicom_pybind_stage/subSecond/src/utils/texture_optimized.cu:46  行尾空白字符已删除  (规范条款 4.2)
[INFO]  /home/gadolinite/CASHIM_HL/subsecond/raytracedicom_pybind_stage/subSecond/src/utils/texture_optimized.cu:49  行尾空白字符已删除  (规范条款 4.2)
[INFO]  /home/gadolinite/CASHIM_HL/subsecond/raytracedicom_pybind_stage/subSecond/src/utils/texture_optimized.cu:54  行尾空白字符已删除  (规范条款 4.2)
[INFO]  /home/gadolinite/CASHIM_HL/subsecond/raytracedicom_pybind_stage/subSecond/src/utils/texture_optimized.cu:62  行尾空白字符已删除  (规范条款 4.2)
[INFO]  /home/gadolinite/CASHIM_HL/subsecond/raytracedicom_pybind_stage/subSecond/src/utils/texture_optimized.cu:65  NULL → nullptr  (规范条款 4.8.10)
[INFO]  /home/gadolinite/CASHIM_HL/subsecond/raytracedicom_pybind_stage/subSecond/src/utils/texture_optimized.cu:71  行尾空白字符已删除  (规范条款 4.2)
[INFO]  /home/gadolinite/CASHIM_HL/subsecond/raytracedicom_pybind_stage/subSecond/src/utils/texture_optimized.cu:84  行尾空白字符已删除  (规范条款 4.2)
[INFO]  /home/gadolinite/CASHIM_HL/subsecond/raytracedicom_pybind_stage/subSecond/src/utils/texture_optimized.cu:87  行尾空白字符已删除  (规范条款 4.2)
[INFO]  /home/gadolinite/CASHIM_HL/subsecond/raytracedicom_pybind_stage/subSecond/src/utils/texture_optimized.cu:98  行尾空白字符已删除  (规范条款 4.2)
[WARN]  /home/gadolinite/CASHIM_HL/subsecond/raytracedicom_pybind_stage/subSecond/src/utils/texture_optimized.cu:102  疑似 C 风格类型转换，建议改为 C++ 风格 → 原行: copyParams.srcPtr = make_cudaPitchedPtr((void*)data, extent.width*sizeof(float), extent.width, extent.height);  (规范条款 4.8.3)
[INFO]  /home/gadolinite/CASHIM_HL/subsecond/raytracedicom_pybind_stage/subSecond/src/utils/texture_optimized.cu:106  行尾空白字符已删除  (规范条款 4.2)
[INFO]  /home/gadolinite/CASHIM_HL/subsecond/raytracedicom_pybind_stage/subSecond/src/utils/texture_optimized.cu:113  行尾空白字符已删除  (规范条款 4.2)
[INFO]  /home/gadolinite/CASHIM_HL/subsecond/raytracedicom_pybind_stage/subSecond/src/utils/texture_optimized.cu:115  行尾空白字符已删除  (规范条款 4.2)
[INFO]  /home/gadolinite/CASHIM_HL/subsecond/raytracedicom_pybind_stage/subSecond/src/utils/texture_optimized.cu:120  行尾空白字符已删除  (规范条款 4.2)
[INFO]  /home/gadolinite/CASHIM_HL/subsecond/raytracedicom_pybind_stage/subSecond/src/utils/texture_optimized.cu:128  行尾空白字符已删除  (规范条款 4.2)
[INFO]  /home/gadolinite/CASHIM_HL/subsecond/raytracedicom_pybind_stage/subSecond/src/utils/texture_optimized.cu:130  NULL → nullptr  (规范条款 4.8.10)
[INFO]  /home/gadolinite/CASHIM_HL/subsecond/raytracedicom_pybind_stage/subSecond/src/utils/texture_optimized.cu:136  行尾空白字符已删除  (规范条款 4.2)
[INFO]  /home/gadolinite/CASHIM_HL/subsecond/raytracedicom_pybind_stage/subSecond/src/utils/texture_pool.cu:4  行尾空白字符已删除  (规范条款 4.2)
[INFO]  /home/gadolinite/CASHIM_HL/subsecond/raytracedicom_pybind_stage/subSecond/src/utils/texture_pool.cu:55  行尾空白字符已删除  (规范条款 4.2)
[INFO]  /home/gadolinite/CASHIM_HL/subsecond/raytracedicom_pybind_stage/subSecond/src/utils/texture_pool.cu:61  行尾空白字符已删除  (规范条款 4.2)
[INFO]  /home/gadolinite/CASHIM_HL/subsecond/raytracedicom_pybind_stage/subSecond/src/utils/texture_pool.cu:66  行尾空白字符已删除  (规范条款 4.2)
[INFO]  /home/gadolinite/CASHIM_HL/subsecond/raytracedicom_pybind_stage/subSecond/src/utils/texture_pool.cu:70  行尾空白字符已删除  (规范条款 4.2)
[INFO]  /home/gadolinite/CASHIM_HL/subsecond/raytracedicom_pybind_stage/subSecond/src/utils/texture_pool.cu:75  行尾空白字符已删除  (规范条款 4.2)
[WARN]  /home/gadolinite/CASHIM_HL/subsecond/raytracedicom_pybind_stage/subSecond/src/utils/texture_pool.cu:79  疑似魔鬼数字，建议定义为具名常量 → 原行: {64, 64, 64},   // Small volume  (规范条款 4.8.1)
[WARN]  /home/gadolinite/CASHIM_HL/subsecond/raytracedicom_pybind_stage/subSecond/src/utils/texture_pool.cu:81  疑似魔鬼数字，建议定义为具名常量 → 原行: {256, 256, 256}, // Large volume  (规范条款 4.8.1)
[WARN]  /home/gadolinite/CASHIM_HL/subsecond/raytracedicom_pybind_stage/subSecond/src/utils/texture_pool.cu:82  疑似魔鬼数字，建议定义为具名常量 → 原行: {512, 512, 64},  // Wide volume  (规范条款 4.8.1)
[WARN]  /home/gadolinite/CASHIM_HL/subsecond/raytracedicom_pybind_stage/subSecond/src/utils/texture_pool.cu:83  疑似魔鬼数字，建议定义为具名常量 → 原行: {64, 512, 512}   // Tall volume  (规范条款 4.8.1)
[INFO]  /home/gadolinite/CASHIM_HL/subsecond/raytracedicom_pybind_stage/subSecond/src/utils/texture_pool.cu:85  行尾空白字符已删除  (规范条款 4.2)
[INFO]  /home/gadolinite/CASHIM_HL/subsecond/raytracedicom_pybind_stage/subSecond/src/utils/texture_pool.cu:90  行尾空白字符已删除  (规范条款 4.2)
[INFO]  /home/gadolinite/CASHIM_HL/subsecond/raytracedicom_pybind_stage/subSecond/src/utils/texture_pool.cu:94  行尾空白字符已删除  (规范条款 4.2)
[INFO]  /home/gadolinite/CASHIM_HL/subsecond/raytracedicom_pybind_stage/subSecond/src/utils/texture_pool.cu:97  行尾空白字符已删除  (规范条款 4.2)
[INFO]  /home/gadolinite/CASHIM_HL/subsecond/raytracedicom_pybind_stage/subSecond/src/utils/texture_pool.cu:104  行尾空白字符已删除  (规范条款 4.2)
[INFO]  /home/gadolinite/CASHIM_HL/subsecond/raytracedicom_pybind_stage/subSecond/src/utils/texture_pool.cu:111  行尾空白字符已删除  (规范条款 4.2)
[INFO]  /home/gadolinite/CASHIM_HL/subsecond/raytracedicom_pybind_stage/subSecond/src/utils/texture_pool.cu:115  行尾空白字符已删除  (规范条款 4.2)
[INFO]  /home/gadolinite/CASHIM_HL/subsecond/raytracedicom_pybind_stage/subSecond/src/utils/texture_pool.cu:119  行尾空白字符已删除  (规范条款 4.2)
[INFO]  /home/gadolinite/CASHIM_HL/subsecond/raytracedicom_pybind_stage/subSecond/src/utils/texture_pool.cu:122  行尾空白字符已删除  (规范条款 4.2)
[INFO]  /home/gadolinite/CASHIM_HL/subsecond/raytracedicom_pybind_stage/subSecond/src/utils/texture_pool.cu:123  行尾空白字符已删除  (规范条款 4.2)
[INFO]  /home/gadolinite/CASHIM_HL/subsecond/raytracedicom_pybind_stage/subSecond/src/utils/texture_pool.cu:124  行尾空白字符已删除  (规范条款 4.2)
[INFO]  /home/gadolinite/CASHIM_HL/subsecond/raytracedicom_pybind_stage/subSecond/src/utils/texture_pool.cu:132  行尾空白字符已删除  (规范条款 4.2)
[WARN]  /home/gadolinite/CASHIM_HL/subsecond/raytracedicom_pybind_stage/subSecond/src/utils/texture_pool.cu:133  疑似注释掉的代码，规范要求直接删除 → 原行: // Look for compatible size (larger)  (规范条款 4.3)
[INFO]  /home/gadolinite/CASHIM_HL/subsecond/raytracedicom_pybind_stage/subSecond/src/utils/texture_pool.cu:135  行尾空白字符已删除  (规范条款 4.2)
[INFO]  /home/gadolinite/CASHIM_HL/subsecond/raytracedicom_pybind_stage/subSecond/src/utils/texture_pool.cu:136  行尾空白字符已删除  (规范条款 4.2)
[INFO]  /home/gadolinite/CASHIM_HL/subsecond/raytracedicom_pybind_stage/subSecond/src/utils/texture_pool.cu:137  行尾空白字符已删除  (规范条款 4.2)
[INFO]  /home/gadolinite/CASHIM_HL/subsecond/raytracedicom_pybind_stage/subSecond/src/utils/texture_pool.cu:145  行尾空白字符已删除  (规范条款 4.2)
[INFO]  /home/gadolinite/CASHIM_HL/subsecond/raytracedicom_pybind_stage/subSecond/src/utils/texture_pool.cu:149  行尾空白字符已删除  (规范条款 4.2)
[INFO]  /home/gadolinite/CASHIM_HL/subsecond/raytracedicom_pybind_stage/subSecond/src/utils/texture_pool.cu:158  行尾空白字符已删除  (规范条款 4.2)
[SKIP]  /home/gadolinite/CASHIM_HL/subsecond/raytracedicom_pybind_stage/subSecond/src/utils/texture_pool.cu:160  行宽 122 > 120，需人工换行处理  (规范条款 4.2)
[INFO]  /home/gadolinite/CASHIM_HL/subsecond/raytracedicom_pybind_stage/subSecond/src/utils/texture_pool.cu:161  行尾空白字符已删除  (规范条款 4.2)
[INFO]  /home/gadolinite/CASHIM_HL/subsecond/raytracedicom_pybind_stage/subSecond/src/utils/texture_pool.cu:164  行尾空白字符已删除  (规范条款 4.2)
[SKIP]  /home/gadolinite/CASHIM_HL/subsecond/raytracedicom_pybind_stage/subSecond/src/utils/texture_pool.cu:166  行宽 130 > 120，需人工换行处理  (规范条款 4.2)
[INFO]  /home/gadolinite/CASHIM_HL/subsecond/raytracedicom_pybind_stage/subSecond/src/utils/texture_pool.cu:168  行尾空白字符已删除  (规范条款 4.2)
[INFO]  /home/gadolinite/CASHIM_HL/subsecond/raytracedicom_pybind_stage/subSecond/src/utils/texture_pool.cu:171  行尾空白字符已删除  (规范条款 4.2)
[INFO]  /home/gadolinite/CASHIM_HL/subsecond/raytracedicom_pybind_stage/subSecond/src/utils/texture_pool.cu:177  行尾空白字符已删除  (规范条款 4.2)
[INFO]  /home/gadolinite/CASHIM_HL/subsecond/raytracedicom_pybind_stage/subSecond/src/utils/texture_pool.cu:181  行尾空白字符已删除  (规范条款 4.2)
[SKIP]  /home/gadolinite/CASHIM_HL/subsecond/raytracedicom_pybind_stage/subSecond/src/utils/texture_pool.cu:183  行宽 140 > 120，需人工换行处理  (规范条款 4.2)
[INFO]  /home/gadolinite/CASHIM_HL/subsecond/raytracedicom_pybind_stage/subSecond/src/utils/texture_pool.cu:185  行尾空白字符已删除  (规范条款 4.2)
[INFO]  /home/gadolinite/CASHIM_HL/subsecond/raytracedicom_pybind_stage/subSecond/src/utils/texture_pool.cu:195  行尾空白字符已删除  (规范条款 4.2)
[INFO]  /home/gadolinite/CASHIM_HL/subsecond/raytracedicom_pybind_stage/subSecond/src/utils/texture_pool.cu:200  行尾空白字符已删除  (规范条款 4.2)
[INFO]  /home/gadolinite/CASHIM_HL/subsecond/raytracedicom_pybind_stage/subSecond/src/utils/texture_pool.cu:208  行尾空白字符已删除  (规范条款 4.2)
[INFO]  /home/gadolinite/CASHIM_HL/subsecond/raytracedicom_pybind_stage/subSecond/src/utils/texture_pool.cu:211  行尾空白字符已删除  (规范条款 4.2)
[SKIP]  /home/gadolinite/CASHIM_HL/subsecond/raytracedicom_pybind_stage/subSecond/src/utils/texture_pool.cu:216  行宽 121 > 120，需人工换行处理  (规范条款 4.2)
[WARN]  /home/gadolinite/CASHIM_HL/subsecond/raytracedicom_pybind_stage/subSecond/src/utils/texture_pool.cu:216  疑似 C 风格类型转换，建议改为 C++ 风格 → 原行: copyParams.srcPtr = make_cudaPitchedPtr((void*)srcData, extent.width*sizeof(float), extent.width, extent.height);  (规范条款 4.8.3)
[INFO]  /home/gadolinite/CASHIM_HL/subsecond/raytracedicom_pybind_stage/subSecond/src/utils/texture_pool.cu:220  行尾空白字符已删除  (规范条款 4.2)
[INFO]  /home/gadolinite/CASHIM_HL/subsecond/raytracedicom_pybind_stage/subSecond/src/utils/texture_pool.cu:223  行尾空白字符已删除  (规范条款 4.2)
[INFO]  /home/gadolinite/CASHIM_HL/subsecond/raytracedicom_pybind_stage/subSecond/src/utils/texture_pool.cu:228  行尾空白字符已删除  (规范条款 4.2)
[INFO]  /home/gadolinite/CASHIM_HL/subsecond/raytracedicom_pybind_stage/subSecond/src/utils/texture_pool.cu:233  行尾空白字符已删除  (规范条款 4.2)
[INFO]  /home/gadolinite/CASHIM_HL/subsecond/raytracedicom_pybind_stage/subSecond/src/utils/texture_pool.cu:239  行尾空白字符已删除  (规范条款 4.2)
[INFO]  /home/gadolinite/CASHIM_HL/subsecond/raytracedicom_pybind_stage/subSecond/src/utils/texture_pool.cu:246  行尾空白字符已删除  (规范条款 4.2)
[INFO]  /home/gadolinite/CASHIM_HL/subsecond/raytracedicom_pybind_stage/subSecond/src/utils/texture_pool.cu:251  行尾空白字符已删除  (规范条款 4.2)
[INFO]  /home/gadolinite/CASHIM_HL/subsecond/raytracedicom_pybind_stage/subSecond/src/utils/texture_pool.cu:254  行尾空白字符已删除  (规范条款 4.2)
[INFO]  /home/gadolinite/CASHIM_HL/subsecond/raytracedicom_pybind_stage/subSecond/src/utils/texture_pool.cu:255  行尾空白字符已删除  (规范条款 4.2)
[INFO]  /home/gadolinite/CASHIM_HL/subsecond/raytracedicom_pybind_stage/subSecond/src/utils/texture_pool.cu:257  行尾空白字符已删除  (规范条款 4.2)
[INFO]  /home/gadolinite/CASHIM_HL/subsecond/raytracedicom_pybind_stage/subSecond/src/utils/texture_pool.cu:259  行尾空白字符已删除  (规范条款 4.2)
[INFO]  /home/gadolinite/CASHIM_HL/subsecond/raytracedicom_pybind_stage/subSecond/src/utils/texture_ultra_optimized.cu:4  行尾空白字符已删除  (规范条款 4.2)
[WARN]  /home/gadolinite/CASHIM_HL/subsecond/raytracedicom_pybind_stage/subSecond/src/utils/texture_ultra_optimized.cu:18  C 风格头文件，建议改为 C++ 头文件（如 <cstdlib>）→ 原行: #include <string.h>  (规范条款 4.8.5)
[WARN]  /home/gadolinite/CASHIM_HL/subsecond/raytracedicom_pybind_stage/subSecond/src/utils/texture_ultra_optimized.cu:21  疑似注释掉的代码，规范要求直接删除 → 原行: // Simplified ultra-optimized texture creation (without pool for now)  (规范条款 4.3)
[INFO]  /home/gadolinite/CASHIM_HL/subsecond/raytracedicom_pybind_stage/subSecond/src/utils/texture_ultra_optimized.cu:26  行尾空白字符已删除  (规范条款 4.2)
[INFO]  /home/gadolinite/CASHIM_HL/subsecond/raytracedicom_pybind_stage/subSecond/src/utils/texture_ultra_optimized.cu:30  行尾空白字符已删除  (规范条款 4.2)
[INFO]  /home/gadolinite/CASHIM_HL/subsecond/raytracedicom_pybind_stage/subSecond/src/utils/texture_ultra_optimized.cu:37  行尾空白字符已删除  (规范条款 4.2)
[WARN]  /home/gadolinite/CASHIM_HL/subsecond/raytracedicom_pybind_stage/subSecond/src/utils/texture_ultra_optimized.cu:41  疑似注释掉的代码，规范要求直接删除 → 原行: // device data must use cudaMemcpyDeviceToDevice (or cudaMemcpyDefault with UVA).  (规范条款 4.3)
[WARN]  /home/gadolinite/CASHIM_HL/subsecond/raytracedicom_pybind_stage/subSecond/src/utils/texture_ultra_optimized.cu:62  疑似注释掉的代码，规范要求直接删除 → 原行: // If pointer type detection fails, treat as host pointer (conservative).  (规范条款 4.3)
[INFO]  /home/gadolinite/CASHIM_HL/subsecond/raytracedicom_pybind_stage/subSecond/src/utils/texture_ultra_optimized.cu:66  行尾空白字符已删除  (规范条款 4.2)
[WARN]  /home/gadolinite/CASHIM_HL/subsecond/raytracedicom_pybind_stage/subSecond/src/utils/texture_ultra_optimized.cu:69  疑似 C 风格类型转换，建议改为 C++ 风格 → 原行: copyParams.srcPtr = make_cudaPitchedPtr((void*)data, extent.width*sizeof(float), extent.width, extent.height);  (规范条款 4.8.3)
[INFO]  /home/gadolinite/CASHIM_HL/subsecond/raytracedicom_pybind_stage/subSecond/src/utils/texture_ultra_optimized.cu:73  行尾空白字符已删除  (规范条款 4.2)
[INFO]  /home/gadolinite/CASHIM_HL/subsecond/raytracedicom_pybind_stage/subSecond/src/utils/texture_ultra_optimized.cu:80  行尾空白字符已删除  (规范条款 4.2)
[INFO]  /home/gadolinite/CASHIM_HL/subsecond/raytracedicom_pybind_stage/subSecond/src/utils/texture_ultra_optimized.cu:85  行尾空白字符已删除  (规范条款 4.2)
[INFO]  /home/gadolinite/CASHIM_HL/subsecond/raytracedicom_pybind_stage/subSecond/src/utils/texture_ultra_optimized.cu:93  行尾空白字符已删除  (规范条款 4.2)
[INFO]  /home/gadolinite/CASHIM_HL/subsecond/raytracedicom_pybind_stage/subSecond/src/utils/texture_ultra_optimized.cu:95  NULL → nullptr  (规范条款 4.8.10)
[INFO]  /home/gadolinite/CASHIM_HL/subsecond/raytracedicom_pybind_stage/subSecond/src/utils/texture_ultra_optimized.cu:101  行尾空白字符已删除  (规范条款 4.2)
[INFO]  /home/gadolinite/CASHIM_HL/subsecond/raytracedicom_pybind_stage/subSecond/src/utils/texture_ultra_optimized.cu:107  行尾空白字符已删除  (规范条款 4.2)
[INFO]  /home/gadolinite/CASHIM_HL/subsecond/raytracedicom_pybind_stage/subSecond/src/utils/texture_ultra_optimized.cu:116  行尾空白字符已删除  (规范条款 4.2)
[INFO]  /home/gadolinite/CASHIM_HL/subsecond/raytracedicom_pybind_stage/subSecond/src/utils/texture_ultra_optimized.cu:125  行尾空白字符已删除  (规范条款 4.2)
[INFO]  /home/gadolinite/CASHIM_HL/subsecond/raytracedicom_pybind_stage/subSecond/src/utils/texture_ultra_optimized.cu:128  行尾空白字符已删除  (规范条款 4.2)
[INFO]  /home/gadolinite/CASHIM_HL/subsecond/raytracedicom_pybind_stage/subSecond/src/utils/texture_ultra_optimized.cu:132  行尾空白字符已删除  (规范条款 4.2)
[INFO]  /home/gadolinite/CASHIM_HL/subsecond/raytracedicom_pybind_stage/subSecond/src/utils/texture_ultra_optimized.cu:140  行尾空白字符已删除  (规范条款 4.2)
[INFO]  /home/gadolinite/CASHIM_HL/subsecond/raytracedicom_pybind_stage/subSecond/src/utils/texture_ultra_optimized.cu:143  指针/引用符号空格修正（两边都无空格 → 靠左形式）  (规范条款 4.2)
[INFO]  /home/gadolinite/CASHIM_HL/subsecond/raytracedicom_pybind_stage/subSecond/src/utils/texture_ultra_optimized.cu:147  行尾空白字符已删除  (规范条款 4.2)
[INFO]  /home/gadolinite/CASHIM_HL/subsecond/raytracedicom_pybind_stage/subSecond/src/utils/texture_ultra_optimized.cu:155  行尾空白字符已删除  (规范条款 4.2)
[INFO]  /home/gadolinite/CASHIM_HL/subsecond/raytracedicom_pybind_stage/subSecond/src/utils/texture_ultra_optimized.cu:160  行尾空白字符已删除  (规范条款 4.2)
[INFO]  /home/gadolinite/CASHIM_HL/subsecond/raytracedicom_pybind_stage/subSecond/src/utils/texture_ultra_optimized.cu:168  行尾空白字符已删除  (规范条款 4.2)
[INFO]  /home/gadolinite/CASHIM_HL/subsecond/raytracedicom_pybind_stage/subSecond/src/utils/texture_ultra_optimized.cu:170  NULL → nullptr  (规范条款 4.8.10)
[INFO]  /home/gadolinite/CASHIM_HL/subsecond/raytracedicom_pybind_stage/subSecond/src/utils/texture_ultra_optimized.cu:177  行尾空白字符已删除  (规范条款 4.2)
[INFO]  /home/gadolinite/CASHIM_HL/subsecond/raytracedicom_pybind_stage/subSecond/src/utils/texture_ultra_optimized.cu:180  行尾空白字符已删除  (规范条款 4.2)
[INFO]  /home/gadolinite/CASHIM_HL/subsecond/raytracedicom_pybind_stage/subSecond/src/utils/texture_ultra_optimized.cu:186  行尾空白字符已删除  (规范条款 4.2)
[INFO]  /home/gadolinite/CASHIM_HL/subsecond/raytracedicom_pybind_stage/subSecond/src/utils/utils.cu:82  NULL → nullptr  (规范条款 4.8.10)
[SKIP]  /home/gadolinite/CASHIM_HL/subsecond/raytracedicom_pybind_stage/subSecond/src/utils/utils.cu:102  行宽 121 > 120，需人工换行处理  (规范条款 4.2)
[INFO]  /home/gadolinite/CASHIM_HL/subsecond/raytracedicom_pybind_stage/subSecond/src/utils/utils.cu:112  行尾空白字符已删除  (规范条款 4.2)
[INFO]  /home/gadolinite/CASHIM_HL/subsecond/raytracedicom_pybind_stage/subSecond/src/utils/utils.cu:115  行尾空白字符已删除  (规范条款 4.2)
[INFO]  /home/gadolinite/CASHIM_HL/subsecond/raytracedicom_pybind_stage/subSecond/src/utils/utils.cu:129  行尾空白字符已删除  (规范条款 4.2)
[WARN]  /home/gadolinite/CASHIM_HL/subsecond/raytracedicom_pybind_stage/subSecond/src/utils/utils.cu:132  疑似 C 风格类型转换，建议改为 C++ 风格 → 原行: copyParams.srcPtr = make_cudaPitchedPtr((void*)data, extent.width*sizeof(float), extent.width, extent.height);  (规范条款 4.8.3)
[INFO]  /home/gadolinite/CASHIM_HL/subsecond/raytracedicom_pybind_stage/subSecond/src/utils/utils.cu:136  行尾空白字符已删除  (规范条款 4.2)
[INFO]  /home/gadolinite/CASHIM_HL/subsecond/raytracedicom_pybind_stage/subSecond/src/utils/utils.cu:143  行尾空白字符已删除  (规范条款 4.2)
[WARN]  /home/gadolinite/CASHIM_HL/subsecond/raytracedicom_pybind_stage/subSecond/src/utils/utils.cu:145  疑似魔鬼数字，建议定义为具名常量 → 原行: cudaTextureObject_t texObj = createTextureObjectFromArray(devArray, 3, filterMode, addressMode);  (规范条款 4.8.1)
[INFO]  /home/gadolinite/CASHIM_HL/subsecond/raytracedicom_pybind_stage/subSecond/src/utils/utils.cu:150  行尾空白字符已删除  (规范条款 4.2)
[INFO]  /home/gadolinite/CASHIM_HL/subsecond/raytracedicom_pybind_stage/subSecond/src/utils/utils.cu:161  行尾空白字符已删除  (规范条款 4.2)
[INFO]  /home/gadolinite/CASHIM_HL/subsecond/raytracedicom_pybind_stage/subSecond/src/utils/utils.cu:163  行尾空白字符已删除  (规范条款 4.2)
[INFO]  /home/gadolinite/CASHIM_HL/subsecond/raytracedicom_pybind_stage/subSecond/src/utils/utils.cu:176  行尾空白字符已删除  (规范条款 4.2)
[WARN]  /home/gadolinite/CASHIM_HL/subsecond/raytracedicom_pybind_stage/subSecond/src/utils/utils.cu:179  疑似 C 风格类型转换，建议改为 C++ 风格 → 原行: copyParams.srcPtr = make_cudaPitchedPtr((void*)data, dims.x * sizeof(float), dims.x, dims.y);  (规范条款 4.8.3)
[INFO]  /home/gadolinite/CASHIM_HL/subsecond/raytracedicom_pybind_stage/subSecond/src/utils/utils.cu:195  行尾空白字符已删除  (规范条款 4.2)
[INFO]  /home/gadolinite/CASHIM_HL/subsecond/raytracedicom_pybind_stage/subSecond/src/utils/utils.cu:206  行尾空白字符已删除  (规范条款 4.2)
[INFO]  /home/gadolinite/CASHIM_HL/subsecond/raytracedicom_pybind_stage/subSecond/src/utils/utils.cu:208  行尾空白字符已删除  (规范条款 4.2)
[INFO]  /home/gadolinite/CASHIM_HL/subsecond/raytracedicom_pybind_stage/subSecond/src/utils/utils.cu:221  行尾空白字符已删除  (规范条款 4.2)
[WARN]  /home/gadolinite/CASHIM_HL/subsecond/raytracedicom_pybind_stage/subSecond/src/utils/utils.cu:224  疑似 C 风格类型转换，建议改为 C++ 风格 → 原行: copyParams.srcPtr = make_cudaPitchedPtr((void*)data, size * sizeof(float), size, 1);  (规范条款 4.8.3)
[INFO]  /home/gadolinite/CASHIM_HL/subsecond/raytracedicom_pybind_stage/subSecond/src/utils/utils.cu:240  行尾空白字符已删除  (规范条款 4.2)
[INFO]  /home/gadolinite/CASHIM_HL/subsecond/raytracedicom_pybind_stage/subSecond/src/utils/utils.cu:335  行尾空白字符已删除  (规范条款 4.2)
[INFO]  /home/gadolinite/CASHIM_HL/subsecond/raytracedicom_pybind_stage/subSecond/src/utils/utils.cu:344  行尾空白字符已删除  (规范条款 4.2)
[INFO]  /home/gadolinite/CASHIM_HL/subsecond/raytracedicom_pybind_stage/subSecond/src/utils/utils.cu:347  指针/引用符号空格修正（两边都无空格 → 靠左形式）  (规范条款 4.2)
[INFO]  /home/gadolinite/CASHIM_HL/subsecond/raytracedicom_pybind_stage/subSecond/src/utils/utils.cu:360  行尾空白字符已删除  (规范条款 4.2)
[INFO]  /home/gadolinite/CASHIM_HL/subsecond/raytracedicom_pybind_stage/subSecond/src/utils/utils.cu:363  指针/引用符号空格修正（两边都无空格 → 靠左形式）  (规范条款 4.2)
[INFO]  /home/gadolinite/CASHIM_HL/subsecond/raytracedicom_pybind_stage/subSecond/src/utils/utils.cu:364  指针/引用符号空格修正（两边都无空格 → 靠左形式）  (规范条款 4.2)
[INFO]  /home/gadolinite/CASHIM_HL/subsecond/raytracedicom_pybind_stage/subSecond/src/utils/utils.cu:365  指针/引用符号空格修正（两边都无空格 → 靠左形式）  (规范条款 4.2)
