#meta,export_name,profile_data
#meta,original_variable,beam['profile_data']
#meta,shape,"(5, 800, 7)"
#meta,ndim,3
#meta,size,28000
#meta,export_mode,full
i,j,k,value
0,0,0,0.9916953902064278
0,0,1,0.003930442300968337
0,0,2,0.0043741674926038475
0,0,3,0.11839264358176839
0,0,4,9.182745678757767
0,0,5,44.855512580730085
0,0,6,1.003479649114471
0,1,0,0.9916953902064278
0,1,1,0.003930442300968337
0,1,2,0.0043741674926038475
0,1,3,0.11839264358176839
0,1,4,9.182745678757767
0,1,5,44.855512580730085
0,1,6,1.003479649114471
0,2,0,0.9916953902064278
0,2,1,0.003930442300968337
0,2,2,0.0043741674926038475
0,2,3,0.11839264358176839
0,2,4,9.182745678757767
0,2,5,44.855512580730085
0,2,6,1.003479649114471
0,3,0,0.9916953902064278
0,3,1,0.003930442300968337
0,3,2,0.0043741674926038475
0,3,3,0.11839264358176839
0,3,4,9.182745678757767
0,3,5,44.855512580730085
0,3,6,1.003479649114471
0,4,0,0.9916953902064278
0,4,1,0.003930442300968337
0,4,2,0.0043741674926038475
0,4,3,0.11839264358176839
0,4,4,9.182745678757767
0,4,5,44.855512580730085
0,4,6,1.003479649114471
0,5,0,0.9916953902064278
0,5,1,0.003930442300968337
0,5,2,0.0043741674926038475
0,5,3,0.11839264358176839
0,5,4,9.182745678757767
0,5,5,44.855512580730085
0,5,6,1.003479649114471
0,6,0,0.9916953902064278
0,6,1,0.003930442300968337
0,6,2,0.0043741674926038475
0,6,3,0.11839264358176839
0,6,4,9.182745678757767
0,6,5,44.855512580730085
0,6,6,1.003479649114471
0,7,0,0.9916953902064278
0,7,1,0.003930442300968337
0,7,2,0.0043741674926038475
0,7,3,0.11839264358176839
0,7,4,9.182745678757767
0,7,5,44.855512580730085
0,7,6,1.003479649114471
0,8,0,0.9916953902064278
0,8,1,0.003930442300968337
0,8,2,0.0043741674926038475
0,8,3,0.11839264358176839
0,8,4,9.182745678757767
0,8,5,44.855512580730085
0,8,6,1.003479649114471
0,9,0,0.9929438615919652
0,9,1,0.003399698252838489
0,9,2,0.0036564401551962946
0,9,3,0.12926292831079889
0,9,4,8.345608365240645
0,9,5,44.88550954598824
0,9,6,1.0045602544056609
0,10,0,0.9915507752727503
0,10,1,0.00452738191434722
0,10,2,0.003921842812902517
0,10,3,0.1578882417863804
0,10,4,8.496776635088834
0,10,5,44.97699618426531
0,10,6,1.0066586275926033
0,11,0,0.9899665166861155
0,11,1,0.005798113118047673
0,11,2,0.004235370195836963
0,11,3,0.17200705195307198
0,11,4,8.45353464065528
0,11,5,45.028758090326996
0,11,6,1.007686673030966
0,12,0,0.9885901024063234
0,12,1,0.006973731290301587
0,12,2,0.004436166303375078
0,12,3,0.16910423743014286
0,12,4,8.649107051976053
0,12,5,45.01775381286104
0,12,6,1.010597901489851
0,13,0,0.9868313009802887
0,13,1,0.008695268715928892
0,13,2,0.004473430303782462
0,13,3,0.18365866462737868
0,13,4,8.37587541158203
0,13,5,45.07479957242731
0,13,6,1.0098806748737597
0,14,0,0.9855460957642398
0,14,1,0.01003344909543756
0,14,2,0.004420455140322702
0,14,3,0.18971293739529344
0,14,4,8.469978849896
0,14,5,45.09980254818741
0,14,6,1.0106839829167829
0,15,0,0.9832659169541826
0,15,1,0.011916993053354431
0,15,2,0.004817089992462915
0,15,3,0.19502876908793798
0,15,4,8.215185493384913
0,15,5,45.12260885594128
0,15,6,1.0096633425110448
0,16,0,0.9805345933069669
0,16,1,0.014327026450422279
0,16,2,0.005138380242610777
0,16,3,0.1946261029312557
0,16,4,8.237469411222625
0,16,5,45.1207488354389
0,16,6,1.0092049407373551
0,17,0,0.9791690741084664
0,17,1,0.015605671648078624
0,17,2,0.0052252542434548886
0,17,3,0.20264919909955953
0,17,4,8.460134873908958
0,17,5,45.156602094227296
0,17,6,1.0091631389806923
0,18,0,0.977174944412748
0,18,1,0.017664244837237945
0,18,2,0.005160810750014111
0,18,3,0.203417749051349
0,18,4,8.601822469767336
0,18,5,45.15953136753279
0,18,6,1.0095221325652837
0,19,0,0.9752176733285594
0,19,1,0.019548919080611966
0,19,2,0.0052334075908286246
0,19,3,0.20012103527360822
0,19,4,8.71757658021756
0,19,5,45.14488787358884
0,19,6,1.0093143326001683
0,20,0,0.9729498362080178
0,20,1,0.021640863317956314
0,20,2,0.005409300474025911
0,20,3,0.2045212339557699
0,20,4,8.748632215575608
0,20,5,45.164536927648214
0,20,6,1.0085566814321278
0,21,0,0.9710620041122702
0,21,1,0.023251356727654444
0,21,2,0.005686639160075375
0,21,3,0.21273878709568156
0,21,4,8.857335408369472
0,21,5,45.20260284912366
0,21,6,1.008547461309405
0,22,0,0.9691530543253559
0,22,1,0.02500084576032177
0,22,2,0.005846099914322272
0,22,3,0.20957789481074293
0,22,4,9.213265902387592
0,22,5,45.18767737922513
0,22,6,1.0086928910872002
0,23,0,0.9672252144876257
0,23,1,0.026830895537454654
0,23,2,0.005943889974919648
0,23,3,0.21449798751905394
0,23,4,9.462095654497654
0,23,5,45.21078247157468
0,23,6,1.0086192487067513
0,24,0,0.9652052580295246
0,24,1,0.028695161101375873
0,24,2,0.006099580869099548
0,24,3,0.20624926781093142
0,24,4,9.53243631759901
0,24,5,45.17233233505094
0,24,6,1.0088182827852679
0,25,0,0.9634635120599497
0,25,1,0.030425584653949032
0,25,2,0.006110903286101227
0,25,3,0.22214021598262773
0,25,4,9.939488894095412
0,25,5,45.24782158023945
0,25,6,1.008891028026238
0,26,0,0.9614878498495624
0,26,1,0.03220469529251303
0,26,2,0.006307454857924546
0,26,3,0.22185345427719916
0,26,4,10.053885697473078
0,26,5,45.24628107522953
0,26,6,1.0087410232693779
0,27,0,0.9599910141548286
0,27,1,0.03361605006914992
0,27,2,0.006392935776021503
0,27,3,0.21383252393038782
0,27,4,10.243995340608956
0,27,5,45.20757287410511
0,27,6,1.0097229545447886
0,28,0,0.9582534967043964
0,28,1,0.03529561643493811
0,28,2,0.006450886860665468
0,28,3,0.2143505680434356
0,28,4,10.467703747349127
0,28,5,45.210076917248
0,28,6,1.009898501640285
0,29,0,0.9565566223141231
0,29,1,0.03645592813331652
0,29,2,0.006987449552560449
0,29,3,0.2227725529687747
0,29,4,10.455481139484238
0,29,5,45.25080416958877
0,29,6,1.00957258214254
0,30,0,0.9548788009854908
0,30,1,0.038176014981624914
0,30,2,0.006945184032884293
0,30,3,0.2268814816600847
0,30,4,10.694566880449464
0,30,5,45.27120066650614
0,30,6,1.0095247184334306
0,31,0,0.9528481875152756
0,31,1,0.04020049606371928
0,31,2,0.006951316421005159
0,31,3,0.23553398973640036
0,31,4,10.862984736729475
0,31,5,45.315427648562256
0,31,6,1.009054625560282
0,32,0,0.951818144348312
0,32,1,0.04124653941180764
0,32,2,0.006935316239880334
0,32,3,0.2278899965870563
0,32,4,11.150035853609939
0,32,5,45.276247504327394
0,32,6,1.0099456947096572
0,33,0,0.9504936969782569
0,33,1,0.04243529620791362
0,33,2,0.007071006813829552
0,33,3,0.22825612756321384
0,33,4,11.336999512095527
0,33,5,45.278046023822355
0,33,6,1.0108911284736837
0,34,0,0.9486873882459224
0,34,1,0.04413812384774363
0,34,2,0.007174487906334076
0,34,3,0.23834828822312204
0,34,4,11.472210800159004
0,34,5,45.33004865853088
0,34,6,1.0096705177549263
0,35,0,0.9471650897511266
0,35,1,0.045409757321487436
0,35,2,0.007425152927386004
0,35,3,0.2292728924306922
0,35,4,11.625605453335828
0,35,5,45.28318401889096
0,35,6,1.0110329537370275
0,36,0,0.9457588186554569
0,36,1,0.04645668326832732
0,36,2,0.007784498076215836
0,36,3,0.23479316820508364
0,36,4,11.729762364602921
0,36,5,45.31151439922539
0,36,6,1.0104314503032181
0,37,0,0.9455580300638706
0,37,1,0.04667575137211686
0,37,2,0.00776621856401252
0,37,3,0.2365620244886537
0,37,4,11.76020816783669
0,37,5,45.320676923241095
0,37,6,1.0103421230415337
0,38,0,0.9438661053348218
0,38,1,0.04807670079714575
0,38,2,0.008057193868032487
0,38,3,0.24096401882179683
0,38,4,12.02531151009384
0,38,5,45.34396194659006
0,38,6,1.011179348942003
0,39,0,0.9422187316768342
0,39,1,0.049890572213195095
0,39,2,0.00789069610997067
0,39,3,0.23976793197189958
0,39,4,12.277933214534196
0,39,5,45.33751350949237
0,39,6,1.0118990088846929
0,40,0,0.9406605552434274
0,40,1,0.051260158747184745
0,40,2,0.00807928600938794
0,40,3,0.24882201333708207
0,40,4,12.410683387201095
0,40,5,45.386258442082664
0,40,6,1.0108944784934757
0,41,0,0.9393147923452152
0,41,1,0.05235224829905506
0,41,2,0.008332959355729697
0,41,3,0.2429364068764056
0,41,4,12.565629623154965
0,41,5,45.35436160751227
0,41,6,1.0118095035798411
0,42,0,0.9372914877034131
0,42,1,0.05392130952479752
0,42,2,0.008787202771789359
0,42,3,0.24776171654317616
0,42,4,12.605646316148684
0,42,5,45.3805378973133
0,42,6,1.0113559033780857
0,43,0,0.936428558357552
0,43,1,0.05490374448763621
0,43,2,0.00866769715481171
0,43,3,0.24775933496480565
0,43,4,12.823909200272745
0,43,5,45.38049047830134
0,43,6,1.0114975633719165
0,44,0,0.9348688846764965
0,44,1,0.056439478354319575
0,44,2,0.008691636969183904
0,44,3,0.24828113043423627
0,44,4,13.006691305186544
0,44,5,45.383479059834954
0,44,6,1.0122267728070253
0,45,0,0.9333534058878424
0,45,1,0.05748699221310448
0,45,2,0.009159601899053134
0,45,3,0.25625903447009574
0,45,4,13.159047799522408
0,45,5,45.427701711188476
0,45,6,1.0119564270930166
0,46,0,0.9323998668271996
0,46,1,0.0586435961577098
0,46,2,0.008956537015090731
0,46,3,0.25756324095771743
0,46,4,13.335499871588567
0,46,5,45.43504359711261
0,46,6,1.0123572355656203
0,47,0,0.9314589544279707
0,47,1,0.059723092981459766
0,47,2,0.008817952590569444
0,47,3,0.26059927174298975
0,47,4,13.572528245697228
0,47,5,45.45234692807443
0,47,6,1.0128672249897908
0,48,0,0.9301069736788822
0,48,1,0.06118117153456633
0,48,2,0.008711854786551546
0,48,3,0.2655886029416687
0,48,4,13.775543068554715
0,48,5,45.48126219362004
0,48,6,1.0130458975265175
0,49,0,0.928376673735011
0,49,1,0.062400502547812084
0,49,2,0.009222823717176882
0,49,3,0.26610816007718124
0,49,4,13.817099662343375
0,49,5,45.48421361181252
0,49,6,1.0132042819510567
0,50,0,0.9270567846354549
0,50,1,0.06350916238606137
0,50,2,0.009434052978483695
0,50,3,0.2762119924638332
0,50,4,13.994073789063332
0,50,5,45.54441084628518
0,50,6,1.0126374210470432
0,51,0,0.925562842305317
0,51,1,0.06460975667083944
0,51,2,0.00982740102384346
0,51,3,0.27559233518167947
0,51,4,14.093025849468859
0,51,5,45.540697717713435
0,51,6,1.0129098301731096
0,52,0,0.924388423287636
0,52,1,0.06563397252474619
0,52,2,0.009977604187617815
0,52,3,0.27582960656154576
0,52,4,14.268821476993383
0,52,5,45.5421511426001
0,52,6,1.0136798078200877
0,53,0,0.9230522940872685
0,53,1,0.06656356032974461
0,53,2,0.010384145582986873
0,53,3,0.2800537494569935
0,53,4,14.404984106057528
0,53,5,45.56811298921349
0,53,6,1.0138295318343946
0,54,0,0.9218953379659137
0,54,1,0.06770477702339893
0,54,2,0.010399885010687344
0,54,3,0.2832117688573001
0,54,4,14.614175913426905
0,54,5,45.58741805349311
0,54,6,1.014208465905421
0,55,0,0.9203022195953482
0,55,1,0.06899712289208382
0,55,2,0.01070065751256791
0,55,3,0.28963529229545903
0,55,4,14.756907521646774
0,55,5,45.62779615863044
0,55,6,1.0134318702942666
0,56,0,0.919364838584002
0,56,1,0.06996653609151135
0,56,2,0.01066862532448672
0,56,3,0.292619806417835
0,56,4,14.806145895351055
0,56,5,45.646756942311214
0,56,6,1.01418860917645
0,57,0,0.9178945252042999
0,57,1,0.0707434816128267
0,57,2,0.011361993182873419
0,57,3,0.3007859279352518
0,57,4,14.918043466684558
0,57,5,45.699822880786584
0,57,6,1.014092356654511
0,58,0,0.916882471193232
0,58,1,0.07192966553697934
0,58,2,0.011187863269788647
0,58,3,0.29950982690708233
0,58,4,15.122886569683047
0,58,5,45.69142860604098
0,58,6,1.015123672205407
0,59,0,0.9159289319092209
0,59,1,0.07294309328247708
0,59,2,0.011127974808301987
0,59,3,0.302505533850704
0,59,4,15.301609253676034
0,59,5,45.71144249903377
0,59,6,1.0147997049498885
0,60,0,0.9151768841950172
0,60,1,0.07356873828055469
0,60,2,0.011254377524428122
0,60,3,0.3073890548177592
0,60,4,15.537693057099396
0,60,5,45.74376814533838
0,60,6,1.0150054151963863
0,61,0,0.9134278912088762
0,61,1,0.07482729700918606
0,61,2,0.011744811781937713
0,61,3,0.313238527410767
0,61,4,15.635587665542642
0,61,5,45.78343019855871
0,61,6,1.0158698388546898
0,62,0,0.912705309418069
0,62,1,0.07580949602316356
0,62,2,0.01148519455876741
0,62,3,0.31290840914495904
0,62,4,15.87424052870945
0,62,5,45.781292953032974
0,62,6,1.0161429654588394
0,63,0,0.9110077767940346
0,63,1,0.07688963802196215
0,63,2,0.012102585184003286
0,63,3,0.31842251534768384
0,63,4,15.887562256121267
0,63,5,45.8193555131197
0,63,6,1.0156593724262777
0,64,0,0.9093985697881861
0,64,1,0.07791313545830603
0,64,2,0.01268829475350777
0,64,3,0.32005942019101197
0,64,4,15.926517493760041
0,64,5,45.83081989342198
0,64,6,1.015935825194095
0,65,0,0.9080291851476422
0,65,1,0.07913436847903454
0,65,2,0.01283644637332333
0,65,3,0.3238679908963642
0,65,4,16.027688735437803
0,65,5,45.857396790551554
0,65,6,1.0161254107659872
0,66,0,0.907441966812639
0,66,1,0.07936875239496502
0,66,2,0.01318928079239598
0,66,3,0.3309540670057474
0,66,4,16.147060637442046
0,66,5,45.908055344673016
0,66,6,1.0165979278664736
0,67,0,0.9063215450539981
0,67,1,0.07980196900806305
0,67,2,0.013876485937938898
0,67,3,0.33136464962211476
0,67,4,16.0511074794453
0,67,5,45.26982598168935
0,67,6,1.0163523961832346
0,68,0,0.9054689720442007
0,68,1,0.08072330099457165
0,68,2,0.013807726961227578
0,68,3,0.3333742266054504
0,68,4,16.382709305479445
0,68,5,45.92632564020529
0,68,6,1.0173353521575061
0,69,0,0.9045346834333428
0,69,1,0.08171352076371582
0,69,2,0.013751795802941391
0,69,3,0.34131352235240475
0,69,4,16.594478713482676
0,69,5,45.98382557928275
0,69,6,1.0170197982438454
0,70,0,0.9029064676122852
0,70,1,0.08294579042237357
0,70,2,0.014147741965341291
0,70,3,0.34707163560736926
0,70,4,16.689440573880997
0,70,5,45.88103935588753
0,70,6,1.0169485242455443
0,71,0,0.9017265677605497
0,71,1,0.08329842441997909
0,71,2,0.01497500781947109
0,71,3,0.3484607460708975
0,71,4,16.461797439056852
0,71,5,45.52588474588313
0,71,6,1.017644910003525
0,72,0,0.9011772872166235
0,72,1,0.08375203932588945
0,72,2,0.015070673457487065
0,72,3,0.35267935634884595
0,72,4,16.723041413983676
0,72,5,45.25922593621492
0,72,6,1.017440278857483
0,73,0,0.899867541675358
0,73,1,0.08490417313220375
0,73,2,0.01522828519243816
0,73,3,0.3596047222763824
0,73,4,16.783132691180388
0,73,5,45.28579572041819
0,73,6,1.0177225088059005
0,74,0,0.8987082411269733
0,74,1,0.08535327236715338
0,74,2,0.015938486505873185
0,74,3,0.36677705607601985
0,74,4,16.842868836866508
0,74,5,45.31313637105851
0,74,6,1.0173306213922129
0,75,0,0.8977641133057529
0,75,1,0.0859458790672683
0,75,2,0.01629000762697885
0,75,3,0.36759914948180505
0,75,4,16.90262909593386
0,75,5,45.34133139256063
0,75,6,1.0178282962988665
0,76,0,0.8971405081923602
0,76,1,0.0863549324281885
0,76,2,0.016504559379451212
0,76,3,0.37481051072349947
0,76,4,16.96183575207725
0,76,5,45.37038799089116
0,76,6,1.017931251508926
0,77,0,0.8959705889277262
0,77,1,0.08684539058722814
0,77,2,0.01718402048504563
0,77,3,0.37882558110215786
0,77,4,17.020762364830595
0,77,5,45.40029737908603
0,77,6,1.018079848227578
0,78,0,0.8945501016530089
0,78,1,0.08801155995890213
0,78,2,0.017438338388089038
0,78,3,0.38217103817880627
0,78,4,17.079736015519728
0,78,5,45.431059974714195
0,78,6,1.0188351440528687
0,79,0,0.8933038261539819
0,79,1,0.08921147493089171
0,79,2,0.017484698915126422
0,79,3,0.38853865053781417
0,79,4,17.138202828643816
0,79,5,45.46268197010741
0,79,6,1.018603256935893
0,80,0,0.8928064166531886
0,80,1,0.08917956028593994
0,80,2,0.01801402306087144
0,80,3,0.39455452604870433
0,80,4,17.196118890793834
0,80,5,45.49530149867094
0,80,6,1.0191876961876296
0,81,0,0.8920420345007412
0,81,1,0.08976822710069018
0,81,2,0.018189738398568654
0,81,3,0.40177591153705405
0,81,4,17.431646547947384
0,81,5,45.471722217898744
0,81,6,1.0191156251295883
0,82,0,0.8907295129104649
0,82,1,0.09034982281057423
0,82,2,0.018920664278960938
0,82,3,0.4017287318661407
0,82,4,17.489388511682996
0,82,5,45.49587715686283
0,82,6,1.019322283952224
0,83,0,0.8894957391515889
0,83,1,0.09086345013500116
0,83,2,0.01964081071341004
0,83,3,0.41191352199331566
0,83,4,17.537664058483617
0,83,5,45.36419933171703
0,83,6,1.0190213430358914
0,84,0,0.888695167266403
0,84,1,0.09186305667022857
0,84,2,0.01944177606336859
0,84,3,0.4175132746341335
0,84,4,17.539246273688978
0,84,5,45.17979668245894
0,84,6,1.0188595392794637
0,85,0,0.8875388921532089
0,85,1,0.09261383825842937
0,85,2,0.01984726958836174
0,85,3,0.4257608467581608
0,85,4,17.596317629093274
0,85,5,45.204868812251135
0,85,6,1.018490119618326
0,86,0,0.8867403669183639
0,86,1,0.09304179590969268
0,86,2,0.020217837171943427
0,86,3,0.4274007925815547
0,86,4,17.653322184728193
0,86,5,45.23009046534412
0,86,6,1.0191623841100983
0,87,0,0.8856553080595617
0,87,1,0.09384996471051837
0,87,2,0.02049472722991991
0,87,3,0.4320036683205619
0,87,4,17.81157947195396
0,87,5,45.391041854409075
0,87,6,1.0191481067608545
0,88,0,0.884647512924648
0,88,1,0.0924513400868864
0,88,2,0.022901146988465643
0,88,3,0.4363212398993165
0,88,4,17.173300083974244
0,88,5,44.738557657851345
0,88,6,1.018791860337627
0,89,0,0.8843033288629435
0,89,1,0.09266428266753134
0,89,2,0.023032388469525145
0,89,3,0.4444651051754784
0,89,4,17.557984506509435
0,89,5,44.68375037586322
0,89,6,1.0184241270937924
0,90,0,0.8834585376668678
0,90,1,0.09320800600266525
0,90,2,0.023333456330467003
0,90,3,0.44935614910529925
0,90,4,17.610209073033378
0,90,5,44.562625125553915
0,90,6,1.018925174981049
0,91,0,0.8826077494797464
0,91,1,0.09386595311631378
0,91,2,0.02352629740393977
0,91,3,0.45506774054437366
0,91,4,17.667365077003854
0,91,5,44.58487690700625
0,91,6,1.0189802002539308
0,92,0,0.8815326956656897
0,92,1,0.09448456774994546
0,92,2,0.023982736584364846
0,92,3,0.4597340589970921
0,92,4,17.72399197184399
0,92,5,44.607172622836664
0,92,6,1.0197874865421452
0,93,0,0.880948589905389
0,93,1,0.09506676862978822
0,93,2,0.023984641464822785
0,93,3,0.4672028439354873
0,93,4,17.780510174487976
0,93,5,44.62943351023266
0,93,6,1.0193403565114592
0,94,0,0.8800548082218358
0,94,1,0.09557840341240091
0,94,2,0.024366788365763295
0,94,3,0.4728497403540763
0,94,4,17.83678331588819
0,94,5,44.6517739019524
0,94,6,1.0196212606499653
0,95,0,0.8791401250919703
0,95,1,0.09561772157499654
0,95,2,0.025242153333033136
0,95,3,0.4779101605410811
0,95,4,17.78460799114474
0,95,5,44.67101673827936
0,95,6,1.0189980110698398
0,96,0,0.8782421099066956
0,96,1,0.09607460610131882
0,96,2,0.02568328399198557
0,96,3,0.48446026288721894
0,96,4,17.840856929907524
0,96,5,44.693333575733845
0,96,6,1.0198330379574916
0,97,0,0.8776781471976949
0,97,1,0.09619808412147893
0,97,2,0.026123768680826234
0,97,3,0.49032402807553743
0,97,4,17.897014919784297
0,97,5,44.71558538341401
0,97,6,1.0195444907950844
0,98,0,0.8761465619384812
0,98,1,0.09660467664922968
0,98,2,0.027248761412289137
0,98,3,0.4967049036935832
0,98,4,17.96360185110665
0,98,5,44.74179478070755
0,98,6,1.0195064446373707
0,99,0,0.8756960532451075
0,99,1,0.0971751434378712
0,99,2,0.02712880331702135
0,99,3,0.5056762410763702
0,99,4,18.019718178676982
0,99,5,44.76402394438192
0,99,6,1.0195619680423376
0,100,0,0.8750476533150408
0,100,1,0.09713237146083797
0,100,2,0.027819975224121316
0,100,3,0.5115386327793284
0,100,4,18.075427285850857
0,100,5,44.78627151072789
0,100,6,1.0200827864334394
0,101,0,0.8739601588676217
0,101,1,0.09797413069671665
0,101,2,0.02806571043566166
0,101,3,0.5143158135581811
0,101,4,18.13120984982809
0,101,5,44.80855511898476
0,101,6,1.019423289122097
0,102,0,0.8730852713631435
0,102,1,0.09808526815035326
0,102,2,0.028829460486503252
0,102,3,0.522984736380505
0,102,4,17.76915686195863
0,102,5,44.86670567124404
0,102,6,1.0190410571037423
0,103,0,0.8717361798109883
0,103,1,0.09876740290651474
0,103,2,0.029496417282496943
0,103,3,0.5293086254389326
0,103,4,17.82489127306902
0,103,5,44.88905410473648
0,103,6,1.0197621927163816
0,104,0,0.8712941550620814
0,104,1,0.09854165077989563
0,104,2,0.03016419415802286
0,104,3,0.5360813730254776
0,104,4,17.880617777460966
0,104,5,44.911334315357735
0,104,6,1.0193454466767364
0,105,0,0.8702599055625275
0,105,1,0.09100600847232543
0,105,2,0.03873408596514712
0,105,3,0.5399953100075517
0,105,4,16.21027474643746
0,105,5,42.27806190647189
0,105,6,1.016648270949751
0,106,0,0.8694031781421343
0,106,1,0.09179452223163174
0,106,2,0.038802299626233966
0,106,3,0.5467853541072458
0,106,4,16.271888110881697
0,106,5,42.30147421001546
0,106,6,1.0168181898893471
0,107,0,0.8689951116941913
0,107,1,0.09127006369224255
0,107,2,0.0397348246135661
0,107,3,0.5523452573751887
0,107,4,16.33313614455213
0,107,5,42.32498932747841
0,107,6,1.0173944347693855
0,108,0,0.8678419853500635
0,108,1,0.09187719289562928
0,108,2,0.04028082175430718
0,108,3,0.5590203660447851
0,108,4,16.39450166732848
0,108,5,42.34838139859792
0,108,6,1.0174025620481029
0,109,0,0.8670300087705064
0,109,1,0.08910132250908534
0,109,2,0.04386866872040826
0,109,3,0.5635731805135444
0,109,4,15.446433978141098
0,109,5,41.98180361991406
0,109,6,1.0153560364476026
0,110,0,0.8670284519586519
0,110,1,0.08919187740967716
0,110,2,0.04377967063167103
0,110,3,0.5655261675840725
0,110,4,15.458358674240667
0,110,5,41.9858821718356
0,110,6,1.0152942609411921
0,111,0,0.8658814419389903
0,111,1,0.08967643725105012
0,111,2,0.04444212080995961
0,111,3,0.571091378008344
0,111,4,15.52245815385719
0,111,5,42.00960098492039
0,111,6,1.015468844316423
0,112,0,0.8654967713563078
0,112,1,0.08958769313263362
0,112,2,0.04491553551105866
0,112,3,0.5790992818035577
0,112,4,15.586454678484763
0,112,5,42.033366730662955
0,112,6,1.0157481919728246
0,113,0,0.8647492946111185
0,113,1,0.08980952710363957
0,113,2,0.04544117828524199
0,113,3,0.5865825377617666
0,113,4,15.662014174304574
0,113,5,42.06116061439379
0,113,6,1.0161065413650023
0,114,0,0.8636210678037922
0,114,1,0.08975869973944861
0,114,2,0.04662023245675918
0,114,3,0.595138361234085
0,114,4,15.601379130794456
0,114,5,42.08393162329934
0,114,6,1.0155401923866823
0,115,0,0.8627855413070249
0,115,1,0.08861794908795265
0,115,2,0.04859650960502239
0,115,3,0.600600207708071
0,115,4,15.113618222779262
0,115,5,42.10913727968357
0,115,6,1.0151177657516033
0,116,0,0.8618446882877918
0,116,1,0.08916380850612221
0,116,2,0.048991503206085925
0,116,3,0.6074098726436081
0,116,4,15.634394747072358
0,116,5,41.989394017690884
0,116,6,1.0157414690192548
0,117,0,0.8614615523420188
0,117,1,0.08802175464375665
0,117,2,0.050516693014224553
0,117,3,0.6138848398280826
0,117,4,15.41891407778743
0,117,5,41.763343758718214
0,117,6,1.0156689320144847
0,118,0,0.8605645961187776
0,118,1,0.08866710049794155
0,118,2,0.050768303383280956
0,118,3,0.6211801385065382
0,118,4,15.484160203888402
0,118,5,41.78705708962155
0,118,6,1.015506979452353
0,119,0,0.8600858659642934
0,119,1,0.08736141119954455
0,119,2,0.052552722836162
0,119,3,0.6309371818667626
0,119,4,14.90233427816484
0,119,5,41.789899394584836
0,119,6,1.0139215762763936
0,120,0,0.8597641703602099
0,120,1,0.08687511746733981
0,120,2,0.05336071217245021
0,120,3,0.6381927335114689
0,120,4,14.814013226323679
0,120,5,41.79630338564339
0,120,6,1.01404355495269
0,121,0,0.8585244332905752
0,121,1,0.08658684496315293
0,121,2,0.054888721746272004
0,121,3,0.643542917340832
0,121,4,14.881088722901508
0,121,5,41.82015959521659
0,121,6,1.014730900352015
0,122,0,0.8581188321554573
0,122,1,0.08685728553385771
0,122,2,0.05502388231068508
0,122,3,0.6493254850611432
0,122,4,14.948493437458438
0,122,5,41.84392561707953
0,122,6,1.0151988961892435
0,123,0,0.857114902634107
0,123,1,0.08580046169198471
0,123,2,0.05708463567390846
0,123,3,0.6547578526776684
0,123,4,14.403589850099706
0,123,5,41.83037967587054
0,123,6,1.0137560126134229
0,124,0,0.8565326475950515
0,124,1,0.08518163135178511
0,124,2,0.05828572105316334
0,124,3,0.666281496746848
0,124,4,14.541621994610395
0,124,5,41.458472073129954
0,124,6,1.013822335523201
0,125,0,0.8560220424438643
0,125,1,0.08462072576975906
0,125,2,0.059357231786376634
0,125,3,0.6714618193295491
0,125,4,14.444332534010009
0,125,5,41.31770401355812
0,125,6,1.0142485561807069
0,126,0,0.8551185478842643
0,126,1,0.08327812928510996
0,126,2,0.06160332283062564
0,126,3,0.6795388904768593
0,126,4,13.90938084358154
0,126,5,41.339948162170295
0,126,6,1.0126502340963304
0,127,0,0.8542837407342951
0,127,1,0.08345548973585751
0,127,2,0.06226076952984746
0,127,3,0.6866289648820376
0,127,4,13.980784019639778
0,127,5,41.36405659873593
0,127,6,1.013078417973111
0,128,0,0.8534994936598815
0,128,1,0.08281137364030547
0,128,2,0.06368913269981297
0,128,3,0.6964420238909558
0,128,4,13.956434145566465
0,128,5,41.39741362421193
0,128,6,1.0133355242384459
0,129,0,0.8527065803307642
0,129,1,0.08317841226263926
0,129,2,0.06411500740659655
0,129,3,0.7004013011610395
0,129,4,14.028238541968992
0,129,5,41.421376696772
0,129,6,1.0141920718046085
0,130,0,0.8521645699764523
0,130,1,0.08210098424582937
0,130,2,0.06573444577771839
0,130,3,0.7096451836151747
0,130,4,13.550814565244883
0,130,5,41.4209083853196
0,130,6,1.0124283995849157
0,131,0,0.8512652250904478
0,131,1,0.08218963060662834
0,131,2,0.06654514430292391
0,131,3,0.7185028953316017
0,131,4,13.524403497606954
0,131,5,41.45326598806836
0,131,6,1.0124259227748043
0,132,0,0.8504984083508941
0,132,1,0.08207123268763378
0,132,2,0.06743035896147213
0,132,3,0.7279138878195323
0,132,4,13.597735043994405
0,132,5,41.47728407161236
0,132,6,1.0124236683609182
0,133,0,0.8498249483941134
0,133,1,0.08293948435495226
0,133,2,0.06723556725093446
0,133,3,0.7359351604821909
0,133,4,13.781105668287491
0,133,5,41.49745960489652
0,133,6,1.013215216412922
0,134,0,0.8492094628024826
0,134,1,0.08133902787159097
0,134,2,0.06945150932592638
0,134,3,0.7393971703247828
0,134,4,13.204163745425639
0,134,5,41.515309588570965
0,134,6,1.0119490806887002
0,135,0,0.8484965094234505
0,135,1,0.08155153343730351
0,135,2,0.06995195713924596
0,135,3,0.7490909058363269
0,135,4,13.279086160136426
0,135,5,41.53934901286543
0,135,6,1.0124637581273541
0,136,0,0.8478788243137269
0,136,1,0.08179294486335094
0,136,2,0.07032823082292224
0,136,3,0.7558639426154877
0,136,4,13.353884781320152
0,136,5,41.56330987313549
0,136,6,1.0128175590158017
0,137,0,0.8471990725584073
0,137,1,0.08253849040729266
0,137,2,0.07026243703429993
0,137,3,0.7642710767340576
0,137,4,13.428615725739451
0,137,5,41.58730439416347
0,137,6,1.0120268732789675
0,138,0,0.8466514689483822
0,138,1,0.08199240569305316
0,138,2,0.07135612535856471
0,138,3,0.7730032977578289
0,138,4,13.502779325117787
0,138,5,41.611393960878154
0,138,6,1.0129452785827955
0,139,0,0.8464717811342706
0,139,1,0.08205681498713775
0,139,2,0.07147140387859169
0,139,3,0.7805375415463973
0,139,4,13.576966535576712
0,139,5,41.635335862390086
0,139,6,1.0131578860165944
0,140,0,0.845461478108287
0,140,1,0.08233214803449286
0,140,2,0.07220637385722012
0,140,3,0.7871888604374534
0,140,4,13.549035722450517
0,140,5,41.67140265789592
0,140,6,1.0129678409324008
0,141,0,0.8444458445967581
0,141,1,0.08075691769933978
0,141,2,0.07479723770390218
0,141,3,0.7988004543939111
0,141,4,13.090948887655939
0,141,5,41.73748683160359
0,141,6,1.0116683751187248
0,142,0,0.8439842722947501
0,142,1,0.08127175380314237
0,142,2,0.07474397390210752
0,142,3,0.8052807634568959
0,142,4,13.167053079774913
0,142,5,41.761392667579045
0,142,6,1.0121145709148482
0,143,0,0.8430008218320468
0,143,1,0.08183034203412227
0,143,2,0.0751688361338309
0,143,3,0.8142688575734791
0,143,4,13.256830467014584
0,143,5,41.79829532426695
0,143,6,1.0127766595440062
0,144,0,0.8423943282480362
0,144,1,0.08162232720336818
0,144,2,0.07598334454859573
0,144,3,0.8237988252962646
0,144,4,13.23380829569387
0,144,5,41.83344539420053
0,144,6,1.012818006602073
0,145,0,0.8416610087955445
0,145,1,0.0820610714617803
0,145,2,0.07627791974267514
0,145,3,0.831347193599875
0,145,4,13.309618136460612
0,145,5,41.85733607306671
0,145,6,1.0123106239617614
0,146,0,0.8409096875699194
0,146,1,0.08127845655666557
0,146,2,0.07781185587341516
0,146,3,0.8397280657188516
0,146,4,12.865819342481085
0,146,5,41.91973136175264
0,146,6,1.011440039014856
0,147,0,0.8403842036974195
0,147,1,0.08100149085495316
0,147,2,0.0786143054476274
0,147,3,0.8493454093181707
0,147,4,12.942830790280894
0,147,5,41.943665588517966
0,147,6,1.0118055540103525
0,148,0,0.8394308150827041
0,148,1,0.08107533125864586
0,148,2,0.07949385365865008
0,148,3,0.8547315973790957
0,148,4,13.023065475008599
0,148,5,41.982839631983055
0,148,6,1.012902253464136
0,149,0,0.8391891708560819
0,149,1,0.08077743030734
0,149,2,0.08003339883657816
0,149,3,0.8655410963295735
0,149,4,13.00216708400323
0,149,5,42.01776555436387
0,149,6,1.012295373592588
0,150,0,0.8384331801984714
0,150,1,0.08077384247671265
0,150,2,0.08079297732481597
0,150,3,0.8725860209151844
0,150,4,13.079095417147428
0,150,5,42.041537910657254
0,150,6,1.0128788013673469
0,151,0,0.837874698450556
0,151,1,0.08077501996232939
0,151,2,0.08135028158711463
0,151,3,0.8819283335854523
0,151,4,13.025814914394253
0,151,5,42.00933155337185
0,151,6,1.0125931683733802
0,152,0,0.8371251349221236
0,152,1,0.07979216171563888
0,152,2,0.08308270336223743
0,152,3,0.8884378768078978
0,152,4,12.605303217149281
0,152,5,42.05668724349216
0,152,6,1.0115147249214058
0,153,0,0.8367394298776125
0,153,1,0.08003287204033424
0,153,2,0.08322769808205319
0,153,3,0.898397293124023
0,153,4,12.673776082921998
0,153,5,42.08682544830104
0,153,6,1.0115328784498072
0,154,0,0.8358803034047573
0,154,1,0.08057454566040073
0,154,2,0.08354515093484202
0,154,3,0.9060970152556315
0,154,4,12.667912148999424
0,154,5,42.118493916363064
0,154,6,1.0113795921251643
0,155,0,0.8359034104759383
0,155,1,0.0803310244260086
0,155,2,0.08376556509805307
0,155,3,0.9162489687975433
0,155,4,12.746662832959464
0,155,5,42.14233771019236
0,155,6,1.010996209661496
0,156,0,0.8351436179661071
0,156,1,0.07992783956157117
0,156,2,0.08492854247232162
0,156,3,0.9250173637839476
0,156,4,12.824976194627656
0,156,5,42.16624942810627
0,156,6,1.012502274741418
0,157,0,0.8343705198545754
0,157,1,0.08017049170938821
0,157,2,0.08545898843603635
0,157,3,0.9326677557359968
0,157,4,12.903062867304417
0,157,5,42.19000698066704
0,157,6,1.0126260438726546
0,158,0,0.8334525516443594
0,158,1,0.07954465428340651
0,158,2,0.08700279407223413
0,158,3,0.9433961070397445
0,158,4,12.57207314083302
0,158,5,42.278119611223794
0,158,6,1.0121422565668565
0,159,0,0.8322254407952767
0,159,1,0.08027336285540455
0,159,2,0.08750119634931869
0,159,3,0.9531853278351801
0,159,4,12.620406563667036
0,159,5,42.3105948536418
0,159,6,1.0119210691315852
0,160,0,0.8323558067785359
0,160,1,0.08003840314105602
0,160,2,0.08760579008040802
0,160,3,0.959791040095463
0,160,4,12.699667074465035
0,160,5,42.334232464469494
0,160,6,1.0125854148656988
0,161,0,0.8312267091809514
0,161,1,0.07977806867889257
0,161,2,0.08899522214015598
0,161,3,0.9695466545306233
0,161,4,12.675849447932755
0,161,5,42.361532436811366
0,161,6,1.0124920468290566
0,162,0,0.8306302814869801
0,162,1,0.07993611988341554
0,162,2,0.08943359862960439
0,162,3,0.9801447361960489
0,162,4,12.653271280708706
0,162,5,42.425381139570234
0,162,6,1.0122029728108362
0,163,0,0.8307217068795549
0,163,1,0.07988559482042501
0,163,2,0.08939269830001995
0,163,3,0.9850035138528792
0,163,4,12.679637178975042
0,163,5,42.47977308349867
0,163,6,1.0131571673916637
0,164,0,0.8301700524484685
0,164,1,0.07998082364436825
0,164,2,0.08984912390716324
0,164,3,0.995569704668891
0,164,4,12.740934352337272
0,164,5,42.54883505192794
0,164,6,1.0128610093783983
0,165,0,0.8293186686407255
0,165,1,0.07954242208011755
0,165,2,0.09113890927915697
0,165,3,1.0064851526251994
0,165,4,12.32263742475307
0,165,5,42.61787572672556
0,165,6,1.0114300347347496
0,166,0,0.8283782407973257
0,166,1,0.07959333248408353
0,166,2,0.09202842671859071
0,166,3,1.0147389077464308
0,166,4,12.391368485673926
0,166,5,42.65013248437825
0,166,6,1.0123992320991442
0,167,0,0.8282490286869342
0,167,1,0.0797981281855493
0,167,2,0.09195284312751653
0,167,3,1.0251700189933557
0,167,4,12.469080169849592
0,167,5,42.68002211328378
0,167,6,1.0121317696814165
0,168,0,0.8275380495258374
0,168,1,0.080205431053283
0,168,2,0.09225651942087953
0,168,3,1.034327427305791
0,168,4,12.541799452810837
0,168,5,42.71005458049944
0,168,6,1.0127234236326768
0,169,0,0.8269626469847181
0,169,1,0.07999875644281358
0,169,2,0.09303859657246841
0,169,3,1.0417369731100856
0,169,4,12.531823071963867
0,169,5,42.739656103201746
0,169,6,1.0126913761625338
0,170,0,0.8269370458101404
0,170,1,0.08028858657071868
0,170,2,0.09277436761914094
0,170,3,1.0505976622227085
0,170,4,12.66747054272621
0,170,5,42.817653746433486
0,170,6,1.012973358066615
0,171,0,0.8257805693777116
0,171,1,0.08038423509946085
0,171,2,0.09383519552282753
0,171,3,1.061124922321542
0,171,4,12.664874727543337
0,171,5,42.937973515448284
0,171,6,1.0129389532567588
0,172,0,0.8258041552479856
0,172,1,0.08009265645478801
0,172,2,0.09410318829722647
0,172,3,1.0706007650836098
0,172,4,12.676647182708727
0,172,5,42.99488008605459
0,172,6,1.0131413342711375
0,173,0,0.8242248273204283
0,173,1,0.0807170822779191
0,173,2,0.09505809040165254
0,173,3,1.07881167852325
0,173,4,12.667629095515043
0,173,5,43.041701522069154
0,173,6,1.013328864457196
0,174,0,0.8240300980517266
0,174,1,0.08081727739308911
0,174,2,0.09515262455518425
0,174,3,1.0923987821825187
0,174,4,12.730458518153796
0,174,5,43.094706650100186
0,174,6,1.0132015062039905
0,175,0,0.8231920531268638
0,175,1,0.07983582308334222
0,175,2,0.09697212378979396
0,175,3,1.0991391173167457
0,175,4,12.29242529096984
0,175,5,43.182732757658286
0,175,6,1.0125597605035355
0,176,0,0.8229948269788694
0,176,1,0.08020386531508272
0,176,2,0.0968013077060478
0,176,3,1.1099746166842424
0,176,4,12.417623598503251
0,176,5,43.21314009543928
0,176,6,1.0130710075045106
0,177,0,0.8217988317951163
0,177,1,0.07997846738813806
0,177,2,0.09822270081674564
0,177,3,1.1188423716938614
0,177,4,12.387677734365932
0,177,5,43.24159811626984
0,177,6,1.0131201429285226
0,178,0,0.8217447065365014
0,178,1,0.08026959669342704
0,178,2,0.0979856967700715
0,178,3,1.1273265297254793
0,178,4,12.501630084654014
0,178,5,43.24613564134889
0,178,6,1.0134055077316346
0,179,0,0.8210210478690471
0,179,1,0.08024462453625798
0,179,2,0.09873432759469505
0,179,3,1.1375194596492475
0,179,4,12.4515986985479
0,179,5,43.322842631502795
0,179,6,1.0131801121816577
0,180,0,0.820715622082325
0,180,1,0.08000479067086273
0,180,2,0.0992795872468123
0,180,3,1.15000851578713
0,180,4,12.471710512979904
0,180,5,43.383811442786914
0,180,6,1.0134740427469358
0,181,0,0.8203091949351176
0,181,1,0.08000010746569187
0,181,2,0.0996906975991905
0,181,3,1.1593143103360957
0,181,4,12.395314546127075
0,181,5,43.44219496754338
0,181,6,1.0136042400321328
0,182,0,0.8197083576344458
0,182,1,0.08020739362274412
0,182,2,0.10008424874280997
0,182,3,1.16865005314862
0,182,4,12.414318207498514
0,182,5,43.4916788347609
0,182,6,1.0135677626336868
0,183,0,0.8188657877333516
0,183,1,0.08032404013228152
0,183,2,0.10081017213436685
0,183,3,1.1767891407441604
0,183,4,12.491639470999491
0,183,5,43.553206280042694
0,183,6,1.0138815356896833
0,184,0,0.81862433056202
0,184,1,0.0801017890353186
0,184,2,0.10127388040266136
0,184,3,1.178114901735883
0,184,4,12.374308453783291
0,184,5,43.567638346938644
0,184,6,1.0137296359174128
0,185,0,0.8180362144259239
0,185,1,0.0802617042805626
0,185,2,0.10170208129351359
0,185,3,1.18812120714216
0,185,4,12.377844607324949
0,185,5,43.600067843236246
0,185,6,1.0132763426862905
0,186,0,0.8175951758097747
0,186,1,0.08039819513217394
0,186,2,0.10200662905805141
0,186,3,1.2009446925763654
0,186,4,12.397338067418623
0,186,5,43.64665685707565
0,186,6,1.0131123337811414
0,187,0,0.8176932131330054
0,187,1,0.08088705672659122
0,187,2,0.10141973014040347
0,187,3,1.2088195625190847
0,187,4,12.594686729556624
0,187,5,43.70009573234452
0,187,6,1.0136649026864035
0,188,0,0.8164409594693239
0,188,1,0.07980694092459636
0,188,2,0.10375209960607966
0,188,3,1.2168467180948774
0,188,4,12.056581906840949
0,188,5,43.7789949332056
0,188,6,1.0129549246528313
0,189,0,0.8163890620108145
0,189,1,0.08076559565694151
0,189,2,0.10284534233224389
0,189,3,1.230378541205588
0,189,4,12.5304707849004
0,189,5,43.86797228679737
0,189,6,1.0132875402311226
0,190,0,0.8154344305614669
0,190,1,0.08058647293371715
0,190,2,0.10397909650481603
0,190,3,1.2388888731418821
0,190,4,12.08870722738077
0,190,5,43.940724620833144
0,190,6,1.0129184014500348
0,191,0,0.8152750575424401
0,191,1,0.08153295757095004
0,191,2,0.10319198488660994
0,191,3,1.2506152160235233
0,191,4,12.564770969542828
0,191,5,44.02676502914483
0,191,6,1.0134042174538396
0,192,0,0.8142974248818284
0,192,1,0.08069409119177566
0,192,2,0.1050084839263959
0,192,3,1.2599098329992797
0,192,4,12.060537612957928
0,192,5,44.10255504030977
0,192,6,1.012629710549164
0,193,0,0.8139447440514134
0,193,1,0.08079726037609268
0,193,2,0.10525799557249398
0,193,3,1.269668732112526
0,193,4,12.02337468035902
0,193,5,44.13271659636731
0,193,6,1.0123695923340856
0,194,0,0.813937144357762
0,194,1,0.08076413828944355
0,194,2,0.10529871735279436
0,194,3,1.2789454144358148
0,194,4,12.105943703154685
0,194,5,44.155452648058194
0,194,6,1.0131614039202426
0,195,0,0.8128724489599286
0,195,1,0.08126582649390014
0,195,2,0.10586172454617118
0,195,3,1.2904880300570136
0,195,4,12.265543358804258
0,195,5,44.18965419320708
0,195,6,1.0130029502725235
0,196,0,0.8129787071397863
0,196,1,0.08163621338043438
0,196,2,0.10538507947977942
0,196,3,1.2992627407916322
0,196,4,12.488492988573416
0,196,5,44.22709170956281
0,196,6,1.0138718829449753
0,197,0,0.8120081487958848
0,197,1,0.08115509977655859
0,197,2,0.10683675142755658
0,197,3,1.309905217690765
0,197,4,12.122921657264595
0,197,5,44.29785194200208
0,197,6,1.0132570020351066
0,198,0,0.8118111061823603
0,198,1,0.08103349011564318
0,198,2,0.10715540370199653
0,198,3,1.3195206619652446
0,198,4,12.09482913813267
0,198,5,44.32756963278138
0,198,6,1.0137336805145567
0,199,0,0.8116748544755442
0,199,1,0.08138717521649944
0,199,2,0.10693797030795632
0,199,3,1.3315309806679372
0,199,4,12.411430720576057
0,199,5,44.36158277590329
0,199,6,1.0141701776542826
0,200,0,0.8106731422443345
0,200,1,0.08130672009672134
0,200,2,0.10802013765894418
0,200,3,1.342254144933789
0,200,4,12.116934862331231
0,200,5,44.40517718546942
0,200,6,1.0131795880231944
0,201,0,0.8100268888084186
0,201,1,0.08126988937172291
0,201,2,0.10870322181985867
0,201,3,1.3507375945477698
0,201,4,12.122999063139162
0,201,5,44.4666266495524
0,201,6,1.013501710528463
0,202,0,0.8094322477514888
0,202,1,0.08171885672378731
0,202,2,0.10884889552472388
0,202,3,1.361957637422719
0,202,4,12.437178919017411
0,202,5,44.505386858383424
0,202,6,1.0142669527214563
0,203,0,0.8087262408020509
0,203,1,0.08154302356227737
0,203,2,0.10973073563567169
0,203,3,1.3729510949122972
0,203,4,11.94087842411265
0,203,5,44.539854463811054
0,203,6,1.0128070672427651
0,204,0,0.8082914205367708
0,204,1,0.08170539502712734
0,204,2,0.11000318443610187
0,204,3,1.3840112746735582
0,204,4,12.028888383965317
0,204,5,44.62697902944151
0,204,6,1.0130290740728014
0,205,0,0.8081454205586738
0,205,1,0.0819821231326476
0,205,2,0.10987245630867853
0,205,3,1.3961681648498798
0,205,4,12.10542750779441
0,205,5,44.65942977966394
0,205,6,1.013083860365221
0,206,0,0.8084115977819374
0,206,1,0.08234825517201823
0,206,2,0.1092401470460444
0,206,3,1.4043312834807953
0,206,4,12.556584466574353
0,206,5,44.721574129753805
0,206,6,1.015186047367218
0,207,0,0.8073071230563734
0,207,1,0.08208505110443999
0,207,2,0.11060782583918669
0,207,3,1.418614414748303
0,207,4,12.123915225734285
0,207,5,44.767311109680094
0,207,6,1.0130618838951877
0,208,0,0.8073030086721438
0,208,1,0.08276032067997031
0,208,2,0.10993667064788593
0,208,3,1.4279866194904391
0,208,4,12.62497262423907
0,208,5,44.83109648736212
0,208,6,1.0145392005141183
0,209,0,0.8059567579294347
0,209,1,0.08259183257504667
0,209,2,0.11145140949551859
0,209,3,1.4377231228182308
0,209,4,12.091506783887
0,209,5,44.879866656386795
0,209,6,1.0132617933834223
0,210,0,0.8065285494518581
0,210,1,0.0829841381338276
0,210,2,0.11048731241431424
0,210,3,1.4481771047350043
0,210,4,12.617998266240058
0,210,5,44.92685277434315
0,210,6,1.0147850103446352
0,211,0,0.804774651683753
0,211,1,0.08249013391095189
0,211,2,0.11273521440529516
0,211,3,1.459405488517929
0,211,4,12.062588128032251
0,211,5,44.980037965343115
0,211,6,1.0136664366479058
0,212,0,0.8050866017975142
0,212,1,0.08326388976717818
0,212,2,0.11164950843530763
0,212,3,1.4710125146765847
0,212,4,12.563879072450753
0,212,5,45.009278677884595
0,212,6,1.014493634486219
0,213,0,0.8046817398140459
0,213,1,0.08294423454365416
0,213,2,0.11237402564229995
0,213,3,1.482863538286685
0,213,4,12.290255249560504
0,213,5,45.062324298672145
0,213,6,1.01366911081009
0,214,0,0.8044186435950242
0,214,1,0.08339338520475437
0,214,2,0.11218797120022142
0,214,3,1.494104245954094
0,214,4,12.599589464638928
0,214,5,45.1137470593699
0,214,6,1.0143884352985522
0,215,0,0.8040585406835562
0,215,1,0.08324184311579148
0,215,2,0.11269961620065243
0,215,3,1.5030533965912458
0,215,4,12.620365315811336
0,215,5,45.16752602379717
0,215,6,1.0148278185129285
0,216,0,0.8035826441966684
0,216,1,0.08369951076242635
0,216,2,0.11271784504090532
0,216,3,1.5154071238535787
0,216,4,12.691981286985229
0,216,5,45.20594915057795
0,216,6,1.0146588462454582
0,217,0,0.8023689356645711
0,217,1,0.08334598176328385
0,217,2,0.11428508257214495
0,217,3,1.5245441139079157
0,217,4,12.136167340095671
0,217,5,45.25901146364155
0,217,6,1.0132929189203081
0,218,0,0.8030567817094405
0,218,1,0.08381271281918513
0,218,2,0.11313050547137438
0,218,3,1.5360104153124015
0,218,4,12.687370295655164
0,218,5,45.327319156252415
0,218,6,1.0145400119678263
0,219,0,0.802187786990692
0,219,1,0.08327664697474593
0,219,2,0.11453556603456208
0,219,3,1.5496340457074185
0,219,4,12.239069289234237
0,219,5,45.40504457477658
0,219,6,1.0136600517171055
0,220,0,0.8023363370083026
0,220,1,0.08401216122169283
0,220,2,0.11365150177000445
0,220,3,1.5608151805107495
0,220,4,12.789404347972654
0,220,5,45.470010764646254
0,220,6,1.014794951326622
0,221,0,0.8011183883181757
0,221,1,0.08383478344494191
0,221,2,0.11504682823688235
0,221,3,1.572671994912262
0,221,4,12.244528887263913
0,221,5,45.52951795047831
0,221,6,1.0133980297280867
0,222,0,0.8013291765838695
0,222,1,0.08420623592847544
0,222,2,0.11446458748765515
0,222,3,1.581350244160586
0,222,4,12.732104327162535
0,222,5,45.62192886958304
0,222,6,1.0146191717608841
0,223,0,0.8000433279698723
0,223,1,0.08370755893353413
0,223,2,0.11624911309659355
0,223,3,1.592976075828706
0,223,4,12.272613362269826
0,223,5,45.68590063231798
0,223,6,1.013833920080232
0,224,0,0.7998570490530171
0,224,1,0.08375415552235195
0,224,2,0.11638879542463096
0,224,3,1.6034939038887208
0,224,4,12.259683302477503
0,224,5,45.76437631300098
0,224,6,1.0141002737062412
0,225,0,0.8005819639207953
0,225,1,0.08433444204982392
0,225,2,0.11508359402938075
0,225,3,1.6175926667363902
0,225,4,12.811958691489052
0,225,5,45.82534789151279
0,225,6,1.0153491910462393
0,226,0,0.7996704174395834
0,226,1,0.08477421024451523
0,226,2,0.11555537231590127
0,226,3,1.6278529504841905
0,226,4,12.821088737579533
0,226,5,45.89541500217376
0,226,6,1.015295845509226
0,227,0,0.7979978040012444
0,227,1,0.08447590816162996
0,227,2,0.11752628783712563
0,227,3,1.6372769136972176
0,227,4,12.181386399397496
0,227,5,45.93789966871296
0,227,6,1.0144813539168225
0,228,0,0.7984379804522367
0,228,1,0.08481393014602998
0,228,2,0.1167480894017334
0,228,3,1.6491192224817517
0,228,4,12.386990985575814
0,228,5,45.98208451487669
0,228,6,1.0143860035482661
0,229,0,0.7986999892353974
0,229,1,0.08517573020328849
0,229,2,0.11612428056131402
0,229,3,1.6596378768320814
0,229,4,12.845335587964707
0,229,5,46.03361270134346
0,229,6,1.0158406718410016
0,230,0,0.7983623699203534
0,230,1,0.08538466703022088
0,230,2,0.11625296304942578
0,230,3,1.6729142353246969
0,230,4,12.920237968244086
0,230,5,46.1018505937873
0,230,6,1.0154167318515634
0,231,0,0.7973021964876557
0,231,1,0.08479972113640605
0,231,2,0.1178980823759382
0,231,3,1.684526008904691
0,231,4,12.332008281746022
0,231,5,46.161286031220726
0,231,6,1.0138698389120666
0,232,0,0.7979351295809328
0,232,1,0.08541783278006639
0,232,2,0.11664703763900092
0,232,3,1.6947117094822237
0,232,4,12.99998549035
0,232,5,46.20422562664494
0,232,6,1.0157147571223417
0,233,0,0.7963465053160563
0,233,1,0.08490741492075649
0,233,2,0.11874607976318714
0,233,3,1.7087144833637784
0,233,4,12.342114111239352
0,233,5,46.25122956589072
0,233,6,1.014055633943394
0,234,0,0.7971336737169854
0,234,1,0.08556940970094855
0,234,2,0.11729691658206598
0,234,3,1.7215811136004548
0,234,4,12.989703896498355
0,234,5,46.295296509444
0,234,6,1.0155054564491213
0,235,0,0.7966685139667881
0,235,1,0.08600664585022326
0,235,2,0.11732484018298871
0,235,3,1.7318594614057004
0,235,4,13.048852463425815
0,235,5,46.36984998551513
0,235,6,1.015789749739484
0,236,0,0.7946048256224828
0,236,1,0.08562974128117969
0,236,2,0.11976543309633757
0,236,3,1.7431581273903403
0,236,4,12.338965691066075
0,236,5,46.42800869449004
0,236,6,1.0142942004771025
0,237,0,0.7954854661359074
0,237,1,0.08601611725632996
0,237,2,0.11849841660776253
0,237,3,1.7575529861631853
0,237,4,12.94966779827544
0,237,5,46.465679641240754
0,237,6,1.0149773837372136
0,238,0,0.7952857837127896
0,238,1,0.08625590488897467
0,238,2,0.11845831139823572
0,238,3,1.768889767113119
0,238,4,13.05860201780417
0,238,5,46.541126003171385
0,238,6,1.0152300902159141
0,239,0,0.7950118432198934
0,239,1,0.08633756999650984
0,239,2,0.11865058678359675
0,239,3,1.7798819737695655
0,239,4,13.090436570635031
0,239,5,46.63603937141484
0,239,6,1.0156192814932634
0,240,0,0.7948914225476663
0,240,1,0.08636278107859438
0,240,2,0.11874579637373933
0,240,3,1.79207594184634
0,240,4,13.084699128142793
0,240,5,46.6940696842679
0,240,6,1.0154344366930514
0,241,0,0.7945748931313675
0,241,1,0.08641526741684313
0,241,2,0.11900983945178925
0,241,3,1.8031313711605195
0,241,4,13.140234195607016
0,241,5,46.769971125312836
0,241,6,1.015698624005671
0,242,0,0.7938039518498791
0,242,1,0.08665146449683833
0,242,2,0.11954458365328266
0,242,3,1.8136150566539198
0,242,4,13.170082041672202
0,242,5,46.83185305813835
0,242,6,1.0162099579140227
0,243,0,0.7922930962172265
0,243,1,0.08654953553809483
0,243,2,0.1211573682446787
0,243,3,1.8288031962963691
0,243,4,12.527386050478652
0,243,5,46.86537341635996
0,243,6,1.0138976074194477
0,244,0,0.7932945915323788
0,244,1,0.08710880703426792
0,244,2,0.11959660143335334
0,244,3,1.8373518745888047
0,244,4,13.221750809552947
0,244,5,46.8945937611119
0,244,6,1.0163905591843945
0,245,0,0.7920778822931293
0,245,1,0.08687146023122448
0,245,2,0.1210506574756463
0,245,3,1.8505541703212487
0,245,4,12.682859292841279
0,245,5,46.93489598620074
0,245,6,1.015007633820856
0,246,0,0.7929474372882356
0,246,1,0.08703382674740882
0,246,2,0.12001873596435556
0,246,3,1.8658508905066857
0,246,4,13.283402722412017
0,246,5,46.946421627980364
0,246,6,1.0156254580878192
0,247,0,0.7927615787378651
0,247,1,0.08713796124048825
0,247,2,0.1201004600216466
0,247,3,1.8735216206560144
0,247,4,13.299066488096445
0,247,5,47.01545083999369
0,247,6,1.0163820578967708
0,248,0,0.7928480165394032
0,248,1,0.08722627114277914
0,248,2,0.1199257123178177
0,248,3,1.8875477508432796
0,248,4,13.314919485556445
0,248,5,47.076269439766634
0,248,6,1.015889807697428
0,249,0,0.7906565198595807
0,249,1,0.08719527994022694
0,249,2,0.12214820020019236
0,249,3,1.9028954297933336
0,249,4,12.767378994936408
0,249,5,47.146938022739135
0,249,6,1.0143835440680742
0,250,0,0.7916442368372144
0,250,1,0.08790351692966634
0,250,2,0.12045224623311926
0,250,3,1.910696792855338
0,250,4,13.24230839196812
0,250,5,47.176452123869765
0,250,6,1.016230792358579
0,251,0,0.7917080431266553
0,251,1,0.0876987396045285
0,251,2,0.12059321726881621
0,251,3,1.9227310884598394
0,251,4,13.309166511484024
0,251,5,47.248260004326404
0,251,6,1.016181558880915
0,252,0,0.7893406013185013
0,252,1,0.08758811826705493
0,252,2,0.12307128041444383
0,252,3,1.937308258724235
0,252,4,12.67949297911288
0,252,5,47.311201319869525
0,252,6,1.0142133895618506
0,253,0,0.7894859574961971
0,253,1,0.08807508327335972
0,253,2,0.12243895923044323
0,253,3,1.9490596442583894
0,253,4,12.855304888949037
0,253,5,47.381619335597954
0,253,6,1.0143800278348154
0,254,0,0.7908999482009591
0,254,1,0.08838296621212696
0,254,2,0.12071708558691382
0,254,3,1.9627058375314146
0,254,4,13.425742166326929
0,254,5,47.44369301962985
0,254,6,1.0162121350147875
0,255,0,0.7902258406159648
0,255,1,0.08863416022095658
0,255,2,0.12113999916307863
0,255,3,1.9718195935732488
0,255,4,13.369637435593134
0,255,5,47.54743358451077
0,255,6,1.0163231396526466
0,256,0,0.788723752128389
0,256,1,0.08836303930508849
0,256,2,0.12291320856652252
0,256,3,1.9870715961249574
0,256,4,12.959978040373976
0,256,5,47.60294489235502
0,256,6,1.0146603711233768
0,257,0,0.7887101537649517
0,257,1,0.08839214560481143
0,257,2,0.12289770063023694
0,257,3,1.9888553210393127
0,257,4,12.97009726718537
0,257,5,47.61252968120484
0,257,6,1.014720636348031
0,258,0,0.7890248762420545
0,258,1,0.08890171057413965
0,258,2,0.1220734131838058
0,258,3,2.000917504066951
0,258,4,13.512462970410027
0,258,5,47.66350757239529
0,258,6,1.0165639272961267
0,259,0,0.7888831972351877
0,259,1,0.08898406375725315
0,259,2,0.12213273900755925
0,259,3,2.0139426857467786
0,259,4,13.542259991310786
0,259,5,47.71463630862412
0,259,6,1.0163051735031283
0,260,0,0.7887007857761947
0,260,1,0.08882752238066027
0,260,2,0.12247169184314505
0,260,3,2.0254410533490543
0,260,4,13.451735876944136
0,260,5,47.74385778324654
0,260,6,1.0161606140563129
0,261,0,0.788655652723232
0,261,1,0.08874597600194928
0,261,2,0.12259837127481876
0,261,3,2.038698836949253
0,261,4,13.467788592369425
0,261,5,47.79589776190444
0,261,6,1.0164993320265554
0,262,0,0.7889001475204512
0,262,1,0.08930042609209368
0,262,2,0.12179942638745513
0,262,3,2.0503640836166404
0,262,4,13.655284638218983
0,262,5,47.81099795711354
0,262,6,1.0169803213043276
0,263,0,0.7880639818657093
0,263,1,0.08906503682870201
0,263,2,0.12287098130558868
0,263,3,2.0646553173389384
0,263,4,13.636955434621914
0,263,5,47.858644966167205
0,263,6,1.0165706503530432
0,264,0,0.787555900799142
0,264,1,0.08965847800089044
0,264,2,0.12278562119996753
0,264,3,2.077216951922532
0,264,4,13.693870183421751
0,264,5,47.900753347063365
0,264,6,1.0167716851186224
0,265,0,0.7867991456102505
0,265,1,0.09022360380675357
0,265,2,0.12297725058299584
0,265,3,2.091830013117283
0,265,4,13.575826936865148
0,265,5,47.96722235000011
0,265,6,1.0158310914877555
0,266,0,0.7869487438415519
0,266,1,0.09006340079774254
0,266,2,0.12298785536070558
0,266,3,2.1032042061931406
0,266,4,13.731564099890223
0,266,5,48.02943776299434
0,266,6,1.0167670199109178
0,267,0,0.7864459380137054
0,267,1,0.08993230433877063
0,267,2,0.12362175764752398
0,267,3,2.116901548238981
0,267,4,13.60911270423154
0,267,5,48.06907846010226
0,267,6,1.0161303579680168
0,268,0,0.7865462184640716
0,268,1,0.09020795071017051
0,268,2,0.12324583082575802
0,268,3,2.127871508679849
0,268,4,13.781436407274112
0,268,5,48.09008475609737
0,268,6,1.016926680827792
0,269,0,0.78644667062475
0,269,1,0.0904174522871983
0,269,2,0.12313587708805154
0,269,3,2.1409783919773555
0,269,4,13.835206786914114
0,269,5,48.12327851792455
0,269,6,1.0168060240574401
0,270,0,0.7862568660512624
0,270,1,0.09027513780346734
0,270,2,0.12346799614527026
0,270,3,2.15473761483203
0,270,4,13.702342798351062
0,270,5,48.17850705292501
0,270,6,1.0163797746425405
0,271,0,0.785606939691367
0,271,1,0.09073839350428624
0,271,2,0.1236546668043467
0,271,3,2.1682660382119385
0,271,4,13.84468104417019
0,271,5,48.23421924695363
0,271,6,1.0164939355171578
0,272,0,0.7858075592264375
0,272,1,0.0905808344061303
0,272,2,0.12361160636743221
0,272,3,2.179162815463261
0,272,4,13.870441819393049
0,272,5,48.275229729161616
0,272,6,1.0168357834681545
0,273,0,0.785255787991861
0,273,1,0.09052475929024323
0,273,2,0.1242194527178958
0,273,3,2.1929773034020927
0,273,4,13.714016082472174
0,273,5,48.31208988624441
0,273,6,1.0160947901615418
0,274,0,0.7849205125378458
0,274,1,0.09067435832768006
0,274,2,0.12440512913447427
0,274,3,2.208757003027333
0,274,4,13.758130836908112
0,274,5,48.346920516383946
0,274,6,1.0156215933731123
0,275,0,0.7848214006274578
0,275,1,0.09096539004054831
0,275,2,0.12421320933199388
0,275,3,2.2204725924920052
0,275,4,13.910630109173638
0,275,5,48.4008635928976
0,275,6,1.0162399961304132
0,276,0,0.7844612866912296
0,276,1,0.09133590836247797
0,276,2,0.12420280494629238
0,276,3,2.231567917161877
0,276,4,13.933950933440235
0,276,5,48.450047410312536
0,276,6,1.0162861791172424
0,277,0,0.7842106529850563
0,277,1,0.09135963237294778
0,277,2,0.12442971464199581
0,277,3,2.2460918167845434
0,277,4,13.965412740008032
0,277,5,48.510986393618296
0,277,6,1.0164122914851905
0,278,0,0.7841395469382664
0,278,1,0.09132312063198086
0,278,2,0.12453733242975279
0,278,3,2.259582128287208
0,278,4,13.973276982619875
0,278,5,48.56323684019382
0,278,6,1.01593453026141
0,279,0,0.7838900433265895
0,279,1,0.09171814361845991
0,279,2,0.12439181305495059
0,279,3,2.2724722346991806
0,279,4,14.027078768335988
0,279,5,48.62405001378381
0,279,6,1.0165939387287533
0,280,0,0.7838012151769
0,280,1,0.09171903905587572
0,280,2,0.1244797457672242
0,280,3,2.2884320032598033
0,280,4,14.053603183066283
0,280,5,48.67191360138677
0,280,6,1.0162416971280344
0,281,0,0.7838340092301264
0,281,1,0.09180207238579424
0,281,2,0.12436391838407937
0,281,3,2.299036946162079
0,281,4,14.105576812646092
0,281,5,48.73422096676194
0,281,6,1.0165907177018194
0,282,0,0.783227064800288
0,282,1,0.0920489146184458
0,282,2,0.12472402058126611
0,282,3,2.3147995468981404
0,282,4,14.084087543049366
0,282,5,48.79770348842873
0,282,6,1.0162245820342186
0,283,0,0.7827445021745232
0,283,1,0.09196545945312079
0,283,2,0.12529003837235603
0,283,3,2.328052602488891
0,283,4,14.074413736223287
0,283,5,48.86817899088373
0,283,6,1.016292094800117
0,284,0,0.7821389842328605
0,284,1,0.09227717952434605
0,284,2,0.12558383624279326
0,284,3,2.3402219234086745
0,284,4,14.032013882542957
0,284,5,48.911406136246086
0,284,6,1.0162913745351843
0,285,0,0.7819595195317792
0,285,1,0.0922704404458807
0,285,2,0.1257700400223401
0,285,3,2.3547425947276377
0,285,4,14.081765593174428
0,285,5,48.955091022500554
0,285,6,1.016348504513301
0,286,0,0.7819965757876303
0,286,1,0.09236652852387942
0,286,2,0.12563689568849037
0,286,3,2.369912861415145
0,286,4,14.127836871827755
0,286,5,48.96610073423605
0,286,6,1.0162377257671424
0,287,0,0.7818945400316792
0,287,1,0.09239833372425597
0,287,2,0.1257071262440648
0,287,3,2.3798506438641076
0,287,4,14.131433081649156
0,287,5,48.99502073569508
0,287,6,1.0166029917294235
0,288,0,0.7817715375039372
0,288,1,0.09300887064435649
0,288,2,0.1252195918517063
0,288,3,2.394521872148004
0,288,4,14.232443682020621
0,288,5,49.033294671888314
0,288,6,1.0162940898577277
0,289,0,0.7812414625019587
0,289,1,0.09289337344608742
0,289,2,0.12586516405195391
0,289,3,2.406999396752961
0,289,4,14.22507636153961
0,289,5,49.0912278686321
0,289,6,1.0164935043863639
0,290,0,0.7807573032528586
0,290,1,0.09310083862813032
0,290,2,0.12614185811901105
0,290,3,2.4217521090016967
0,290,4,14.230996682695514
0,290,5,49.12316111810989
0,290,6,1.0160657492675955
0,291,0,0.7806533104131245
0,291,1,0.09334732418758068
0,291,2,0.12599936539929493
0,291,3,2.4338013903647338
0,291,4,14.245259633254001
0,291,5,49.18065228841746
0,291,6,1.0166082637460654
0,292,0,0.7804156100883758
0,292,1,0.09356877527965322
0,292,2,0.12601561463197108
0,292,3,2.4504498651435944
0,292,4,14.292173340619865
0,292,5,49.20083826144072
0,292,6,1.016197874394102
0,293,0,0.7806279018241344
0,293,1,0.09330044087556068
0,293,2,0.1260716573003048
0,293,3,2.463303628206895
0,293,4,14.310686276630156
0,293,5,49.23934017811881
0,293,6,1.0162752600589926
0,294,0,0.7806348077686777
0,294,1,0.09311975085285226
0,294,2,0.1262454413784701
0,294,3,2.4797137944743186
0,294,4,14.344792337448085
0,294,5,49.30008923112343
0,294,6,1.0160843457991688
0,295,0,0.7797769445018343
0,295,1,0.09335306817834321
0,295,2,0.12686998731982238
0,295,3,2.4929042670123205
0,295,4,14.25855075879833
0,295,5,49.36406060209596
0,295,6,1.0164140568243547
0,296,0,0.7796899040893062
0,296,1,0.09396306143245074
0,296,2,0.12634703447824316
0,296,3,2.5064767800878505
0,296,4,14.42266235910305
0,296,5,49.38340716237366
0,296,6,1.015794932628328
0,297,0,0.7789084434264953
0,297,1,0.09349827944898978
0,297,2,0.1275932771245148
0,297,3,2.5198062885278043
0,297,4,14.245901415068575
0,297,5,49.44957189726217
0,297,6,1.0159124797049623
0,298,0,0.7792378379381198
0,298,1,0.09393537084040048
0,298,2,0.12682679122147966
0,298,3,2.5315190366007516
0,298,4,14.46510001564874
0,298,5,49.464105456574046
0,298,6,1.016660677802032
0,299,0,0.7786638498091647
0,299,1,0.0943323564598963
0,299,2,0.12700379373093906
0,299,3,2.5469831891930497
0,299,4,14.311330446992118
0,299,5,49.50354870593769
0,299,6,1.0156015801293012
0,300,0,0.779172680026836
0,300,1,0.09446196163249344
0,300,2,0.12636535834067056
0,300,3,2.559047180329002
0,300,4,14.563882403629941
0,300,5,49.5589195294232
0,300,6,1.0162401739740075
0,301,0,0.7793252042135244
0,301,1,0.09461281886250988
0,301,2,0.12606197692396567
0,301,3,2.573554328016902
0,301,4,14.636609718834787
0,301,5,49.60748198944924
0,301,6,1.016736697232663
0,302,0,0.779470829774207
0,302,1,0.09467653008357944
0,302,2,0.12585264014221345
0,302,3,2.5899028310534655
0,302,4,14.71091282113956
0,302,5,49.66936403483977
0,302,6,1.0164649523041427
0,303,0,0.7789222357170005
0,303,1,0.09482672483902399
0,303,2,0.1262510394439756
0,303,3,2.604072665005655
0,303,4,14.69072773583141
0,303,5,49.73471210413486
0,303,6,1.0160345000281663
0,304,0,0.778765546316665
0,304,1,0.09442348307509926
0,304,2,0.12681097060823585
0,304,3,2.6177948418906833
0,304,4,14.696976158782455
0,304,5,49.784750294081014
0,304,6,1.0165161454304208
0,305,0,0.7786410347734107
0,305,1,0.09495176393317262
0,305,2,0.12640720129341673
0,305,3,2.6301335401264607
0,305,4,14.72561280009274
0,305,5,49.81143135784688
0,305,6,1.016435624191445
0,306,0,0.7786500525948534
0,306,1,0.09498202216201286
0,306,2,0.1263679252431338
0,306,3,2.6452942974336806
0,306,4,14.769965437115884
0,306,5,49.84724618309423
0,306,6,1.0163523838007331
0,307,0,0.7781160005709943
0,307,1,0.09525008549548089
0,307,2,0.1266339139335248
0,307,3,2.658209270662515
0,307,4,14.79787303408591
0,307,5,49.89994978424939
0,307,6,1.016436852834504
0,308,0,0.778053496766709
0,308,1,0.09520448810207623
0,308,2,0.12674201513121486
0,308,3,2.6747009396352173
0,308,4,14.834777945876429
0,308,5,49.944094330323495
0,308,6,1.0163269513261677
0,309,0,0.7777785098809422
0,309,1,0.09543237805268083
0,309,2,0.12678911206637694
0,309,3,2.6902934821760756
0,309,4,14.86631497373345
0,309,5,49.98671630638826
0,309,6,1.0165907050284078
0,310,0,0.7773324423384238
0,310,1,0.09564941507242324
0,310,2,0.12701814258915303
0,310,3,2.703156642311547
0,310,4,14.845676542547363
0,310,5,50.02164101086438
0,310,6,1.0164949253609041
0,311,0,0.7770922154472836
0,311,1,0.09594471867529761
0,311,2,0.1269630658774188
0,311,3,2.7179777094368625
0,311,4,14.87788522229049
0,311,5,50.04191889141935
0,311,6,1.0162299980306875
0,312,0,0.7771825813336191
0,312,1,0.09591806797658009
0,312,2,0.12689935068980077
0,312,3,2.729930664431053
0,312,4,14.898058174882342
0,312,5,50.077671148743576
0,312,6,1.0167301070925405
0,313,0,0.7770802839189263
0,313,1,0.09637699272614741
0,313,2,0.12654272335492636
0,313,3,2.745208152576849
0,313,4,14.963880338631594
0,313,5,50.11957332971369
0,313,6,1.0165097008421866
0,314,0,0.7765810279005809
0,314,1,0.09653040077959321
0,314,2,0.1268885713198259
0,314,3,2.7606761632652703
0,314,4,14.954631929254216
0,314,5,50.150286691362396
0,314,6,1.0165376083278863
0,315,0,0.7764806752066926
0,315,1,0.09651761268686972
0,315,2,0.1270017121064378
0,315,3,2.775429986300062
0,315,4,14.956919778155118
0,315,5,50.17513189757561
0,315,6,1.0160857011518836
0,316,0,0.7764911266573913
0,316,1,0.09639490272086129
0,316,2,0.1271139706217474
0,316,3,2.7900653975904754
0,316,4,14.96701531263373
0,316,5,50.21408883996961
0,316,6,1.0163609587319853
0,317,0,0.7763713719524168
0,317,1,0.09640487755584021
0,317,2,0.1272237504917431
0,317,3,2.804700999602495
0,317,4,15.068566329175782
0,317,5,50.23085428775376
0,317,6,1.0164672199756146
0,318,0,0.7751793175135551
0,318,1,0.09689456922168005
0,318,2,0.12792611326476497
0,318,3,2.8185543376971385
0,318,4,14.82515438278806
0,318,5,50.25663535218441
0,318,6,1.015683511302434
0,319,0,0.7759275383853038
0,319,1,0.096866240755339
0,319,2,0.12720622085935707
0,319,3,2.8333933003640315
0,319,4,15.078151782823669
0,319,5,50.268968201998945
0,319,6,1.0163211833238854
0,320,0,0.7760362176555176
0,320,1,0.09674276643262668
0,320,2,0.12722101591185572
0,320,3,2.8495463460073065
0,320,4,15.123852634733653
0,320,5,50.28099916870649
0,320,6,1.0162042175769348
0,321,0,0.7759260075162177
0,321,1,0.09725012949323003
0,321,2,0.12682386299055232
0,321,3,2.8620650039838345
0,321,4,15.137604154750786
0,321,5,50.29306103074241
0,321,6,1.0162275513569203
0,322,0,0.7751817112228677
0,322,1,0.09729022791037575
0,322,2,0.1275280608667565
0,322,3,2.87760757836895
0,322,4,15.016929203544464
0,322,5,50.34342768862206
0,322,6,1.0159138989341323
0,323,0,0.7754753890430515
0,323,1,0.09733771660604136
0,323,2,0.12718689435090708
0,323,3,2.8928013882225847
0,323,4,15.253346919957474
0,323,5,50.373307184632665
0,323,6,1.0161903490756223
0,324,0,0.7757388812134389
0,324,1,0.09740736900914657
0,324,2,0.12685374977741462
0,324,3,2.90959065707019
0,324,4,15.295687093898476
0,324,5,50.39732755509863
0,324,6,1.016304577649245
0,325,0,0.7750657386353413
0,325,1,0.0972577452505687
0,325,2,0.12767651611408995
0,325,3,2.927023232743822
0,325,4,15.139325975497693
0,325,5,50.431387839639214
0,325,6,1.015661928358012
0,326,0,0.7752443658353096
0,326,1,0.09717377812706793
0,326,2,0.12758185603762245
0,326,3,2.9377208316514576
0,326,4,15.256924880321737
0,326,5,50.45351796066285
0,326,6,1.0162111800834057
0,327,0,0.7751677617436763
0,327,1,0.09736858934246244
0,327,2,0.1274636489138614
0,327,3,2.952905877150082
0,327,4,15.27474779122355
0,327,5,50.45214868060816
0,327,6,1.016163003933189
0,328,0,0.7753044782436411
0,328,1,0.09741826753493635
0,328,2,0.12727725422142255
0,328,3,2.968429912475953
0,328,4,15.311071394119041
0,328,5,50.461123185470726
0,328,6,1.0159277919976055
0,329,0,0.7745537207230107
0,329,1,0.09761373597182488
0,329,2,0.12783254330516447
0,329,3,2.9830082838927274
0,329,4,15.14495582692913
0,329,5,50.51938224268105
0,329,6,1.0155780285381066
0,330,0,0.7751292176673027
0,330,1,0.09778015532364626
0,330,2,0.12709062700905105
0,330,3,2.998076497613387
0,330,4,15.431717070826547
0,330,5,50.545364531111915
0,330,6,1.0165405496350217
0,331,0,0.7750913180143787
0,331,1,0.09775593292738864
0,331,2,0.12715274905823257
0,331,3,3.0011537217270363
0,331,4,15.421781106870888
0,331,5,50.551370178068446
0,331,6,1.0164827477529144
0,332,0,0.7741525239521431
0,332,1,0.09778503261883804
0,332,2,0.1280624434290188
0,332,3,3.0173525847463663
0,332,4,15.39506240354108
0,332,5,50.56265768498938
0,332,6,1.0157407969490921
0,333,0,0.7742106763833272
0,333,1,0.09790308664645796
0,333,2,0.1278862369702149
0,333,3,3.0293607077065503
0,333,4,15.40922603302843
0,333,5,50.57289884245642
0,333,6,1.0163415106992648
0,334,0,0.7738180996143824
0,334,1,0.09839477403163671
0,334,2,0.12778712635398087
0,334,3,3.0403119833079435
0,334,4,15.354403134819977
0,334,5,50.581266669375196
0,334,6,1.0164823754477628
0,335,0,0.7741731740619852
0,335,1,0.09798899534890418
0,335,2,0.12783783058911072
0,335,3,3.059127619060257
0,335,4,15.434940443412227
0,335,5,50.59966572156787
0,335,6,1.0161643164679175
0,336,0,0.7736271209246857
0,336,1,0.0983734030384509
0,336,2,0.1279994760368635
0,336,3,3.075764388347737
0,336,4,15.430989071126335
0,336,5,50.59972762983878
0,336,6,1.0155806454055218
0,337,0,0.7739520531991174
0,337,1,0.0984707326962562
0,337,2,0.12757721410462633
0,337,3,3.088376011644356
0,337,4,15.469371472838807
0,337,5,50.609151707695744
0,337,6,1.0161534750943013
0,338,0,0.7735293320664558
0,338,1,0.09858398582407855
0,338,2,0.12788668210946572
0,338,3,3.1017677736340312
0,338,4,15.485164700358354
0,338,5,50.638141859869705
0,338,6,1.0163424921791626
0,339,0,0.7733421269049141
0,339,1,0.09885918801135787
0,339,2,0.12779868508372802
0,339,3,3.1157029395306752
0,339,4,15.468388068293464
0,339,5,50.649756043101256
0,339,6,1.0163190383367897
0,340,0,0.7735161863053367
0,340,1,0.09899282447667616
0,340,2,0.1274909892179871
0,340,3,3.1376539422857355
0,340,4,15.534799530447627
0,340,5,50.6649258294877
0,340,6,1.015651943631565
0,341,0,0.7732745897795955
0,341,1,0.09932941375105088
0,341,2,0.1273959964693535
0,341,3,3.1501095636150946
0,341,4,15.57600453722683
0,341,5,50.675526882494744
0,341,6,1.0159906966610106
0,342,0,0.7731757356864549
0,342,1,0.0991003886100788
0,342,2,0.12772387570346636
0,342,3,3.1667909360380877
0,342,4,15.597037034730736
0,342,5,50.68741263574682
0,342,6,1.0159977070190356
0,343,0,0.7735613657585398
0,343,1,0.09893711553088905
0,343,2,0.12750151871057108
0,343,3,3.182617704695862
0,343,4,15.645453966246407
0,343,5,50.699867146119786
0,343,6,1.0159336950932363
0,344,0,0.773113961200378
0,344,1,0.09941914067082303
0,344,2,0.12746689812879883
0,344,3,3.198124233928992
0,344,4,15.493767750643892
0,344,5,50.71546976990467
0,344,6,1.0153153387086582
0,345,0,0.7733943908777314
0,345,1,0.09939338895826709
0,345,2,0.12721222016400158
0,345,3,3.2162284549514215
0,345,4,15.733791979439705
0,345,5,50.76221082375009
0,345,6,1.0154580586481536
0,346,0,0.7729517899756406
0,346,1,0.10006904361724417
0,346,2,0.12697916640711526
0,346,3,3.2262517457781827
0,346,4,15.7513367101805
0,346,5,50.7894893342612
0,346,6,1.015826911449757
0,347,0,0.7733976082770333
0,347,1,0.09971510663959435
0,347,2,0.1268872850833724
0,347,3,3.2446754639353506
0,347,4,15.85059091966698
0,347,5,50.8203213206846
0,347,6,1.0157822775234813
0,348,0,0.7734818073183684
0,348,1,0.10009219073647967
0,348,2,0.12642600194515194
0,348,3,3.2624208065322486
0,348,4,15.888363263789207
0,348,5,50.84780785117675
0,348,6,1.0156661804905376
0,349,0,0.7727929407815777
0,349,1,0.1005543943204324
0,349,2,0.12665266489798988
0,349,3,3.2736166937111575
0,349,4,15.859279525652404
0,349,5,50.88748097916795
0,349,6,1.0156740422557222
0,350,0,0.7730699430508192
0,350,1,0.10045731003402376
0,350,2,0.12647274691515692
0,350,3,3.293342813464035
0,350,4,15.94589322187214
0,350,5,50.924806448995376
0,350,6,1.0152148864472248
0,351,0,0.7729453185438493
0,351,1,0.10081522603543207
0,351,2,0.12623945542071865
0,351,3,3.3060242708057035
0,351,4,16.005430184443462
0,351,5,50.952459845531145
0,351,6,1.0160360073122185
0,352,0,0.7730851266162111
0,352,1,0.10057576853734046
0,352,2,0.12633910484644847
0,352,3,3.324791495509859
0,352,4,16.018506401580176
0,352,5,50.98622726242224
0,352,6,1.0155848050483214
0,353,0,0.772774400141836
0,353,1,0.10062596130633068
0,353,2,0.12659963855183345
0,353,3,3.3399859889938117
0,353,4,16.036120018230047
0,353,5,51.01294852667869
0,353,6,1.0157564129329635
0,354,0,0.772327668168113
0,354,1,0.10064336107652147
0,354,2,0.1270289707553655
0,354,3,3.3523547501265014
0,354,4,15.972738233248805
0,354,5,51.019773927903685
0,354,6,1.0158088113625032
0,355,0,0.7724029627755871
0,355,1,0.10098929392383664
0,355,2,0.12660774330057625
0,355,3,3.373571022423127
0,355,4,16.03639678512074
0,355,5,51.00290040094635
0,355,6,1.0154361061965544
0,356,0,0.7726045973314257
0,356,1,0.10074589989588634
0,356,2,0.126649502772688
0,356,3,3.388687018572626
0,356,4,16.082451757536205
0,356,5,51.00897169623931
0,356,6,1.0158459858685522
0,357,0,0.7693303082420957
0,357,1,0.10207749025798638
0,357,2,0.128592201499918
0,357,3,3.402197761796155
0,357,4,15.20004430395244
0,357,5,51.04653312752568
0,357,6,1.0140574542866725
0,358,0,0.7719856601359271
0,358,1,0.10134462836183221
0,358,2,0.12666971150224066
0,358,3,3.4202600705750434
0,358,4,16.117942655715062
0,358,5,51.04324064037203
0,358,6,1.015773069673052
0,359,0,0.7722070709157427
0,359,1,0.10097225282333809
0,359,2,0.1268206762609193
0,359,3,3.4334101947397477
0,359,4,16.06297932130805
0,359,5,51.04029855750997
0,359,6,1.0158946903609194
0,360,0,0.772035780320193
0,360,1,0.10115320066263422
0,360,2,0.12681101901717276
0,360,3,3.449287641011816
0,360,4,16.083403979066652
0,360,5,51.012047742228106
0,360,6,1.015693838830436
0,361,0,0.7722217418189072
0,361,1,0.10097979982483285
0,361,2,0.12679845835625994
0,361,3,3.4636755093639424
0,361,4,16.10459322292213
0,361,5,51.00781266882142
0,361,6,1.0159476551891504
0,362,0,0.7722368100003862
0,362,1,0.10126442515505903
0,362,2,0.12649876484455477
0,362,3,3.483935617460058
0,362,4,16.189681453573954
0,362,5,51.00115488033501
0,362,6,1.0154950737929538
0,363,0,0.7717000138868804
0,363,1,0.1016009185295311
0,363,2,0.1266990675835885
0,363,3,3.495184429312134
0,363,4,16.07042715348888
0,363,5,51.016908466086896
0,363,6,1.0155333116723224
0,364,0,0.7711548853823091
0,364,1,0.10223721888561899
0,364,2,0.1266078957320719
0,364,3,3.5156193045368034
0,364,4,16.001135478329076
0,364,5,51.03088168653207
0,364,6,1.015026395226148
0,365,0,0.7713014602178443
0,365,1,0.10247347991951672
0,365,2,0.12622505986263904
0,365,3,3.52737280320437
0,365,4,16.165538326917456
0,365,5,51.03772152398482
0,365,6,1.0155705638170582
0,366,0,0.7712215893932807
0,366,1,0.1022775280361142
0,366,2,0.12650088257060513
0,366,3,3.5459408947429396
0,366,4,16.231457064348827
0,366,5,51.04150902883892
0,366,6,1.0154980168889256
0,367,0,0.7714087027449883
0,367,1,0.10201354956802934
0,367,2,0.12657774768698227
0,367,3,3.5621158760896297
0,367,4,16.047338398720235
0,367,5,51.054006637446605
0,367,6,1.0153024606288656
0,368,0,0.7717201030956848
0,368,1,0.1021999689423213
0,368,2,0.12607992796199385
0,368,3,3.5773299994851633
0,368,4,16.314467867615708
0,368,5,51.07063546798051
0,368,6,1.016019869341772
0,369,0,0.7717228629427473
0,369,1,0.10232320434356426
0,369,2,0.12595393271368846
0,369,3,3.596434238147034
0,369,4,16.3065474949492
0,369,5,51.06494354020087
0,369,6,1.015129983130967
0,370,0,0.771764504112258
0,370,1,0.10232323469239349
0,370,2,0.12591226119534848
0,370,3,3.614918040050548
0,370,4,16.401442423095943
0,370,5,51.080317347455136
0,370,6,1.0155737963249598
0,371,0,0.7715950597372244
0,371,1,0.10277641337716156
0,371,2,0.1256285268856141
0,371,3,3.630559841256173
0,371,4,16.431989669366434
0,371,5,51.0599524256309
0,371,6,1.0155857753361859
0,372,0,0.770805490487414
0,372,1,0.1031468780129472
0,372,2,0.1260476314996387
0,372,3,3.650047226635618
0,372,4,16.221747856207248
0,372,5,51.08110592114305
0,372,6,1.014827455854991
0,373,0,0.7705720490416796
0,373,1,0.10353234907922454
0,373,2,0.12589560187909588
0,373,3,3.6659588596941606
0,373,4,16.3034427348318
0,373,5,51.08162705843348
0,373,6,1.0146920084708784
0,374,0,0.771445021057678
0,374,1,0.10323305906289604
0,374,2,0.125321919879426
0,374,3,3.6817010433372994
0,374,4,16.53987999464453
0,374,5,51.081050643291235
0,374,6,1.0156353743037432
0,375,0,0.7714886333501789
0,375,1,0.1029436996280326
0,375,2,0.12556766702178845
0,375,3,3.6976128952336422
0,375,4,16.531368342010047
0,375,5,51.08133529044518
0,375,6,1.015293861886342
0,376,0,0.77098948613666
0,376,1,0.10367146073272947
0,376,2,0.12533905313061056
0,376,3,3.7103658878140786
0,376,4,16.56749495046272
0,376,5,51.08089752908733
0,376,6,1.015412189199659
0,377,0,0.7710878926962057
0,377,1,0.10380082726421289
0,377,2,0.12511128003958139
0,377,3,3.7263265389594262
0,377,4,16.54322757940296
0,377,5,51.087517125866746
0,377,6,1.0154713008699063
0,378,0,0.7705326168956707
0,378,1,0.10384762862758813
0,378,2,0.12561975447674115
0,378,3,3.7444537407435696
0,378,4,16.514014921798324
0,378,5,51.090508292897916
0,378,6,1.0148490749564476
0,379,0,0.7699068997624443
0,379,1,0.10429289212673573
0,379,2,0.1258002081108201
0,379,3,3.759183966147607
0,379,4,16.365274283059073
0,379,5,51.0927007929535
0,379,6,1.0148447244129781
0,380,0,0.7705592178879433
0,380,1,0.10418687421709667
0,380,2,0.12525390789495994
0,380,3,3.7760153622920134
0,380,4,16.585043648465458
0,380,5,51.10660532606905
0,380,6,1.014864209169224
0,381,0,0.7708838560399188
0,381,1,0.10408672049277935
0,381,2,0.12502942346730173
0,381,3,3.7963118904235653
0,381,4,16.666777814588027
0,381,5,51.1010751444412
0,381,6,1.014808874694781
0,382,0,0.7705323083173514
0,382,1,0.10450740540776973
0,382,2,0.12496028627487889
0,382,3,3.8118805359410897
0,382,4,16.653145322244374
0,382,5,51.12540528615174
0,382,6,1.0146976463641952
0,383,0,0.7702657177305487
0,383,1,0.10483502135699732
0,383,2,0.12489926091245399
0,383,3,3.825189788138233
0,383,4,16.660659160393326
0,383,5,51.14317871954222
0,383,6,1.0149467592599646
0,384,0,0.7701079925573132
0,384,1,0.10522759512511853
0,384,2,0.12466441231756833
0,384,3,3.8441757111517854
0,384,4,16.736558787571536
0,384,5,51.14688444485346
0,384,6,1.0147976446278224
0,385,0,0.7703822692138023
0,385,1,0.10477957016980269
0,385,2,0.12483816061639494
0,385,3,3.8615315771937775
0,385,4,16.77350627285969
0,385,5,51.12370114034911
0,385,6,1.0153676478550009
0,386,0,0.7704385500773552
0,386,1,0.10452008492608268
0,386,2,0.12504136499656213
0,386,3,3.8811728380952997
0,386,4,16.791261646310797
0,386,5,51.087849923460574
0,386,6,1.0148277937326133
0,387,0,0.7706993164866255
0,387,1,0.10462565561074731
0,387,2,0.12467502790262727
0,387,3,3.8992865320565375
0,387,4,16.787912226054136
0,387,5,51.055681266629385
0,387,6,1.0146431794361634
0,388,0,0.7695833023955833
0,388,1,0.10556566493899985
0,388,2,0.12485103266541683
0,388,3,3.916048446793826
0,388,4,16.613943730992155
0,388,5,51.06643131348707
0,388,6,1.0140420650030435
0,389,0,0.7706719791978823
0,389,1,0.10526393153142607
0,389,2,0.12406408927069158
0,389,3,3.931226480958195
0,389,4,16.8545489933428
0,389,5,51.06015089586931
0,389,6,1.0146348870632305
0,390,0,0.7695164407392661
0,390,1,0.1058266841702465
0,390,2,0.12465687509048747
0,390,3,3.946004200980493
0,390,4,16.632895875726508
0,390,5,51.07683475804326
0,390,6,1.014452014355042
0,391,0,0.7694393521631523
0,391,1,0.10620661798649385
0,391,2,0.12435402985035388
0,391,3,3.967781820257575
0,391,4,16.734695011204163
0,391,5,51.07808137129381
0,391,6,1.0137427591627057
0,392,0,0.7703000901243562
0,392,1,0.10557185573307959
0,392,2,0.12412805414256425
0,392,3,3.980669327441867
0,392,4,16.96502698050982
0,392,5,51.05326130298137
0,392,6,1.014525027545472
0,393,0,0.7697506883996227
0,393,1,0.10577169187303856
0,393,2,0.12447761972733877
0,393,3,4.002510371718901
0,393,4,16.75291615733903
0,393,5,51.039282775014286
0,393,6,1.013632129341051
0,394,0,0.7699999041525288
0,394,1,0.10628281153197464
0,394,2,0.12371728431549647
0,394,3,4.016641416046344
0,394,4,16.81730431571373
0,394,5,51.021671340291405
0,394,6,1.0141435988114518
0,395,0,0.7696330161015047
0,395,1,0.10650542754343709
0,395,2,0.12386155635505824
0,395,3,4.037734166807714
0,395,4,16.852025321964543
0,395,5,51.040307226191075
0,395,6,1.0135645940278641
0,396,0,0.7699581057318359
0,396,1,0.10646512838168723
0,396,2,0.12357676588647694
0,396,3,4.052617016536512
0,396,4,17.08362839331756
0,396,5,51.05049873614496
0,396,6,1.0141024934710654
0,397,0,0.770210139116102
0,397,1,0.1064063252744431
0,397,2,0.12338353560945489
0,397,3,4.069900786911311
0,397,4,17.07390463071691
0,397,5,51.03738616262513
0,397,6,1.0142843429336634
0,398,0,0.7686914447187186
0,398,1,0.10744073786868152
0,398,2,0.12386781741259985
0,398,3,4.086060545431302
0,398,4,16.90546503946869
0,398,5,51.02168511639887
0,398,6,1.0136766598392553
0,399,0,0.7690899554703982
0,399,1,0.1068452647085874
0,399,2,0.12406477982101438
0,399,3,4.10462008116693
0,399,4,16.90944503415369
0,399,5,51.01704682663436
0,399,6,1.0134700365134497
0,400,0,0.7690148152640935
0,400,1,0.10743252679090086
0,400,2,0.1235526579450056
0,400,3,4.119918463308886
0,400,4,16.93217133944738
0,400,5,51.018505938332034
0,400,6,1.0140677085871905
0,401,0,0.7689702427975309
0,401,1,0.10767063936707744
0,401,2,0.12335911783539182
0,401,3,4.1428001256963265
0,401,4,17.025524857213334
0,401,5,51.035255538952356
0,401,6,1.0136246763412322
0,402,0,0.7697038861006438
0,402,1,0.10685959920293212
0,402,2,0.1234365146964241
0,402,3,4.157252223578487
0,402,4,17.193408056966007
0,402,5,51.03443052211401
0,402,6,1.0139952647872301
0,403,0,0.7703020492568012
0,403,1,0.10679730053399247
0,403,2,0.12290065020920629
0,403,3,4.1759534617997005
0,403,4,17.291881864572208
0,403,5,50.96428662832144
0,403,6,1.0141286889807293
0,404,0,0.7691994886009239
0,404,1,0.1073368018792653
0,404,2,0.12346370951981074
0,404,3,4.178255143646414
0,404,4,17.0425103699343
0,404,5,50.96190256554472
0,404,6,1.0138071250579912
0,405,0,0.7690153302320256
0,405,1,0.10747782428791886
0,405,2,0.12350684548005555
0,405,3,4.194986786048681
0,405,4,16.99389501828656
0,405,5,50.91329559085192
0,405,6,1.0136004179351517
0,406,0,0.7687251988509682
0,406,1,0.10773165154055331
0,406,2,0.12354314960847854
0,406,3,4.2089512244403124
0,406,4,16.983454036416138
0,406,5,50.89278237658611
0,406,6,1.0135892406522147
0,407,0,0.7685898030195535
0,407,1,0.1076652291184388
0,407,2,0.12374496786200767
0,407,3,4.232275659988854
0,407,4,16.9611598034627
0,407,5,50.87099976978343
0,407,6,1.0130236704975448
0,408,0,0.7686680147009578
0,408,1,0.10813798927132814
0,408,2,0.12319399602771407
0,408,3,4.247653582943262
0,408,4,17.05884196739841
0,408,5,50.871003984162826
0,408,6,1.013293397077742
0,409,0,0.7691500515671367
0,409,1,0.10815329317630432
0,409,2,0.12269665525655891
0,409,3,4.264169843054312
0,409,4,17.09400024668462
0,409,5,50.866423911633575
0,409,6,1.013426148941886
0,410,0,0.7686261336504308
0,410,1,0.10855349701529134
0,410,2,0.12282036933427802
0,410,3,4.284581496730806
0,410,4,17.09270570284051
0,410,5,50.86508717613388
0,410,6,1.013094375103849
0,411,0,0.7687777975908265
0,411,1,0.10808530015948728
0,411,2,0.12313690224968611
0,411,3,4.297351089930452
0,411,4,17.09614322112067
0,411,5,50.857737681655436
0,411,6,1.013548117464689
0,412,0,0.7683620596423717
0,412,1,0.10883902196802193
0,412,2,0.12279891838960648
0,412,3,4.3165938289135655
0,412,4,17.09800881316383
0,412,5,50.832198593704206
0,412,6,1.0132760712736801
0,413,0,0.764733046299324
0,413,1,0.1110143584201648
0,413,2,0.1242525952805112
0,413,3,4.332513594866906
0,413,4,16.254146105616428
0,413,5,50.87870630366518
0,413,6,1.0116870544884984
0,414,0,0.7683885683990334
0,414,1,0.10925684648770781
0,414,2,0.12235458511325893
0,414,3,4.350184767400552
0,414,4,17.087444061266265
0,414,5,50.85054100223747
0,414,6,1.013083759694204
0,415,0,0.7685952840762278
0,415,1,0.1091075347347777
0,415,2,0.1222971811889944
0,415,3,4.370369919945713
0,415,4,17.12015540684287
0,415,5,50.80944283714649
0,415,6,1.01339589139441
0,416,0,0.7636754292259329
0,416,1,0.11205753083870294
0,416,2,0.12426703993536405
0,416,3,4.390947813336327
0,416,4,16.058527671507505
0,416,5,50.87038187004233
0,416,6,1.0108401213935436
0,417,0,0.7696287247181537
0,417,1,0.1088599112969625
0,417,2,0.12151136398488377
0,417,3,4.408257427568145
0,417,4,17.472928487752874
0,417,5,50.8190052705
0,417,6,1.013314680868051
0,418,0,0.7691253863340524
0,418,1,0.10910219253915934
0,418,2,0.12177242112678821
0,418,3,4.426336969675302
0,418,4,17.225800903813433
0,418,5,50.785577288227856
0,418,6,1.01281742101612
0,419,0,0.7696957373299735
0,419,1,0.10904886299909303
0,419,2,0.1212553996709334
0,419,3,4.443292582022677
0,419,4,17.505246069680485
0,419,5,50.78346138307305
0,419,6,1.0134602431756532
0,420,0,0.7681311505140921
0,420,1,0.1098114700594167
0,420,2,0.12205737942649121
0,420,3,4.459049736944822
0,420,4,17.237698084629255
0,420,5,50.744890984015015
0,420,6,1.0130688557826426
0,421,0,0.7687630915654682
0,421,1,0.10993547983730277
0,421,2,0.121301428597229
0,421,3,4.483581268555218
0,421,4,17.33230166964525
0,421,5,50.682460850045715
0,421,6,1.0127715300823188
0,422,0,0.7632680406024531
0,422,1,0.11325152226773985
0,422,2,0.12348043712980704
0,422,3,4.500663986787399
0,422,4,16.202535978907022
0,422,5,50.72758054181122
0,422,6,1.010376747905078
0,423,0,0.7688304876399755
0,423,1,0.11050670704415469
0,423,2,0.12066280531586973
0,423,3,4.517942606043172
0,423,4,17.34333638720558
0,423,5,50.693901027830435
0,423,6,1.012602261227307
0,424,0,0.7690430624431124
0,424,1,0.11037688017904895
0,424,2,0.1205800573778387
0,424,3,4.534374628190067
0,424,4,17.42545932748688
0,424,5,50.67241867579633
0,424,6,1.0126685290378312
0,425,0,0.7701957755158344
0,425,1,0.10945046721302717
0,425,2,0.1203537572711385
0,425,3,4.553870895762058
0,425,4,17.65081979176802
0,425,5,50.62492585918992
0,425,6,1.0129957981010738
0,426,0,0.7634035363047891
0,426,1,0.11358228916742555
0,426,2,0.1230141745277854
0,426,3,4.57307801780203
0,426,4,16.252796638058754
0,426,5,50.62888781747192
0,426,6,1.0104587550257311
0,427,0,0.7633898372428805
0,427,1,0.11373080598322338
0,427,2,0.12287935677389616
0,427,3,4.595103595596518
0,427,4,16.291339821264593
0,427,5,50.6637015517296
0,427,6,1.0101360048821575
0,428,0,0.7690889641619387
0,428,1,0.1105446042844233
0,428,2,0.12036643155363796
0,428,3,4.6135658083343705
0,428,4,17.497359621162698
0,428,5,50.59779031382129
0,428,6,1.0125393353429128
0,429,0,0.7635137135608852
0,429,1,0.11422220032731276
0,429,2,0.12226408611180217
0,429,3,4.631890909821237
0,429,4,16.33427256417841
0,429,5,50.625315322528195
0,429,6,1.0099430954255886
0,430,0,0.7682586780166176
0,430,1,0.11111249512820975
0,430,2,0.12062882685517265
0,430,3,4.650654493891694
0,430,4,17.423774341117767
0,430,5,50.58762464545858
0,430,6,1.012212226548247
0,431,0,0.7685597693109586
0,431,1,0.11090156271166843
0,431,2,0.12053866797737295
0,431,3,4.671633016200815
0,431,4,17.47750961271769
0,431,5,50.49332073959147
0,431,6,1.0121605897972563
0,432,0,0.7626999204723091
0,432,1,0.11486390857681979
0,432,2,0.12243617095087117
0,432,3,4.684793482291001
0,432,4,16.26134261560523
0,432,5,50.49384961673707
0,432,6,1.0100462963760604
0,433,0,0.7685448656661632
0,433,1,0.11140866858530574
0,433,2,0.12004646574853103
0,433,3,4.70707006518921
0,433,4,17.501983656942496
0,433,5,50.41327700104648
0,433,6,1.0117554747182007
0,434,0,0.7681644819505471
0,434,1,0.11179469270599103
0,434,2,0.12004082534346186
0,434,3,4.719481866965507
0,434,4,17.45012846157199
0,434,5,50.31689050887962
0,434,6,1.0119431293781451
0,435,0,0.7680548329563067
0,435,1,0.11167825551205751
0,435,2,0.12026691153163577
0,435,3,4.737602513353563
0,435,4,17.458102724129695
0,435,5,50.188170791398996
0,435,6,1.0124213010156966
0,436,0,0.7617004493521805
0,436,1,0.11549282371947729
0,436,2,0.12280672692834224
0,436,3,4.757516886377568
0,436,4,16.23391690443768
0,436,5,50.12759076528672
0,436,6,1.009887345422554
0,437,0,0.7623065440271901
0,437,1,0.11516214696929654
0,437,2,0.12253130900351328
0,437,3,4.778519956676113
0,437,4,16.30416554387079
0,437,5,50.104681721743475
0,437,6,1.0095776310454845
0,438,0,0.7618422462203696
0,438,1,0.11585683816619391
0,438,2,0.12230091561343652
0,438,3,4.7972446171292615
0,438,4,16.334031789317972
0,438,5,50.07609858603874
0,438,6,1.0096276765734513
0,439,0,0.7618662117041645
0,439,1,0.1163707328403649
0,439,2,0.12176305545547055
0,439,3,4.814411647577422
0,439,4,16.335893219571822
0,439,5,50.0591334926005
0,439,6,1.0096074396973396
0,440,0,0.761725897811405
0,440,1,0.11613177184917206
0,440,2,0.12214233033942305
0,440,3,4.83645867425691
0,440,4,16.333668947026624
0,440,5,50.05855484617307
0,440,6,1.0093469344951822
0,441,0,0.7612799684906799
0,441,1,0.1164757939583955
0,441,2,0.12224423755092448
0,441,3,4.853586583971975
0,441,4,16.310457009790778
0,441,5,50.04749515797601
0,441,6,1.0094022312868187
0,442,0,0.7620444260219625
0,442,1,0.11621166713985816
0,442,2,0.12174390683817923
0,442,3,4.874109591500305
0,442,4,16.356596659943065
0,442,5,50.028848158710694
0,442,6,1.0092799979827813
0,443,0,0.7618270989885165
0,443,1,0.11660882009219686
0,443,2,0.12156408091928661
0,443,3,4.893144342336238
0,443,4,16.37897106760119
0,443,5,50.01680753064905
0,443,6,1.0090759317881306
0,444,0,0.7619138839842646
0,444,1,0.11670861528613771
0,444,2,0.12137750072959773
0,444,3,4.911433741933756
0,444,4,16.37783215855822
0,444,5,50.002139298564266
0,444,6,1.0089943778826156
0,445,0,0.7619333977113625
0,445,1,0.11696267604785823
0,445,2,0.12110392624077937
0,445,3,4.931198433286262
0,445,4,16.46031143400615
0,445,5,49.97677037150817
0,445,6,1.009417493265855
0,446,0,0.7616029853995997
0,446,1,0.11770449003728588
0,446,2,0.12069252456311433
0,446,3,4.946369770220796
0,446,4,16.510932544526135
0,446,5,49.97137859730219
0,446,6,1.0094759514402691
0,447,0,0.7619073340638141
0,447,1,0.11774412310021898
0,447,2,0.12034854283596694
0,447,3,4.968721852168759
0,447,4,16.540776981988202
0,447,5,49.952804002750746
0,447,6,1.009212788262323
0,448,0,0.76232767504351
0,448,1,0.11751891761595167
0,448,2,0.12015340734053828
0,448,3,4.988467609031283
0,448,4,16.576563521956817
0,448,5,49.931446156409656
0,448,6,1.0094295140615046
0,449,0,0.7622955459382997
0,449,1,0.11811912737486566
0,449,2,0.11958532668683461
0,449,3,5.005088904589223
0,449,4,16.59818646266997
0,449,5,49.9189734136431
0,449,6,1.00933246778412
0,450,0,0.7621554218099242
0,450,1,0.11840652634284454
0,450,2,0.11943805184723132
0,450,3,5.029415755546372
0,450,4,16.60151930128964
0,450,5,49.90833271385223
0,450,6,1.0086921798555584
0,451,0,0.7620644682079337
0,451,1,0.11856602222057783
0,451,2,0.11936950957148845
0,451,3,5.045261296354547
0,451,4,16.632708426067065
0,451,5,49.913460420021316
0,451,6,1.0089926953625532
0,452,0,0.7618488488066124
0,452,1,0.11907106375998178
0,452,2,0.11908008743340585
0,452,3,5.0668321524224975
0,452,4,16.625293043972107
0,452,5,49.90423761129524
0,452,6,1.0087059727553442
0,453,0,0.7625625914181602
0,453,1,0.11886461212728006
0,453,2,0.11857279645455972
0,453,3,5.083910598615799
0,453,4,16.7310388300715
0,453,5,49.89391158497916
0,453,6,1.008964638494582
0,454,0,0.7626788921394001
0,454,1,0.1190278439054194
0,454,2,0.11829326395518039
0,454,3,5.105726275661792
0,454,4,16.735950604433405
0,454,5,49.90029918319452
0,454,6,1.008767018546257
0,455,0,0.7622711572361749
0,455,1,0.11984819711946397
0,455,2,0.11788064564436121
0,455,3,5.127999026311829
0,455,4,16.763274265455358
0,455,5,49.90478956927953
0,455,6,1.0084844180414116
0,456,0,0.769205814530917
0,456,1,0.11533609020200185
0,456,2,0.11545809526708121
0,456,3,5.144459924376063
0,456,4,18.04039382868696
0,456,5,49.789296080698904
0,456,6,1.0108093442918673
0,457,0,0.7617851531052945
0,457,1,0.11994581695535574
0,457,2,0.1182690299393498
0,457,3,5.164263779570095
0,457,4,16.672791086164604
0,457,5,49.714759638338286
0,457,6,1.008269019324815
0,458,0,0.7617072640218403
0,458,1,0.12044475516080053
0,458,2,0.11784798081735919
0,458,3,5.183726994819258
0,458,4,16.707784529267453
0,458,5,49.684612539577756
0,458,6,1.0082241648389214
0,459,0,0.7622158950897038
0,459,1,0.12035665805262222
0,459,2,0.11742744685767403
0,459,3,5.202656199878
0,459,4,16.790152338053804
0,459,5,49.65772722954195
0,459,6,1.0082734958716588
0,460,0,0.7625887639422634
0,460,1,0.12065127361888245
0,460,2,0.11675996243885416
0,460,3,5.226815504648005
0,460,4,16.87321010521634
0,460,5,49.65235805221811
0,460,6,1.0083349120132596
0,461,0,0.7621785458216288
0,461,1,0.12085791090683759
0,461,2,0.11696354327153365
0,461,3,5.2464644573335155
0,461,4,16.842108243575844
0,461,5,49.65311237017407
0,461,6,1.0084400014126784
0,462,0,0.7620924446013767
0,462,1,0.12154264440986631
0,462,2,0.11636491098875698
0,462,3,5.265574563121084
0,462,4,16.90763981693131
0,462,5,49.62687764739024
0,462,6,1.0081433376051692
0,463,0,0.7624991010131436
0,463,1,0.12132706190174755
0,463,2,0.11617383708510895
0,463,3,5.280491749120121
0,463,4,16.903063368369384
0,463,5,49.612369667293066
0,463,6,1.0089839643399525
0,464,0,0.7624031535642519
0,464,1,0.12166981242757352
0,464,2,0.11592703400817458
0,464,3,5.306266203503651
0,464,4,16.923010788088252
0,464,5,49.57664365419218
0,464,6,1.0081797451810304
0,465,0,0.76241351675545
0,465,1,0.12213927590726525
0,465,2,0.11544720733728477
0,465,3,5.324440845054675
0,465,4,16.92182632677014
0,465,5,49.558690502203376
0,465,6,1.0084601022376272
0,466,0,0.762371793995176
0,466,1,0.12246369394355688
0,466,2,0.11516451206126711
0,466,3,5.339643599974614
0,466,4,16.948221373064623
0,466,5,49.53354290232846
0,466,6,1.008784056022492
0,467,0,0.7623501997929321
0,467,1,0.12224135113501272
0,467,2,0.11540844907205512
0,467,3,5.361967769343322
0,467,4,16.992398136506537
0,467,5,49.497069884968674
0,467,6,1.0084768711588128
0,468,0,0.7619506845730822
0,468,1,0.1228620908976285
0,468,2,0.11518722452928916
0,468,3,5.375420130969724
0,468,4,16.947903535468097
0,468,5,49.437396136953694
0,468,6,1.0087793182944687
0,469,0,0.7622913017543874
0,469,1,0.1226746602554144
0,469,2,0.1150340379901982
0,469,3,5.397631219352489
0,469,4,17.02100952300494
0,469,5,49.36066649023827
0,469,6,1.0088867199825349
0,470,0,0.7616344582578394
0,470,1,0.12304786738703233
0,470,2,0.11531767435512824
0,470,3,5.418479529898268
0,470,4,16.95480621308783
0,470,5,49.2978290046983
0,470,6,1.0082623802782242
0,471,0,0.7619601133491147
0,471,1,0.12335215435487237
0,471,2,0.11468773229601294
0,471,3,5.439522098285842
0,471,4,16.990714948581637
0,471,5,49.22912661508151
0,471,6,1.007929717987437
0,472,0,0.7620064804960129
0,472,1,0.12360945544983373
0,472,2,0.11438406405415329
0,472,3,5.459304539723584
0,472,4,17.024915261352447
0,472,5,49.1848826224725
0,472,6,1.0081490643216833
0,473,0,0.7622837903737869
0,473,1,0.12358697335685229
0,473,2,0.11412923626936072
0,473,3,5.481531302200835
0,473,4,17.049108397747037
0,473,5,49.137317354603155
0,473,6,1.0076999310713792
0,474,0,0.762482982682317
0,474,1,0.12392029112896373
0,474,2,0.11359672618871927
0,474,3,5.503722950802999
0,474,4,17.09914407425123
0,474,5,49.09914501393449
0,474,6,1.00782600827916
0,475,0,0.7620871676057557
0,475,1,0.12411419700729127
0,475,2,0.11379863538695315
0,475,3,5.525764949051808
0,475,4,17.081789328943866
0,475,5,49.050855098417685
0,475,6,1.0076255899952398
0,476,0,0.7623311527614841
0,476,1,0.12439351033059586
0,476,2,0.11327533690792
0,476,3,5.543597001131622
0,476,4,17.096559140818478
0,476,5,49.00298120488728
0,476,6,1.0077585862952367
0,477,0,0.7620588606491756
0,477,1,0.12474249668963332
0,477,2,0.11319864266119109
0,477,3,5.564986535937181
0,477,4,17.120561686100658
0,477,5,48.96895720649735
0,477,6,1.0078823687545833
0,478,0,0.7621067764329963
0,478,1,0.12478018888542203
0,478,2,0.11311303468158176
0,478,3,5.568542394118417
0,478,4,17.1322829445957
0,478,5,48.96311526953527
0,478,6,1.0078726851575868
0,479,0,0.7625489218243658
0,479,1,0.12535317482277025
0,479,2,0.11209790335286388
0,479,3,5.586459094093024
0,479,4,17.20624026518488
0,479,5,48.90669772092686
0,479,6,1.007924313536972
0,480,0,0.7625048360442888
0,480,1,0.12541365638235064
0,480,2,0.11208150757336058
0,480,3,5.607375963190303
0,480,4,17.208785987608366
0,480,5,48.86375331979045
0,480,6,1.0079260291450725
0,481,0,0.7624773447869253
0,481,1,0.1253395750615224
0,481,2,0.11218308015155219
0,481,3,5.6331227868674345
0,481,4,17.239238138594875
0,481,5,48.81958533265794
0,481,6,1.0075791933356273
0,482,0,0.7622537301902345
0,482,1,0.1261232095256976
0,482,2,0.11162306028406793
0,482,3,5.649718274367048
0,482,4,17.21256395246099
0,482,5,48.77971565764907
0,482,6,1.0076605562542178
0,483,0,0.7629730981443159
0,483,1,0.12558749774447908
0,483,2,0.1114394041112051
0,483,3,5.672312779708337
0,483,4,17.27903577527015
0,483,5,48.737905862636175
0,483,6,1.007739350931967
0,484,0,0.762731601453049
0,484,1,0.12603194895711878
0,484,2,0.11123644958983225
0,484,3,5.692429349157326
0,484,4,17.295234600904198
0,484,5,48.68633755478008
0,484,6,1.0073160070002807
0,485,0,0.7627727235440873
0,485,1,0.12625684090016084
0,485,2,0.1109704355557519
0,485,3,5.712439667243533
0,485,4,17.305710078705776
0,485,5,48.652720582912764
0,485,6,1.0074278142660527
0,486,0,0.7631273976753876
0,486,1,0.12617263973300602
0,486,2,0.11069996259160635
0,486,3,5.736990865149778
0,486,4,17.39155811227983
0,486,5,48.60887396573922
0,486,6,1.007103892168734
0,487,0,0.7630992356462527
0,487,1,0.12679113090108762
0,487,2,0.11010963345265976
0,487,3,5.75574218666515
0,487,4,17.35623971945809
0,487,5,48.56888619194527
0,487,6,1.0069772245756825
0,488,0,0.7622840933633837
0,488,1,0.12721022823999723
0,488,2,0.11050567839661908
0,488,3,5.771256026190208
0,488,4,17.35275427389738
0,488,5,48.536588101709185
0,488,6,1.0074327606559716
0,489,0,0.762975543776554
0,489,1,0.12704887237862034
0,489,2,0.10997558384482563
0,489,3,5.795206516400588
0,489,4,17.39410650899199
0,489,5,48.45433885842379
0,489,6,1.0071406451411269
0,490,0,0.7624881070329923
0,490,1,0.1275023419463272
0,490,2,0.11000955102068054
0,490,3,5.821716529445225
0,490,4,17.360561492883765
0,490,5,48.38407548329389
0,490,6,1.0069891181031843
0,491,0,0.7625142222728171
0,491,1,0.12738973783233554
0,491,2,0.11009603989484736
0,491,3,5.840256293894441
0,491,4,17.32575765951685
0,491,5,48.31888689051649
0,491,6,1.0070286658005556
0,492,0,0.7623807661303786
0,492,1,0.12801182034721895
0,492,2,0.10960741352240236
0,492,3,5.86186337500902
0,492,4,17.36462810200159
0,492,5,48.23288895318527
0,492,6,1.006946359136989
0,493,0,0.7624421706465574
0,493,1,0.12795392549684553
0,493,2,0.10960390385659693
0,493,3,5.8824858501340564
0,493,4,17.381155773850885
0,493,5,48.141135218691865
0,493,6,1.00698469147671
0,494,0,0.762456006066411
0,494,1,0.1283268840064242
0,494,2,0.1092171099271648
0,494,3,5.906753816048352
0,494,4,17.387939200353212
0,494,5,48.0739145902228
0,494,6,1.0063963658854564
0,495,0,0.7625484621137435
0,495,1,0.12847908313424605
0,495,2,0.10897245475201035
0,495,3,5.923035232775791
0,495,4,17.383996188921994
0,495,5,48.00816202636932
0,495,6,1.0068705184428888
0,496,0,0.7618858629570346
0,496,1,0.12892509694527485
0,496,2,0.10918904009769045
0,496,3,5.94269983485248
0,496,4,17.372371223576273
0,496,5,47.91307624449929
0,496,6,1.0069049747397998
0,497,0,0.7622938466163626
0,497,1,0.1286419127297298
0,497,2,0.10906424065390763
0,497,3,5.96458410162585
0,497,4,17.424930576899335
0,497,5,47.817983867026136
0,497,6,1.0068353291060623
0,498,0,0.7617023864601178
0,498,1,0.12929700624646775
0,498,2,0.10900060729341451
0,498,3,5.984395545380713
0,498,4,17.34331493761384
0,498,5,47.72665010111389
0,498,6,1.00669472455544
0,499,0,0.7625356431632735
0,499,1,0.1295594001370224
0,499,2,0.10790495669970404
0,499,3,6.009606105194186
0,499,4,17.52800729659322
0,499,5,47.819352848197965
0,499,6,1.0064500255586373
0,500,0,0.7633633634600652
0,500,1,0.12994458365077363
0,500,2,0.10669205288916118
0,500,3,6.032667526937902
0,500,4,17.611594639813173
0,500,5,47.8782536582188
0,500,6,1.0066941574118322
0,501,0,0.7644164234415594
0,501,1,0.12987643946026142
0,501,2,0.10570713709817911
0,501,3,6.055211622074525
0,501,4,17.745770162778904
0,501,5,47.91593055028487
0,501,6,1.0068467127563083
0,502,0,0.7652596580420026
0,502,1,0.1298272974802403
0,502,2,0.10491304447775711
0,502,3,6.082669876849666
0,502,4,17.85044557738282
0,502,5,47.91775228372691
0,502,6,1.006442106890604
0,503,0,0.7654021448335535
0,503,1,0.13017594531611
0,503,2,0.10442190985033649
0,503,3,6.103563086208663
0,503,4,17.872098276525904
0,503,5,47.898478936168
0,503,6,1.0064981452057655
0,504,0,0.7658868482246545
0,504,1,0.13034759834418574
0,504,2,0.10376555343115978
0,504,3,6.126001572582217
0,504,4,17.936293419287516
0,504,5,47.889762500866965
0,504,6,1.0065346505482002
0,505,0,0.7661694232755102
0,505,1,0.1308571869748668
0,505,2,0.10297338974962308
0,505,3,6.137908323786977
0,505,4,17.98302056076873
0,505,5,47.844197470169085
0,505,6,1.0068774057611898
0,506,0,0.7655606397185961
0,506,1,0.13146006640078892
0,506,2,0.10297929388061497
0,506,3,6.171941055768739
0,506,4,17.952427938313715
0,506,5,47.80885181165507
0,506,6,1.0059905537137461
0,507,0,0.7659150369454646
0,507,1,0.13168824032421012
0,507,2,0.1023967227303253
0,507,3,6.191585944254918
0,507,4,18.02472284420473
0,507,5,47.73856192238911
0,507,6,1.0061060167983995
0,508,0,0.7661736415892877
0,508,1,0.13182263266963348
0,508,2,0.10200372574107885
0,508,3,6.2151094358078565
0,508,4,18.041686656129595
0,508,5,47.70171462512521
0,508,6,1.006041259017483
0,509,0,0.7663804447249667
0,509,1,0.13201649734552567
0,509,2,0.10160305792950763
0,509,3,6.235213034368833
0,509,4,18.12098533682346
0,509,5,47.68697025456794
0,509,6,1.0060846613938457
0,510,0,0.7662032073175254
0,510,1,0.13244287900810997
0,510,2,0.10135391367436458
0,510,3,6.256967327704468
0,510,4,18.0902943438758
0,510,5,47.675843310864835
0,510,6,1.0060979547431952
0,511,0,0.7668880981227599
0,511,1,0.13276938093375684
0,511,2,0.10034252094348332
0,511,3,6.284438166495198
0,511,4,18.190069313470424
0,511,5,47.623334085284
0,511,6,1.0058385521234356
0,512,0,0.7670941125687727
0,512,1,0.13275867709176675
0,512,2,0.1001472103394606
0,512,3,6.301090144366159
0,512,4,18.200930952353986
0,512,5,47.58676148677674
0,512,6,1.0061420073759053
0,513,0,0.7667047435025445
0,513,1,0.1332932251995407
0,513,2,0.10000203129791473
0,513,3,6.323519631670763
0,513,4,18.234697246098346
0,513,5,47.58441743880296
0,513,6,1.0062096718849445
0,514,0,0.7674557984921294
0,514,1,0.1332848462801225
0,514,2,0.09925935522774817
0,514,3,6.349476940365323
0,514,4,18.308918041811935
0,514,5,47.54127039030863
0,514,6,1.006046823955693
0,515,0,0.7685558521328114
0,515,1,0.13321806780718465
0,515,2,0.09822608006000391
0,515,3,6.373983182179957
0,515,4,18.407347356838823
0,515,5,47.47810644182421
0,515,6,1.0059031840310242
0,516,0,0.7678519763085205
0,516,1,0.13391093514367053
0,516,2,0.09823708854780892
0,516,3,6.3912748724498725
0,516,4,18.367865223640486
0,516,5,47.44252018408417
0,516,6,1.006141059722843
0,517,0,0.7679631457110098
0,517,1,0.13430781952093165
0,517,2,0.09772903476805855
0,517,3,6.416792125763571
0,517,4,18.37168405454665
0,517,5,47.38090258952113
0,517,6,1.0057054780458994
0,518,0,0.7685587272919042
0,518,1,0.13428935319374544
0,518,2,0.09715191951435034
0,518,3,6.437070336818087
0,518,4,18.4508696606338
0,518,5,47.27931116513943
0,518,6,1.0061575622733765
0,519,0,0.7684518835604705
0,519,1,0.13488229808454344
0,519,2,0.09666581835498604
0,519,3,6.462620647505695
0,519,4,18.517460608358522
0,519,5,47.224590626454464
0,519,6,1.0060628271785446
0,520,0,0.7684712805391506
0,520,1,0.13477848156611444
0,520,2,0.09675023789473505
0,520,3,6.487105558001042
0,520,4,18.47255868910419
0,520,5,47.197355740358596
0,520,6,1.0060177251227203
0,521,0,0.7690682307774553
0,521,1,0.13497559769945291
0,521,2,0.09595617152309174
0,521,3,6.515107090083257
0,521,4,18.529682397589077
0,521,5,47.11040967093532
0,521,6,1.0058887564338739
0,522,0,0.7687809882491452
0,522,1,0.13545095151031553
0,522,2,0.0957680602405393
0,522,3,6.531439939358805
0,522,4,18.547336730322648
0,522,5,47.05453346795461
0,522,6,1.0057298901742906
0,523,0,0.7689618900237014
0,523,1,0.13587444068482626
0,523,2,0.09516366929147234
0,523,3,6.552705115876872
0,523,4,18.596131243520563
0,523,5,46.97721546507985
0,523,6,1.0056023807287309
0,524,0,0.7690813294143477
0,524,1,0.13634076714378332
0,524,2,0.0945779034418689
0,524,3,6.572769707543479
0,524,4,18.593784153838875
0,524,5,46.91080744652809
0,524,6,1.005811617800913
0,525,0,0.7691295098806182
0,525,1,0.1365840518246436
0,525,2,0.09428643829473816
0,525,3,6.599661790751764
0,525,4,18.61196877860711
0,525,5,46.80948027501853
0,525,6,1.0055252791353908
0,526,0,0.7690076737631915
0,526,1,0.13707298423584918
0,526,2,0.09391934200095932
0,526,3,6.622815028609532
0,526,4,18.62109370299806
0,526,5,46.73699049446797
0,526,6,1.0055801619362668
0,527,0,0.7695454090014158
0,527,1,0.1367408775202747
0,527,2,0.0937137134783095
0,527,3,6.641629631750004
0,527,4,18.65482405358945
0,527,5,46.68395724345779
0,527,6,1.005662896915756
0,528,0,0.7697461569865969
0,528,1,0.13708552252352701
0,528,2,0.0931683204898761
0,528,3,6.662964551271947
0,528,4,18.652700097480604
0,528,5,46.65132426184856
0,528,6,1.0058851240742783
0,529,0,0.7706150405147119
0,529,1,0.13709441342129064
0,529,2,0.09229054606399752
0,529,3,6.692823310402628
0,529,4,18.7586270932452
0,529,5,46.58684718192352
0,529,6,1.0055365162040242
0,530,0,0.7699738686235484
0,530,1,0.13802957217558598
0,530,2,0.0919965592008656
0,530,3,6.710187190199248
0,530,4,18.749396561884026
0,530,5,46.56831769807662
0,530,6,1.0056561527435206
0,531,0,0.7704228344333728
0,531,1,0.13833528969868059
0,531,2,0.09124187586794667
0,531,3,6.735770804275662
0,531,4,18.811996318719387
0,531,5,46.5091824537333
0,531,6,1.005585691550763
0,532,0,0.7705969828310901
0,532,1,0.13857352971314185
0,532,2,0.090829487455768
0,532,3,6.761126439713697
0,532,4,18.85870797714307
0,532,5,46.45499065499574
0,532,6,1.0054340401761315
0,533,0,0.7707031308813583
0,533,1,0.13895234750451804
0,533,2,0.09034452161412365
0,533,3,6.788049674896081
0,533,4,18.85219430061964
0,533,5,46.42707458567662
0,533,6,1.0051764152413403
0,534,0,0.7714967883350001
0,534,1,0.1388960262265255
0,534,2,0.08960718543847444
0,534,3,6.8089725095524525
0,534,4,18.939734326454072
0,534,5,46.33340882919061
0,534,6,1.0053556829381998
0,535,0,0.7713725743457818
0,535,1,0.13938683925575052
0,535,2,0.08924058639846776
0,535,3,6.828290458826777
0,535,4,18.92695968400305
0,535,5,46.308698633324305
0,535,6,1.0052560564368478
0,536,0,0.7717373562265238
0,536,1,0.13939795346627765
0,536,2,0.08886469030719837
0,536,3,6.860992104277679
0,536,4,18.95718899819983
0,536,5,46.25584560479459
0,536,6,1.0052146629951282
0,537,0,0.7717029893647631
0,537,1,0.14006189555899515
0,537,2,0.08823511507624165
0,537,3,6.884248784801812
0,537,4,19.001895126198036
0,537,5,46.228960808874355
0,537,6,1.0051000300824189
0,538,0,0.7720819494234469
0,538,1,0.14045755668523474
0,538,2,0.08746049389131832
0,538,3,6.9089903496608756
0,538,4,19.08308616628876
0,538,5,46.18442821323911
0,538,6,1.0051402559875322
0,539,0,0.7727569231426281
0,539,1,0.14026229851510613
0,539,2,0.08698077834226574
0,539,3,6.933496392357629
0,539,4,19.158141566336425
0,539,5,46.19426961301612
0,539,6,1.0052290405531799
0,540,0,0.7731164163858222
0,540,1,0.14091068052253397
0,540,2,0.08597290309164375
0,540,3,6.956833887917485
0,540,4,19.218863190775746
0,540,5,46.14576385561428
0,540,6,1.005328661737146
0,541,0,0.7735986912155629
0,541,1,0.1408642495698017
0,541,2,0.08553705921463532
0,541,3,6.976523343150133
0,541,4,19.26353396261263
0,541,5,46.11694008592316
0,541,6,1.0057022768191832
0,542,0,0.7737843698020571
0,542,1,0.14121261155794093
0,542,2,0.08500301864000188
0,542,3,7.004002725743884
0,542,4,19.315003178472708
0,542,5,46.1102008723405
0,542,6,1.005642722640277
0,543,0,0.7740035341583504
0,543,1,0.14139573155456908
0,543,2,0.0846007342870805
0,543,3,7.027447879165616
0,543,4,19.354858497605115
0,543,5,46.041952655312315
0,543,6,1.00547266277607
0,544,0,0.7738191160904486
0,544,1,0.1419093927065107
0,544,2,0.08427149120304066
0,544,3,7.052089193210999
0,544,4,19.36639365091562
0,544,5,46.065972063114856
0,544,6,1.0053138524656606
0,545,0,0.774854634294011
0,545,1,0.14182140213674346
0,545,2,0.08332396356924546
0,545,3,7.085149480181081
0,545,4,19.47698894394609
0,545,5,46.06246857336588
0,545,6,1.005056824756349
0,546,0,0.7748103658121975
0,546,1,0.14234135457686647
0,546,2,0.08284827961093606
0,546,3,7.101996922045474
0,546,4,19.494497931042254
0,546,5,46.08003685802584
0,546,6,1.0052388642791232
0,547,0,0.7747914808343115
0,547,1,0.1427853458550577
0,547,2,0.08242317331063082
0,547,3,7.126480021180022
0,547,4,19.55254101239186
0,547,5,46.11107463584338
0,547,6,1.005129680948296
0,548,0,0.7755196720788013
0,548,1,0.143123685447336
0,548,2,0.08135664247386269
0,548,3,7.154399399226127
0,548,4,19.625834640447707
0,548,5,46.12161450795312
0,548,6,1.0052024483008979
0,549,0,0.7753992465902998
0,549,1,0.14383184761132203
0,549,2,0.08076890579837824
0,549,3,7.171071122499512
0,549,4,19.673087767754332
0,549,5,46.12708184953645
0,549,6,1.005423420096424
0,550,0,0.7757269941226941
0,550,1,0.14404317079597737
0,550,2,0.08022983508132848
0,550,3,7.202540699451594
0,550,4,19.693094208376912
0,550,5,46.15676124545034
0,550,6,1.0050539347809713
0,551,0,0.7758290048376266
0,551,1,0.1441214946208223
0,551,2,0.0800495005415511
0,551,3,7.211993268250223
0,551,4,19.704538542671244
0,551,5,46.15529430451809
0,551,6,1.0050203084485236
0,552,0,0.7770443284086661
0,552,1,0.14422736447657167
0,552,2,0.07872830711476225
0,552,3,7.230329879938658
0,552,4,19.84138590388212
0,552,5,46.064251244193784
0,552,6,1.0054010850958215
0,553,0,0.776851654590442
0,553,1,0.14460708904849978
0,553,2,0.07854125636105826
0,553,3,7.259417938465908
0,553,4,19.837249565203006
0,553,5,46.03511593049489
0,553,6,1.005158370736374
0,554,0,0.7768452718180041
0,554,1,0.14475264543771102
0,554,2,0.0784020827442849
0,554,3,7.288343928191729
0,554,4,19.82999013316785
0,554,5,46.041145057272914
0,554,6,1.004946519784877
0,555,0,0.7764556299162361
0,555,1,0.1457231742520514
0,555,2,0.07782119583171256
0,555,3,7.306957677799583
0,555,4,19.84395223205206
0,555,5,46.02400009078889
0,555,6,1.005082711315833
0,556,0,0.7764293407469599
0,556,1,0.14636994213117938
0,556,2,0.07720071712186068
0,556,3,7.328222928818935
0,556,4,19.86028871034901
0,556,5,46.047638311318735
0,556,6,1.0051872147835987
0,557,0,0.7768632987723252
0,557,1,0.14637635063161894
0,557,2,0.07676035059605588
0,557,3,7.356981867801298
0,557,4,19.889010601220285
0,557,5,46.00902675637584
0,557,6,1.0049893547437672
0,558,0,0.7774477385854909
0,558,1,0.14656774636354056
0,558,2,0.07598451505096863
0,558,3,7.380866803924454
0,558,4,19.965599640473545
0,558,5,45.94996471391931
0,558,6,1.0051040455451854
0,559,0,0.7779248065817833
0,559,1,0.1464717371016836
0,559,2,0.0756034563165332
0,559,3,7.403247173736777
0,559,4,20.004900964611448
0,559,5,45.88980427451525
0,559,6,1.0053187334960958
0,560,0,0.7772971028022938
0,560,1,0.14724038695940136
0,560,2,0.07546251023830482
0,560,3,7.430907079378461
0,560,4,19.966569311393915
0,560,5,45.82604566236759
0,560,6,1.0048800195752308
0,561,0,0.7775801761540989
0,561,1,0.14713945295557573
0,561,2,0.07528037089032527
0,561,3,7.46025927794917
0,561,4,19.961385665266672
0,561,5,45.779571164700336
0,561,6,1.0047354051544426
0,562,0,0.7769995616464089
0,562,1,0.14815600199688325
0,562,2,0.07484443635670786
0,562,3,7.482104680156668
0,562,4,19.934853717836106
0,562,5,45.764507553742476
0,562,6,1.0047434684984013
0,563,0,0.7780663201947333
0,563,1,0.14754950904180253
0,563,2,0.07438417076346425
0,563,3,7.513884867302446
0,563,4,20.01264162935015
0,563,5,45.74105704274341
0,563,6,1.0050546262458697
0,564,0,0.7781973868448938
0,564,1,0.14801710570046053
0,564,2,0.07378550745464575
0,564,3,7.538271344003196
0,564,4,20.052751138898483
0,564,5,45.69022547240643
0,564,6,1.004750450776766
0,565,0,0.7779672507889508
0,565,1,0.1480728978304196
0,565,2,0.07395985138062955
0,565,3,7.564804066228381
0,565,4,20.023202752933006
0,565,5,45.60777466958163
0,565,6,1.0046779646927404
0,566,0,0.7775629194510807
0,566,1,0.14841779151583434
0,566,2,0.07401928903308493
0,566,3,7.591501975672374
0,566,4,19.96348941718039
0,566,5,45.54913924144671
0,566,6,1.0047624414769054
0,567,0,0.7774728500258312
0,567,1,0.14927515330889063
0,567,2,0.07325199666527808
0,567,3,7.614659879893715
0,567,4,20.018500782729298
0,567,5,45.46870533223212
0,567,6,1.0045262859209096
0,568,0,0.7774759242554624
0,568,1,0.14936600437134898
0,568,2,0.07315807137318862
0,568,3,7.634884904594567
0,568,4,20.000157414532673
0,568,5,45.39385295730472
0,568,6,1.0048074246220566
0,569,0,0.7769193313626926
0,569,1,0.15000970400319566
0,569,2,0.07307096463411171
0,569,3,7.65854648079479
0,569,4,19.946265067098565
0,569,5,45.336046644617234
0,569,6,1.00464198120238
0,570,0,0.7641857712453454
0,570,1,0.1621064665013783
0,570,2,0.07370776225327626
0,570,3,7.530735973903808
0,570,4,19.54904091246517
0,570,5,45.285619748561636
0,570,6,1.0006555425052148
0,571,0,0.763435587238041
0,571,1,0.1627652112216118
0,571,2,0.07379920154034712
0,571,3,7.553305054331534
0,571,4,19.481548293995964
0,571,5,45.23068152624743
0,571,6,1.0004392542926306
0,572,0,0.7635057724045317
0,572,1,0.16311628174301368
0,572,2,0.07337794585245469
0,572,3,7.570831482326523
0,572,4,19.478503734694264
0,572,5,45.117027612910874
0,572,6,1.0006172859119289
0,573,0,0.7634014133973246
0,573,1,0.1635029816119974
0,573,2,0.07309560499067798
0,573,3,7.6008975047777145
0,573,4,19.513206359688112
0,573,5,45.00538192422384
0,573,6,1.000341945478376
0,574,0,0.7630000472463255
0,574,1,0.16343471500152734
0,574,2,0.07356523775214706
0,574,3,7.623048238767515
0,574,4,19.457959549912324
0,574,5,44.936481800345334
0,574,6,1.0005335373652313
0,575,0,0.7622982024970782
0,575,1,0.16403403653684465
0,575,2,0.07366776096607718
0,575,3,7.650773848580222
0,575,4,19.420454361211405
0,575,5,44.82549169144786
0,575,6,1.0000626958602834
0,576,0,0.7620389348002632
0,576,1,0.1644251463726588
0,576,2,0.07353591882707805
0,576,3,7.667625019311701
0,576,4,19.41883374642377
0,576,5,44.67093644747513
0,576,6,1.000528957308482
0,577,0,0.7616288227390434
0,577,1,0.16425017221418997
0,577,2,0.07412100504676658
0,577,3,7.694736073653093
0,577,4,19.35578426571242
0,577,5,44.47649074984567
0,577,6,1.0002260718594844
0,578,0,0.7602022628346434
0,578,1,0.16501638644249028
0,578,2,0.07478135072286632
0,578,3,7.713410473558412
0,578,4,19.25223958942376
0,578,5,44.35587727333363
0,578,6,1.000415648880802
0,579,0,0.7592592822801844
0,579,1,0.16573953154173904
0,579,2,0.07500118617807669
0,579,3,7.732039054567431
0,579,4,19.21039558440714
0,579,5,44.18636606576309
0,579,6,1.000666364370571
0,580,0,0.7580116864561484
0,580,1,0.16638996069980538
0,580,2,0.07559835284404626
0,580,3,7.758106911635415
0,580,4,19.120725504850068
0,580,5,44.14115513068826
0,580,6,1.0001137733730436
0,581,0,0.7568144489470983
0,581,1,0.16701269331435906
0,581,2,0.07617285773854272
0,581,3,7.790379178326779
0,581,4,19.038019296095378
0,581,5,43.933454375828646
0,581,6,1.0000083071418762
0,582,0,0.755972065202586
0,582,1,0.16718365648192965
0,582,2,0.07684427831548445
0,582,3,7.8143205540698055
0,582,4,18.975380127364236
0,582,5,43.74438957460157
0,582,6,0.999711112686995
0,583,0,0.7545000016960998
0,583,1,0.16785361659191422
0,583,2,0.07764638171198601
0,583,3,7.830122551822267
0,583,4,18.878085436531006
0,583,5,43.54905432171825
0,583,6,0.9999909725920876
0,584,0,0.6878572401342695
0,584,1,0.22979153617180811
0,584,2,0.08235122369392231
0,584,3,7.149940808094057
0,584,4,16.823193847872737
0,584,5,43.22327906908791
0,584,6,0.981567945392744
0,585,0,0.6839474678644695
0,585,1,0.23200964867078955
0,585,2,0.08404288346474105
0,585,3,7.172834667824426
0,585,4,16.653331875547824
0,585,5,42.91677795689755
0,585,6,0.9815095406701944
0,586,0,0.6800022439778082
0,586,1,0.234767703668898
0,586,2,0.08523005235329385
0,586,3,7.195898512910424
0,586,4,16.504825649019622
0,586,5,42.67361201090449
0,586,6,0.9817575392663965
0,587,0,0.6752975432016014
0,587,1,0.23768063934890718
0,587,2,0.0870218174494913
0,587,3,7.219028604927405
0,587,4,16.305269304825885
0,587,5,42.255974709289994
0,587,6,0.9815526400274914
0,588,0,0.6690161798672281
0,588,1,0.2416229884523528
0,588,2,0.08936083168041913
0,588,3,7.242225684830412
0,588,4,16.050702969131887
0,588,5,41.869672606691545
0,588,6,0.981840210724745
0,589,0,0.6622484806515148
0,589,1,0.24584519903649216
0,589,2,0.09190632031199318
0,589,3,7.265490518685104
0,589,4,15.780443279598337
0,589,5,41.354409463915935
0,589,6,0.9817159189180565
0,590,0,0.6558386254918573
0,590,1,0.24973880301175516
0,590,2,0.09442257149638747
0,590,3,7.288823899106223
0,590,4,15.531209041241098
0,590,5,40.907795815145235
0,590,6,0.9823359920648366
0,591,0,0.6494026788337233
0,591,1,0.2540598846077495
0,591,2,0.0965374365585272
0,591,3,7.3122266468162165
0,591,4,15.315165208096126
0,591,5,40.56064465241141
0,591,6,0.9829377535290484
0,592,0,0.6435344522681863
0,592,1,0.25758943664777684
0,592,2,0.09887611108403688
0,592,3,7.335699612337391
0,592,4,15.131245235632651
0,592,5,40.171791083376256
0,592,6,0.9833202372730103
0,593,0,0.6362721020359196
0,593,1,0.2620339750089355
0,593,2,0.10169392295514496
0,593,3,7.359243677832916
0,593,4,14.893120204997253
0,593,5,39.64736303707299
0,593,6,0.9835130968690712
0,594,0,0.6283880067352022
0,594,1,0.2672841580495948
0,594,2,0.10432783521520302
0,594,3,7.382859759114173
0,594,4,14.672094639561537
0,594,5,39.21146623491384
0,594,6,0.9837476130275413
0,595,0,0.6272184512321027
0,595,1,0.2665151068379343
0,595,2,0.10626644192996298
0,595,3,7.406548807834629
0,595,4,14.643783752135692
0,595,5,38.7534048441078
0,595,6,0.9839549477672167
0,596,0,0.6325870961991872
0,596,1,0.25900824519251986
0,596,2,0.10840465860829301
0,596,3,7.434425650342426
0,596,4,14.803355041459977
0,596,5,38.23171176296835
0,596,6,0.9837919203904604
0,597,0,0.6287691679948841
0,597,1,0.2609521651573229
0,597,2,0.11027866684779293
0,597,3,7.458276005960023
0,597,4,14.71445608201898
0,597,5,37.872375698587305
0,597,6,0.9842105722367056
0,598,0,0.6266287393833794
0,598,1,0.2619187548425037
0,598,2,0.111452505774117
0,598,3,7.482202596424073
0,598,4,14.668649304196286
0,598,5,37.563173997107896
0,598,6,0.9843227186092275
0,599,0,0.6193698341986408
0,599,1,0.26793416950729226
0,599,2,0.11269599629406701
0,599,3,7.506206550637701
0,599,4,14.492392651069075
0,599,5,37.18252922002484
0,599,6,0.9843764452792281
0,600,0,0.6136224248682316
0,600,1,0.27042006442911143
0,600,2,0.1159575107026569
0,600,3,7.530289048610834
0,600,4,14.329410572803294
0,600,5,36.559415394953604
0,600,6,0.9850232048041196
0,601,0,0.6226401904859058
0,601,1,0.2628855108788553
0,601,2,0.11447429863523878
0,601,3,7.554451325477891
0,601,4,14.654971050207747
0,601,5,36.29166870731421
0,601,6,0.984035114150771
0,602,0,0.6128116827606753
0,602,1,0.2714089496121382
0,602,2,0.11577936762718646
0,602,3,7.578694675982826
0,602,4,14.439161621634636
0,602,5,35.91987947926129
0,602,6,0.9844301964858343
0,603,0,0.6170818263946257
0,603,1,0.2681662559071215
0,603,2,0.1147519176982528
0,603,3,7.603020459505171
0,603,4,14.617472434728189
0,603,5,35.668608971043206
0,603,6,0.9837284134818535
0,604,0,0.6046728649493904
0,604,1,0.28247453335916833
0,604,2,0.11285260169144129
0,604,3,7.627430105715563
0,604,4,14.40135748568716
0,604,5,35.47388265086669
0,604,6,0.9838197008849551
0,605,0,0.6088188842978806
0,605,1,0.28028725451538467
0,605,2,0.11089386118673476
0,605,3,7.65192512096793
0,605,4,14.59033021273016
0,605,5,35.142115216763834
0,605,6,0.9831997244967909
0,606,0,0.6251877128316756
0,606,1,0.27040321212666124
0,606,2,0.10440907504166315
0,606,3,7.676507095558989
0,606,4,15.22573587080834
0,606,5,35.14903339203893
0,606,6,0.9816408957701909
0,607,0,0.7886241300420149
0,607,1,0.18867272001849006
0,607,2,0.022703149939495012
0,607,3,8.715757688118082
0,607,4,27.137836871341552
0,607,5,53.99953774109636
0,607,6,1.007282739029601
0,608,0,0.788237126728083
0,608,1,0.18978973885696898
0,608,2,0.021973134414947984
0,608,3,8.739886389433817
0,608,4,26.663469070710246
0,608,5,53.95153074963067
0,608,6,1.0066261733821782
0,609,0,0.7853292101212221
0,609,1,0.19367086285666302
0,609,2,0.020999927022114853
0,609,3,8.767304034719134
0,609,4,26.27094393100417
0,609,5,53.92566711759597
0,609,6,1.0065962139871252
0,610,0,0.7966751946387205
0,610,1,0.18472505240547754
0,610,2,0.01859975295580191
0,610,3,8.788707699001238
0,610,4,26.23269955425962
0,610,5,53.96777013517706
0,610,6,1.0048260875550832
0,611,0,0.8206575127627715
0,611,1,0.17674465179330606
0,611,2,0.0025978354439223673
0,611,3,8.82162742256257
0,611,4,27.591942070497325
0,611,5,60.2807728299638
0,611,6,1.0059511270186856
0,612,0,0.8215384292756235
0,612,1,0.17582046905128265
0,612,2,0.0026411016730938795
0,612,3,8.83934489988659
0,612,4,27.022360777772324
0,612,5,60.28381263871095
0,612,6,1.0055824249197451
0,613,0,0.8240847951530552
0,613,1,0.17348352308576795
0,613,2,0.0024316817611768874
0,613,3,8.866333625204243
0,613,4,26.536259844228994
0,613,5,60.285664453257496
0,613,6,1.004807763424221
0,614,0,0.8265585087867322
0,614,1,0.17113277343268565
0,614,2,0.0023087177805820296
0,614,3,8.893871885674887
0,614,4,25.979469642576714
0,614,5,60.31347667125056
0,614,6,1.004469765528682
0,615,0,0.8310858082281207
0,615,1,0.16675331461163717
0,615,2,0.0021608771602421393
0,615,3,8.91725654628898
0,615,4,25.500362589832477
0,615,5,60.33480810197475
0,615,6,1.0040406811442713
0,616,0,0.8348993177423848
0,616,1,0.16300387702690125
0,616,2,0.002096805230714026
0,616,3,8.931474683872858
0,616,4,24.927207732664705
0,616,5,60.34292446394442
0,616,6,1.0039043490475423
0,617,0,0.8396632495087548
0,617,1,0.1582681376305017
0,617,2,0.0020686128607434505
0,617,3,8.941820121955283
0,617,4,24.427389633163976
0,617,5,60.372628957940336
0,617,6,1.0040392765833455
0,618,0,0.7543053622949107
0,618,1,0.24569463770508937
0,618,2,0.0
0,618,3,7.983480151741176
0,618,4,23.78825866888455
0,618,5,60.374675767655795
0,618,6,0.9294163392703352
0,619,0,0.843902319109713
0,619,1,0.1545048014838471
0,619,2,0.0015928794064400062
0,619,3,8.983778460944286
0,619,4,23.659980324757093
0,619,5,60.35851411129086
0,619,6,0.9946063002168088
0,620,0,0.766989001183989
0,620,1,0.23301099881601095
0,620,2,0.0
0,620,3,8.035486518753476
0,620,4,22.84954289909682
0,620,5,60.45446973477092
0,620,6,0.930405888949976
0,621,0,0.8609066088018952
0,621,1,0.13728372489683693
0,621,2,0.0018096663012679374
0,621,3,8.972321634029575
0,621,4,22.365511487715946
0,621,5,60.67043189137162
0,621,6,1.003900950755812
0,622,0,0.7789401363139075
0,622,1,0.2210598636860924
0,622,2,0.0
0,622,3,8.08807439503321
0,622,4,21.723063697131796
0,622,5,60.67402131141654
0,622,6,0.9351606897799263
0,623,0,0.7919916472819282
0,623,1,0.20800835271807186
0,623,2,0.0
0,623,3,8.114563945414757
0,623,4,21.609235986627297
0,623,5,60.65995990092286
0,623,6,0.9341836982344277
0,624,0,0.7935000761927025
0,624,1,0.20649992380729754
0,624,2,0.0
0,624,3,8.119164102876617
0,624,4,21.541105352745653
0,624,5,60.66136968548415
0,624,6,0.9344352213302322
0,625,0,0.8698132257931913
0,625,1,0.12856890906369994
0,625,2,0.001617865143108749
0,625,3,9.003894826428574
0,625,4,20.864601431353588
0,625,5,60.6748800170067
0,625,6,0.9966685179788498
0,626,0,0.8449900259162565
0,626,1,0.1530101816492765
0,626,2,0.0019997924344669973
0,626,3,8.177335498526812
0,626,4,19.426194703768207
0,626,5,62.63862081920119
0,626,6,0.9874496951049019
0,627,0,0.8483876101231476
0,627,1,0.14950605374623965
0,627,2,0.0021063361306127427
0,627,3,8.204418254165972
0,627,4,18.90195174272846
0,627,5,62.671825185026044
0,627,6,0.9885080487399959
0,628,0,0.8486450739478439
0,628,1,0.14903188777868712
0,628,2,0.0023230382734689445
0,628,3,8.231751200079028
0,628,4,18.302631672152312
0,628,5,62.71646161686313
0,628,6,0.9882189374327307
0,629,0,0.854097854979506
0,629,1,0.14351479764950162
0,629,2,0.002387347370992416
0,629,3,8.259399753855998
0,629,4,17.947899946996188
0,629,5,62.76242577017189
0,629,6,0.9896172452851567
0,630,0,0.8548333767353683
0,630,1,0.14250898539962617
0,630,2,0.0026576378650056713
0,630,3,8.287593855204662
0,630,4,17.40168593190993
0,630,5,62.80822840232434
0,630,6,0.9907051369984207
0,631,0,0.8557682687186524
0,631,1,0.14130114865721044
0,631,2,0.0029305826241371857
0,631,3,8.316546875739299
0,631,4,16.928661192545647
0,631,5,62.85381739315219
0,631,6,0.9915180614297443
0,632,0,0.8586999463033447
0,632,1,0.13791839128436265
0,632,2,0.003381662412292598
0,632,3,8.346252797434564
0,632,4,16.52335779220437
0,632,5,62.9224202625726
0,632,6,0.9932165161538858
0,633,0,0.8558208405515388
0,633,1,0.14025212122234593
0,633,2,0.003927038226115299
0,633,3,8.376704617548551
0,633,4,15.953107040012437
0,633,5,63.01011661514602
0,633,6,0.9934047445355523
0,634,0,0.8570640102986599
0,634,1,0.13822625823409126
0,634,2,0.004709731467248907
0,634,3,8.407892018616346
0,634,4,15.592836912429304
0,634,5,63.1205640562582
0,634,6,0.9932825848684202
0,635,0,0.8528429246892879
0,635,1,0.14129060573042787
0,635,2,0.005866469580284179
0,635,3,8.439807894672684
0,635,4,15.07662232551896
0,635,5,63.245487769458975
0,635,6,0.9945542952827247
0,636,0,0.8494287685804268
0,636,1,0.14329822369224568
0,636,2,0.00727300772732746
0,636,3,8.472442952316998
0,636,4,14.678867861689982
0,636,5,63.42741604043118
0,636,6,0.9949961189663273
0,637,0,0.855329477213795
0,637,1,0.135610530343014
0,637,2,0.009059992443190914
0,637,3,8.505791260875299
0,637,4,14.486295471197904
0,637,5,63.65690716818118
0,637,6,0.9970440455377444
0,638,0,0.8413767385973931
0,638,1,0.1463869875756946
0,638,2,0.012236273826912305
0,638,3,8.539842633163357
0,638,4,13.839042754813674
0,638,5,63.68395779604167
0,638,6,0.9973914792185011
0,639,0,0.831546104818819
0,639,1,0.1519898790767487
0,639,2,0.016464016104432315
0,639,3,8.574589502815638
0,639,4,13.404115881450448
0,639,5,63.72891353816306
0,639,6,1.0013948721770105
0,640,0,0.8338385482167817
0,640,1,0.14321667560393786
0,640,2,0.022944776179280472
0,640,3,8.610022521941314
0,640,4,13.125021683554921
0,640,5,63.72218256282363
0,640,6,0.9996714769362435
0,641,0,0.8611720640978329
0,641,1,0.1006371660500971
0,641,2,0.03819076985207011
0,641,3,8.65219150265047
0,641,4,14.118936772283185
0,641,5,88.59822200920767
0,641,6,1.0100304139618996
0,642,0,0.8468666515430887
0,642,1,0.0984346856816602
0,642,2,0.05469866277525115
0,642,3,8.689054577687816
0,642,4,14.048076960993718
0,642,5,88.5868624832471
0,642,6,1.0074668027406188
0,643,0,0.6974194535173638
0,643,1,0.07191786168449014
0,643,2,0.05786268479814521
0,643,3,7.119365675185815
0,643,4,11.60906126157253
0,643,5,76.12445745577679
0,643,6,0.8383822247853236
0,644,0,0.6708430888810722
0,644,1,0.06820422297903722
0,644,2,0.08815268813988966
0,644,3,7.1512390231696115
0,644,4,11.552222407197405
0,644,5,76.11546950566671
0,644,6,0.8445430473541468
0,645,0,0.0
0,645,1,0.0
0,645,2,0.0
0,645,3,0.0
0,645,4,0.0
0,645,5,0.0
0,645,6,0.0
0,646,0,0.0
0,646,1,0.0
0,646,2,0.0
0,646,3,0.0
0,646,4,0.0
0,646,5,0.0
0,646,6,0.0
0,647,0,0.0
0,647,1,0.0
0,647,2,0.0
0,647,3,0.0
0,647,4,0.0
0,647,5,0.0
0,647,6,0.0
0,648,0,0.0
0,648,1,0.0
0,648,2,0.0
0,648,3,0.0
0,648,4,0.0
0,648,5,0.0
0,648,6,0.0
0,649,0,0.0
0,649,1,0.0
0,649,2,0.0
0,649,3,0.0
0,649,4,0.0
0,649,5,0.0
0,649,6,0.0
0,650,0,0.0
0,650,1,0.0
0,650,2,0.0
0,650,3,0.0
0,650,4,0.0
0,650,5,0.0
0,650,6,0.0
0,651,0,0.0
0,651,1,0.0
0,651,2,0.0
0,651,3,0.0
0,651,4,0.0
0,651,5,0.0
0,651,6,0.0
0,652,0,0.0
0,652,1,0.0
0,652,2,0.0
0,652,3,0.0
0,652,4,0.0
0,652,5,0.0
0,652,6,0.0
0,653,0,0.0
0,653,1,0.0
0,653,2,0.0
0,653,3,0.0
0,653,4,0.0
0,653,5,0.0
0,653,6,0.0
0,654,0,0.0
0,654,1,0.0
0,654,2,0.0
0,654,3,0.0
0,654,4,0.0
0,654,5,0.0
0,654,6,0.0
0,655,0,0.0
0,655,1,0.0
0,655,2,0.0
0,655,3,0.0
0,655,4,0.0
0,655,5,0.0
0,655,6,0.0
0,656,0,0.0
0,656,1,0.0
0,656,2,0.0
0,656,3,0.0
0,656,4,0.0
0,656,5,0.0
0,656,6,0.0
0,657,0,0.0
0,657,1,0.0
0,657,2,0.0
0,657,3,0.0
0,657,4,0.0
0,657,5,0.0
0,657,6,0.0
0,658,0,0.0
0,658,1,0.0
0,658,2,0.0
0,658,3,0.0
0,658,4,0.0
0,658,5,0.0
0,658,6,0.0
0,659,0,0.0
0,659,1,0.0
0,659,2,0.0
0,659,3,0.0
0,659,4,0.0
0,659,5,0.0
0,659,6,0.0
0,660,0,0.0
0,660,1,0.0
0,660,2,0.0
0,660,3,0.0
0,660,4,0.0
0,660,5,0.0
0,660,6,0.0
0,661,0,0.0
0,661,1,0.0
0,661,2,0.0
0,661,3,0.0
0,661,4,0.0
0,661,5,0.0
0,661,6,0.0
0,662,0,0.0
0,662,1,0.0
0,662,2,0.0
0,662,3,0.0
0,662,4,0.0
0,662,5,0.0
0,662,6,0.0
0,663,0,0.0
0,663,1,0.0
0,663,2,0.0
0,663,3,0.0
0,663,4,0.0
0,663,5,0.0
0,663,6,0.0
0,664,0,0.0
0,664,1,0.0
0,664,2,0.0
0,664,3,0.0
0,664,4,0.0
0,664,5,0.0
0,664,6,0.0
0,665,0,0.0
0,665,1,0.0
0,665,2,0.0
0,665,3,0.0
0,665,4,0.0
0,665,5,0.0
0,665,6,0.0
0,666,0,0.0
0,666,1,0.0
0,666,2,0.0
0,666,3,0.0
0,666,4,0.0
0,666,5,0.0
0,666,6,0.0
0,667,0,0.0
0,667,1,0.0
0,667,2,0.0
0,667,3,0.0
0,667,4,0.0
0,667,5,0.0
0,667,6,0.0
0,668,0,0.0
0,668,1,0.0
0,668,2,0.0
0,668,3,0.0
0,668,4,0.0
0,668,5,0.0
0,668,6,0.0
0,669,0,0.0
0,669,1,0.0
0,669,2,0.0
0,669,3,0.0
0,669,4,0.0
0,669,5,0.0
0,669,6,0.0
0,670,0,0.0
0,670,1,0.0
0,670,2,0.0
0,670,3,0.0
0,670,4,0.0
0,670,5,0.0
0,670,6,0.0
0,671,0,0.0
0,671,1,0.0
0,671,2,0.0
0,671,3,0.0
0,671,4,0.0
0,671,5,0.0
0,671,6,0.0
0,672,0,0.0
0,672,1,0.0
0,672,2,0.0
0,672,3,0.0
0,672,4,0.0
0,672,5,0.0
0,672,6,0.0
0,673,0,0.0
0,673,1,0.0
0,673,2,0.0
0,673,3,0.0
0,673,4,0.0
0,673,5,0.0
0,673,6,0.0
0,674,0,0.0
0,674,1,0.0
0,674,2,0.0
0,674,3,0.0
0,674,4,0.0
0,674,5,0.0
0,674,6,0.0
0,675,0,0.0
0,675,1,0.0
0,675,2,0.0
0,675,3,0.0
0,675,4,0.0
0,675,5,0.0
0,675,6,0.0
0,676,0,0.0
0,676,1,0.0
0,676,2,0.0
0,676,3,0.0
0,676,4,0.0
0,676,5,0.0
0,676,6,0.0
0,677,0,0.0
0,677,1,0.0
0,677,2,0.0
0,677,3,0.0
0,677,4,0.0
0,677,5,0.0
0,677,6,0.0
0,678,0,0.0
0,678,1,0.0
0,678,2,0.0
0,678,3,0.0
0,678,4,0.0
0,678,5,0.0
0,678,6,0.0
0,679,0,0.0
0,679,1,0.0
0,679,2,0.0
0,679,3,0.0
0,679,4,0.0
0,679,5,0.0
0,679,6,0.0
0,680,0,0.0
0,680,1,0.0
0,680,2,0.0
0,680,3,0.0
0,680,4,0.0
0,680,5,0.0
0,680,6,0.0
0,681,0,0.0
0,681,1,0.0
0,681,2,0.0
0,681,3,0.0
0,681,4,0.0
0,681,5,0.0
0,681,6,0.0
0,682,0,0.0
0,682,1,0.0
0,682,2,0.0
0,682,3,0.0
0,682,4,0.0
0,682,5,0.0
0,682,6,0.0
0,683,0,0.0
0,683,1,0.0
0,683,2,0.0
0,683,3,0.0
0,683,4,0.0
0,683,5,0.0
0,683,6,0.0
0,684,0,0.0
0,684,1,0.0
0,684,2,0.0
0,684,3,0.0
0,684,4,0.0
0,684,5,0.0
0,684,6,0.0
0,685,0,0.0
0,685,1,0.0
0,685,2,0.0
0,685,3,0.0
0,685,4,0.0
0,685,5,0.0
0,685,6,0.0
0,686,0,0.0
0,686,1,0.0
0,686,2,0.0
0,686,3,0.0
0,686,4,0.0
0,686,5,0.0
0,686,6,0.0
0,687,0,0.0
0,687,1,0.0
0,687,2,0.0
0,687,3,0.0
0,687,4,0.0
0,687,5,0.0
0,687,6,0.0
0,688,0,0.0
0,688,1,0.0
0,688,2,0.0
0,688,3,0.0
0,688,4,0.0
0,688,5,0.0
0,688,6,0.0
0,689,0,0.0
0,689,1,0.0
0,689,2,0.0
0,689,3,0.0
0,689,4,0.0
0,689,5,0.0
0,689,6,0.0
0,690,0,0.0
0,690,1,0.0
0,690,2,0.0
0,690,3,0.0
0,690,4,0.0
0,690,5,0.0
0,690,6,0.0
0,691,0,0.0
0,691,1,0.0
0,691,2,0.0
0,691,3,0.0
0,691,4,0.0
0,691,5,0.0
0,691,6,0.0
0,692,0,0.0
0,692,1,0.0
0,692,2,0.0
0,692,3,0.0
0,692,4,0.0
0,692,5,0.0
0,692,6,0.0
0,693,0,0.0
0,693,1,0.0
0,693,2,0.0
0,693,3,0.0
0,693,4,0.0
0,693,5,0.0
0,693,6,0.0
0,694,0,0.0
0,694,1,0.0
0,694,2,0.0
0,694,3,0.0
0,694,4,0.0
0,694,5,0.0
0,694,6,0.0
0,695,0,0.0
0,695,1,0.0
0,695,2,0.0
0,695,3,0.0
0,695,4,0.0
0,695,5,0.0
0,695,6,0.0
0,696,0,0.0
0,696,1,0.0
0,696,2,0.0
0,696,3,0.0
0,696,4,0.0
0,696,5,0.0
0,696,6,0.0
0,697,0,0.0
0,697,1,0.0
0,697,2,0.0
0,697,3,0.0
0,697,4,0.0
0,697,5,0.0
0,697,6,0.0
0,698,0,0.0
0,698,1,0.0
0,698,2,0.0
0,698,3,0.0
0,698,4,0.0
0,698,5,0.0
0,698,6,0.0
0,699,0,0.0
0,699,1,0.0
0,699,2,0.0
0,699,3,0.0
0,699,4,0.0
0,699,5,0.0
0,699,6,0.0
0,700,0,0.0
0,700,1,0.0
0,700,2,0.0
0,700,3,0.0
0,700,4,0.0
0,700,5,0.0
0,700,6,0.0
0,701,0,0.0
0,701,1,0.0
0,701,2,0.0
0,701,3,0.0
0,701,4,0.0
0,701,5,0.0
0,701,6,0.0
0,702,0,0.0
0,702,1,0.0
0,702,2,0.0
0,702,3,0.0
0,702,4,0.0
0,702,5,0.0
0,702,6,0.0
0,703,0,0.0
0,703,1,0.0
0,703,2,0.0
0,703,3,0.0
0,703,4,0.0
0,703,5,0.0
0,703,6,0.0
0,704,0,0.0
0,704,1,0.0
0,704,2,0.0
0,704,3,0.0
0,704,4,0.0
0,704,5,0.0
0,704,6,0.0
0,705,0,0.0
0,705,1,0.0
0,705,2,0.0
0,705,3,0.0
0,705,4,0.0
0,705,5,0.0
0,705,6,0.0
0,706,0,0.0
0,706,1,0.0
0,706,2,0.0
0,706,3,0.0
0,706,4,0.0
0,706,5,0.0
0,706,6,0.0
0,707,0,0.0
0,707,1,0.0
0,707,2,0.0
0,707,3,0.0
0,707,4,0.0
0,707,5,0.0
0,707,6,0.0
0,708,0,0.0
0,708,1,0.0
0,708,2,0.0
0,708,3,0.0
0,708,4,0.0
0,708,5,0.0
0,708,6,0.0
0,709,0,0.0
0,709,1,0.0
0,709,2,0.0
0,709,3,0.0
0,709,4,0.0
0,709,5,0.0
0,709,6,0.0
0,710,0,0.0
0,710,1,0.0
0,710,2,0.0
0,710,3,0.0
0,710,4,0.0
0,710,5,0.0
0,710,6,0.0
0,711,0,0.0
0,711,1,0.0
0,711,2,0.0
0,711,3,0.0
0,711,4,0.0
0,711,5,0.0
0,711,6,0.0
0,712,0,0.0
0,712,1,0.0
0,712,2,0.0
0,712,3,0.0
0,712,4,0.0
0,712,5,0.0
0,712,6,0.0
0,713,0,0.0
0,713,1,0.0
0,713,2,0.0
0,713,3,0.0
0,713,4,0.0
0,713,5,0.0
0,713,6,0.0
0,714,0,0.0
0,714,1,0.0
0,714,2,0.0
0,714,3,0.0
0,714,4,0.0
0,714,5,0.0
0,714,6,0.0
0,715,0,0.0
0,715,1,0.0
0,715,2,0.0
0,715,3,0.0
0,715,4,0.0
0,715,5,0.0
0,715,6,0.0
0,716,0,0.0
0,716,1,0.0
0,716,2,0.0
0,716,3,0.0
0,716,4,0.0
0,716,5,0.0
0,716,6,0.0
0,717,0,0.0
0,717,1,0.0
0,717,2,0.0
0,717,3,0.0
0,717,4,0.0
0,717,5,0.0
0,717,6,0.0
0,718,0,0.0
0,718,1,0.0
0,718,2,0.0
0,718,3,0.0
0,718,4,0.0
0,718,5,0.0
0,718,6,0.0
0,719,0,0.0
0,719,1,0.0
0,719,2,0.0
0,719,3,0.0
0,719,4,0.0
0,719,5,0.0
0,719,6,0.0
0,720,0,0.0
0,720,1,0.0
0,720,2,0.0
0,720,3,0.0
0,720,4,0.0
0,720,5,0.0
0,720,6,0.0
0,721,0,0.0
0,721,1,0.0
0,721,2,0.0
0,721,3,0.0
0,721,4,0.0
0,721,5,0.0
0,721,6,0.0
0,722,0,0.0
0,722,1,0.0
0,722,2,0.0
0,722,3,0.0
0,722,4,0.0
0,722,5,0.0
0,722,6,0.0
0,723,0,0.0
0,723,1,0.0
0,723,2,0.0
0,723,3,0.0
0,723,4,0.0
0,723,5,0.0
0,723,6,0.0
0,724,0,0.0
0,724,1,0.0
0,724,2,0.0
0,724,3,0.0
0,724,4,0.0
0,724,5,0.0
0,724,6,0.0
0,725,0,0.0
0,725,1,0.0
0,725,2,0.0
0,725,3,0.0
0,725,4,0.0
0,725,5,0.0
0,725,6,0.0
0,726,0,0.0
0,726,1,0.0
0,726,2,0.0
0,726,3,0.0
0,726,4,0.0
0,726,5,0.0
0,726,6,0.0
0,727,0,0.0
0,727,1,0.0
0,727,2,0.0
0,727,3,0.0
0,727,4,0.0
0,727,5,0.0
0,727,6,0.0
0,728,0,0.0
0,728,1,0.0
0,728,2,0.0
0,728,3,0.0
0,728,4,0.0
0,728,5,0.0
0,728,6,0.0
0,729,0,0.0
0,729,1,0.0
0,729,2,0.0
0,729,3,0.0
0,729,4,0.0
0,729,5,0.0
0,729,6,0.0
0,730,0,0.0
0,730,1,0.0
0,730,2,0.0
0,730,3,0.0
0,730,4,0.0
0,730,5,0.0
0,730,6,0.0
0,731,0,0.0
0,731,1,0.0
0,731,2,0.0
0,731,3,0.0
0,731,4,0.0
0,731,5,0.0
0,731,6,0.0
0,732,0,0.0
0,732,1,0.0
0,732,2,0.0
0,732,3,0.0
0,732,4,0.0
0,732,5,0.0
0,732,6,0.0
0,733,0,0.0
0,733,1,0.0
0,733,2,0.0
0,733,3,0.0
0,733,4,0.0
0,733,5,0.0
0,733,6,0.0
0,734,0,0.0
0,734,1,0.0
0,734,2,0.0
0,734,3,0.0
0,734,4,0.0
0,734,5,0.0
0,734,6,0.0
0,735,0,0.0
0,735,1,0.0
0,735,2,0.0
0,735,3,0.0
0,735,4,0.0
0,735,5,0.0
0,735,6,0.0
0,736,0,0.0
0,736,1,0.0
0,736,2,0.0
0,736,3,0.0
0,736,4,0.0
0,736,5,0.0
0,736,6,0.0
0,737,0,0.0
0,737,1,0.0
0,737,2,0.0
0,737,3,0.0
0,737,4,0.0
0,737,5,0.0
0,737,6,0.0
0,738,0,0.0
0,738,1,0.0
0,738,2,0.0
0,738,3,0.0
0,738,4,0.0
0,738,5,0.0
0,738,6,0.0
0,739,0,0.0
0,739,1,0.0
0,739,2,0.0
0,739,3,0.0
0,739,4,0.0
0,739,5,0.0
0,739,6,0.0
0,740,0,0.0
0,740,1,0.0
0,740,2,0.0
0,740,3,0.0
0,740,4,0.0
0,740,5,0.0
0,740,6,0.0
0,741,0,0.0
0,741,1,0.0
0,741,2,0.0
0,741,3,0.0
0,741,4,0.0
0,741,5,0.0
0,741,6,0.0
0,742,0,0.0
0,742,1,0.0
0,742,2,0.0
0,742,3,0.0
0,742,4,0.0
0,742,5,0.0
0,742,6,0.0
0,743,0,0.0
0,743,1,0.0
0,743,2,0.0
0,743,3,0.0
0,743,4,0.0
0,743,5,0.0
0,743,6,0.0
0,744,0,0.0
0,744,1,0.0
0,744,2,0.0
0,744,3,0.0
0,744,4,0.0
0,744,5,0.0
0,744,6,0.0
0,745,0,0.0
0,745,1,0.0
0,745,2,0.0
0,745,3,0.0
0,745,4,0.0
0,745,5,0.0
0,745,6,0.0
0,746,0,0.0
0,746,1,0.0
0,746,2,0.0
0,746,3,0.0
0,746,4,0.0
0,746,5,0.0
0,746,6,0.0
0,747,0,0.0
0,747,1,0.0
0,747,2,0.0
0,747,3,0.0
0,747,4,0.0
0,747,5,0.0
0,747,6,0.0
0,748,0,0.0
0,748,1,0.0
0,748,2,0.0
0,748,3,0.0
0,748,4,0.0
0,748,5,0.0
0,748,6,0.0
0,749,0,0.0
0,749,1,0.0
0,749,2,0.0
0,749,3,0.0
0,749,4,0.0
0,749,5,0.0
0,749,6,0.0
0,750,0,0.0
0,750,1,0.0
0,750,2,0.0
0,750,3,0.0
0,750,4,0.0
0,750,5,0.0
0,750,6,0.0
0,751,0,0.0
0,751,1,0.0
0,751,2,0.0
0,751,3,0.0
0,751,4,0.0
0,751,5,0.0
0,751,6,0.0
0,752,0,0.0
0,752,1,0.0
0,752,2,0.0
0,752,3,0.0
0,752,4,0.0
0,752,5,0.0
0,752,6,0.0
0,753,0,0.0
0,753,1,0.0
0,753,2,0.0
0,753,3,0.0
0,753,4,0.0
0,753,5,0.0
0,753,6,0.0
0,754,0,0.0
0,754,1,0.0
0,754,2,0.0
0,754,3,0.0
0,754,4,0.0
0,754,5,0.0
0,754,6,0.0
0,755,0,0.0
0,755,1,0.0
0,755,2,0.0
0,755,3,0.0
0,755,4,0.0
0,755,5,0.0
0,755,6,0.0
0,756,0,0.0
0,756,1,0.0
0,756,2,0.0
0,756,3,0.0
0,756,4,0.0
0,756,5,0.0
0,756,6,0.0
0,757,0,0.0
0,757,1,0.0
0,757,2,0.0
0,757,3,0.0
0,757,4,0.0
0,757,5,0.0
0,757,6,0.0
0,758,0,0.0
0,758,1,0.0
0,758,2,0.0
0,758,3,0.0
0,758,4,0.0
0,758,5,0.0
0,758,6,0.0
0,759,0,0.0
0,759,1,0.0
0,759,2,0.0
0,759,3,0.0
0,759,4,0.0
0,759,5,0.0
0,759,6,0.0
0,760,0,0.0
0,760,1,0.0
0,760,2,0.0
0,760,3,0.0
0,760,4,0.0
0,760,5,0.0
0,760,6,0.0
0,761,0,0.0
0,761,1,0.0
0,761,2,0.0
0,761,3,0.0
0,761,4,0.0
0,761,5,0.0
0,761,6,0.0
0,762,0,0.0
0,762,1,0.0
0,762,2,0.0
0,762,3,0.0
0,762,4,0.0
0,762,5,0.0
0,762,6,0.0
0,763,0,0.0
0,763,1,0.0
0,763,2,0.0
0,763,3,0.0
0,763,4,0.0
0,763,5,0.0
0,763,6,0.0
0,764,0,0.0
0,764,1,0.0
0,764,2,0.0
0,764,3,0.0
0,764,4,0.0
0,764,5,0.0
0,764,6,0.0
0,765,0,0.0
0,765,1,0.0
0,765,2,0.0
0,765,3,0.0
0,765,4,0.0
0,765,5,0.0
0,765,6,0.0
0,766,0,0.0
0,766,1,0.0
0,766,2,0.0
0,766,3,0.0
0,766,4,0.0
0,766,5,0.0
0,766,6,0.0
0,767,0,0.0
0,767,1,0.0
0,767,2,0.0
0,767,3,0.0
0,767,4,0.0
0,767,5,0.0
0,767,6,0.0
0,768,0,0.0
0,768,1,0.0
0,768,2,0.0
0,768,3,0.0
0,768,4,0.0
0,768,5,0.0
0,768,6,0.0
0,769,0,0.0
0,769,1,0.0
0,769,2,0.0
0,769,3,0.0
0,769,4,0.0
0,769,5,0.0
0,769,6,0.0
0,770,0,0.0
0,770,1,0.0
0,770,2,0.0
0,770,3,0.0
0,770,4,0.0
0,770,5,0.0
0,770,6,0.0
0,771,0,0.0
0,771,1,0.0
0,771,2,0.0
0,771,3,0.0
0,771,4,0.0
0,771,5,0.0
0,771,6,0.0
0,772,0,0.0
0,772,1,0.0
0,772,2,0.0
0,772,3,0.0
0,772,4,0.0
0,772,5,0.0
0,772,6,0.0
0,773,0,0.0
0,773,1,0.0
0,773,2,0.0
0,773,3,0.0
0,773,4,0.0
0,773,5,0.0
0,773,6,0.0
0,774,0,0.0
0,774,1,0.0
0,774,2,0.0
0,774,3,0.0
0,774,4,0.0
0,774,5,0.0
0,774,6,0.0
0,775,0,0.0
0,775,1,0.0
0,775,2,0.0
0,775,3,0.0
0,775,4,0.0
0,775,5,0.0
0,775,6,0.0
0,776,0,0.0
0,776,1,0.0
0,776,2,0.0
0,776,3,0.0
0,776,4,0.0
0,776,5,0.0
0,776,6,0.0
0,777,0,0.0
0,777,1,0.0
0,777,2,0.0
0,777,3,0.0
0,777,4,0.0
0,777,5,0.0
0,777,6,0.0
0,778,0,0.0
0,778,1,0.0
0,778,2,0.0
0,778,3,0.0
0,778,4,0.0
0,778,5,0.0
0,778,6,0.0
0,779,0,0.0
0,779,1,0.0
0,779,2,0.0
0,779,3,0.0
0,779,4,0.0
0,779,5,0.0
0,779,6,0.0
0,780,0,0.0
0,780,1,0.0
0,780,2,0.0
0,780,3,0.0
0,780,4,0.0
0,780,5,0.0
0,780,6,0.0
0,781,0,0.0
0,781,1,0.0
0,781,2,0.0
0,781,3,0.0
0,781,4,0.0
0,781,5,0.0
0,781,6,0.0
0,782,0,0.0
0,782,1,0.0
0,782,2,0.0
0,782,3,0.0
0,782,4,0.0
0,782,5,0.0
0,782,6,0.0
0,783,0,0.0
0,783,1,0.0
0,783,2,0.0
0,783,3,0.0
0,783,4,0.0
0,783,5,0.0
0,783,6,0.0
0,784,0,0.0
0,784,1,0.0
0,784,2,0.0
0,784,3,0.0
0,784,4,0.0
0,784,5,0.0
0,784,6,0.0
0,785,0,0.0
0,785,1,0.0
0,785,2,0.0
0,785,3,0.0
0,785,4,0.0
0,785,5,0.0
0,785,6,0.0
0,786,0,0.0
0,786,1,0.0
0,786,2,0.0
0,786,3,0.0
0,786,4,0.0
0,786,5,0.0
0,786,6,0.0
0,787,0,0.0
0,787,1,0.0
0,787,2,0.0
0,787,3,0.0
0,787,4,0.0
0,787,5,0.0
0,787,6,0.0
0,788,0,0.0
0,788,1,0.0
0,788,2,0.0
0,788,3,0.0
0,788,4,0.0
0,788,5,0.0
0,788,6,0.0
0,789,0,0.0
0,789,1,0.0
0,789,2,0.0
0,789,3,0.0
0,789,4,0.0
0,789,5,0.0
0,789,6,0.0
0,790,0,0.0
0,790,1,0.0
0,790,2,0.0
0,790,3,0.0
0,790,4,0.0
0,790,5,0.0
0,790,6,0.0
0,791,0,0.0
0,791,1,0.0
0,791,2,0.0
0,791,3,0.0
0,791,4,0.0
0,791,5,0.0
0,791,6,0.0
0,792,0,0.0
0,792,1,0.0
0,792,2,0.0
0,792,3,0.0
0,792,4,0.0
0,792,5,0.0
0,792,6,0.0
0,793,0,0.0
0,793,1,0.0
0,793,2,0.0
0,793,3,0.0
0,793,4,0.0
0,793,5,0.0
0,793,6,0.0
0,794,0,0.0
0,794,1,0.0
0,794,2,0.0
0,794,3,0.0
0,794,4,0.0
0,794,5,0.0
0,794,6,0.0
0,795,0,0.0
0,795,1,0.0
0,795,2,0.0
0,795,3,0.0
0,795,4,0.0
0,795,5,0.0
0,795,6,0.0
0,796,0,0.0
0,796,1,0.0
0,796,2,0.0
0,796,3,0.0
0,796,4,0.0
0,796,5,0.0
0,796,6,0.0
0,797,0,0.0
0,797,1,0.0
0,797,2,0.0
0,797,3,0.0
0,797,4,0.0
0,797,5,0.0
0,797,6,0.0
0,798,0,0.0
0,798,1,0.0
0,798,2,0.0
0,798,3,0.0
0,798,4,0.0
0,798,5,0.0
0,798,6,0.0
0,799,0,0.0
0,799,1,0.0
0,799,2,0.0
0,799,3,0.0
0,799,4,0.0
0,799,5,0.0
0,799,6,0.0
1,0,0,0.991327765044127
1,0,1,0.004156461167188814
1,0,2,0.004515773788684032
1,0,3,0.11890827131037414
1,0,4,9.290551090666845
1,0,5,44.8568778706871
1,0,6,1.0036452850935775
1,1,0,0.991327765044127
1,1,1,0.004156461167188814
1,1,2,0.004515773788684032
1,1,3,0.11890827131037414
1,1,4,9.290551090666845
1,1,5,44.8568778706871
1,1,6,1.0036452850935775
1,2,0,0.991327765044127
1,2,1,0.004156461167188814
1,2,2,0.004515773788684032
1,2,3,0.11890827131037414
1,2,4,9.290551090666845
1,2,5,44.8568778706871
1,2,6,1.0036452850935775
1,3,0,0.991327765044127
1,3,1,0.004156461167188814
1,3,2,0.004515773788684032
1,3,3,0.11890827131037414
1,3,4,9.290551090666845
1,3,5,44.8568778706871
1,3,6,1.0036452850935775
1,4,0,0.991327765044127
1,4,1,0.004156461167188814
1,4,2,0.004515773788684032
1,4,3,0.11890827131037414
1,4,4,9.290551090666845
1,4,5,44.8568778706871
1,4,6,1.0036452850935775
1,5,0,0.991327765044127
1,5,1,0.004156461167188814
1,5,2,0.004515773788684032
1,5,3,0.11890827131037414
1,5,4,9.290551090666845
1,5,5,44.8568778706871
1,5,6,1.0036452850935775
1,6,0,0.991327765044127
1,6,1,0.004156461167188814
1,6,2,0.004515773788684032
1,6,3,0.11890827131037414
1,6,4,9.290551090666845
1,6,5,44.8568778706871
1,6,6,1.0036452850935775
1,7,0,0.991327765044127
1,7,1,0.004156461167188814
1,7,2,0.004515773788684032
1,7,3,0.11890827131037414
1,7,4,9.290551090666845
1,7,5,44.8568778706871
1,7,6,1.0036452850935775
1,8,0,0.991327765044127
1,8,1,0.004156461167188814
1,8,2,0.004515773788684032
1,8,3,0.11890827131037414
1,8,4,9.290551090666845
1,8,5,44.8568778706871
1,8,6,1.0036452850935775
1,9,0,0.9917960370596699
1,9,1,0.00397500177944837
1,9,2,0.0042289611608817
1,9,3,0.12318670440174805
1,9,4,8.96831700894511
1,9,5,44.86868087972792
1,9,6,1.0039860310745288
1,10,0,0.9921009898974343
1,10,1,0.0039099377294037965
1,10,2,0.00398907237316177
1,10,3,0.14008738725212783
1,10,4,8.526135880795374
1,10,5,44.92027596348041
1,10,6,1.0060186436838794
1,11,0,0.9912774592147793
1,11,1,0.004622716797414311
1,11,2,0.004099823987806322
1,11,3,0.15644421813236142
1,11,4,8.609833440799555
1,11,5,44.97196074868948
1,11,6,1.007300762102658
1,12,0,0.9896467492647834
1,12,1,0.006008172288601413
1,12,2,0.004345078446615286
1,12,3,0.17392858998515964
1,12,4,8.490641640044135
1,12,5,45.036157684161324
1,12,6,1.0084537969540923
1,13,0,0.98845690240062
1,13,1,0.007213920077859463
1,13,2,0.004329177521520578
1,13,3,0.16746499288900307
1,13,4,8.85802209482258
1,13,5,45.011639478870634
1,13,6,1.0114139890559297
1,14,0,0.9864558563854444
1,14,1,0.008920294654636802
1,14,2,0.004623848959918927
1,14,3,0.18680898387417316
1,14,4,8.672156134785572
1,14,5,45.087794891348
1,14,6,1.0107570849084615
1,15,0,0.9849416016166286
1,15,1,0.010419350319262194
1,15,2,0.004639048064109285
1,15,3,0.18841774757905427
1,15,4,8.581675384073176
1,15,5,45.09438120268558
1,15,6,1.0106854239358207
1,16,0,0.9828852843065716
1,16,1,0.012191521518799464
1,16,2,0.0049231941746288475
1,16,3,0.19064983710351258
1,16,4,8.225577331035966
1,16,5,45.10398927108305
1,16,6,1.0099586337084792
1,17,0,0.9791737498304174
1,17,1,0.015367360714628235
1,17,2,0.005458889454954444
1,17,3,0.18945527401723639
1,17,4,8.27515571466961
1,17,5,45.098837911618986
1,17,6,1.0098152713844353
1,18,0,0.9775968895805592
1,18,1,0.017098633413192035
1,18,2,0.00530447700624868
1,18,3,0.20150408050671365
1,18,4,8.691516155509321
1,18,5,45.151035863233815
1,18,6,1.0097367207681316
1,19,0,0.9757944150770428
1,19,1,0.01888157305806921
1,19,2,0.005324011864888072
1,19,3,0.20657677247740439
1,19,4,9.04024779474915
1,19,5,45.17385135897799
1,19,6,1.0101144945203864
1,20,0,0.973308421355527
1,20,1,0.021149769579242896
1,20,2,0.005541809065230203
1,20,3,0.1987453194477542
1,20,4,8.8636280170924
1,20,5,45.138672349838544
1,20,6,1.0095094615520424
1,21,0,0.9714997423749043
1,21,1,0.022909908871756514
1,21,2,0.005590348753339158
1,21,3,0.20432905091007167
1,21,4,8.983202429133023
1,21,5,45.16360805740838
1,21,6,1.0090839834614953
1,22,0,0.9697768993841529
1,22,1,0.02434272680725099
1,22,2,0.005880373808596068
1,22,3,0.20904843057409195
1,22,4,9.146140611448194
1,22,5,45.18540045258541
1,22,6,1.009092269682943
1,23,0,0.9677613254984127
1,23,1,0.026141583618431854
1,23,2,0.006097090883155454
1,23,3,0.20655242578035665
1,23,4,9.416808043850015
1,23,5,45.17380831129097
1,23,6,1.0093202670772365
1,24,0,0.9657441748628779
1,24,1,0.027787747197102218
1,24,2,0.006468077940019862
1,24,3,0.21171739324733285
1,24,4,9.418808954433455
1,24,5,45.19771327199605
1,24,6,1.008940567655384
1,25,0,0.9639226179949492
1,25,1,0.02957161917681613
1,25,2,0.006505762828234609
1,25,3,0.20515466401047236
1,25,4,9.589678799709654
1,25,5,45.167353670414656
1,25,6,1.0093243093466653
1,26,0,0.9622548764468606
1,26,1,0.031269794632455564
1,26,2,0.006475328920683768
1,26,3,0.21694117464070167
1,26,4,9.881396636170775
1,26,5,45.22272663834238
1,26,6,1.0090024209593516
1,27,0,0.9603078847086204
1,27,1,0.032991591624646065
1,27,2,0.006700523666733447
1,27,3,0.21870505596590847
1,27,4,10.01326385317933
1,27,5,45.23100111215718
1,27,6,1.0087801918270047
1,28,0,0.9588804779717854
1,28,1,0.03455985028855275
1,28,2,0.00655967173966176
1,28,3,0.21448073052763225
1,28,4,10.280619656498033
1,28,5,45.21064558625741
1,28,6,1.0097583698871544
1,29,0,0.9569597993678821
1,29,1,0.03642564375437831
1,29,2,0.006614556877739537
1,29,3,0.21698155412152648
1,29,4,10.492876407287923
1,29,5,45.222661057632976
1,29,6,1.0096903703277549
1,30,0,0.9554700161998233
1,30,1,0.037561397732009394
1,30,2,0.0069685860681672415
1,30,3,0.21947619389685186
1,30,4,10.605315139942437
1,30,5,45.23474847572706
1,30,6,1.0099727032145986
1,31,0,0.953480696279835
1,31,1,0.039330406147048386
1,31,2,0.007188897573116515
1,31,3,0.22386777163078733
1,31,4,10.730333946232346
1,31,5,45.256241111883654
1,31,6,1.009699401101407
1,32,0,0.9526149830660429
1,32,1,0.04038175945052241
1,32,2,0.0070032574834348145
1,32,3,0.2279843992143256
1,32,4,10.936308284360186
1,32,5,45.276670472642024
1,32,6,1.00969426798908
1,33,0,0.9506857058091305
1,33,1,0.04199373228785995
1,33,2,0.007320561903009552
1,33,3,0.23439971104416793
1,33,4,11.07399831676134
1,33,5,45.309465730519264
1,33,6,1.0094419563426196
1,34,0,0.9497288271982984
1,34,1,0.043008836611826
1,34,2,0.007262336189875528
1,34,3,0.22878360039247997
1,34,4,11.354269867074462
1,34,5,45.28072568377483
1,34,6,1.0106074430728704
1,35,0,0.9480951653641823
1,35,1,0.044346354475829526
1,35,2,0.007558480159988157
1,35,3,0.23182405998988662
1,35,4,11.415982389228837
1,35,5,45.29626568729567
1,35,6,1.0104445150835604
1,36,0,0.9461998975409458
1,36,1,0.04603740101787401
1,36,2,0.0077627014411802905
1,36,3,0.23192980105213218
1,36,4,11.630562105778473
1,36,5,45.29705657936086
1,36,6,1.0105443210043834
1,37,0,0.9446066703522407
1,37,1,0.0473787231401535
1,37,2,0.00801460650760584
1,37,3,0.2296166741374775
1,37,4,11.797667030530167
1,37,5,45.28491821927288
1,37,6,1.0111491856312997
1,38,0,0.9433741002632753
1,38,1,0.048531170548315114
1,38,2,0.008094729188409613
1,38,3,0.23831718678184838
1,38,4,11.939645716850183
1,38,5,45.32988704521941
1,38,6,1.0105450583526392
1,39,0,0.9418767560823713
1,39,1,0.04985288849034302
1,39,2,0.008270355427285677
1,39,3,0.23913591928415878
1,39,4,12.20441923980809
1,39,5,45.334235087427274
1,39,6,1.011385437051702
1,40,0,0.9403921883563677
1,40,1,0.051218154453998535
1,40,2,0.008389657189633729
1,40,3,0.2357009234360339
1,40,4,12.3482319092798
1,40,5,45.31624794173396
1,40,6,1.0121198516104846
1,41,0,0.9389842390919341
1,41,1,0.05261247601410443
1,41,2,0.008403284893961622
1,41,3,0.24493665165200706
1,41,4,12.578538120400992
1,41,5,45.36522438731605
1,41,6,1.0114945156167519
1,42,0,0.9370506521106511
1,42,1,0.05416481594127014
1,42,2,0.008784531948078756
1,42,3,0.24625629905466503
1,42,4,12.70700705141706
1,42,5,45.372332306031254
1,42,6,1.011661090556623
1,43,0,0.9354420323930205
1,43,1,0.05505189795911062
1,43,2,0.009506069647868964
1,43,3,0.24411155858196654
1,43,4,12.680432261135314
1,43,5,45.36070869377954
1,43,6,1.0116990030544213
1,44,0,0.9344222186859481
1,44,1,0.05615763663321069
1,44,2,0.009420144680841257
1,44,3,0.2511159144992503
1,44,4,12.939558338812073
1,44,5,45.39901280932261
1,44,6,1.011673223262783
1,45,0,0.932996897157691
1,45,1,0.05775101747977551
1,45,2,0.009252085362533594
1,45,3,0.2500552908340265
1,45,4,13.168574582221083
1,45,5,45.393124299431044
1,45,6,1.0123444703988362
1,46,0,0.9317469059764396
1,46,1,0.058832387666890515
1,46,2,0.009420706356669972
1,46,3,0.2564495492984049
1,46,4,13.321767241853145
1,46,5,45.428709409238834
1,46,6,1.0122637861057515
1,47,0,0.9301269971782742
1,47,1,0.06015179409479949
1,47,2,0.009721208726926377
1,47,3,0.26012034990153166
1,47,4,13.408872953222048
1,47,5,45.44964305964557
1,47,6,1.0123072133440663
1,48,0,0.9291144827293201
1,48,1,0.06131731266423611
1,48,2,0.00956820460644379
1,48,3,0.26124450352368483
1,48,4,13.662248050167635
1,48,5,45.45602430738819
1,48,6,1.0128889210466883
1,49,0,0.9279046920049329
1,49,1,0.06260717491290295
1,49,2,0.009488133082164223
1,49,3,0.26470741351032545
1,49,4,13.863854665988214
1,49,5,45.47603900679495
1,49,6,1.0131772124568097
1,50,0,0.925614722272051
1,50,1,0.06422234168162377
1,50,2,0.010162936046325222
1,50,3,0.26654798379003986
1,50,4,14.019807145808533
1,50,5,45.48678984911828
1,50,6,1.0135641251056955
1,51,0,0.9244255846196227
1,51,1,0.06526124031724632
1,51,2,0.010313175063131064
1,51,3,0.27686247816345944
1,51,4,14.191348554166568
1,51,5,45.54836241332165
1,51,6,1.0135102317146303
1,52,0,0.9233159675074014
1,52,1,0.06647825145493046
1,52,2,0.010205781037668166
1,52,3,0.27799365642098944
1,52,4,14.399338388243205
1,52,5,45.55531917070876
1,52,6,1.013723181313225
1,53,0,0.9222661655187216
1,53,1,0.06708650047202076
1,53,2,0.010647334009257534
1,53,3,0.2786283114147733
1,53,4,14.443131587431537
1,53,5,45.55922662986139
1,53,6,1.0137760400042977
1,54,0,0.9211468741619002
1,54,1,0.06819122745312854
1,54,2,0.010661898384971356
1,54,3,0.2810030293477833
1,54,4,14.678211215981566
1,54,5,45.57396349171415
1,54,6,1.0141312838643477
1,55,0,0.9197661574555946
1,55,1,0.06897015420609004
1,55,2,0.011263688338315377
1,55,3,0.28578495503810214
1,55,4,14.744535180018655
1,55,5,45.60384573960134
1,55,6,1.014176715063259
1,56,0,0.9188536478100994
1,56,1,0.0699077025315341
1,56,2,0.0112386496583665
1,56,3,0.2855442256388955
1,56,4,14.931853651048458
1,56,5,45.60199281622873
1,56,6,1.0147065142555358
1,57,0,0.9175712796603154
1,57,1,0.07084454513226393
1,57,2,0.01158417520742069
1,57,3,0.2928535381915917
1,57,4,15.133612503359009
1,57,5,45.64838506039764
1,57,6,1.014183915587132
1,58,0,0.9163401997573699
1,58,1,0.07185693521344125
1,58,2,0.011802865029188786
1,58,3,0.29293359959072396
1,58,4,15.103088214814667
1,58,5,45.64877004402956
1,58,6,1.0151469723151534
1,59,0,0.9149949560538504
1,59,1,0.07275951626752791
1,59,2,0.012245527678621687
1,59,3,0.3023247466576297
1,59,4,15.19785492762744
1,59,5,45.70998749982774
1,59,6,1.014915663698766
1,60,0,0.9136104196371377
1,60,1,0.07404973439129144
1,60,2,0.012339845971570916
1,60,3,0.30036993222271735
1,60,4,15.318733578048912
1,60,5,45.69707804255093
1,60,6,1.0154241253886906
1,61,0,0.9127651870887288
1,61,1,0.07484618813743818
1,61,2,0.01238862477383299
1,61,3,0.3086873714110785
1,61,4,15.50978454630011
1,61,5,45.752939567497805
1,61,6,1.014849425626001
1,62,0,0.9119891511408382
1,62,1,0.07562746721583155
1,62,2,0.012383381643330155
1,62,3,0.3098838062475535
1,62,4,15.71478158473295
1,62,5,45.76062791632996
1,62,6,1.0155814720685945
1,63,0,0.9101649859095469
1,63,1,0.07696659192250704
1,63,2,0.012868422167946147
1,63,3,0.315680328026076
1,63,4,15.840025159933898
1,63,5,45.80022766025788
1,63,6,1.0159888190132083
1,64,0,0.909606896584364
1,64,1,0.07774562515887563
1,64,2,0.012647478256760412
1,64,3,0.3175939888687856
1,64,4,16.05901828300346
1,64,5,45.8136542165248
1,64,6,1.0163052883166601
1,65,0,0.9080643753673001
1,65,1,0.07890823533589147
1,65,2,0.01302738929680845
1,65,3,0.32387707450087777
1,65,4,16.15856021428196
1,65,5,45.857716216624794
1,65,6,1.0158967243694794
1,66,0,0.906143583823493
1,66,1,0.08018471466305098
1,66,2,0.013671701513455994
1,66,3,0.32621543034402434
1,66,4,16.191581445111613
1,66,5,45.87438829849209
1,66,6,1.0165425457913448
1,67,0,0.9049485315008767
1,67,1,0.08094621230260224
1,67,2,0.014105256196521015
1,67,3,0.3277546337182812
1,67,4,16.224399921041353
1,67,5,45.88507629729127
1,67,6,1.0168797295664984
1,68,0,0.9040560989919197
1,68,1,0.08126982343700269
1,68,2,0.01467407757107749
1,68,3,0.33621619267001757
1,68,4,16.287787460186003
1,68,5,45.94641055482583
1,68,6,1.0166163552353928
1,69,0,0.9034230713452094
1,69,1,0.08171989278343116
1,69,2,0.014857035871359451
1,69,3,0.3351060440711138
1,69,4,16.392955117195818
1,69,5,45.64168950630898
1,69,6,1.0167257983685194
1,70,0,0.9028382716717185
1,70,1,0.08243115271969617
1,70,2,0.01473057560858541
1,70,3,0.3389880133582149
1,70,4,16.631618953477805
1,70,5,45.96707596767599
1,70,6,1.0175593064857709
1,71,0,0.901779929352728
1,71,1,0.08340986098500344
1,71,2,0.014810209662268568
1,71,3,0.3485891997727453
1,71,4,16.775884090402823
1,71,5,46.03878423116094
1,71,6,1.0172756888630232
1,72,0,0.9002390284313615
1,72,1,0.0843056080990448
1,72,2,0.015455363469593569
1,72,3,0.34976669746321865
1,72,4,16.838428561830852
1,72,5,46.04691149007607
1,72,6,1.0176570943916503
1,73,0,0.8990922324718551
1,73,1,0.08474978788091196
1,73,2,0.01615797964723303
1,73,3,0.35402366335179847
1,73,4,16.7956263980922
1,73,5,45.38936752075219
1,73,6,1.0179156342956865
1,74,0,0.8979678234101751
1,74,1,0.08588032288762712
1,74,2,0.016151853702197853
1,74,3,0.3562375056484859
1,74,4,16.832167798129504
1,74,5,45.40568436452973
1,74,6,1.017770130445558
1,75,0,0.8974397434126807
1,75,1,0.0863280822453358
1,75,2,0.016232174341983523
1,75,3,0.36272255907028034
1,75,4,16.98441828372369
1,75,5,45.29702718661176
1,75,6,1.0177606254509897
1,76,0,0.8960962696450618
1,76,1,0.08748023829565228
1,76,2,0.01642349205928582
1,76,3,0.36555623689551775
1,76,4,17.0434626514402
1,76,5,45.3243908618136
1,76,6,1.0183788505703506
1,77,0,0.89529627540779
1,77,1,0.08769592731814099
1,77,2,0.01700779727406907
1,77,3,0.3736358877453817
1,77,4,17.10214126950145
1,77,5,45.35254877128028
1,77,6,1.0179094155009818
1,78,0,0.8942801841129792
1,78,1,0.08823195016880109
1,78,2,0.01748786571821974
1,78,3,0.3749571524376457
1,78,4,17.160732778022073
1,78,5,45.381554232299436
1,78,6,1.018522519297276
1,79,0,0.8931129940751459
1,79,1,0.08901761735020507
1,79,2,0.017869388574649044
1,79,3,0.3806559810615859
1,79,4,17.219105554280027
1,79,5,45.411385545514754
1,79,6,1.0182481360712354
1,80,0,0.8922385272986858
1,80,1,0.08922406603197729
1,80,2,0.018537406669336974
1,80,3,0.385579500030226
1,80,4,17.277185831194167
1,80,5,45.44210180449605
1,80,6,1.0181286613251692
1,81,0,0.8912051929880482
1,81,1,0.08992004746003535
1,81,2,0.01887475955191648
1,81,3,0.38834631255847907
1,81,4,17.335320592671472
1,81,5,45.473662920194364
1,81,6,1.0189501264227576
1,82,0,0.8899003633511158
1,82,1,0.09116233182316977
1,82,2,0.018937304825714436
1,82,3,0.3947062770535909
1,82,4,17.393189291729655
1,82,5,45.506060641529714
1,82,6,1.0189855282606142
1,83,0,0.8893548074257553
1,83,1,0.0911439777902374
1,83,2,0.01950121478400723
1,83,3,0.40147709003301846
1,83,4,17.450429477743242
1,83,5,45.53944059150523
1,83,6,1.019080272633211
1,84,0,0.8877222843705077
1,84,1,0.09226987770469616
1,84,2,0.020007837924796094
1,84,3,0.40982453481815134
1,84,4,17.6250027129692
1,84,5,45.569372596650226
1,84,6,1.019320030211968
1,85,0,0.8866924061136248
1,85,1,0.09283395240885056
1,85,2,0.020473641477524677
1,85,3,0.41445336623482054
1,85,4,17.682006055348893
1,85,5,45.60034961987856
1,85,6,1.0194311382008556
1,86,0,0.8857928916683991
1,86,1,0.0930055309243821
1,86,2,0.021201577407218723
1,86,3,0.4219722093178737
1,86,4,17.729969018838297
1,86,5,45.55675710815312
1,86,6,1.019254416565465
1,87,0,0.8848238295779887
1,87,1,0.09396724916530391
1,87,2,0.021208921256707574
1,87,3,0.4273109054602268
1,87,4,17.760760410767393
1,87,5,45.49222151176078
1,87,6,1.0191492381783593
1,88,0,0.8835357503487644
1,88,1,0.09478443711341358
1,88,2,0.021679812537822103
1,88,3,0.43429766430300387
1,88,4,17.816942545418378
1,88,5,45.52506977533014
1,88,6,1.0189762981032253
1,89,0,0.8826579245182924
1,89,1,0.0954168123971886
1,89,2,0.021925263084519083
1,89,3,0.4357928769148192
1,89,4,17.873118847236
1,89,5,45.55845582298961
1,89,6,1.0196844715323532
1,90,0,0.8819195665763039
1,90,1,0.09669979158413453
1,90,2,0.021380641839561496
1,90,3,0.44317515468937574
1,90,4,18.291979451709807
1,90,5,46.07701736293077
1,90,6,1.0198149027288
1,91,0,0.8808550014623289
1,91,1,0.09167318851164227
1,91,2,0.027471810026028925
1,91,3,0.4461242291537585
1,91,4,16.807232748494837
1,91,5,43.82336374848121
1,91,6,1.017951718944538
1,92,0,0.8804623853955924
1,92,1,0.09177040538839856
1,92,2,0.027767209216009045
1,92,3,0.4548049776362407
1,92,4,17.01749830004661
1,92,5,43.81035962534531
1,92,6,1.0173874313830313
1,93,0,0.879537392557738
1,93,1,0.09233561971852844
1,93,2,0.02812698772373367
1,93,3,0.4575376538343484
1,93,4,17.0740819154751
1,93,5,43.76672185107997
1,93,6,1.017966722174761
1,94,0,0.8785724268992234
1,94,1,0.09305167827506833
1,94,2,0.028375894825708126
1,94,3,0.4631803614825768
1,94,4,17.132813573503306
1,94,5,43.78938371145103
1,94,6,1.0181245635712108
1,95,0,0.8779042152069509
1,95,1,0.09323948984065572
1,95,2,0.028856294952393426
1,95,3,0.4693267417533604
1,95,4,17.16975923406398
1,95,5,43.80359217585762
1,95,6,1.0178978977973585
1,96,0,0.877176504773812
1,96,1,0.09367234334028537
1,96,2,0.02915115188590263
1,96,3,0.4721939231445299
1,96,4,17.22796199962922
1,96,5,43.8262636211025
1,96,6,1.0182558005115976
1,97,0,0.8760501477149404
1,97,1,0.09445122501186247
1,97,2,0.029498627273197187
1,97,3,0.4776876985758506
1,97,4,17.28602375962559
1,97,5,43.84895437272692
1,97,6,1.0183792128998976
1,98,0,0.875134122229593
1,98,1,0.09399263597869571
1,98,2,0.030873241791711303
1,98,3,0.48447402747283286
1,98,4,16.95677798803845
1,98,5,43.860708229697494
1,98,6,1.017485015171508
1,99,0,0.8744160807682099
1,99,1,0.09440787958078323
1,99,2,0.03117603965100691
1,99,3,0.4922141698743058
1,99,4,17.01548629750401
1,99,5,43.883441660132355
1,99,6,1.017078212619807
1,100,0,0.8736779114310754
1,100,1,0.09419849636070496
1,100,2,0.03212359220821959
1,100,3,0.4994494116107795
1,100,4,17.073947016610692
1,100,5,43.90621648428806
1,100,6,1.01765438640719
1,101,0,0.8731211730772972
1,101,1,0.09428117911031042
1,101,2,0.03259764781239252
1,101,3,0.5009156768172623
1,101,4,17.13249872934476
1,101,5,43.928896859020696
1,101,6,1.018101940119397
1,102,0,0.8722143119042102
1,102,1,0.09453890720488527
1,102,2,0.03324678089090456
1,102,3,0.5094853863040454
1,102,4,17.190953613529857
1,102,5,43.95155945972199
1,102,6,1.0179087291964573
1,103,0,0.8712561379337509
1,103,1,0.09499409429087954
1,103,2,0.03374976777536947
1,103,3,0.5167947000998123
1,103,4,17.249278340669964
1,103,5,43.974245731831076
1,103,6,1.0179681347693013
1,104,0,0.870842473386936
1,104,1,0.09510483401519848
1,104,2,0.03405269259786556
1,104,3,0.521588277637156
1,104,4,17.307479511058162
1,104,5,43.99690931263025
1,104,6,1.0182508733761917
1,105,0,0.8700173347447333
1,105,1,0.09552265323777606
1,105,2,0.03446001201749066
1,105,3,0.524257361091942
1,105,4,17.36556597274226
1,105,5,44.01962133454212
1,105,6,1.0183449147269625
1,106,0,0.8688568395125189
1,106,1,0.09618350258264283
1,106,2,0.03495965790483828
1,106,3,0.5347112421636797
1,106,4,17.230422717372228
1,106,5,44.05889865009602
1,106,6,1.0180217326451941
1,107,0,0.8678623252161417
1,107,1,0.09652274846910724
1,107,2,0.03561492631475096
1,107,3,0.5408629848379576
1,107,4,17.288286212036702
1,107,5,44.081635549808816
1,107,6,1.0184857089074437
1,108,0,0.8672308280774184
1,108,1,0.0965907378480583
1,108,2,0.036178434074523314
1,108,3,0.5472127147128991
1,108,4,17.346152645722434
1,108,5,44.104314326934194
1,108,6,1.0181967413013069
1,109,0,0.8664976638978752
1,109,1,0.09239412227061389
1,109,2,0.04110821383151084
1,109,3,0.5529715465350307
1,109,4,16.253841548713115
1,109,5,42.942850643632234
1,109,6,1.0161088127746496
1,110,0,0.8656655789516294
1,110,1,0.09293386539230486
1,110,2,0.04140055565606573
1,110,3,0.5599725111123403
1,110,4,16.31505844186825
1,110,5,42.9660903276463
1,110,6,1.0163127605930151
1,111,0,0.8648912295977254
1,111,1,0.09267942199463866
1,111,2,0.04242934840763586
1,111,3,0.5665159833745473
1,111,4,16.376045029657732
1,111,5,42.989372818591875
1,111,6,1.0169066565673495
1,112,0,0.8636075019490879
1,112,1,0.09304897658400918
1,112,2,0.043343521466903054
1,112,3,0.5734981116006324
1,112,4,16.437120751833003
1,112,5,43.0125641714303
1,112,6,1.0167208522548938
1,113,0,0.8624371778377942
1,113,1,0.08686009822911256
1,113,2,0.05070272393309326
1,113,3,0.5755915053593266
1,113,4,14.897126349574084
1,113,5,41.866326165683816
1,113,6,1.0144055070215856
1,114,0,0.8619751880963349
1,114,1,0.08737362013847294
1,114,2,0.050651191765192095
1,114,3,0.5848176119902577
1,114,4,14.963905212187273
1,114,5,41.889974701762334
1,114,6,1.0142373750187217
1,115,0,0.8612702515553259
1,115,1,0.08759713895978956
1,115,2,0.05113260948488461
1,115,3,0.5905886596519602
1,115,4,15.030339484139223
1,115,5,41.91370438162214
1,115,6,1.0145290919910255
1,116,0,0.8609266192898932
1,116,1,0.08759145647423858
1,116,2,0.05148192423586821
1,116,3,0.5940907523532906
1,116,4,15.072534223138334
1,116,5,41.92835065128047
1,116,6,1.0149514768256525
1,117,0,0.8597153426590254
1,117,1,0.08796014591942053
1,117,2,0.05232451142155425
1,117,3,0.6071368690160768
1,117,4,15.180842602544862
1,117,5,41.96673722184936
1,117,6,1.0147145612850887
1,118,0,0.8587150751477575
1,118,1,0.08710172348602327
1,118,2,0.05418320136621922
1,118,3,0.6134567956730747
1,118,4,14.80236005256856
1,118,5,41.9872362911608
1,118,6,1.0139341475542172
1,119,0,0.8579332195745163
1,119,1,0.0864930541505784
1,119,2,0.05557372627490534
1,119,3,0.6195409350215215
1,119,4,14.614587273371647
1,119,5,42.011700300129135
1,119,6,1.0141321212752619
1,120,0,0.856821148967337
1,120,1,0.08679406161880782
1,120,2,0.056384789413855274
1,120,3,0.626193169167309
1,120,4,14.893245552970397
1,120,5,41.96909625387328
1,120,6,1.014556320306708
1,121,0,0.8563838669184796
1,121,1,0.08639907715897438
1,121,2,0.057217055922546056
1,121,3,0.6342383128138064
1,121,4,14.83134385887168
1,121,5,41.87727920302834
1,121,6,1.0145889533513368
1,122,0,0.8555906820469578
1,122,1,0.08686844546003498
1,122,2,0.05754087249300725
1,122,3,0.6392441164370204
1,122,4,14.899114886680312
1,122,5,41.9009564806254
1,122,6,1.014668891833944
1,123,0,0.8547916831795477
1,123,1,0.08586502075197111
1,123,2,0.05934329606848109
1,123,3,0.647936663232511
1,123,4,14.596660925436623
1,123,5,41.831272128065564
1,123,6,1.0139722747713726
1,124,0,0.8542822316637376
1,124,1,0.08472072398231298
1,124,2,0.06099704435394934
1,124,3,0.6551434891629584
1,124,4,14.111620017222716
1,124,5,41.79252038427261
1,124,6,1.0128098130703385
1,125,0,0.8536662655929934
1,125,1,0.08450157168485455
1,125,2,0.061832162722151994
1,125,3,0.6609398205140614
1,125,4,14.182034938012901
1,125,5,41.81637944938582
1,125,6,1.0133555247018604
1,126,0,0.8532961768934701
1,126,1,0.08462787470072716
1,126,2,0.062075948405802744
1,126,3,0.667778144033798
1,126,4,14.25249983054397
1,126,5,41.840197927039895
1,126,6,1.0136138609486118
1,127,0,0.8524764625495898
1,127,1,0.08425757592374847
1,127,2,0.06326596152666168
1,127,3,0.6744870225927889
1,127,4,14.039714185854603
1,127,5,41.84677119222748
1,127,6,1.012948242040576
1,128,0,0.8515307413167323
1,128,1,0.08370034222651417
1,128,2,0.06476891645675345
1,128,3,0.6844591798981832
1,128,4,13.907411335136132
1,128,5,41.71738415840466
1,128,6,1.0125198086018152
1,129,0,0.8510286581396922
1,129,1,0.08330128889188852
1,129,2,0.06567005296841932
1,129,3,0.6907422219148882
1,129,4,13.902266701707982
1,129,5,41.665108098746956
1,129,6,1.0129963997036249
1,130,0,0.8502015287230067
1,130,1,0.08262934359351135
1,130,2,0.06716912768348196
1,130,3,0.6972200232214225
1,130,4,13.69470254213946
1,130,5,41.688173351616676
1,130,6,1.0123815505668232
1,131,0,0.8493706178008211
1,131,1,0.08284142794358895
1,131,2,0.06778795425558987
1,131,3,0.7051896534819122
1,131,4,13.767446120337468
1,131,5,41.71211142725773
1,131,6,1.0126977159062585
1,132,0,0.8485515366752943
1,132,1,0.08192614387177968
1,132,2,0.06952231945292597
1,132,3,0.7139933057460135
1,132,4,13.451530377544621
1,132,5,41.75459673378544
1,132,6,1.0119493353865874
1,133,0,0.8478610347191111
1,133,1,0.0820511835209633
1,133,2,0.07008778175992564
1,133,3,0.7198222365866078
1,133,4,13.525665084403062
1,133,5,41.778445620421834
1,133,6,1.0122792632322641
1,134,0,0.8472485232429217
1,134,1,0.08160277741958413
1,134,2,0.07114869933749426
1,134,3,0.7257755786288652
1,134,4,13.34566458125078
1,134,5,41.79102458437557
1,134,6,1.012303349795466
1,135,0,0.8465405602696937
1,135,1,0.08205240471467218
1,135,2,0.0714070350156341
1,135,3,0.734415637160436
1,135,4,13.42028311477498
1,135,5,41.814912918865915
1,135,6,1.0125291530333018
1,136,0,0.8456521487819234
1,136,1,0.08127459910505197
1,136,2,0.07307325211302465
1,136,3,0.7440601877015678
1,136,4,13.138334185499591
1,136,5,41.868439110073005
1,136,6,1.011416474064473
1,137,0,0.8453149738519249
1,137,1,0.08126526533728207
1,137,2,0.07341976081079299
1,137,3,0.7488922319015454
1,137,4,13.186127662489792
1,137,5,41.88309547821008
1,137,6,1.0115017543610514
1,138,0,0.8447225801928162
1,138,1,0.08257933398232845
1,138,2,0.07269808582485528
1,138,3,0.7563597586629989
1,138,4,13.655173308613623
1,138,5,41.89330427380326
1,138,6,1.0129738055377056
1,139,0,0.8440322314129487
1,139,1,0.08117489354935818
1,139,2,0.07479287503769307
1,139,3,0.7627819030499995
1,139,4,13.065050966134564
1,139,5,41.96267032700683
1,139,6,1.0113477632295473
1,140,0,0.8429976315818728
1,140,1,0.08125425168017374
1,140,2,0.07574811673795345
1,140,3,0.7709854491978604
1,140,4,13.140836585982067
1,140,5,41.98654532547109
1,140,6,1.0121881229468523
1,141,0,0.8425817761309436
1,141,1,0.08155559533545467
1,141,2,0.07586262853360161
1,141,3,0.777657352186621
1,141,4,13.216629400177993
1,141,5,42.01029975490418
1,141,6,1.0125138239465699
1,142,0,0.8418878297187242
1,142,1,0.08206616852885631
1,142,2,0.07604600175241942
1,142,3,0.7879061296272414
1,142,4,13.292225929919438
1,142,5,42.03411127946287
1,142,6,1.0119365234092061
1,143,0,0.841334832675628
1,143,1,0.08194190854016142
1,143,2,0.07672325878421052
1,143,3,0.7951975826185929
1,143,4,13.367379525678317
1,143,5,42.057952429645965
1,143,6,1.012701376674411
1,144,0,0.8407574357171487
1,144,1,0.08220684542398687
1,144,2,0.07703571885886445
1,144,3,0.8048995396613319
1,144,4,13.442460558839866
1,144,5,42.08170417467858
1,144,6,1.0125366628196857
1,145,0,0.8398260037318279
1,145,1,0.08160815522793705
1,145,2,0.07856584104023503
1,145,3,0.8109071534516465
1,145,4,13.15325928642298
1,145,5,42.14868309737956
1,145,6,1.0121615693601735
1,146,0,0.8393307427923491
1,146,1,0.0809159730846821
1,146,2,0.07975328412296886
1,146,3,0.8206177052330679
1,146,4,12.98320109845092
1,146,5,42.191903759293965
1,146,6,1.0116022294741964
1,147,0,0.838564156186721
1,147,1,0.08132220221819011
1,147,2,0.08011364159508896
1,147,3,0.8275641190392371
1,147,4,13.059975658353803
1,147,5,42.21562961013334
1,147,6,1.0117405676458004
1,148,0,0.8376255923867282
1,148,1,0.0813553337216213
1,148,2,0.08101907389165044
1,148,3,0.8348016572265102
1,148,4,13.136557070973655
1,148,5,42.23936224626861
1,148,6,1.0124674200831825
1,149,0,0.837123875827076
1,149,1,0.08206145047687421
1,149,2,0.08081467369604986
1,149,3,0.8438512983833809
1,149,4,13.21533025848263
1,149,5,42.29477531096407
1,149,6,1.0126877838845432
1,150,0,0.8365611748107218
1,150,1,0.08145199705208128
1,150,2,0.08198682813719688
1,150,3,0.85276142311762
1,150,4,12.939675494566519
1,150,5,42.35851809984864
1,150,6,1.0115878462016243
1,151,0,0.8354061111890652
1,151,1,0.0813105005201861
1,151,2,0.08328338829074866
1,151,3,0.8656840119662592
1,151,4,12.825367678828709
1,151,5,42.41453791209169
1,151,6,1.0113955617361627
1,152,0,0.8345731228930862
1,152,1,0.08090223651135092
1,152,2,0.084524640595563
1,152,3,0.8734404538756578
1,152,4,12.903029812815074
1,152,5,42.43820666930792
1,152,6,1.0120508211249177
1,153,0,0.8339090866852905
1,153,1,0.08120573918523297
1,153,2,0.08488517412947653
1,153,3,0.8813516108327255
1,153,4,12.992435706129157
1,153,5,42.51644846420702
1,153,6,1.0125367003601666
1,154,0,0.8336137927180673
1,154,1,0.08049304920774863
1,154,2,0.08589315807418399
1,154,3,0.8909407640079344
1,154,4,12.72053001424663
1,154,5,42.579875345863535
1,154,6,1.0116504467834142
1,155,0,0.832672681954018
1,155,1,0.08060511384395648
1,155,2,0.08672220420202559
1,155,3,0.9006122473595894
1,155,4,12.798889583260625
1,155,5,42.603413907441606
1,155,6,1.0117721030681341
1,156,0,0.8322702036322742
1,156,1,0.08063859735610444
1,156,2,0.08709119901162135
1,156,3,0.9079208785820899
1,156,4,12.816994265173381
1,156,5,42.60103951102129
1,156,6,1.0121864584597071
1,157,0,0.8313892240684552
1,157,1,0.08006709852613564
1,157,2,0.08854367740540918
1,157,3,0.9142032850676676
1,157,4,12.665158453534106
1,157,5,42.63543957174292
1,157,6,1.0118499941130354
1,158,0,0.8310992878897713
1,158,1,0.08008164448740893
1,158,2,0.08881906762281978
1,158,3,0.9215539935894574
1,158,4,12.677074517465133
1,158,5,42.67232368547303
1,158,6,1.0119587664674894
1,159,0,0.8306469667546519
1,159,1,0.08007979943543195
1,159,2,0.08927323380991621
1,159,3,0.9301915725574978
1,159,4,12.454099615752504
1,159,5,42.72373739472631
1,159,6,1.0109701017997674
1,160,0,0.8301724481356287
1,160,1,0.08044686810104112
1,160,2,0.08938068376333017
1,160,3,0.938818122706855
1,160,4,12.533903675212024
1,160,5,42.74728541642757
1,160,6,1.0110100373381763
1,161,0,0.829687765642372
1,161,1,0.0803392276949418
1,161,2,0.08997300666268618
1,161,3,0.948496460784847
1,161,4,12.613550613625918
1,161,5,42.770814469089935
1,161,6,1.0114302012923484
1,162,0,0.8288517817661754
1,162,1,0.07995190447149014
1,162,2,0.09119631376233459
1,162,3,0.9560680821823816
1,162,4,12.692768853536156
1,162,5,42.79432920178476
1,162,6,1.0124246469231857
1,163,0,0.8282828594212377
1,163,1,0.080233044167585
1,163,2,0.09148409641117727
1,163,3,0.9625607038938335
1,163,4,12.741617569437722
1,163,5,42.84366181944404
1,163,6,1.013257986151374
1,164,0,0.8276273035754533
1,164,1,0.08005518316887393
1,164,2,0.09231751325567272
1,164,3,0.9740085147180997
1,164,4,12.610230120523735
1,164,5,42.907981959302134
1,164,6,1.0124095650910372
1,165,0,0.8267617496864873
1,165,1,0.0804182804341908
1,165,2,0.0928199698793219
1,165,3,0.983286724917041
1,165,4,12.578665271856753
1,165,5,42.96266450268911
1,165,6,1.0121223832122648
1,166,0,0.8261874008985534
1,166,1,0.08016034226583257
1,166,2,0.0936522568356141
1,166,3,0.9913530090786973
1,166,4,12.658344767839075
1,166,5,42.98595366763456
1,166,6,1.0125486813109137
1,167,0,0.8248893419081392
1,167,1,0.07963514799795093
1,167,2,0.09547551009390993
1,167,3,1.0003551539690045
1,167,4,12.370021177640321
1,167,5,43.022271910313265
1,167,6,1.0119466515254052
1,168,0,0.8247479886209461
1,168,1,0.07970802288078281
1,168,2,0.09554398849827103
1,168,3,1.0096633523337186
1,168,4,12.403868106432096
1,168,5,43.06413858062878
1,168,6,1.0120136779368472
1,169,0,0.8247267745767304
1,169,1,0.08008833758217979
1,169,2,0.09518488784108983
1,169,3,1.0166173753065553
1,169,4,12.58669225080887
1,169,5,43.11458830365062
1,169,6,1.012781814604161
1,170,0,0.824116496191805
1,170,1,0.08029235906988136
1,170,2,0.09559114473831358
1,170,3,1.0269512518188852
1,170,4,12.629932831891475
1,170,5,43.19622809663162
1,170,6,1.0126436050455534
1,171,0,0.8234690749044743
1,171,1,0.07987446148647408
1,171,2,0.09665646360905156
1,171,3,1.0376253310704806
1,171,4,12.429281564005944
1,171,5,43.27851816435131
1,171,6,1.0119908022557673
1,172,0,0.8226447721525516
1,172,1,0.07992273352512838
1,172,2,0.09743249432232003
1,172,3,1.045061379928861
1,172,4,12.467282934327795
1,172,5,43.33285167441349
1,172,6,1.0125805152249712
1,173,0,0.821936433605228
1,173,1,0.08046544734202218
1,173,2,0.0975981190527499
1,173,3,1.055794839908286
1,173,4,12.53744081857198
1,173,5,43.37894959354837
1,173,6,1.01219657632876
1,174,0,0.8214620571813434
1,174,1,0.080797091855562
1,174,2,0.09774085096309473
1,174,3,1.063777860558508
1,174,4,12.590623806632784
1,174,5,43.42553423549792
1,174,6,1.0129162418703574
1,175,0,0.8209304138110927
1,175,1,0.08031446734441756
1,175,2,0.09875511884448966
1,175,3,1.0722847364486647
1,175,4,12.349102968098578
1,175,5,43.47073994655072
1,175,6,1.0124819383701327
1,176,0,0.8209786641448555
1,176,1,0.08022561108328535
1,176,2,0.09879572477185913
1,176,3,1.081993519615788
1,176,4,12.455700580383184
1,176,5,43.51903251266921
1,176,6,1.0125314302008128
1,177,0,0.820088078633983
1,177,1,0.08061584290644097
1,177,2,0.09929607845957594
1,177,3,1.0921533920768112
1,177,4,12.631974688992294
1,177,5,43.629939944263285
1,177,6,1.0130154832322054
1,178,0,0.8195459611162532
1,178,1,0.08050381509612504
1,178,2,0.09995022378762172
1,178,3,1.100018118655591
1,178,4,12.590685268056133
1,178,5,43.70106445696772
1,178,6,1.0134815396114505
1,179,0,0.8185035654124901
1,179,1,0.08080704785794583
1,179,2,0.1006893867295641
1,179,3,1.1090821501889776
1,179,4,12.61486048679374
1,179,5,43.75141478072362
1,179,6,1.013420225166523
1,180,0,0.8180867891524477
1,180,1,0.08028954521854711
1,180,2,0.10162366562900524
1,180,3,1.116607242517769
1,180,4,12.315278719915487
1,180,5,43.77922299594553
1,180,6,1.012605964008837
1,181,0,0.8178617272832125
1,181,1,0.08064964349361006
1,181,2,0.10148862922317732
1,181,3,1.1275131489097445
1,181,4,12.427394502079906
1,181,5,43.81225650105555
1,181,6,1.012583092755587
1,182,0,0.8172677732664797
1,182,1,0.08047639523165077
1,182,2,0.10225583150186954
1,182,3,1.1367182981631276
1,182,4,12.312645298678945
1,182,5,43.911475911620165
1,182,6,1.0122869374738388
1,183,0,0.8170172707508008
1,183,1,0.08102279738089499
1,183,2,0.10195993186830418
1,183,3,1.1452989972215173
1,183,4,12.551350559764739
1,183,5,43.96010372815785
1,183,6,1.0133533117190199
1,184,0,0.8155124562062321
1,184,1,0.0804909845416599
1,184,2,0.10399655925210793
1,184,3,1.1595848401386526
1,184,4,12.28672865616764
1,184,5,44.015709440109106
1,184,6,1.0131046058832107
1,185,0,0.8153311140677797
1,185,1,0.0808500945299021
1,185,2,0.10381879140231828
1,185,3,1.169084153017797
1,185,4,12.383447832110658
1,185,5,44.02984604588007
1,185,6,1.0127146731436234
1,186,0,0.8153240162445379
1,186,1,0.08097088614615511
1,186,2,0.10370509760930714
1,186,3,1.1801455582786897
1,186,4,12.57404728628503
1,186,5,44.10851211533543
1,186,6,1.0130501703580934
1,187,0,0.8146265540167905
1,187,1,0.08038903785725368
1,187,2,0.10498440812595572
1,187,3,1.1900726517970432
1,187,4,12.212967595566312
1,187,5,44.17433406372791
1,187,6,1.0125861615371146
1,188,0,0.8139196235806049
1,188,1,0.080487575473731
1,188,2,0.10559280094566412
1,188,3,1.1987816338733819
1,188,4,12.272693100555525
1,188,5,44.20953507328702
1,188,6,1.0131923675632688
1,189,0,0.8138515734824294
1,189,1,0.0811877002885904
1,189,2,0.10496072622898012
1,189,3,1.2088705368986608
1,189,4,12.560411288607328
1,189,5,44.2789350671147
1,189,6,1.013498891144038
1,190,0,0.812581786869043
1,190,1,0.08036852107515177
1,190,2,0.10704969205580525
1,190,3,1.2165400114952876
1,190,4,12.13993913733305
1,190,5,44.35270756997318
1,190,6,1.0130513727168569
1,191,0,0.8120971736038165
1,191,1,0.08062335396940679
1,191,2,0.10727947242677682
1,191,3,1.2289590458609567
1,191,4,12.186261624829474
1,191,5,44.37967800255227
1,191,6,1.0124145382544676
1,192,0,0.8119725040799379
1,192,1,0.0807273572838868
1,192,2,0.10730013863617527
1,192,3,1.2401680698124102
1,192,4,12.23978891057304
1,192,5,44.41318778174377
1,192,6,1.01285259311997
1,193,0,0.8118402320464352
1,193,1,0.08164962603421987
1,193,2,0.10651014191934496
1,193,3,1.2480038411692054
1,193,4,12.615643888947554
1,193,5,44.477354396342804
1,193,6,1.013455019460353
1,194,0,0.8104648908475688
1,194,1,0.08045221580131517
1,194,2,0.10908289335111604
1,194,3,1.2583075902091756
1,194,4,12.030612603322348
1,194,5,44.55802340795164
1,194,6,1.0125087108313913
1,195,0,0.8102498283002098
1,195,1,0.0812835662653009
1,195,2,0.1084666054344893
1,195,3,1.2678789060875162
1,195,4,12.253938235149786
1,195,5,44.604803104249726
1,195,6,1.012836034658699
1,196,0,0.809759675849713
1,196,1,0.08161752058886856
1,196,2,0.10862280356141842
1,196,3,1.2772137770718184
1,196,4,12.39838745451802
1,196,5,44.68242619456705
1,196,6,1.013600418527015
1,197,0,0.8090832773175343
1,197,1,0.08151492633310678
1,197,2,0.10940179634935894
1,197,3,1.288305273605246
1,197,4,12.311662948565665
1,197,5,44.751655315762164
1,197,6,1.0130613489329092
1,198,0,0.8087463753194786
1,198,1,0.0816678874861265
1,198,2,0.10958573719439496
1,198,3,1.2972268427910663
1,198,4,12.113441069562475
1,198,5,44.818551637261024
1,198,6,1.0126147782406325
1,199,0,0.8085382455834209
1,199,1,0.08209311577258621
1,199,2,0.10936863864399288
1,199,3,1.307315365062564
1,199,4,12.449343009770113
1,199,5,44.87648142351292
1,199,6,1.0136175586299714
1,200,0,0.8079561739463317
1,200,1,0.08141386204931987
1,200,2,0.11062996400434835
1,200,3,1.3171533105447488
1,200,4,12.102384589361485
1,200,5,44.92532954555864
1,200,6,1.012701062950816
1,201,0,0.8078932026799263
1,201,1,0.08132427312750304
1,201,2,0.11078252419257066
1,201,3,1.3237198997461381
1,201,4,12.153040776137377
1,201,5,44.9389325878439
1,201,6,1.0132233172100888
1,202,0,0.8071861546384487
1,202,1,0.08244965745265218
1,202,2,0.11036418790889921
1,202,3,1.3347095771711615
1,202,4,12.51129317163712
1,202,5,45.00232423552559
1,202,6,1.0136132975396102
1,203,0,0.8066508265648176
1,203,1,0.08216002191325934
1,203,2,0.11118915152192307
1,203,3,1.3436356223005164
1,203,4,12.354499889238301
1,203,5,45.0535110648734
1,203,6,1.0134055040897751
1,204,0,0.8063739740535776
1,204,1,0.08212490378924382
1,204,2,0.11150112215717858
1,204,3,1.3553506926220036
1,204,4,12.454312694232112
1,204,5,45.13621358408825
1,204,6,1.0137596890380156
1,205,0,0.8056720715958664
1,205,1,0.081705478425457
1,205,2,0.11262244997867665
1,205,3,1.3647535251393261
1,205,4,12.140461672324385
1,205,5,45.18380165688955
1,205,6,1.013291910108915
1,206,0,0.8055700229578695
1,206,1,0.08210752971561379
1,206,2,0.11232244732651679
1,206,3,1.3749645285791172
1,206,4,12.330710127320845
1,206,5,45.21127423898931
1,206,6,1.0136711197429475
1,207,0,0.8050724841910538
1,207,1,0.08254740322043702
1,207,2,0.11238011258850913
1,207,3,1.386759883231059
1,207,4,12.448436354513309
1,207,5,45.28005267555951
1,207,6,1.0137830329760351
1,208,0,0.8041995522871513
1,208,1,0.082133724601847
1,208,2,0.1136667231110017
1,208,3,1.3963197407235621
1,208,4,12.184296869830485
1,208,5,45.34264672073192
1,208,6,1.0133778067533443
1,209,0,0.803530915816909
1,209,1,0.08277442987794253
1,209,2,0.11369465430514841
1,209,3,1.40603299300297
1,209,4,12.588880277754523
1,209,5,45.40226642168527
1,209,6,1.0145067694514793
1,210,0,0.802698560140896
1,210,1,0.08227665179425561
1,210,2,0.11502478806484835
1,210,3,1.4176000384348912
1,210,4,12.048062028414765
1,210,5,45.447887970851625
1,210,6,1.0128235605099696
1,211,0,0.8030636148906267
1,211,1,0.08270740065109099
1,211,2,0.11422898445828233
1,211,3,1.4269486002923442
1,211,4,12.441994534289993
1,211,5,45.5189552166932
1,211,6,1.013858764887774
1,212,0,0.8019890121087027
1,212,1,0.08271274886371618
1,212,2,0.11529823902758118
1,212,3,1.438487763229455
1,212,4,12.144988384509775
1,212,5,45.569082025004775
1,212,6,1.0131207093739334
1,213,0,0.8021046825798375
1,213,1,0.08282212597145577
1,213,2,0.11507319144870677
1,213,3,1.4481771914288815
1,213,4,12.33899483656704
1,213,5,45.64185581320545
1,213,6,1.0139270409012568
1,214,0,0.80190953038832
1,214,1,0.0831436951527803
1,214,2,0.1149467744588997
1,214,3,1.458896592920399
1,214,4,12.507409985783449
1,214,5,45.697190695499366
1,214,6,1.0145586657811507
1,215,0,0.8011173877985616
1,215,1,0.08316891558751963
1,215,2,0.11571369661391889
1,215,3,1.4704566114367321
1,215,4,12.397871401380165
1,215,5,45.749490634177356
1,215,6,1.013910521080939
1,216,0,0.8004880081467403
1,216,1,0.083781678104415
1,216,2,0.11573031374884463
1,216,3,1.4803012210567903
1,216,4,12.514614067302293
1,216,5,45.83137728560511
1,216,6,1.0139026540440577
1,217,0,0.8000202875224375
1,217,1,0.08345746850776925
1,217,2,0.11652224396979322
1,217,3,1.4906973619767112
1,217,4,12.3820382461357
1,217,5,45.88878948358447
1,217,6,1.014070045911976
1,218,0,0.7984431401061973
1,218,1,0.08375037815599676
1,218,2,0.11780648173780595
1,218,3,1.5076322178243484
1,218,4,12.155704189707052
1,218,5,45.98817115573834
1,218,6,1.0135762466299727
1,219,0,0.7987846098605755
1,219,1,0.08403223249702006
1,219,2,0.11718315764240439
1,219,3,1.5194585142567036
1,219,4,12.431155865964953
1,219,5,46.01320162714717
1,219,6,1.0138931993749234
1,220,0,0.7990096186544215
1,220,1,0.08427374851177914
1,220,2,0.11671663283379924
1,220,3,1.531956391218209
1,220,4,12.661966568144202
1,220,5,46.07411034174074
1,220,6,1.0140595155717316
1,221,0,0.7983601029340088
1,221,1,0.08401634847366293
1,221,2,0.1176235485923283
1,221,3,1.5426964236818743
1,221,4,12.460621262988855
1,221,5,46.136476019883226
1,221,6,1.0139298270739179
1,222,0,0.7981006018522693
1,222,1,0.08415283023402542
1,222,2,0.11774656791370532
1,222,3,1.550596056927774
1,222,4,12.510312832789701
1,222,5,46.14966006485844
1,222,6,1.0141440743181185
1,223,0,0.7981518181436562
1,223,1,0.08440928606273335
1,223,2,0.11743889579361051
1,223,3,1.5593094033644561
1,223,4,12.875458428060092
1,223,5,46.20612792910666
1,223,6,1.0152987663723747
1,224,0,0.7970849980543706
1,224,1,0.08454638962679563
1,224,2,0.11836861231883375
1,224,3,1.5696966242257255
1,224,4,12.507744551820528
1,224,5,46.2553072517255
1,224,6,1.014269203284129
1,225,0,0.7972159399405687
1,225,1,0.08447781835799395
1,225,2,0.11830624170143739
1,225,3,1.580243785675792
1,225,4,12.603646877038042
1,225,5,46.32342230947211
1,225,6,1.014432781632448
1,226,0,0.7961286382177408
1,226,1,0.08453867101797613
1,226,2,0.11933269076428299
1,226,3,1.5928598858838767
1,226,4,12.485231599202042
1,226,5,46.389064739261826
1,226,6,1.0139398190580808
1,227,0,0.7960537707579005
1,227,1,0.08474614859139432
1,227,2,0.11920008065070517
1,227,3,1.602763722606376
1,227,4,12.637468982328603
1,227,5,46.44977281706727
1,227,6,1.0145968069772504
1,228,0,0.7959953006036669
1,228,1,0.08513006852600831
1,228,2,0.11887463087032477
1,228,3,1.613361239108298
1,228,4,12.90208281899618
1,228,5,46.516501864492476
1,228,6,1.0152352819374344
1,229,0,0.7946798886010793
1,229,1,0.08473890976571666
1,229,2,0.12058120163320399
1,229,3,1.625849287091829
1,229,4,12.333883280342778
1,229,5,46.574263559695396
1,229,6,1.0139123078756234
1,230,0,0.7951375947436072
1,230,1,0.08523601344437573
1,230,2,0.11962639181201704
1,230,3,1.6366856747039367
1,230,4,12.892377404709068
1,230,5,46.63896531422307
1,230,6,1.015033447470952
1,231,0,0.7944244729829344
1,231,1,0.0847528114152647
1,231,2,0.12082271560180086
1,231,3,1.6468210769751894
1,231,4,12.68202560922338
1,231,5,46.69983902563899
1,231,6,1.0148852304339804
1,232,0,0.7935866283989219
1,232,1,0.08460598996888141
1,232,2,0.12180738163219679
1,232,3,1.6584513703420356
1,232,4,12.369842342859593
1,232,5,46.75838104598911
1,232,6,1.014306793684781
1,233,0,0.7941512616931847
1,233,1,0.08528248445463765
1,233,2,0.12056625385217755
1,233,3,1.6707607636421336
1,233,4,12.953065995301433
1,233,5,46.80366656129186
1,233,6,1.0156020709638451
1,234,0,0.793461840805513
1,234,1,0.0856314641990758
1,234,2,0.12090669499541118
1,234,3,1.68076505913135
1,234,4,12.963713329921767
1,234,5,46.862658596039125
1,234,6,1.0158987577423455
1,235,0,0.7920570067258577
1,235,1,0.0851013922395697
1,235,2,0.1228416010345726
1,235,3,1.6907742183660575
1,235,4,12.339085837876569
1,235,5,46.90252707839831
1,235,6,1.0147372767237524
1,236,0,0.7930027043006646
1,236,1,0.08573651185909019
1,236,2,0.12126078384024523
1,236,3,1.7031003340822082
1,236,4,12.795475968285135
1,236,5,46.93787404265003
1,236,6,1.015499943950675
1,237,0,0.7930062703741618
1,237,1,0.08599762864207332
1,237,2,0.12099610098376481
1,237,3,1.7136422959710464
1,237,4,13.006407507174991
1,237,5,46.988422567128865
1,237,6,1.016153531820501
1,238,0,0.7926177835411004
1,238,1,0.08593181813833159
1,238,2,0.12145039832056809
1,238,3,1.727296030178263
1,238,4,13.04037799302377
1,238,5,47.058452568820286
1,238,6,1.015628933787925
1,239,0,0.7915119388374108
1,239,1,0.08558106175967928
1,239,2,0.12290699940290989
1,239,3,1.7385161940326386
1,239,4,12.48469398807621
1,239,5,47.131752420598474
1,239,6,1.0142085467611253
1,240,0,0.7920973736189625
1,240,1,0.08621088803898448
1,240,2,0.12169173834205302
1,240,3,1.7499042841702992
1,240,4,13.127590655352702
1,240,5,47.18794225300424
1,240,6,1.0157037591185811
1,241,0,0.7902751871400628
1,241,1,0.08592318040433211
1,241,2,0.12380163245560499
1,241,3,1.761058497763731
1,241,4,12.469347429183685
1,241,5,47.24041463894056
1,241,6,1.014420042872444
1,242,0,0.7912004441155929
1,242,1,0.086523749172906
1,242,2,0.12227580671150104
1,242,3,1.7733029899240136
1,242,4,13.148392312158869
1,242,5,47.280516183496104
1,242,6,1.015831266057571
1,243,0,0.790882463647733
1,243,1,0.08639851461957826
1,243,2,0.12271902173268867
1,243,3,1.7810886686837974
1,243,4,13.121965478923713
1,243,5,47.33638507542791
1,243,6,1.0158337718229231
1,244,0,0.7905633063615586
1,244,1,0.08708356361388567
1,244,2,0.12235313002455572
1,244,3,1.7906114988287758
1,244,4,13.233793533621636
1,244,5,47.40491912936821
1,244,6,1.0161141916392649
1,245,0,0.7888514806918439
1,245,1,0.08656494614401333
1,245,2,0.12458357316414279
1,245,3,1.8034079705667494
1,245,4,12.543641058729344
1,245,5,47.4614714745948
1,245,6,1.0143419049597537
1,246,0,0.7898008866768729
1,246,1,0.08700499940721382
1,246,2,0.12319411391591323
1,246,3,1.8147625755409496
1,246,4,13.194182172585073
1,246,5,47.51115026728033
1,246,6,1.0160822882136586
1,247,0,0.7891611760119667
1,247,1,0.08755324358948852
1,247,2,0.12328558039854481
1,247,3,1.8271619431401858
1,247,4,13.254366615705827
1,247,5,47.58882203691395
1,247,6,1.0158289407330607
1,248,0,0.7892990532086659
1,248,1,0.08730015783273681
1,248,2,0.12340078895859738
1,248,3,1.8386063335614713
1,248,4,13.314233795924682
1,248,5,47.6705478350371
1,248,6,1.01628605412954
1,249,0,0.7890628304778255
1,249,1,0.08758296480135125
1,249,2,0.12335420472082329
1,249,3,1.8506149715445934
1,249,4,13.30878319631816
1,249,5,47.73396372558382
1,249,6,1.016077999621432
1,250,0,0.7886176239681287
1,250,1,0.0872300147331728
1,250,2,0.12415236129869842
1,250,3,1.861308814640041
1,250,4,13.325018532635795
1,250,5,47.81741766361219
1,250,6,1.0165019046973147
1,251,0,0.7878720475125622
1,251,1,0.08740622712861729
1,251,2,0.1247217253588205
1,251,3,1.8721114758833908
1,251,4,13.309651921174446
1,251,5,47.87019702267354
1,251,6,1.016601653451886
1,252,0,0.7869138314687023
1,252,1,0.08785176453742452
1,252,2,0.12523440399387317
1,252,3,1.891743107109487
1,252,4,13.103714210643847
1,252,5,47.931314659525995
1,252,6,1.0158577941522808
1,253,0,0.7870872375634629
1,253,1,0.08777596151264232
1,253,2,0.12513680092389484
1,253,3,1.9044462856388926
1,253,4,13.342132860429917
1,253,5,47.9819544724773
1,253,6,1.0166728342282838
1,254,0,0.786394005898881
1,254,1,0.08800391832947331
1,254,2,0.12560207577164562
1,254,3,1.9160990886425084
1,254,4,13.165978920746943
1,254,5,48.017949995636236
1,254,6,1.016177531708388
1,255,0,0.7868380146898621
1,255,1,0.08825736457388003
1,255,2,0.12490462073625772
1,255,3,1.9302418100064274
1,255,4,13.471561233333805
1,255,5,48.0376657636663
1,255,6,1.016429539912595
1,256,0,0.7867484105055217
1,256,1,0.08813793524559294
1,256,2,0.12511365424888538
1,256,3,1.9404926171534584
1,256,4,13.500625912418501
1,256,5,48.0954575306758
1,256,6,1.016717995249421
1,257,0,0.7865358521305041
1,257,1,0.08851372155389864
1,257,2,0.12495042631559722
1,257,3,1.9520557863456618
1,257,4,13.51913512001174
1,257,5,48.14993490169951
1,257,6,1.016670249503833
1,258,0,0.7852785250862522
1,258,1,0.08827049191650105
1,258,2,0.12645098299724683
1,258,3,1.9659473124741687
1,258,4,13.275526301296486
1,258,5,48.224009340435074
1,258,6,1.0157663371788075
1,259,0,0.7849901297836586
1,259,1,0.08876896150940203
1,259,2,0.12624090870693933
1,259,3,1.975471308969732
1,259,4,13.181068677573407
1,259,5,48.2868468253731
1,259,6,1.0159322103908859
1,260,0,0.784787135644228
1,260,1,0.08865729895279972
1,260,2,0.1265555654029723
1,260,3,1.9859072491994931
1,260,4,13.271107225515717
1,260,5,48.35582749342839
1,260,6,1.0158759244427487
1,261,0,0.7831318339305782
1,261,1,0.08855567911872343
1,261,2,0.1283124869506984
1,261,3,2.0001056903044914
1,261,4,12.839126419287615
1,261,5,48.42445787221743
1,261,6,1.01490452990067
1,262,0,0.7840781050699643
1,262,1,0.08907144892456322
1,262,2,0.12685044600547252
1,262,3,2.01323171686073
1,262,4,13.348467765467536
1,262,5,48.469536592794256
1,262,6,1.015870263903552
1,263,0,0.7845239094224384
1,263,1,0.08933829670208597
1,263,2,0.12613779387547558
1,263,3,2.02663886753221
1,263,4,13.633009319612096
1,263,5,48.5361258135811
1,263,6,1.0166931066639977
1,264,0,0.7832917183671704
1,264,1,0.089520195434649
1,264,2,0.12718808619818062
1,264,3,2.03294941618775
1,264,4,13.196897486465556
1,264,5,48.60266926195615
1,264,6,1.0156400067890368
1,265,0,0.7840742894365476
1,265,1,0.08976311751352059
1,265,2,0.1261625930499319
1,265,3,2.044504370003063
1,265,4,13.700082573835605
1,265,5,48.66405464214852
1,265,6,1.0168986289597524
1,266,0,0.7832101589502576
1,266,1,0.08972231217399489
1,266,2,0.1270675288757476
1,266,3,2.0568755408070416
1,266,4,13.485649786971514
1,266,5,48.721124331673785
1,266,6,1.0162065283954098
1,267,0,0.783209924415162
1,267,1,0.08980073931533825
1,267,2,0.1269893362694998
1,267,3,2.0696819032524134
1,267,4,13.724881228202094
1,267,5,48.78317879437327
1,267,6,1.0171098727578751
1,268,0,0.7829399196943374
1,268,1,0.08978495105930363
1,268,2,0.12727512924635895
1,268,3,2.0817667393891988
1,268,4,13.75132522325621
1,268,5,48.84647082359105
1,268,6,1.0169791227259715
1,269,0,0.7817786862623762
1,269,1,0.0896680626607669
1,269,2,0.1285532510768568
1,269,3,2.094592201333703
1,269,4,13.293307059496808
1,269,5,48.88433520044417
1,269,6,1.015961781521483
1,270,0,0.7814105285183521
1,270,1,0.09000171391982452
1,270,2,0.12858775756182342
1,270,3,2.106975591682682
1,270,4,13.345446858255865
1,270,5,48.94637471485743
1,270,6,1.0159816764681175
1,271,0,0.7821379874842598
1,271,1,0.09052848549868611
1,271,2,0.12733352701705414
1,271,3,2.1190699600806835
1,271,4,13.80399112401099
1,271,5,48.97482745443054
1,271,6,1.0171932043747292
1,272,0,0.7820559195111627
1,272,1,0.09028842413943042
1,272,2,0.1276556563494069
1,272,3,2.132820386057024
1,272,4,13.85879928022753
1,272,5,49.021687734692875
1,272,6,1.0172566888108965
1,273,0,0.78142137867078
1,273,1,0.09061298451575123
1,273,2,0.1279656368134688
1,273,3,2.1440573068310016
1,273,4,13.888625246118263
1,273,5,49.05897865825769
1,273,6,1.0172610746070512
1,274,0,0.7813279360478738
1,274,1,0.09101017166844173
1,274,2,0.12766189228368455
1,274,3,2.1566139971455875
1,274,4,13.908778497655518
1,274,5,49.106952571880456
1,274,6,1.017318936107497
1,275,0,0.7800131913106902
1,275,1,0.09096172569997732
1,275,2,0.12902508298933255
1,275,3,2.169351544973798
1,275,4,13.467996029576351
1,275,5,49.18825819750145
1,275,6,1.0161508488650677
1,276,0,0.781118814087753
1,276,1,0.09095777757805479
1,276,2,0.1279234083341922
1,276,3,2.1815757641342577
1,276,4,13.977475779635753
1,276,5,49.21308940111285
1,276,6,1.0174613027956947
1,277,0,0.7797401065456715
1,277,1,0.09119837853671646
1,277,2,0.12906151491761214
1,277,3,2.197161431298182
1,277,4,13.556013476082164
1,277,5,49.275726085777066
1,277,6,1.0156998759963936
1,278,0,0.7805901669214695
1,278,1,0.09153468579190857
1,278,2,0.12787514728662186
1,278,3,2.2068368905675313
1,278,4,14.07158869202353
1,278,5,49.317148954319165
1,278,6,1.017435221361365
1,279,0,0.7806299986347054
1,279,1,0.09118713038261775
1,279,2,0.12818287098267697
1,279,3,2.220581469125468
1,279,4,14.037678601393079
1,279,5,49.378159983540016
1,279,6,1.017480172116671
1,280,0,0.7785343962801974
1,280,1,0.09172097155510384
1,280,2,0.12974463216469878
1,280,3,2.2355846411025784
1,280,4,13.55162224956236
1,280,5,49.44060353601705
1,280,6,1.0157805554224344
1,281,0,0.7799468148513959
1,281,1,0.09144237235831865
1,281,2,0.12861081279028547
1,281,3,2.2468241673329032
1,281,4,14.120111011546152
1,281,5,49.46790287221967
1,281,6,1.0175628572619084
1,282,0,0.7795727693549711
1,282,1,0.09182071430993137
1,282,2,0.12860651633509754
1,282,3,2.2612625205799075
1,282,4,14.09838718040984
1,282,5,49.50503738534809
1,282,6,1.0167759749617913
1,283,0,0.7781524669651727
1,283,1,0.09203972271510588
1,283,2,0.12980781031972147
1,283,3,2.2745222219017815
1,283,4,13.62704022118351
1,283,5,49.56593639075625
1,283,6,1.0157396771326213
1,284,0,0.7777501363529016
1,284,1,0.09187923566633971
1,284,2,0.13037062798075877
1,284,3,2.287173715890165
1,284,4,13.629805249319006
1,284,5,49.63340874998652
1,284,6,1.0156176672558233
1,285,0,0.7791557774380377
1,285,1,0.09209461645428929
1,285,2,0.12874960610767305
1,285,3,2.3033212265060623
1,285,4,14.20516920828605
1,285,5,49.68220878529748
1,285,6,1.0171247987657794
1,286,0,0.7782367655191336
1,286,1,0.09265229527429163
1,286,2,0.12911093920657474
1,286,3,2.31502646992141
1,286,4,14.21021723731348
1,286,5,49.74405505145367
1,286,6,1.016988003672725
1,287,0,0.7783488416368185
1,287,1,0.09271060493339098
1,287,2,0.12894055342979052
1,287,3,2.3296671853763598
1,287,4,14.25221302642467
1,287,5,49.80237430838609
1,287,6,1.0168193518047264
1,288,0,0.7778850251132188
1,288,1,0.09272720154278685
1,288,2,0.12938777334399437
1,288,3,2.342507139765644
1,288,4,14.23114084540134
1,288,5,49.868043329201335
1,288,6,1.0167850449612468
1,289,0,0.77752874758461
1,289,1,0.09281231759859065
1,289,2,0.12965893481679944
1,289,3,2.3539327966968715
1,289,4,14.24339072139053
1,289,5,49.914992225987874
1,289,6,1.01727175584554
1,290,0,0.7778630848498731
1,290,1,0.09302661088228835
1,290,2,0.1291103042678385
1,290,3,2.3693477390201645
1,290,4,14.35050356968738
1,290,5,49.94544199454065
1,290,6,1.0168713933115399
1,291,0,0.7776788558451468
1,291,1,0.09296387445662946
1,291,2,0.1293572696982237
1,291,3,2.3804340806830258
1,291,4,14.377689032230968
1,291,5,50.007475712079454
1,291,6,1.017255186423724
1,292,0,0.7771003671130884
1,292,1,0.09317318796825405
1,292,2,0.12972644491865756
1,292,3,2.3949741991827325
1,292,4,14.370932209942023
1,292,5,50.06797827701462
1,292,6,1.0170266318409393
1,293,0,0.7770904372765082
1,293,1,0.09310131840594738
1,293,2,0.12980824431754442
1,293,3,2.4093045499651957
1,293,4,14.408560268338057
1,293,5,50.118016643827616
1,293,6,1.0170823475168111
1,294,0,0.7767176854240383
1,294,1,0.09335056915037543
1,294,2,0.12993174542558625
1,294,3,2.4226692347575645
1,294,4,14.370863177740974
1,294,5,50.15789678913159
1,294,6,1.0168644728347782
1,295,0,0.77631851823406
1,295,1,0.09351617803157102
1,295,2,0.13016530373436902
1,295,3,2.4355314779156836
1,295,4,14.38837275631736
1,295,5,50.19808766215513
1,295,6,1.0172583491733942
1,296,0,0.7761396746117795
1,296,1,0.0935446572849041
1,296,2,0.13031566810331646
1,296,3,2.450426290231226
1,296,4,14.426914044821475
1,296,5,50.21957029069688
1,296,6,1.0173035657602993
1,297,0,0.775929101118995
1,297,1,0.09362530104865033
1,297,2,0.13044559783235465
1,297,3,2.4620281144543372
1,297,4,14.425403752095317
1,297,5,50.24248194356263
1,297,6,1.0171186866071897
1,298,0,0.7757061355271251
1,298,1,0.094015388506234
1,298,2,0.13027847596664086
1,298,3,2.4747219059836154
1,298,4,14.484508311621513
1,298,5,50.27565303522998
1,298,6,1.0169685136730373
1,299,0,0.7752769422471838
1,299,1,0.09412787776935788
1,299,2,0.13059517998345838
1,299,3,2.4894108860062696
1,299,4,14.521663622997767
1,299,5,50.327334294944066
1,299,6,1.0169251814465419
1,300,0,0.7750350619072826
1,300,1,0.09403179422337256
1,300,2,0.13093314386934485
1,300,3,2.5026570872456917
1,300,4,14.477654055246962
1,300,5,50.366519288639836
1,300,6,1.016786906175473
1,301,0,0.7751567300776664
1,301,1,0.09442286965478502
1,301,2,0.1304204002675486
1,301,3,2.515958213256358
1,301,4,14.568708604840433
1,301,5,50.41080979079563
1,301,6,1.0171332966180853
1,302,0,0.7747858888195129
1,302,1,0.0945411202298143
1,302,2,0.13067299095067275
1,302,3,2.530436936837386
1,302,4,14.623521522200647
1,302,5,50.440336476562734
1,302,6,1.0170288905815879
1,303,0,0.775151665182273
1,303,1,0.0943188936332509
1,303,2,0.13052944118447615
1,303,3,2.5447381402521168
1,303,4,14.653341191374736
1,303,5,50.47744202109982
1,303,6,1.0168715141097975
1,304,0,0.7736437959156808
1,304,1,0.09400389386023283
1,304,2,0.13235231022408647
1,304,3,2.557420751564393
1,304,4,14.090137389706126
1,304,5,50.54923852008697
1,304,6,1.015575478858469
1,305,0,0.7745530324657186
1,305,1,0.09445467371458094
1,305,2,0.1309922938197005
1,305,3,2.571395867051503
1,305,4,14.686213007213889
1,305,5,50.588647839467626
1,305,6,1.0173042040322253
1,306,0,0.7733633628382867
1,306,1,0.09453788087724213
1,306,2,0.13209875628447115
1,306,3,2.5813146488015866
1,306,4,14.171251600689459
1,306,5,50.61558281798646
1,306,6,1.015827249708801
1,307,0,0.7741878814452227
1,307,1,0.09505822340868351
1,307,2,0.1307538951460938
1,307,3,2.5925134455798595
1,307,4,14.734746417127761
1,307,5,50.635870255271044
1,307,6,1.016834889876798
1,308,0,0.7724360737481364
1,308,1,0.09482934541557303
1,308,2,0.13273458083629067
1,308,3,2.6081304592190095
1,308,4,14.172870313241226
1,308,5,50.71073827151272
1,308,6,1.0155586716399911
1,309,0,0.7735054735762243
1,309,1,0.09524718628763901
1,309,2,0.13124734013613665
1,309,3,2.6198398653179322
1,309,4,14.78718912123312
1,309,5,50.72993228121699
1,309,6,1.01720202892965
1,310,0,0.7716735217478211
1,310,1,0.09554014895309557
1,310,2,0.13278632929908335
1,310,3,2.6355009287041584
1,310,4,14.198626294184473
1,310,5,50.79411894838252
1,310,6,1.015323664993909
1,311,0,0.7733287289653207
1,311,1,0.09551455297381883
1,311,2,0.13115671806086043
1,311,3,2.645637467889088
1,311,4,14.836665465553882
1,311,5,50.82799811045133
1,311,6,1.017064213182604
1,312,0,0.7732973229012147
1,312,1,0.09560772352127814
1,312,2,0.1310949535775071
1,312,3,2.6613026756907354
1,312,4,14.866098835928197
1,312,5,50.86283514387724
1,312,6,1.0168957509826855
1,313,0,0.7733417947932133
1,313,1,0.09571767724421372
1,313,2,0.13094052796257288
1,313,3,2.6768744583144306
1,313,4,14.946004784401513
1,313,5,50.91427909619118
1,313,6,1.0168183876491816
1,314,0,0.7730357737727389
1,314,1,0.09603336511365172
1,314,2,0.13093086111360944
1,314,3,2.6899044264043326
1,314,4,14.938403153127982
1,314,5,50.95575038755475
1,314,6,1.0167182968648643
1,315,0,0.7731398259668917
1,315,1,0.09566115675391765
1,315,2,0.13119901727919073
1,315,3,2.7049590633632024
1,315,4,14.99436994057928
1,315,5,51.00413088173349
1,315,6,1.0171070358471037
1,316,0,0.7728871476829188
1,316,1,0.0963260645494669
1,316,2,0.13078678776761427
1,316,3,2.7168146435933886
1,316,4,15.069724317908701
1,316,5,51.030031380970385
1,316,6,1.0171697318126784
1,317,0,0.7729152827462484
1,317,1,0.09634348728427267
1,317,2,0.13074122996947887
1,317,3,2.733470013181378
1,317,4,15.094494944082868
1,317,5,51.06819231713652
1,317,6,1.0168565895927704
1,318,0,0.7724956988222415
1,318,1,0.09663671361282991
1,318,2,0.1308675875649286
1,318,3,2.7456584240569186
1,318,4,15.130732295075283
1,318,5,51.11603187132455
1,318,6,1.0171521639126946
1,319,0,0.771992754581756
1,319,1,0.09661474987685989
1,319,2,0.1313924955413842
1,319,3,2.7698073776339416
1,319,4,15.177636490471244
1,319,5,51.16745717428477
1,319,6,1.01709424261103
1,320,0,0.7718982076700495
1,320,1,0.09649246491539093
1,320,2,0.13160932741455955
1,320,3,2.7840933325508477
1,320,4,15.2010385374841
1,320,5,51.19333645568512
1,320,6,1.0172125305872508
1,321,0,0.771945302277516
1,321,1,0.09635619124988419
1,321,2,0.1316985064725999
1,321,3,2.797545705362422
1,321,4,15.171469966431635
1,321,5,51.21339080199836
1,321,6,1.0170157847136927
1,322,0,0.771502538876472
1,322,1,0.09699639066348416
1,322,2,0.13150107046004372
1,322,3,2.8113053879967973
1,322,4,15.227795481187576
1,322,5,51.2373479698651
1,322,6,1.0170020962332091
1,323,0,0.7717045543542767
1,323,1,0.09689766655427545
1,323,2,0.131397779091448
1,323,3,2.824752970164246
1,323,4,15.25140368727812
1,323,5,51.26947703897348
1,323,6,1.0172069830035086
1,324,0,0.7714565927785773
1,324,1,0.09729579143439111
1,324,2,0.1312476157870316
1,324,3,2.840459488012957
1,324,4,15.305722732877864
1,324,5,51.29960734941648
1,324,6,1.017005976000355
1,325,0,0.7712860053094335
1,325,1,0.09749728654210202
1,325,2,0.13121670814846453
1,325,3,2.8551326169045854
1,325,4,15.336391070014468
1,325,5,51.32055074355561
1,325,6,1.016962934058286
1,326,0,0.7709625808028008
1,326,1,0.09734934084222763
1,326,2,0.13168807835497162
1,326,3,2.869263583558248
1,326,4,15.310584087290001
1,326,5,51.358827611609485
1,326,6,1.0166561946788257
1,327,0,0.7707910851278983
1,327,1,0.0976250072552441
1,327,2,0.13158390761685768
1,327,3,2.877330236479623
1,327,4,15.345299034667015
1,327,5,51.38939063523431
1,327,6,1.0168164801053372
1,328,0,0.7708004307727159
1,328,1,0.09718622252083636
1,328,2,0.13201334670644782
1,328,3,2.894567673139468
1,328,4,15.325971213706257
1,328,5,51.41895921061713
1,328,6,1.0166594678803147
1,329,0,0.7684335298792666
1,329,1,0.09804881522108475
1,329,2,0.13351765489964873
1,329,3,2.9075365767612125
1,329,4,14.756586961362153
1,329,5,51.45891689640591
1,329,6,1.015386828935449
1,330,0,0.7705155837653178
1,330,1,0.09767613010963334
1,330,2,0.13180828612504883
1,330,3,2.9210668512541385
1,330,4,15.402115215633351
1,330,5,51.462541888440185
1,330,6,1.0171138670467317
1,331,0,0.7704820171832691
1,331,1,0.09764481722528925
1,331,2,0.13187316559144158
1,331,3,2.9370219909193764
1,331,4,15.424226009859648
1,331,5,51.47583466707052
1,331,6,1.0167025996748553
1,332,0,0.7702110755901627
1,332,1,0.09768054494089859
1,332,2,0.13210837946893875
1,332,3,2.9526372026627894
1,332,4,15.445703221269927
1,332,5,51.491136623766636
1,332,6,1.0167278521870313
1,333,0,0.7680687184289534
1,333,1,0.09846635202047205
1,333,2,0.1334649295505746
1,333,3,2.9661884352463277
1,333,4,14.789502439525531
1,333,5,51.53111635020494
1,333,6,1.0150854115387333
1,334,0,0.7700152998760001
1,334,1,0.0981209599759401
1,334,2,0.1318637401480597
1,334,3,2.9806151885285015
1,334,4,15.530950288041433
1,334,5,51.54910518948567
1,334,6,1.0165266317876522
1,335,0,0.7696676109064857
1,335,1,0.09815648647064015
1,335,2,0.13217590262287418
1,335,3,2.9947673980643703
1,335,4,15.551426631682041
1,335,5,51.57002837798028
1,335,6,1.0168522015340893
1,336,0,0.7700099194302854
1,336,1,0.09839363262925335
1,336,2,0.13159644794046127
1,336,3,3.0106100332339762
1,336,4,15.628463713406854
1,336,5,51.58968404283911
1,336,6,1.0166303630416793
1,337,0,0.7677675433263835
1,337,1,0.09847474820691045
1,337,2,0.13375770846670612
1,337,3,3.028177149087198
1,337,4,14.952432307747458
1,337,5,51.651220326284864
1,337,6,1.014862050900747
1,338,0,0.7696900569062024
1,338,1,0.0983740888659006
1,338,2,0.131935854227897
1,338,3,3.038716683643548
1,338,4,15.587060220480799
1,338,5,51.661857855242864
1,338,6,1.0165784887706684
1,339,0,0.769620538235869
1,339,1,0.09839527734114906
1,339,2,0.13198418442298196
1,339,3,3.054836886150685
1,339,4,15.637130853843711
1,339,5,51.666877782563034
1,339,6,1.0165257366932579
1,340,0,0.7696972948715888
1,340,1,0.09849638161874776
1,340,2,0.1318063235096635
1,340,3,3.0695732237394884
1,340,4,15.62665499705276
1,340,5,51.69166159885505
1,340,6,1.016381174305004
1,341,0,0.7672599510236859
1,341,1,0.09907976222608755
1,341,2,0.13366028675022654
1,341,3,3.082878981234364
1,341,4,14.956419581732234
1,341,5,51.76957099294715
1,341,6,1.0150684372380945
1,342,0,0.7693692402464223
1,342,1,0.09901186730316291
1,342,2,0.13161889245041486
1,342,3,3.0973171697505393
1,342,4,15.754729581183305
1,342,5,51.7892728977678
1,342,6,1.0169377777009068
1,343,0,0.7688604756378321
1,343,1,0.09894526135685139
1,343,2,0.1321942630053165
1,343,3,3.1146267546208426
1,343,4,15.706788609930186
1,343,5,51.815038376730165
1,343,6,1.0164000737746886
1,344,0,0.7683796665842729
1,344,1,0.09892708141163276
1,344,2,0.13269325200409438
1,344,3,3.1281040267068825
1,344,4,15.707315049226667
1,344,5,51.82664730908975
1,344,6,1.0165439263608356
1,345,0,0.7685024130831986
1,345,1,0.0993031593774996
1,345,2,0.13219442753930188
1,345,3,3.141146588167289
1,345,4,15.729996471743801
1,345,5,51.8311768436182
1,345,6,1.01694512324412
1,346,0,0.7686034691753586
1,346,1,0.0993084041291656
1,346,2,0.13208812669547576
1,346,3,3.1569678527948146
1,346,4,15.791551466780575
1,346,5,51.845514852132894
1,346,6,1.0167178088585525
1,347,0,0.7682395015958894
1,347,1,0.09954453136369619
1,347,2,0.13221596704041444
1,347,3,3.173426645550813
1,347,4,15.802003957916941
1,347,5,51.8508571719081
1,347,6,1.0162550773903745
1,348,0,0.768305713686238
1,348,1,0.0994309611731048
1,348,2,0.1322633251406572
1,348,3,3.1879342274323967
1,348,4,15.784715720478172
1,348,5,51.8676783973323
1,348,6,1.016456719239351
1,349,0,0.7684122267823787
1,349,1,0.09955172649696345
1,349,2,0.13203604672065788
1,349,3,3.1958681639902853
1,349,4,15.847332515764123
1,349,5,51.87228808872685
1,349,6,1.0166385281991905
1,350,0,0.7682144658092946
1,350,1,0.09973734799243632
1,350,2,0.13204818619826902
1,350,3,3.2132014471884407
1,350,4,15.872908272280792
1,350,5,51.91169217739042
1,350,6,1.0163822350173919
1,351,0,0.7680227675514785
1,351,1,0.1000647542800662
1,351,2,0.1319124781684554
1,351,3,3.226160385850587
1,351,4,15.905626515248132
1,351,5,51.94906619138714
1,351,6,1.0164819982532753
1,352,0,0.7682157290613489
1,352,1,0.09999820819437147
1,352,2,0.13178606274427965
1,352,3,3.2532255092645608
1,352,4,15.987349031282335
1,352,5,52.0025182698767
1,352,6,1.0163520396048158
1,353,0,0.7677513590789595
1,353,1,0.1003908182174469
1,353,2,0.13185782270359364
1,353,3,3.2670059598075154
1,353,4,15.989374355119756
1,353,5,52.02881585253577
1,353,6,1.0164243629827825
1,354,0,0.7677326624540981
1,354,1,0.10005913156668125
1,354,2,0.13220820597922067
1,354,3,3.2811799624061573
1,354,4,15.994533995877124
1,354,5,52.05282893589846
1,354,6,1.0164322015037002
1,355,0,0.767828734690464
1,355,1,0.10011072832592473
1,355,2,0.13206053698361123
1,355,3,3.2959367143909204
1,355,4,16.027346800797588
1,355,5,52.085350812422476
1,355,6,1.016647639032919
1,356,0,0.7654590085250403
1,356,1,0.1009290152148834
1,356,2,0.13361197626007623
1,356,3,3.311114302175306
1,356,4,15.316943709218489
1,356,5,52.13742713771484
1,356,6,1.0150664744144988
1,357,0,0.7675243338949378
1,357,1,0.10048310397762586
1,357,2,0.13199256212743646
1,357,3,3.330605093456524
1,357,4,16.108178108213593
1,357,5,52.1623484669438
1,357,6,1.016185110705137
1,358,0,0.7671029931794817
1,358,1,0.10102382303104922
1,358,2,0.13187318378946905
1,358,3,3.3426892632891496
1,358,4,16.107678392675183
1,358,5,52.17753401119565
1,358,6,1.0163124764842046
1,359,0,0.767555859170759
1,359,1,0.10100689111827064
1,359,2,0.13143724971097048
1,359,3,3.3584043785371427
1,359,4,16.214303937654137
1,359,5,52.1966025762505
1,359,6,1.0165729640343155
1,360,0,0.7674193657032093
1,360,1,0.10118167595792724
1,360,2,0.13139895833886345
1,360,3,3.376163785439082
1,360,4,16.19753698585745
1,360,5,52.211617684137906
1,360,6,1.0161941071247431
1,361,0,0.7671867941391524
1,361,1,0.10158187004472874
1,361,2,0.13123133581611887
1,361,3,3.387801919600401
1,361,4,16.250673199127853
1,361,5,52.23087693405232
1,361,6,1.0163942946905513
1,362,0,0.7675667574807955
1,362,1,0.10141346997843925
1,362,2,0.1310197725407652
1,362,3,3.407636048888046
1,362,4,16.35489079008317
1,362,5,52.2618707708037
1,362,6,1.0160377334648372
1,363,0,0.7673886670134593
1,363,1,0.1017846978365386
1,363,2,0.13082663515000215
1,363,3,3.420308057282429
1,363,4,16.356121722291928
1,363,5,52.28636241297498
1,363,6,1.01666841760402
1,364,0,0.7674045557064866
1,364,1,0.10133424318645257
1,364,2,0.13126120110706085
1,364,3,3.4399986481584066
1,364,4,16.347451427692206
1,364,5,52.31236119085071
1,364,6,1.0160357983118118
1,365,0,0.767387774600282
1,365,1,0.10159809458319413
1,365,2,0.13101413081652388
1,365,3,3.4518284992241126
1,365,4,16.403111167149437
1,365,5,52.3378734774534
1,365,6,1.0166064707587559
1,366,0,0.7669359593267611
1,366,1,0.10152683603029777
1,366,2,0.13153720464294108
1,366,3,3.4679332895858526
1,366,4,16.35480134366623
1,366,5,52.34148228323105
1,366,6,1.0163997633149884
1,367,0,0.7668187407734081
1,367,1,0.10186545838621473
1,367,2,0.1313158008403772
1,367,3,3.484809111361333
1,367,4,16.370045434361895
1,367,5,52.329644647597206
1,367,6,1.0162065956371649
1,368,0,0.7666693397214951
1,368,1,0.10193796111907087
1,368,2,0.13139269915943405
1,368,3,3.498239346083684
1,368,4,16.36196403553939
1,368,5,52.33190196610394
1,368,6,1.0165509716748606
1,369,0,0.7653641208535883
1,369,1,0.10232622534496899
1,369,2,0.13230965380144277
1,369,3,3.515007707006283
1,369,4,16.0315488974311
1,369,5,52.34124975910332
1,369,6,1.0154033737377046
1,370,0,0.7650184785251121
1,370,1,0.10270079091246612
1,370,2,0.1322807305624219
1,370,3,3.522790031711396
1,370,4,15.99642058694605
1,370,5,52.33854613685664
1,370,6,1.015466149471537
1,371,0,0.7665862681097022
1,371,1,0.10204190905779437
1,371,2,0.13137182283250337
1,371,3,3.5412082978638177
1,371,4,16.461006613891875
1,371,5,52.32903336058059
1,371,6,1.0163348521281197
1,372,0,0.7665575462253298
1,372,1,0.10192262123545219
1,372,2,0.13151983253921798
1,372,3,3.5537555501587255
1,372,4,16.41491458950021
1,372,5,52.32987184918444
1,372,6,1.0163710792989589
1,373,0,0.7668158268579861
1,373,1,0.10199664204535633
1,373,2,0.13118753109665768
1,373,3,3.5678360659316564
1,373,4,16.441650531779274
1,373,5,52.31281970686153
1,373,6,1.0165335508144036
1,374,0,0.7665364009913374
1,374,1,0.10207199594003938
1,374,2,0.1313916030686232
1,374,3,3.58517450165502
1,374,4,16.43534442417733
1,374,5,52.31243715723704
1,374,6,1.0163817084620794
1,375,0,0.7666049823594545
1,375,1,0.10229840035394956
1,375,2,0.13109661728659588
1,375,3,3.6050453544133494
1,375,4,16.565393496408618
1,375,5,52.2996232403254
1,375,6,1.016038829274299
1,376,0,0.7660939404454197
1,376,1,0.10232577868858929
1,376,2,0.1315802808659911
1,376,3,3.6185964201312086
1,376,4,16.463201778582818
1,376,5,52.29139517390951
1,376,6,1.0159506560996556
1,377,0,0.763333306440135
1,377,1,0.10380363344436004
1,377,2,0.13286306011550503
1,377,3,3.636321925518783
1,377,4,15.779076843821946
1,377,5,52.31213487437469
1,377,6,1.0145069561720348
1,378,0,0.7658722745778064
1,378,1,0.10326878627553786
1,378,2,0.13085893914665583
1,378,3,3.65306560696235
1,378,4,16.58307605679581
1,378,5,52.30226408753575
1,378,6,1.0157987050503698
1,379,0,0.7657803232806464
1,379,1,0.10307850131396912
1,379,2,0.13114117540538453
1,379,3,3.669017865952097
1,379,4,16.58911945267342
1,379,5,52.30930801521978
1,379,6,1.015705480253457
1,380,0,0.763411516329884
1,380,1,0.10375278417946208
1,380,2,0.13283569949065388
1,380,3,3.685279127466937
1,380,4,15.831297627268466
1,380,5,52.34834677172812
1,380,6,1.0143788726776022
1,381,0,0.7659700273786058
1,381,1,0.10289330008778241
1,381,2,0.1311366725336118
1,381,3,3.701842906615039
1,381,4,16.666447389894582
1,381,5,52.35044363758293
1,381,6,1.016044174683163
1,382,0,0.7659192692423051
1,382,1,0.10312199054781424
1,382,2,0.13095874020988055
1,382,3,3.7181318449369636
1,382,4,16.65040557020685
1,382,5,52.34577894005429
1,382,6,1.0154147951422143
1,383,0,0.7630792535733142
1,383,1,0.10414891824806058
1,383,2,0.1327718281786252
1,383,3,3.733582914663403
1,383,4,15.907270272922002
1,383,5,52.39322676189972
1,383,6,1.0142113222744098
1,384,0,0.7659079701450744
1,384,1,0.1036411476988924
1,384,2,0.13045088215603326
1,384,3,3.748733760117582
1,384,4,16.792517864975565
1,384,5,52.36817946683965
1,384,6,1.0157756978467734
1,385,0,0.7660600197293306
1,385,1,0.10381626121902561
1,385,2,0.1301237190516439
1,385,3,3.7658814747149636
1,385,4,16.80525157259253
1,385,5,52.379649303352664
1,385,6,1.0158264248350066
1,386,0,0.7624877322341077
1,386,1,0.10550313876992867
1,386,2,0.13200912899596365
1,386,3,3.79215889034478
1,386,4,16.073452175302755
1,386,5,52.45523143030767
1,386,6,1.013992486998748
1,387,0,0.7657654688792401
1,387,1,0.10403472231540893
1,387,2,0.13019980880535098
1,387,3,3.811669971843817
1,387,4,16.899673232994374
1,387,5,52.44903162992959
1,387,6,1.015697257717286
1,388,0,0.7659729891711361
1,388,1,0.10383749519358065
1,388,2,0.13018951563528325
1,388,3,3.8225817569702962
1,388,4,16.909450949928214
1,388,5,52.436564099326134
1,388,6,1.0162103164599467
1,389,0,0.7658991183535931
1,389,1,0.10421005463019077
1,389,2,0.12989082701621607
1,389,3,3.8415848444127203
1,389,4,16.945252393536173
1,389,5,52.421319124123215
1,389,6,1.0157904110152962
1,390,0,0.7657172960704342
1,390,1,0.10429783247371482
1,390,2,0.12998487145585103
1,390,3,3.852979746132719
1,390,4,16.95922847280604
1,390,5,52.415526159792506
1,390,6,1.0162961936385613
1,391,0,0.7653297408554407
1,391,1,0.10438482540934103
1,391,2,0.13028543373521828
1,391,3,3.8657870885249794
1,391,4,16.921595049560494
1,391,5,52.412480510744636
1,391,6,1.0157930525107366
1,392,0,0.7618054335595938
1,392,1,0.10609610689223457
1,392,2,0.1320984595481715
1,392,3,3.8815333605223628
1,392,4,16.08374932831743
1,392,5,52.43762188452111
1,392,6,1.013925855850121
1,393,0,0.7652158378315232
1,393,1,0.10498260182940468
1,393,2,0.12980156033907203
1,393,3,3.8987466223926237
1,393,4,16.982827984584848
1,393,5,52.4153723488368
1,393,6,1.015596544077403
1,394,0,0.7651282892906853
1,394,1,0.10511647018537268
1,394,2,0.129755240523942
1,394,3,3.9148504383699683
1,394,4,16.975088461950318
1,394,5,52.424649584813295
1,394,6,1.0154613307291693
1,395,0,0.7653011172142838
1,395,1,0.10500968519980207
1,395,2,0.12968919758591407
1,395,3,3.9332233282557665
1,395,4,16.989803890396466
1,395,5,52.42182746196255
1,395,6,1.0153773543653442
1,396,0,0.7650484297737438
1,396,1,0.1053988324828575
1,396,2,0.1295527377433988
1,396,3,3.9516698867109454
1,396,4,17.01077981869934
1,396,5,52.429358951763334
1,396,6,1.0149224433627237
1,397,0,0.7648658410002389
1,397,1,0.10550940308293114
1,397,2,0.12962475591683006
1,397,3,3.9638979065600304
1,397,4,17.02486460865295
1,397,5,52.438327456087336
1,397,6,1.0155748372944795
1,398,0,0.7647695667812922
1,398,1,0.10571776961064985
1,398,2,0.12951266360805808
1,398,3,3.9831740151321147
1,398,4,17.075004603074053
1,398,5,52.41720473579565
1,398,6,1.0153259488231197
1,399,0,0.7648129884809165
1,399,1,0.10551823633956181
1,399,2,0.12966877517952166
1,399,3,3.998505741533476
1,399,4,17.112690297388035
1,399,5,52.38783133270632
1,399,6,1.0156275200234837
1,400,0,0.7649408076764546
1,400,1,0.10537473652893475
1,400,2,0.12968445579461071
1,400,3,4.016360666535923
1,400,4,17.127750222961808
1,400,5,52.34099684802474
1,400,6,1.015279386192263
1,401,0,0.7649297915432028
1,401,1,0.10549885626237379
1,401,2,0.1295713521944234
1,401,3,4.033197625488704
1,401,4,17.099123920412637
1,401,5,52.285227886505666
1,401,6,1.0153299737831076
1,402,0,0.7612829051391383
1,402,1,0.10740593432095918
1,402,2,0.13131116053990252
1,402,3,4.052413983456774
1,402,4,16.289078505489172
1,402,5,52.297732367233486
1,402,6,1.0132884619315181
1,403,0,0.7649194211169601
1,403,1,0.10577697157334576
1,403,2,0.1293036073096941
1,403,3,4.068491546144482
1,403,4,17.14830447055968
1,403,5,52.250277394527444
1,403,6,1.0149323443877698
1,404,0,0.7611803944033722
1,404,1,0.10751329350876056
1,404,2,0.13130631208786725
1,404,3,4.083515960374609
1,404,4,16.284202602309506
1,404,5,52.25626578283394
1,404,6,1.0133856968145434
1,405,0,0.7613287624752563
1,405,1,0.1075991629535217
1,405,2,0.1310720745712221
1,405,3,4.102274375256341
1,405,4,16.365861010004366
1,405,5,52.27148495919593
1,405,6,1.0129770718327455
1,406,0,0.7644864978199934
1,406,1,0.10614077144266572
1,406,2,0.12937273073734076
1,406,3,4.1158525933114385
1,406,4,17.215953175604938
1,406,5,52.232496461286715
1,406,6,1.0148144170224593
1,407,0,0.7612672169290569
1,407,1,0.10758414138613934
1,407,2,0.1311486416848037
1,407,3,4.138180572933015
1,407,4,16.390015923692502
1,407,5,52.22366833421611
1,407,6,1.0128240840933622
1,408,0,0.7613813789038288
1,408,1,0.10813352446565523
1,408,2,0.13048509663051588
1,408,3,4.150789275421241
1,408,4,16.443053832946102
1,408,5,52.22625426473307
1,408,6,1.0133729397646372
1,409,0,0.7612042207070826
1,409,1,0.10840014092287459
1,409,2,0.13039563837004273
1,409,3,4.173430365544832
1,409,4,16.507103877967076
1,409,5,52.24491537004162
1,409,6,1.012689162983443
1,410,0,0.7643210882586997
1,410,1,0.10709965038306418
1,410,2,0.12857926135823616
1,410,3,4.187343032813212
1,410,4,17.349732329570205
1,410,5,52.22423672831833
1,410,6,1.0143738772914235
1,411,0,0.7646931523659154
1,411,1,0.10689956160047388
1,411,2,0.12840728603361068
1,411,3,4.204975942764645
1,411,4,17.37504826342297
1,411,5,52.17758182372541
1,411,6,1.0144703396157897
1,412,0,0.7604930151396122
1,412,1,0.10903292004135003
1,412,2,0.13047406481903773
1,412,3,4.212695662444235
1,412,4,16.50256241095655
1,412,5,52.179010614365964
1,412,6,1.0130428590526632
1,413,0,0.7609420542384635
1,413,1,0.10883680539561713
1,413,2,0.13022114036591928
1,413,3,4.23497484221898
1,413,4,16.622204814899572
1,413,5,52.17511700624955
1,413,6,1.0126561018626
1,414,0,0.7646867189500387
1,414,1,0.10702966848239893
1,414,2,0.12828361256756235
1,414,3,4.250198351905823
1,414,4,17.442559893636478
1,414,5,52.13102695426236
1,414,6,1.0140804380005766
1,415,0,0.7609738652587397
1,415,1,0.10886737021962568
1,415,2,0.13015876452163463
1,415,3,4.2656280406723095
1,415,4,16.593014155839207
1,415,5,52.14011014834273
1,415,6,1.0129318048533789
1,416,0,0.7605299325148124
1,416,1,0.10928067642551882
1,416,2,0.1301893910596689
1,416,3,4.285060221092995
1,416,4,16.639371006790405
1,416,5,52.16403227519326
1,416,6,1.0127342720074157
1,417,0,0.7642199462996286
1,417,1,0.10714543519675322
1,417,2,0.12863461850361807
1,417,3,4.299338504095125
1,417,4,17.456017192932222
1,417,5,52.11855552094016
1,417,6,1.0143051118673063
1,418,0,0.7644969976413469
1,418,1,0.10736675033053744
1,418,2,0.1281362520281156
1,418,3,4.316990309888398
1,418,4,17.52104666488957
1,418,5,52.026913384753584
1,418,6,1.01430858048968
1,419,0,0.7602405436609792
1,419,1,0.10942052991681667
1,419,2,0.13033892642220415
1,419,3,4.345011732440454
1,419,4,16.590719467771137
1,419,5,51.99350488152989
1,419,6,1.0125138314511741
1,420,0,0.7600991369446736
1,420,1,0.10957928212195267
1,420,2,0.1303215809333738
1,420,3,4.359891479309099
1,420,4,16.577337133823196
1,420,5,51.985936150154316
1,420,6,1.0126960773968745
1,421,0,0.7599493849071005
1,421,1,0.10975161138269321
1,421,2,0.1302990037102063
1,421,3,4.380666995446164
1,421,4,16.576360963600745
1,421,5,51.98004742426362
1,421,6,1.0121965878946702
1,422,0,0.7604619514206201
1,422,1,0.10996561658196871
1,422,2,0.12957243199741114
1,422,3,4.397854322980197
1,422,4,16.704573303342485
1,422,5,51.9904214746466
1,422,6,1.0125187484245406
1,423,0,0.7606021490431552
1,423,1,0.11012521721853855
1,423,2,0.12927263373830628
1,423,3,4.413297467608315
1,423,4,16.711481784215025
1,423,5,51.99697316558074
1,423,6,1.0126339591760893
1,424,0,0.7601383050525846
1,424,1,0.11033661366147585
1,424,2,0.12952508128593954
1,424,3,4.4342412552876205
1,424,4,16.722998180146377
1,424,5,51.99880912624053
1,424,6,1.0123381335862247
1,425,0,0.7606030608989609
1,425,1,0.11008468359304016
1,425,2,0.129312255507999
1,425,3,4.448176379481744
1,425,4,16.740558876472036
1,425,5,51.99626271538631
1,425,6,1.012682914920975
1,426,0,0.7602385863325973
1,426,1,0.11062526740546746
1,426,2,0.12913614626193526
1,426,3,4.467712237108384
1,426,4,16.769882232889966
1,426,5,51.99802974740759
1,426,6,1.0125324758701446
1,427,0,0.7622307762398166
1,427,1,0.10969833049500938
1,427,2,0.12807089326517404
1,427,3,4.485001724609081
1,427,4,17.180870022834927
1,427,5,51.97368186532959
1,427,6,1.0130469004183635
1,428,0,0.7601121464828646
1,428,1,0.1108416193007963
1,428,2,0.1290462342163391
1,428,3,4.502234139380684
1,428,4,16.701791101641895
1,428,5,51.95122083318699
1,428,6,1.0122978329241448
1,429,0,0.7645879803373714
1,429,1,0.10872171227418587
1,429,2,0.1266903073884427
1,429,3,4.519131925116353
1,429,4,17.685111793244157
1,429,5,51.874457646944435
1,429,6,1.0139442204521742
1,430,0,0.7575565811075897
1,430,1,0.1126342891629538
1,430,2,0.12980912972945655
1,430,3,4.536382280605095
1,430,4,16.255685688463693
1,430,5,51.878467190624555
1,430,6,1.0112928109864574
1,431,0,0.7601173405144108
1,431,1,0.11122223205164553
1,431,2,0.12866042743394368
1,431,3,4.557363427069864
1,431,4,16.798360925763113
1,431,5,51.86684722580614
1,431,6,1.0115566167662298
1,432,0,0.7645776134307016
1,432,1,0.10904813758592116
1,432,2,0.1263742489833772
1,432,3,4.573616735971742
1,432,4,17.765454311077157
1,432,5,51.79529785816425
1,432,6,1.0134660585380884
1,433,0,0.7604700049218982
1,433,1,0.11126297666411841
1,433,2,0.1282670184139833
1,433,3,4.585628704637008
1,433,4,16.876322452917684
1,433,5,51.79821956601293
1,433,6,1.0117632974924171
1,434,0,0.7639580363537151
1,434,1,0.10956190419636887
1,434,2,0.12648005944991608
1,434,3,4.602016432016203
1,434,4,17.795339668704013
1,434,5,51.74171779387552
1,434,6,1.0134963541519582
1,435,0,0.7594035404216942
1,435,1,0.11195426367990183
1,435,2,0.12864219589840392
1,435,3,4.617662844567558
1,435,4,16.837277741270523
1,435,5,51.69363644246093
1,435,6,1.011793747493066
1,436,0,0.7596697241452967
1,436,1,0.11194676571431808
1,436,2,0.12838351014038527
1,436,3,4.638414190122655
1,436,4,16.86722124749242
1,436,5,51.6618761764707
1,436,6,1.0118053740742128
1,437,0,0.7570345390837203
1,437,1,0.11372109858450079
1,437,2,0.1292443623317789
1,437,3,4.65596389879669
1,437,4,16.3620350255567
1,437,5,51.68781572088599
1,437,6,1.010738531412366
1,438,0,0.7596631853803253
1,438,1,0.1125726546041581
1,438,2,0.12776416001551666
1,438,3,4.671343686838121
1,438,4,16.929514637016002
1,438,5,51.66858943324308
1,438,6,1.0119770333176406
1,439,0,0.7600969598047732
1,439,1,0.11240702501582363
1,439,2,0.12749601517940323
1,439,3,4.694472307043087
1,439,4,17.01188413962109
1,439,5,51.65676205040373
1,439,6,1.0114782074271387
1,440,0,0.7647872953249109
1,440,1,0.1097253242353893
1,440,2,0.12548738043969992
1,440,3,4.711492912339866
1,440,4,17.957600343171254
1,440,5,51.57719371222123
1,440,6,1.0131608860141779
1,441,0,0.7574274087650232
1,441,1,0.11400809494739683
1,441,2,0.12856449628758
1,441,3,4.729953135281948
1,441,4,16.4364022667107
1,441,5,51.55702066886583
1,441,6,1.010558761208522
1,442,0,0.7572852505888967
1,442,1,0.11433251297366953
1,442,2,0.1283822364374338
1,442,3,4.750262173708507
1,442,4,16.45572902351953
1,442,5,51.5705269556733
1,442,6,1.010378989877753
1,443,0,0.7600372556878104
1,443,1,0.11279677624666701
1,443,2,0.1271659680655226
1,443,3,4.769008713930514
1,443,4,17.041217319559557
1,443,5,51.53278784634418
1,443,6,1.011601733167335
1,444,0,0.7571843702393944
1,444,1,0.11483008462955085
1,444,2,0.12798554513105476
1,444,3,4.788987175236308
1,444,4,16.5155438408446
1,444,5,51.54286203800178
1,444,6,1.0101016082362184
1,445,0,0.7597858862251925
1,445,1,0.11320007531972646
1,445,2,0.12701403845508114
1,445,3,4.807004736324713
1,445,4,17.05900594140232
1,445,5,51.52113695538468
1,445,6,1.0112293243747568
1,446,0,0.759567207084975
1,446,1,0.11333869494149794
1,446,2,0.12709409797352703
1,446,3,4.823986552368211
1,446,4,17.063719759701417
1,446,5,51.47227208954341
1,446,6,1.0111025879661937
1,447,0,0.7567542306930564
1,447,1,0.11517390777972762
1,447,2,0.12807186152721597
1,447,3,4.841480161980607
1,447,4,16.511555158472948
1,447,5,51.465155934568486
1,447,6,1.010307172728411
1,448,0,0.7594064650723695
1,448,1,0.1137816148016148
1,448,2,0.12681192012601566
1,448,3,4.8610988480039445
1,448,4,17.11288927112724
1,448,5,51.41681146285379
1,448,6,1.0110995235096991
1,449,0,0.7591730683964459
1,449,1,0.11411335628589239
1,449,2,0.12671357531766164
1,449,3,4.875856594053487
1,449,4,17.08713825947858
1,449,5,51.35788497384979
1,449,6,1.0109259712452234
1,450,0,0.7593727169836345
1,450,1,0.1139394265446672
1,450,2,0.12668785647169828
1,450,3,4.892706623966241
1,450,4,17.140743542795747
1,450,5,51.27911829315955
1,450,6,1.011680861413772
1,451,0,0.7564925118437682
1,451,1,0.11582523727015902
1,451,2,0.12768225088607285
1,451,3,4.916295879362043
1,451,4,16.518494901557908
1,451,5,51.23815567320986
1,451,6,1.0100887513933285
1,452,0,0.7568157046142912
1,452,1,0.11575943883637593
1,452,2,0.12742485654933292
1,452,3,4.933999316590321
1,452,4,16.59472445229988
1,452,5,51.216517118489406
1,452,6,1.0100973560753153
1,453,0,0.7562928775133018
1,453,1,0.11660779878845098
1,453,2,0.12709932369824728
1,453,3,4.9645328689358
1,453,4,16.581582236152148
1,453,5,51.17634845720495
1,453,6,1.009779766711803
1,454,0,0.7564894854591142
1,454,1,0.11673450493531873
1,454,2,0.12677600960556715
1,454,3,4.975676077253332
1,454,4,16.66989875628792
1,454,5,51.157148982185255
1,454,6,1.009918754404063
1,455,0,0.7566966599123182
1,455,1,0.1166448672039235
1,455,2,0.12665847288375834
1,455,3,4.9948773284509524
1,455,4,16.63098076947415
1,455,5,51.133361992306654
1,455,6,1.0095931010450483
1,456,0,0.7561869971052935
1,456,1,0.11699168735499141
1,456,2,0.1268213155397151
1,456,3,5.010611753225226
1,456,4,16.630275738328844
1,456,5,51.131793222519896
1,456,6,1.0098644537662458
1,457,0,0.7560425031393191
1,457,1,0.1170910020806328
1,457,2,0.12686649478004802
1,457,3,5.034333846222691
1,457,4,16.64218793634374
1,457,5,51.116148731745554
1,457,6,1.0094782124341244
1,458,0,0.7565786277663233
1,458,1,0.11722455768174503
1,458,2,0.1261968145519316
1,458,3,5.049060164480157
1,458,4,16.674476274659632
1,458,5,51.0905802929415
1,458,6,1.0098040381521036
1,459,0,0.7560506203729853
1,459,1,0.11760541886445572
1,459,2,0.12634396076255897
1,459,3,5.069247606919728
1,459,4,16.694894984662596
1,459,5,51.06171801842292
1,459,6,1.0095360329275298
1,460,0,0.7563051153744635
1,460,1,0.11749514260401664
1,460,2,0.12619974202151976
1,460,3,5.085813778231689
1,460,4,16.724453457588268
1,460,5,51.03109456711759
1,460,6,1.0095773896060378
1,461,0,0.7561156097011801
1,461,1,0.11766885458486072
1,461,2,0.12621553571395924
1,461,3,5.105941978107831
1,461,4,16.731802176333673
1,461,5,51.005462613113075
1,461,6,1.0096085379968174
1,462,0,0.7559991613377295
1,462,1,0.11797572974662347
1,462,2,0.12602510891564703
1,462,3,5.122575210916976
1,462,4,16.760805580593992
1,462,5,50.98013089557382
1,462,6,1.0096126395944063
1,463,0,0.7561493437183806
1,463,1,0.11818030771116093
1,463,2,0.1256703485704585
1,463,3,5.14445444645004
1,463,4,16.773245381303933
1,463,5,50.942769087042166
1,463,6,1.0092459689603268
1,464,0,0.7568391180443408
1,464,1,0.11809547470120813
1,464,2,0.12506540725445103
1,464,3,5.16327758248707
1,464,4,16.850195392661114
1,464,5,50.902759299293066
1,464,6,1.00954821680264
1,465,0,0.7567188649098903
1,465,1,0.1184944640142313
1,465,2,0.12478667107587843
1,465,3,5.180724397405164
1,465,4,16.833254099946615
1,465,5,50.87645155516606
1,465,6,1.0093981756788422
1,466,0,0.756438677501372
1,466,1,0.11901865772626477
1,466,2,0.1245426647723633
1,466,3,5.20211097715523
1,466,4,16.851450166618505
1,466,5,50.854545524722624
1,466,6,1.0090128603838346
1,467,0,0.7557646664712412
1,467,1,0.11926638796105618
1,467,2,0.12496894556770269
1,467,3,5.21807690381936
1,467,4,16.813057741507784
1,467,5,50.84642538778155
1,467,6,1.009078162236158
1,468,0,0.7560161336859303
1,468,1,0.11945780452623207
1,468,2,0.1245260617878376
1,468,3,5.238487528363331
1,468,4,16.844125645634193
1,468,5,50.809451926888975
1,468,6,1.0089886208766958
1,469,0,0.7563572594077737
1,469,1,0.11922164350940023
1,469,2,0.12442109708282602
1,469,3,5.255021760860513
1,469,4,16.900584823110343
1,469,5,50.782473085236305
1,469,6,1.0093298930434573
1,470,0,0.7566033475408389
1,470,1,0.11954531185670604
1,470,2,0.12385134060245509
1,470,3,5.278788929402293
1,470,4,16.936345714270768
1,470,5,50.75302972230053
1,470,6,1.008850332235257
1,471,0,0.7565124068100065
1,471,1,0.11986092447770683
1,471,2,0.12362666871228672
1,471,3,5.299428619800251
1,471,4,16.968624472041174
1,471,5,50.72374985813005
1,471,6,1.008737283943089
1,472,0,0.7595044594236466
1,472,1,0.11812131067612168
1,472,2,0.12237422990023172
1,472,3,5.317590903128318
1,472,4,17.5421891720351
1,472,5,50.64776313563789
1,472,6,1.0096787413319783
1,473,0,0.756682818265026
1,473,1,0.12004523337945795
1,473,2,0.12327194835551594
1,473,3,5.338622533672295
1,473,4,16.945028922437697
1,473,5,50.59173102310544
1,473,6,1.0084824219974757
1,474,0,0.756276627979851
1,474,1,0.12058689400614478
1,474,2,0.12313647801400428
1,474,3,5.355443401744215
1,474,4,16.971843204173666
1,474,5,50.56359948992768
1,474,6,1.0087956898059613
1,475,0,0.7560617790260717
1,475,1,0.12071533760991032
1,475,2,0.12322288336401802
1,475,3,5.367678694113184
1,475,4,16.95557704484014
1,475,5,50.52998538075563
1,475,6,1.0084783798414882
1,476,0,0.7565124407360999
1,476,1,0.12049770655513845
1,476,2,0.12298985270876162
1,476,3,5.3886278747156515
1,476,4,17.01830979439868
1,476,5,50.49275499445224
1,476,6,1.0085935659545102
1,477,0,0.756570232267453
1,477,1,0.12094594615403494
1,477,2,0.12248382157851212
1,477,3,5.408185769494052
1,477,4,17.04869595001164
1,477,5,50.47080730766914
1,477,6,1.0086699569922037
1,478,0,0.7566747933991117
1,478,1,0.1209795903447925
1,478,2,0.1223456162560958
1,478,3,5.42771935471097
1,478,4,17.092199283642117
1,478,5,50.45566734009435
1,478,6,1.0087946494109274
1,479,0,0.7564378612429044
1,479,1,0.12136543596985275
1,479,2,0.12219670278724293
1,479,3,5.447698234975189
1,479,4,17.087338657728864
1,479,5,50.42929049758313
1,479,6,1.0083163159404844
1,480,0,0.756846767454588
1,480,1,0.1213197457197479
1,480,2,0.1218334868256641
1,480,3,5.464348889271367
1,480,4,17.08373883870381
1,480,5,50.41276721168226
1,480,6,1.0088412108690996
1,481,0,0.7565645452428548
1,481,1,0.1217335428995375
1,481,2,0.12170191185760768
1,481,3,5.487369735918765
1,481,4,17.090639652995343
1,481,5,50.37624399079204
1,481,6,1.008369275839612
1,482,0,0.7565766368759992
1,482,1,0.12208919823425558
1,482,2,0.12133416488974523
1,482,3,5.508213836795692
1,482,4,17.113901313050583
1,482,5,50.34876934999902
1,482,6,1.0082868565140963
1,483,0,0.7563776463479708
1,483,1,0.12261229477833463
1,483,2,0.12101005887369462
1,483,3,5.521073491268504
1,483,4,17.129948196837272
1,483,5,50.311942191718224
1,483,6,1.008694370576052
1,484,0,0.7564087114373724
1,484,1,0.12221683007591175
1,484,2,0.12137445848671584
1,484,3,5.5424614444759905
1,484,4,17.16154488817469
1,484,5,50.26576174391322
1,484,6,1.0085000390553844
1,485,0,0.755975510761969
1,485,1,0.12307904843338908
1,485,2,0.12094544080464185
1,485,3,5.557477900995507
1,485,4,17.12992479841181
1,485,5,50.20001217327658
1,485,6,1.0086977399994757
1,486,0,0.7562769580704752
1,486,1,0.12291343333056219
1,486,2,0.12080960859896259
1,486,3,5.5900238502552515
1,486,4,17.177593977822188
1,486,5,50.10914348131911
1,486,6,1.0086553346489477
1,487,0,0.7555042150631754
1,487,1,0.1232496875952944
1,487,2,0.12124609734153016
1,487,3,5.6123267990244265
1,487,4,17.110914040811053
1,487,5,50.04542751690208
1,487,6,1.0080555135375535
1,488,0,0.756011943604641
1,488,1,0.12333564989983697
1,488,2,0.12065240649552203
1,488,3,5.633517969340954
1,488,4,17.12399124678704
1,488,5,49.97381559341848
1,488,6,1.0079227445781445
1,489,0,0.7560681074284762
1,489,1,0.12370132506295885
1,489,2,0.12023056750856492
1,489,3,5.651949670229394
1,489,4,17.153946014076453
1,489,5,49.93347396416849
1,489,6,1.0082142321412428
1,490,0,0.7565202166754679
1,490,1,0.1234388209174721
1,490,2,0.12004096240705994
1,490,3,5.679671853620045
1,490,4,17.191476813206098
1,490,5,49.87510477542105
1,490,6,1.007552349742805
1,491,0,0.7568958350774708
1,491,1,0.12350180991376142
1,491,2,0.11960235500876765
1,491,3,5.6981494486547435
1,491,4,17.24742857720116
1,491,5,49.85190857738648
1,491,6,1.007902485910732
1,492,0,0.7560934162361856
1,492,1,0.12396206438221577
1,492,2,0.11994451938159864
1,492,3,5.7136597687028585
1,492,4,17.196064730158913
1,492,5,49.81099580629686
1,492,6,1.008004684755137
1,493,0,0.7563516243182522
1,493,1,0.12450049679664982
1,493,2,0.11914787888509804
1,493,3,5.732000066789433
1,493,4,17.251410523331096
1,493,5,49.74618991217236
1,493,6,1.0078077844509516
1,494,0,0.7565411940091238
1,494,1,0.12462354739113032
1,494,2,0.118835258599746
1,494,3,5.7557287068496645
1,494,4,17.281704247253003
1,494,5,49.705216061126904
1,494,6,1.0076842165307416
1,495,0,0.756972573527582
1,495,1,0.12496969908852998
1,495,2,0.11805772738388809
1,495,3,5.7755620872645945
1,495,4,17.356473945394196
1,495,5,49.65964190956273
1,495,6,1.0076521105021223
1,496,0,0.7565237566276561
1,496,1,0.1253981510074803
1,496,2,0.11807809236486351
1,496,3,5.792881515392595
1,496,4,17.371641201017347
1,496,5,49.63179068129482
1,496,6,1.007807642549114
1,497,0,0.7565079293317667
1,497,1,0.12549787669253937
1,497,2,0.117994193975694
1,497,3,5.802953563377587
1,497,4,17.342017246968155
1,497,5,49.61057170026979
1,497,6,1.0078883875374502
1,498,0,0.7566170218278812
1,498,1,0.12565780545375982
1,498,2,0.11772517271835903
1,498,3,5.8277187593176585
1,498,4,17.392563706966392
1,498,5,49.54911099710745
1,498,6,1.0077228800031004
1,499,0,0.7562976465243776
1,499,1,0.1263169847134047
1,499,2,0.11738536876221767
1,499,3,5.848032926377168
1,499,4,17.363084708641818
1,499,5,49.517686483439505
1,499,6,1.0074746281472688
1,500,0,0.7566690840092418
1,500,1,0.12602617951708933
1,500,2,0.11730473647366893
1,500,3,5.869668205467352
1,500,4,17.379636298149983
1,500,5,49.48080474847319
1,500,6,1.0074574823154512
1,501,0,0.7568105195844518
1,501,1,0.126157963725723
1,501,2,0.11703151668982521
1,501,3,5.893869098860872
1,501,4,17.44982634447028
1,501,5,49.42843402376544
1,501,6,1.007123409393555
1,502,0,0.7568987255349471
1,502,1,0.12662280733299847
1,502,2,0.11647846713205437
1,502,3,5.91064424623897
1,502,4,17.45236495329077
1,502,5,49.40174049939845
1,502,6,1.0074826216625623
1,503,0,0.7572817289767353
1,503,1,0.1263649476415956
1,503,2,0.11635332338166912
1,503,3,5.935373165223967
1,503,4,17.552646348563144
1,503,5,49.35203635873118
1,503,6,1.0072172844436627
1,504,0,0.7568293473656735
1,504,1,0.12695154670260483
1,504,2,0.11621910593172166
1,504,3,5.956528351033205
1,504,4,17.464924200034474
1,504,5,49.312833548668635
1,504,6,1.0069442572924674
1,505,0,0.7564282523880632
1,505,1,0.1273954633358799
1,505,2,0.11617628427605692
1,505,3,5.967827447643588
1,505,4,17.493223919280993
1,505,5,49.25517377684022
1,505,6,1.0075809924148014
1,506,0,0.7570375309894863
1,506,1,0.1270180558257012
1,506,2,0.11594441318481251
1,506,3,5.994435572612689
1,506,4,17.529053885646235
1,506,5,49.16635561990328
1,506,6,1.0071158045330593
1,507,0,0.7564908310207903
1,507,1,0.12759038392407732
1,507,2,0.11591878505513242
1,507,3,6.012911490171103
1,507,4,17.49474493161347
1,507,5,49.104006046925406
1,507,6,1.0071153741064862
1,508,0,0.7569843718688213
1,508,1,0.12734511062137205
1,508,2,0.1156705175098067
1,508,3,6.036455310868511
1,508,4,17.497525132676
1,508,5,49.024452238124596
1,508,6,1.007062897657107
1,509,0,0.7564562412574253
1,509,1,0.12809405256584855
1,509,2,0.1154497061767262
1,509,3,6.052309668149414
1,509,4,17.47140574238109
1,509,5,48.933670035699045
1,509,6,1.007149227360468
1,510,0,0.7566869850062538
1,510,1,0.12798668148051612
1,510,2,0.11532633351323013
1,510,3,6.0759300912126495
1,510,4,17.49818010532163
1,510,5,48.83201021018935
1,510,6,1.0072171944083894
1,511,0,0.7563188336477177
1,511,1,0.12825671659125723
1,511,2,0.1154244497610251
1,511,3,6.097447826676287
1,511,4,17.477022875260484
1,511,5,48.74230487994427
1,511,6,1.0064592086139028
1,512,0,0.7561724767102052
1,512,1,0.12873617125534567
1,512,2,0.11509135203444926
1,512,3,6.114143129052943
1,512,4,17.47171540328047
1,512,5,48.65319445452545
1,512,6,1.0068252128524997
1,513,0,0.7557783952237921
1,513,1,0.12889848691418265
1,513,2,0.11532311786202526
1,513,3,6.136057432650349
1,513,4,17.459343071423255
1,513,5,48.53809278811029
1,513,6,1.0065384350002615
1,514,0,0.7549478047297323
1,514,1,0.12927906283835025
1,514,2,0.11577313243191739
1,514,3,6.154440973694824
1,514,4,17.37226004398702
1,514,5,48.41384898244693
1,514,6,1.0065179872168706
1,515,0,0.7553249143334434
1,515,1,0.129821562088907
1,515,2,0.11485352357764962
1,515,3,6.173393140674641
1,515,4,17.421048249157206
1,515,5,48.42705995827022
1,515,6,1.0065837932271033
1,516,0,0.7561607409712816
1,516,1,0.13003321736750334
1,516,2,0.1138060416612151
1,516,3,6.196664161921407
1,516,4,17.586774268567318
1,516,5,48.51751859077939
1,516,6,1.0065368608073302
1,517,0,0.7567660393811058
1,517,1,0.13040050944307177
1,517,2,0.11283345117582243
1,517,3,6.219322050052325
1,517,4,17.6990533717984
1,517,5,48.58581221211307
1,517,6,1.0067106334026346
1,518,0,0.7573479290397102
1,518,1,0.13025279003386886
1,518,2,0.112399280926421
1,518,3,6.235175342426419
1,518,4,17.74848857046267
1,518,5,48.62865154983592
1,518,6,1.0066011160055681
1,519,0,0.7583022985451983
1,519,1,0.13046724017918093
1,519,2,0.1112304612756208
1,519,3,6.260767594162369
1,519,4,17.87695157358803
1,519,5,48.66149332607178
1,519,6,1.0066417947267399
1,520,0,0.7590693272237519
1,520,1,0.13076977571759266
1,520,2,0.11016089705865548
1,520,3,6.3002541890258374
1,520,4,17.959962038297547
1,520,5,48.65497053750085
1,520,6,1.0062367817774898
1,521,0,0.7594029464327237
1,521,1,0.13132150718026553
1,521,2,0.10927554638701086
1,521,3,6.319041585301582
1,521,4,18.036222870589295
1,521,5,48.63571656409856
1,521,6,1.006402347876683
1,522,0,0.7598136710919572
1,522,1,0.13135751128807516
1,522,2,0.10882881761996768
1,522,3,6.3432750871552
1,522,4,18.07014848197675
1,522,5,48.6166374051314
1,522,6,1.006156208421859
1,523,0,0.7598623414931573
1,523,1,0.13188825179164262
1,523,2,0.10824940671519995
1,523,3,6.359799524661193
1,523,4,18.12859651626657
1,523,5,48.564297580132276
1,523,6,1.0064681684639951
1,524,0,0.7595672678472191
1,524,1,0.13201391909204413
1,524,2,0.10841881306073678
1,524,3,6.386255169758799
1,524,4,18.10119091889073
1,524,5,48.560238259855296
1,524,6,1.0059225790038835
1,525,0,0.7597946171613035
1,525,1,0.13251269548380704
1,525,2,0.10769268735488947
1,525,3,6.40373161920621
1,525,4,18.151292030688808
1,525,5,48.50979300025193
1,525,6,1.0061925794982252
1,526,0,0.7603598383119973
1,526,1,0.13230242186482088
1,526,2,0.10733773982318187
1,526,3,6.431031514894359
1,526,4,18.201564700683406
1,526,5,48.47529620658201
1,526,6,1.0060194114679843
1,527,0,0.7602813600476476
1,527,1,0.13263611566252384
1,527,2,0.10708252428982856
1,527,3,6.447025670777766
1,527,4,18.267849627804324
1,527,5,48.450847851881115
1,527,6,1.0061907034655035
1,528,0,0.7602846086225925
1,528,1,0.13298435389377622
1,528,2,0.1067310374836313
1,528,3,6.468239323500454
1,528,4,18.253488028434596
1,528,5,48.43002013262583
1,528,6,1.0062146752865972
1,529,0,0.7606974461585061
1,529,1,0.13348236932974372
1,529,2,0.10582018451175032
1,529,3,6.491719738357126
1,529,4,18.331444782469994
1,529,5,48.38179650122561
1,529,6,1.0061775894975487
1,530,0,0.7612399597474717
1,530,1,0.13348661841357295
1,530,2,0.10527342183895538
1,530,3,6.513534483579057
1,530,4,18.37935603435207
1,530,5,48.32763524337332
1,530,6,1.0062515104197258
1,531,0,0.7607810022257085
1,531,1,0.13393112374397212
1,531,2,0.10528787403031928
1,531,3,6.540844066221915
1,531,4,18.348982376659393
1,531,5,48.29494400409685
1,531,6,1.0059486867617815
1,532,0,0.761359374195959
1,532,1,0.1340117836399582
1,532,2,0.1046288421640828
1,532,3,6.558860786754024
1,532,4,18.40889083238477
1,532,5,48.235634998913326
1,532,6,1.0062314007759547
1,533,0,0.7618960823263499
1,533,1,0.1339105435485048
1,533,2,0.10419337412514537
1,533,3,6.581273012701955
1,533,4,18.45484768913531
1,533,5,48.16079798990458
1,533,6,1.0059697872044562
1,534,0,0.7616972085709155
1,534,1,0.13437041877873818
1,534,2,0.10393237265034633
1,534,3,6.601366005339763
1,534,4,18.450474365809164
1,534,5,48.099398107598006
1,534,6,1.0063173749657117
1,535,0,0.7616146521804791
1,535,1,0.13494883985489067
1,535,2,0.10343650796463019
1,535,3,6.626107684366664
1,535,4,18.44749189955128
1,535,5,48.03366897454069
1,535,6,1.005826020091551
1,536,0,0.7621728920312228
1,536,1,0.13490813523248557
1,536,2,0.10291897273629164
1,536,3,6.649132827357954
1,536,4,18.507948053284032
1,536,5,47.94408394277133
1,536,6,1.0060593990281035
1,537,0,0.7618335448368925
1,537,1,0.13548032816133815
1,537,2,0.10268612700176936
1,537,3,6.672795344297007
1,537,4,18.521603429890458
1,537,5,47.901804573901586
1,537,6,1.0060791530050341
1,538,0,0.7621853817004876
1,538,1,0.13533604861305165
1,538,2,0.10247856968646071
1,538,3,6.69760864736825
1,538,4,18.533476506929752
1,538,5,47.86136314883703
1,538,6,1.0058393194629103
1,539,0,0.7623929317822249
1,539,1,0.13530176929355814
1,539,2,0.10230529892421691
1,539,3,6.71235269351817
1,539,4,18.55375655497192
1,539,5,47.8133812275515
1,539,6,1.0058845771997895
1,540,0,0.7626058190791958
1,540,1,0.1358368668016305
1,540,2,0.10155731411917379
1,540,3,6.735562253804854
1,540,4,18.599133053280756
1,540,5,47.76379419637448
1,540,6,1.0057763105190662
1,541,0,0.76250662845915
1,541,1,0.13621418981828318
1,541,2,0.10127918172256684
1,541,3,6.753102619660285
1,541,4,18.597814889232755
1,541,5,47.704588075619796
1,541,6,1.0057672296608258
1,542,0,0.762891304902847
1,542,1,0.1363623808100061
1,542,2,0.10074631428714699
1,542,3,6.776381401461693
1,542,4,18.668568535175535
1,542,5,47.638555994834256
1,542,6,1.0055433957287778
1,543,0,0.7632298923914987
1,543,1,0.13664728957815048
1,543,2,0.10012281803035075
1,543,3,6.798325845985524
1,543,4,18.701839836037216
1,543,5,47.56110639404231
1,543,6,1.0056319765775437
1,544,0,0.7633350437181281
1,544,1,0.13694237697026485
1,544,2,0.09972257931160707
1,544,3,6.822061521776185
1,544,4,18.720648449545177
1,544,5,47.467678094314834
1,544,6,1.0056425835271445
1,545,0,0.7631440507614502
1,545,1,0.1375104271663462
1,545,2,0.09934552207220354
1,545,3,6.846595137391699
1,545,4,18.72192285773649
1,545,5,47.398330337314576
1,545,6,1.0055229762480526
1,546,0,0.7632791006588517
1,546,1,0.13746055709222058
1,546,2,0.09926034224892763
1,546,3,6.8646509322240234
1,546,4,18.72312208317684
1,546,5,47.354611155163084
1,546,6,1.0056149094790752
1,547,0,0.7632779496338342
1,547,1,0.1381743388458677
1,547,2,0.09854771152029808
1,547,3,6.885347414796668
1,547,4,18.72056769640516
1,547,5,47.32734037006256
1,547,6,1.0060025560900725
1,548,0,0.7639328066139792
1,548,1,0.13824256597174928
1,548,2,0.09782462741427136
1,548,3,6.913386402904021
1,548,4,18.803785020376083
1,548,5,47.26769908132278
1,548,6,1.0054450840297917
1,549,0,0.7638746333025166
1,549,1,0.13863550582848766
1,549,2,0.09748986086899561
1,549,3,6.938356523863748
1,549,4,18.834609916054077
1,549,5,47.2414703727408
1,549,6,1.005298188352742
1,550,0,0.7644720684335615
1,550,1,0.13890828928325288
1,550,2,0.0966196422831857
1,550,3,6.958261115009633
1,550,4,18.8983621019543
1,550,5,47.177274513260514
1,550,6,1.0055321404997932
1,551,0,0.7647497878043731
1,551,1,0.1390638214876755
1,551,2,0.09618639070795143
1,551,3,6.987859669934963
1,551,4,18.949397607398513
1,551,5,47.122330780501656
1,551,6,1.0051302869288783
1,552,0,0.765404041243003
1,552,1,0.13915333618349696
1,552,2,0.09544262257350011
1,552,3,7.012040140726489
1,552,4,18.984280587575647
1,552,5,47.07625644127577
1,552,6,1.0051898439770242
1,553,0,0.7654136109134346
1,553,1,0.13966789456311507
1,553,2,0.09491849452345033
1,553,3,7.04909993711607
1,553,4,18.996742295582465
1,553,5,46.92375488810428
1,553,6,1.0049897627890698
1,554,0,0.7650436934353813
1,554,1,0.14026896321598203
1,554,2,0.09468734334863663
1,554,3,7.066025741623294
1,554,4,18.99901373285808
1,554,5,46.881387626752144
1,554,6,1.0052351542283455
1,555,0,0.7655249988480217
1,555,1,0.1402174432519492
1,555,2,0.09425755790002899
1,555,3,7.094640506712359
1,555,4,19.020044092079832
1,555,5,46.822865120396074
1,555,6,1.0049162924009707
1,556,0,0.7657796043561836
1,556,1,0.14061124763805843
1,556,2,0.09360914800575787
1,556,3,7.120491474919978
1,556,4,19.0759879327977
1,556,5,46.74755040794389
1,556,6,1.0047787944750848
1,557,0,0.7659142047239079
1,557,1,0.14087009690870536
1,557,2,0.09321569836738676
1,557,3,7.1427930167195655
1,557,4,19.083944260221617
1,557,5,46.68029916277167
1,557,6,1.0047717048877818
1,558,0,0.7659369038502803
1,558,1,0.14135911780508725
1,558,2,0.0927039783446324
1,558,3,7.162672387291929
1,558,4,19.129115225330867
1,558,5,46.66802624677579
1,558,6,1.0050454113909328
1,559,0,0.7665013156262307
1,559,1,0.141410825345267
1,559,2,0.09208785902850228
1,559,3,7.192835464622206
1,559,4,19.182753084134983
1,559,5,46.591005485748354
1,559,6,1.0047181275510637
1,560,0,0.7669611990742501
1,560,1,0.14138796337431608
1,560,2,0.09165083755143374
1,560,3,7.204600226705138
1,560,4,19.227185878424628
1,560,5,46.57540599214455
1,560,6,1.005090892184104
1,561,0,0.7674233603454368
1,561,1,0.14154102334112958
1,561,2,0.09103561631343371
1,561,3,7.2298395922953596
1,561,4,19.305115452028872
1,561,5,46.507204579933514
1,561,6,1.0049030712576998
1,562,0,0.7670159394234435
1,562,1,0.1421459104816723
1,562,2,0.0908381500948842
1,562,3,7.244812043448302
1,562,4,19.293935723237162
1,562,5,46.46280967525853
1,562,6,1.0053597697874692
1,563,0,0.7670411793184122
1,563,1,0.14246906886257885
1,563,2,0.09048975181900891
1,563,3,7.274073127344305
1,563,4,19.272072298858827
1,563,5,46.40615308854903
1,563,6,1.0049082600521766
1,564,0,0.7664813065626591
1,564,1,0.1432712271251722
1,564,2,0.09024746631216868
1,564,3,7.291638875916286
1,564,4,19.259473953096894
1,564,5,46.41835256557829
1,564,6,1.0050461435312688
1,565,0,0.7672072363372402
1,565,1,0.143223701690317
1,565,2,0.08956906197244272
1,565,3,7.319992884656896
1,565,4,19.34738777509389
1,565,5,46.39744128154406
1,565,6,1.0048234260733795
1,566,0,0.7674498886045354
1,566,1,0.143654326296389
1,566,2,0.08889578509907563
1,566,3,7.3394561380088685
1,566,4,19.383087647206906
1,566,5,46.3918953684022
1,566,6,1.0049366436258684
1,567,0,0.76774002682278
1,567,1,0.14404531942194945
1,567,2,0.08821465375527052
1,567,3,7.367295612062814
1,567,4,19.461403999350964
1,567,5,46.39803470124677
1,567,6,1.0048315031826216
1,568,0,0.7682400839778517
1,568,1,0.14417597644228441
1,568,2,0.08758393957986388
1,568,3,7.392566903346774
1,568,4,19.531785325225055
1,568,5,46.38652975835056
1,568,6,1.0049155094684399
1,569,0,0.7682610244747857
1,569,1,0.14480057193210744
1,569,2,0.08693840359310678
1,569,3,7.410846150694466
1,569,4,19.54742504656477
1,569,5,46.409498094879254
1,569,6,1.0050507017869803
1,570,0,0.7685004810103295
1,570,1,0.1449975744539417
1,570,2,0.08650194453572871
1,570,3,7.443058508208763
1,570,4,19.57299437833081
1,570,5,46.44138792135233
1,570,6,1.004666446266312
1,571,0,0.7693370587060853
1,571,1,0.14512472354157896
1,571,2,0.08553821775233571
1,571,3,7.464579391457556
1,571,4,19.658559277131364
1,571,5,46.37101379282677
1,571,6,1.0049213681162201
1,572,0,0.7690407906265986
1,572,1,0.14582281153380167
1,572,2,0.08513639783959975
1,572,3,7.4866870541646655
1,572,4,19.660926240017144
1,572,5,46.37726280632225
1,572,6,1.0048773229870414
1,573,0,0.7699682610793437
1,573,1,0.14562902278081896
1,573,2,0.08440271613983745
1,573,3,7.518751913205273
1,573,4,19.765639407445317
1,573,5,46.37637301821418
1,573,6,1.0047954681987288
1,574,0,0.7697318215347999
1,574,1,0.14636071905749454
1,574,2,0.0839074594077056
1,574,3,7.5381760940203275
1,574,4,19.771078282715546
1,574,5,46.37843606657334
1,574,6,1.0050189581198312
1,575,0,0.7696653014845829
1,575,1,0.1468984434346941
1,575,2,0.08343625508072297
1,575,3,7.564423410230687
1,575,4,19.783421287128526
1,575,5,46.413666673803846
1,575,6,1.0048780083660243
1,576,0,0.7700548983642126
1,576,1,0.14734121088610283
1,576,2,0.08260389074968466
1,576,3,7.5888920501517685
1,576,4,19.826271717835183
1,576,5,46.40714755548689
1,576,6,1.0048509285471758
1,577,0,0.7709230919133718
1,577,1,0.14720584363917508
1,577,2,0.08187106444745304
1,577,3,7.618047966330544
1,577,4,19.93866439291995
1,577,5,46.365170527948116
1,577,6,1.0047792306988186
1,578,0,0.771692583937166
1,578,1,0.14701602220128945
1,578,2,0.08129139386154462
1,578,3,7.644016765315801
1,578,4,19.992642367025546
1,578,5,46.297178275100464
1,578,6,1.004804605412841
1,579,0,0.7714606627068266
1,579,1,0.14773393603993873
1,579,2,0.0808054012532348
1,579,3,7.663641539386203
1,579,4,20.00839099694801
1,579,5,46.24322660251822
1,579,6,1.0048649242348222
1,580,0,0.7713279545034191
1,580,1,0.1479115708862821
1,580,2,0.08076047461029875
1,580,3,7.692986337375692
1,580,4,19.96378086673475
1,580,5,46.24395535687921
1,580,6,1.0045988567596378
1,581,0,0.7716728247538774
1,581,1,0.14788068320267045
1,581,2,0.08044649204345208
1,581,3,7.711842677783485
1,581,4,20.00482694493888
1,581,5,46.228571636906445
1,581,6,1.004554810423288
1,582,0,0.7715398935273651
1,582,1,0.14860584879839533
1,582,2,0.07985425767423959
1,582,3,7.732417884724039
1,582,4,20.017875776692392
1,582,5,46.20165206034376
1,582,6,1.0047041053463892
1,583,0,0.7719968937469095
1,583,1,0.14857674913402302
1,583,2,0.07942635711906745
1,583,3,7.7680504750360955
1,583,4,20.059852872826042
1,583,5,46.16743938909516
1,583,6,1.004480382101921
1,584,0,0.7715884563737234
1,584,1,0.14922410003951103
1,584,2,0.07918744358676558
1,584,3,7.784233872734678
1,584,4,20.05301481150851
1,584,5,46.142124438238156
1,584,6,1.0045535050244074
1,585,0,0.7714591584733963
1,585,1,0.14961439719326056
1,585,2,0.07892644433334317
1,585,3,7.810899089103138
1,585,4,20.054173032377545
1,585,5,46.0946741963639
1,585,6,1.004551179262048
1,586,0,0.771534940059414
1,586,1,0.1495995573269958
1,586,2,0.07886550261359017
1,586,3,7.835428438244812
1,586,4,20.034686979218066
1,586,5,46.02539855641986
1,586,6,1.0045689109039266
1,587,0,0.7713209737533726
1,587,1,0.15036341303515852
1,587,2,0.07831561321146888
1,587,3,7.874089935339428
1,587,4,20.05157991415584
1,587,5,45.95995619745986
1,587,6,1.0043626323407868
1,588,0,0.771281494878675
1,588,1,0.15086252496175914
1,588,2,0.07785598015956582
1,588,3,7.892935895270473
1,588,4,20.093522129619835
1,588,5,45.93010957740679
1,588,6,1.004676551617536
1,589,0,0.771529457674839
1,589,1,0.15094952724306956
1,589,2,0.07752101508209142
1,589,3,7.9241210557087385
1,589,4,20.081998080747404
1,589,5,45.882730733025014
1,589,6,1.0044465155258533
1,590,0,0.7264939139671129
1,590,1,0.19402378232582146
1,590,2,0.07948230370706554
1,590,3,7.3951005697069725
1,590,4,18.687715097959316
1,590,5,45.99389753360337
1,590,6,0.9905461803892375
1,591,0,0.7261801198045772
1,591,1,0.1944967401733002
1,591,2,0.07932314002212251
1,591,3,7.417443795244994
1,591,4,18.661075484259097
1,591,5,45.966019774317346
1,591,6,0.9903452997539051
1,592,0,0.7264449944059268
1,592,1,0.1947036253964768
1,592,2,0.07885138019759652
1,592,3,7.437483891457491
1,592,4,18.679692476121424
1,592,5,45.87692928079561
1,592,6,0.9906291207080551
1,593,0,0.7255040820286026
1,593,1,0.19595556979559142
1,593,2,0.07854034817580598
1,593,3,7.463351694783579
1,593,4,18.67704611380152
1,593,5,45.78556858646944
1,593,6,0.9901951440688521
1,594,0,0.7247371078039488
1,594,1,0.1963701322411489
1,594,2,0.07889275995490218
1,594,3,7.4855286855824845
1,594,4,18.63604585775125
1,594,5,45.755674643663156
1,594,6,0.9902258195938332
1,595,0,0.7248757073923477
1,595,1,0.1965584329380169
1,595,2,0.07856585966963538
1,595,3,7.510374700795992
1,595,4,18.666942130778278
1,595,5,45.67433919636587
1,595,6,0.9900260736573727
1,596,0,0.7238236586531612
1,596,1,0.19770486116425454
1,596,2,0.0784714801825843
1,596,3,7.530222456312318
1,596,4,18.631965514590078
1,596,5,45.5683041557207
1,596,6,0.9900360029021109
1,597,0,0.7233424617251479
1,597,1,0.19775648332876838
1,597,2,0.07890105494608364
1,597,3,7.554844789701274
1,597,4,18.590065103173927
1,597,5,45.35795108423226
1,597,6,0.99010372594652
1,598,0,0.7222584967671684
1,598,1,0.198639793980771
1,598,2,0.07910170925206061
1,598,3,7.575596624230155
1,598,4,18.530906900003224
1,598,5,45.27609446605124
1,598,6,0.9902052445043091
1,599,0,0.72080299404527
1,599,1,0.1997477684579389
1,599,2,0.07944923749679104
1,599,3,7.59635818074176
1,599,4,18.47499933971453
1,599,5,45.11992228532245
1,599,6,0.9906443856660636
1,600,0,0.7193905732521731
1,600,1,0.20061351286410656
1,600,2,0.07999591388372027
1,600,3,7.620590869919338
1,600,4,18.39585145585336
1,600,5,45.06358705855724
1,600,6,0.99021435411237
1,601,0,0.7182459096634741
1,601,1,0.20142588834590483
1,601,2,0.08032820199062102
1,601,3,7.645904426447208
1,601,4,18.332926334227643
1,601,5,44.892517941152434
1,601,6,0.9900344097055336
1,602,0,0.7164868963186626
1,602,1,0.2028603675048551
1,602,2,0.08065273617648236
1,602,3,7.659966036664839
1,602,4,18.263471845925363
1,602,5,44.74920022384365
1,602,6,0.9899694838216226
1,603,0,0.715102047299635
1,603,1,0.20359019069333162
1,603,2,0.08130776200703332
1,603,3,7.683310741358104
1,603,4,18.20883133966853
1,603,5,44.62371538825279
1,603,6,0.9898467600382077
1,604,0,0.7135246734422664
1,604,1,0.20460786489473876
1,604,2,0.08186746166299487
1,604,3,7.702924149955223
1,604,4,18.126481335870892
1,604,5,44.48557038644472
1,604,6,0.9901623021679826
1,605,0,0.6818193659856087
1,605,1,0.23398623965308324
1,605,2,0.08419439436130816
1,605,3,7.4007450867922895
1,605,4,17.166465426303112
1,605,5,44.23256459755365
1,605,6,0.9812768864984462
1,606,0,0.6779395348319472
1,606,1,0.23639742947140702
1,606,2,0.0856630356966458
1,606,3,7.423703522698885
1,606,4,16.984753918612682
1,606,5,43.94200879701148
1,606,6,0.9814325280340461
1,607,0,0.674816305337313
1,607,1,0.238319850164595
1,607,2,0.08686384449809204
1,607,3,7.446773927945982
1,607,4,16.867189360174
1,607,5,43.690261975959125
1,607,6,0.9817402182974717
1,608,0,0.66979982784686
1,608,1,0.24174194024308399
1,608,2,0.08845823191005607
1,608,3,7.4699086834715445
1,608,4,16.674079898316467
1,608,5,43.33624868963183
1,608,6,0.9813360025051994
1,609,0,0.6640959583092679
1,609,1,0.24526413403211317
1,609,2,0.09063990765861893
1,609,3,7.493108492924357
1,609,4,16.444198464143263
1,609,5,42.932717241099276
1,609,6,0.9817028137483227
1,610,0,0.6581191295548268
1,610,1,0.2492573017968251
1,610,2,0.09262356864834803
1,610,3,7.516374083260853
1,610,4,16.20607663358809
1,610,5,42.550619812437795
1,610,6,0.9817182658857899
1,611,0,0.6525357321522353
1,611,1,0.25279840668169773
1,611,2,0.09466586116606701
1,611,3,7.539706206050925
1,611,4,16.001786096701508
1,611,5,42.14438972290263
1,611,6,0.9820388019365238
1,612,0,0.6466345624311908
1,612,1,0.2567378304458077
1,612,2,0.0966276071230015
1,612,3,7.563105638890351
1,612,4,15.79260046194425
1,612,5,41.798344635428535
1,612,6,0.9825102571701148
1,613,0,0.6398147287636643
1,613,1,0.2610322252441573
1,613,2,0.09915304599217839
1,613,3,7.586573186931551
1,613,4,15.57381899095926
1,613,5,41.3409605246423
1,613,6,0.9828488791036827
1,614,0,0.6336452986007379
1,614,1,0.26495603091167047
1,614,2,0.10139867048759163
1,614,3,7.610109684545851
1,614,4,15.367384825171015
1,614,5,40.9161772149325
1,614,6,0.9833803091241557
1,615,0,0.6260143742976765
1,615,1,0.26979650494939283
1,615,2,0.10418912075293076
1,615,3,7.633715997132425
1,615,4,15.137292985024587
1,615,5,40.41421799563262
1,615,6,0.9837294530961943
1,616,0,0.6356402031005682
1,616,1,0.2586720709592802
1,616,2,0.10568772594015158
1,616,3,7.657393023091244
1,616,4,15.43060197956575
1,616,5,39.8914110293044
1,616,6,0.9833812429230016
1,617,0,0.6386359856751762
1,617,1,0.25413496368046035
1,617,2,0.10722905064436339
1,617,3,7.681141695979955
1,617,4,15.531849923008505
1,617,5,39.5251951085027
1,617,6,0.9832032232585133
1,618,0,0.6152901049610521
1,618,1,0.27408138632134205
1,618,2,0.11062850871760588
1,618,3,7.704962986877742
1,618,4,14.83833970735223
1,618,5,39.05050734251475
1,618,6,0.9850125716267992
1,619,0,0.6069024212681101
1,619,1,0.2798324649176917
1,619,2,0.11326511381419824
1,619,3,7.728857906982864
1,619,4,14.630943671450158
1,619,5,38.589306280057215
1,619,6,0.985187606035697
1,620,0,0.6070450212201601
1,620,1,0.27871098883800244
1,620,2,0.11424398994183747
1,620,3,7.752827510474933
1,620,4,14.650956332683888
1,620,5,38.29971969103618
1,620,6,0.9849433391669232
1,621,0,0.5992755611922365
1,621,1,0.2832105067900884
1,621,2,0.11751393201767514
1,621,3,7.791754164740322
1,621,4,14.471900976642534
1,621,5,37.473650049007276
1,621,6,0.9855583994635139
1,622,0,0.5999996258078281
1,622,1,0.28256741145227476
1,622,2,0.11743296273989713
1,622,3,7.81592328456321
1,622,4,14.564752010270743
1,622,5,37.1452382125016
1,622,6,0.9852038450132645
1,623,0,0.5928013253833253
1,623,1,0.28845898714034013
1,623,2,0.11873968747633452
1,623,3,7.830898881646478
1,623,4,14.410582847233224
1,623,5,36.83578298527188
1,623,6,0.9859202763642332
1,624,0,0.6000932203751487
1,624,1,0.2802895233782021
1,624,2,0.11961725624664923
1,624,3,7.855195169328352
1,624,4,14.584627303512107
1,624,5,36.36093244873532
1,624,6,0.9851551755082437
1,625,0,0.5901473403965953
1,625,1,0.29021616267759315
1,625,2,0.11963649692581158
1,625,3,7.879572428660845
1,625,4,14.426342939575798
1,625,5,36.027118229715946
1,625,6,0.9852431865295945
1,626,0,0.5864263750685671
1,626,1,0.2958877433818651
1,626,2,0.1176858815495678
1,626,3,7.904032063636552
1,626,4,14.413306434282863
1,626,5,35.81252347940383
1,626,6,0.9850338281739384
1,627,0,0.5948762398732966
1,627,1,0.2904040935199226
1,627,2,0.11471966660678073
1,627,3,7.928575553664194
1,627,4,14.695205364974555
1,627,5,35.5528751684388
1,627,6,0.9841448883121982
1,628,0,0.6124010374370461
1,628,1,0.27679340282629505
1,628,2,0.1108055597366589
1,628,3,7.953206495203384
1,628,4,15.258062414021888
1,628,5,35.30973115020605
1,628,6,0.9826599236357467
1,629,0,0.689755782970392
1,629,1,0.2399379121184229
1,629,2,0.07030630491118514
1,629,3,8.447065291427709
1,629,4,20.858887596487158
1,629,5,43.90199486361551
1,629,6,0.9941832993257014
1,630,0,0.6772614443262038
1,630,1,0.2545799022323291
1,630,2,0.06815865344146706
1,630,3,8.471577957559221
1,630,4,20.393036817433696
1,630,5,43.832338814892964
1,630,6,0.9941683102861758
1,631,0,0.705639512068865
1,631,1,0.23522937474910788
1,631,2,0.059131113182027156
1,631,3,8.497664044279276
1,631,4,21.15605707094965
1,631,5,43.97386862392721
1,631,6,0.9919818023116411
1,632,0,0.7236278193366902
1,632,1,0.22445136941233385
1,632,2,0.051920811250976
1,632,3,8.521007926375743
1,632,4,21.698667525994495
1,632,5,44.05354141140221
1,632,6,0.9904651552264183
1,633,0,0.8031696344248394
1,633,1,0.19444816369164034
1,633,2,0.002382201883520228
1,633,3,8.547727407067343
1,633,4,27.923363807862096
1,633,5,66.52174711862615
1,633,6,0.9948219732439114
1,634,0,0.8040909346820275
1,634,1,0.19356145849895923
1,634,2,0.002347606819013316
1,634,3,8.569466230371578
1,634,4,27.3468586920264
1,634,5,66.51584193407665
1,634,6,0.9940952614036563
1,635,0,0.8069804840159965
1,635,1,0.19084904235530115
1,635,2,0.002170473628702322
1,635,3,8.595544603592653
1,635,4,26.874068086013285
1,635,5,66.50974006472057
1,635,6,0.9933657905793934
1,636,0,0.8091682502048486
1,636,1,0.18869861104045485
1,636,2,0.002133138754696533
1,636,3,8.621930972622312
1,636,4,26.297600665216272
1,636,5,66.51628606511832
1,636,6,0.9928352075477891
1,637,0,0.8133324438667049
1,637,1,0.1846562253076042
1,637,2,0.0020113308256908924
1,637,3,8.646452108490282
1,637,4,25.807859762118795
1,637,5,66.51870077472074
1,637,6,0.9923374226804728
1,638,0,0.8164185497377047
1,638,1,0.18161322484508666
1,638,2,0.00196822541720867
1,638,3,8.666791676463072
1,638,4,25.196583348256056
1,638,5,66.5177232181335
1,638,6,0.992182744111211
1,639,0,0.821452295712672
1,639,1,0.17660574804595092
1,639,2,0.001941956241377084
1,639,3,8.685399381461712
1,639,4,24.714460200340845
1,639,5,66.52546002635725
1,639,6,0.9922700146550171
1,640,0,0.7558766247395713
1,640,1,0.24412337526042877
1,640,2,0.0
1,640,3,8.256144675668006
1,640,4,24.52487817969163
1,640,5,66.51969250469642
1,640,6,0.9276479607002847
1,641,0,0.8002893878515297
1,641,1,0.1989740594732246
1,641,2,0.0007365526752457702
1,641,3,8.73263391802782
1,641,4,24.176340207596603
1,641,5,66.50623297535589
1,641,6,0.9586328144672167
1,642,0,0.7711874346242128
1,642,1,0.2288125653757872
1,642,2,0.0
1,642,3,8.30815434207982
1,642,4,23.779735418091853
1,642,5,66.54311440730085
1,642,6,0.9279947672304725
1,643,0,0.8418783418052004
1,643,1,0.15634779159881618
1,643,2,0.0017738665959833666
1,643,3,8.755432360678977
1,643,4,22.63678766971485
1,643,5,66.64347468823188
1,643,6,0.9933259079292464
1,644,0,0.8145634075881207
1,644,1,0.1847390741222076
1,644,2,0.0006975182896716581
1,644,3,8.771690565668647
1,644,4,22.794205334873894
1,644,5,66.63585751366259
1,644,6,0.9616341553479134
1,645,0,0.7843760501675132
1,645,1,0.21562394983248678
1,645,2,0.0
1,645,3,8.377053548862374
1,645,4,22.208104826447297
1,645,5,66.63891618255326
1,645,6,0.9351456246021728
1,646,0,0.795260629200263
1,646,1,0.20473937079973709
1,646,2,0.0
1,646,3,8.403625957679974
1,646,4,21.94677022031668
1,646,5,66.63739852343899
1,646,6,0.9354378728918363
1,647,0,0.8338170768308897
1,647,1,0.1654347578634798
1,647,2,0.0007481653056305199
1,647,3,8.82714884226633
1,647,4,21.364883415567906
1,647,5,66.6700514021658
1,647,6,0.9659956706729474
1,648,0,0.8476771317345444
1,648,1,0.15034142035300532
1,648,2,0.001981447912450184
1,648,3,8.45724741268458
1,648,4,20.016192858998643
1,648,5,67.59442054831791
1,648,6,0.988766959474562
1,649,0,0.851620056411462
1,649,1,0.14631198361261322
1,649,2,0.0020679599759246626
1,649,3,8.484353584589352
1,649,4,19.537278401909376
1,649,5,67.609317111961
1,649,6,0.9892529542559825
1,650,0,0.8532933203953925
1,650,1,0.14442079385291212
1,650,2,0.0022858857516953796
1,650,3,8.511694060291424
1,650,4,18.99089672292279
1,650,5,67.62707777667916
1,650,6,0.9899228701765383
1,651,0,0.8565245008346022
1,651,1,0.14107813560646446
1,651,2,0.002397363558933297
1,651,3,8.539394089854762
1,651,4,18.57211565930445
1,651,5,67.64957872428676
1,651,6,0.9903521884512122
1,652,0,0.8587741538146245
1,652,1,0.13855865914907056
1,652,2,0.0026671870363049856
1,652,3,8.567642638041264
1,652,4,18.103354918582895
1,652,5,67.67295767246301
1,652,6,0.9916089865002968
1,653,0,0.8579749454868133
1,653,1,0.13901656883680463
1,653,2,0.0030084856763820107
1,653,3,8.59653757054914
1,653,4,17.538993410898943
1,653,5,67.69685951310703
1,653,6,0.9926236935761181
1,654,0,0.8622090124391433
1,654,1,0.13397249359475694
1,654,2,0.003818493966099718
1,654,3,8.644595232601299
1,654,4,16.932729158527472
1,654,5,67.74779648628521
1,654,6,0.9944304263387356
1,655,0,0.8602126874640124
1,655,1,0.13539203322296617
1,655,2,0.00439527931302151
1,655,3,8.67508804878703
1,655,4,16.401672437246056
1,655,5,67.80382591013525
1,655,6,0.9948930617193862
1,656,0,0.8621587293726276
1,656,1,0.1324420597603866
1,656,2,0.005399210866985715
1,656,3,8.706203979842343
1,656,4,16.061465844524744
1,656,5,67.87246389702777
1,656,6,0.9942622941083372
1,657,0,0.856025912516462
1,657,1,0.13718198071333043
1,657,2,0.006792106770207654
1,657,3,8.737935931898873
1,657,4,15.490597711025732
1,657,5,67.95637897823029
1,657,6,0.9954891543811768
1,658,0,0.8522081339480809
1,658,1,0.13910718845824693
1,658,2,0.008684677593672217
1,658,3,8.770276678102096
1,658,4,15.085120978093382
1,658,5,68.09685637966552
1,658,6,0.9970454964082232
1,659,0,0.861125558574156
1,659,1,0.12795259710886722
1,659,2,0.010921844316976854
1,659,3,8.80322121323803
1,659,4,14.961172933356885
1,659,5,68.19554123009422
1,659,6,0.9987905756057345
1,660,0,0.8558908759592212
1,660,1,0.12960658966340524
1,660,2,0.014502534377373668
1,660,3,8.836759869629905
1,660,4,14.626713097871999
1,660,5,68.20061276837083
1,660,6,0.9986747251668864
1,661,0,0.8526438843472113
1,661,1,0.12728568590072345
1,661,2,0.020070429752065255
1,661,3,8.87088890898742
1,661,4,14.390215567390797
1,661,5,68.21397797229771
1,661,6,1.0015039291308525
1,662,0,0.833321666732098
1,662,1,0.13942275766709974
1,662,2,0.027255575600802315
1,662,3,8.905598339727137
1,662,4,13.591676846968861
1,662,5,68.231278650964
1,662,6,1.0003125444141985
1,663,0,0.8513062413938086
1,663,1,0.10936592444983267
1,663,2,0.03932783415635878
1,663,3,8.940883648794857
1,663,4,14.017790854145495
1,663,5,79.72774709993934
1,663,6,1.0102991775319712
1,664,0,0.8380732298471861
1,664,1,0.10359820967614927
1,664,2,0.05832856047666462
1,664,3,8.976737170002217
1,664,4,13.946219344823753
1,664,5,79.7150646762702
1,664,6,1.0104559295613327
1,665,0,0.8183396859019286
1,665,1,0.09712575210813768
1,665,2,0.08453456198993362
1,665,3,9.013152020941066
1,665,4,13.873988608352327
1,665,5,79.7024274605318
1,665,6,1.0092897907241878
1,666,0,0.3224890485618848
1,666,1,0.03325505572330443
1,666,2,0.026755895714809595
1,666,3,3.2920180981123894
1,666,4,5.36806810027984
1,666,5,35.20019944008047
1,666,6,0.3876706975101374
1,667,0,0.3102000501656306
1,667,1,0.0315378569747119
1,667,2,0.040762092859656346
1,667,3,3.306756439026077
1,667,4,5.3417856271191955
1,667,5,35.19604338239538
1,667,6,0.3905194821239851
1,668,0,0.0
1,668,1,0.0
1,668,2,0.0
1,668,3,0.0
1,668,4,0.0
1,668,5,0.0
1,668,6,0.0
1,669,0,0.0
1,669,1,0.0
1,669,2,0.0
1,669,3,0.0
1,669,4,0.0
1,669,5,0.0
1,669,6,0.0
1,670,0,0.0
1,670,1,0.0
1,670,2,0.0
1,670,3,0.0
1,670,4,0.0
1,670,5,0.0
1,670,6,0.0
1,671,0,0.0
1,671,1,0.0
1,671,2,0.0
1,671,3,0.0
1,671,4,0.0
1,671,5,0.0
1,671,6,0.0
1,672,0,0.0
1,672,1,0.0
1,672,2,0.0
1,672,3,0.0
1,672,4,0.0
1,672,5,0.0
1,672,6,0.0
1,673,0,0.0
1,673,1,0.0
1,673,2,0.0
1,673,3,0.0
1,673,4,0.0
1,673,5,0.0
1,673,6,0.0
1,674,0,0.0
1,674,1,0.0
1,674,2,0.0
1,674,3,0.0
1,674,4,0.0
1,674,5,0.0
1,674,6,0.0
1,675,0,0.0
1,675,1,0.0
1,675,2,0.0
1,675,3,0.0
1,675,4,0.0
1,675,5,0.0
1,675,6,0.0
1,676,0,0.0
1,676,1,0.0
1,676,2,0.0
1,676,3,0.0
1,676,4,0.0
1,676,5,0.0
1,676,6,0.0
1,677,0,0.0
1,677,1,0.0
1,677,2,0.0
1,677,3,0.0
1,677,4,0.0
1,677,5,0.0
1,677,6,0.0
1,678,0,0.0
1,678,1,0.0
1,678,2,0.0
1,678,3,0.0
1,678,4,0.0
1,678,5,0.0
1,678,6,0.0
1,679,0,0.0
1,679,1,0.0
1,679,2,0.0
1,679,3,0.0
1,679,4,0.0
1,679,5,0.0
1,679,6,0.0
1,680,0,0.0
1,680,1,0.0
1,680,2,0.0
1,680,3,0.0
1,680,4,0.0
1,680,5,0.0
1,680,6,0.0
1,681,0,0.0
1,681,1,0.0
1,681,2,0.0
1,681,3,0.0
1,681,4,0.0
1,681,5,0.0
1,681,6,0.0
1,682,0,0.0
1,682,1,0.0
1,682,2,0.0
1,682,3,0.0
1,682,4,0.0
1,682,5,0.0
1,682,6,0.0
1,683,0,0.0
1,683,1,0.0
1,683,2,0.0
1,683,3,0.0
1,683,4,0.0
1,683,5,0.0
1,683,6,0.0
1,684,0,0.0
1,684,1,0.0
1,684,2,0.0
1,684,3,0.0
1,684,4,0.0
1,684,5,0.0
1,684,6,0.0
1,685,0,0.0
1,685,1,0.0
1,685,2,0.0
1,685,3,0.0
1,685,4,0.0
1,685,5,0.0
1,685,6,0.0
1,686,0,0.0
1,686,1,0.0
1,686,2,0.0
1,686,3,0.0
1,686,4,0.0
1,686,5,0.0
1,686,6,0.0
1,687,0,0.0
1,687,1,0.0
1,687,2,0.0
1,687,3,0.0
1,687,4,0.0
1,687,5,0.0
1,687,6,0.0
1,688,0,0.0
1,688,1,0.0
1,688,2,0.0
1,688,3,0.0
1,688,4,0.0
1,688,5,0.0
1,688,6,0.0
1,689,0,0.0
1,689,1,0.0
1,689,2,0.0
1,689,3,0.0
1,689,4,0.0
1,689,5,0.0
1,689,6,0.0
1,690,0,0.0
1,690,1,0.0
1,690,2,0.0
1,690,3,0.0
1,690,4,0.0
1,690,5,0.0
1,690,6,0.0
1,691,0,0.0
1,691,1,0.0
1,691,2,0.0
1,691,3,0.0
1,691,4,0.0
1,691,5,0.0
1,691,6,0.0
1,692,0,0.0
1,692,1,0.0
1,692,2,0.0
1,692,3,0.0
1,692,4,0.0
1,692,5,0.0
1,692,6,0.0
1,693,0,0.0
1,693,1,0.0
1,693,2,0.0
1,693,3,0.0
1,693,4,0.0
1,693,5,0.0
1,693,6,0.0
1,694,0,0.0
1,694,1,0.0
1,694,2,0.0
1,694,3,0.0
1,694,4,0.0
1,694,5,0.0
1,694,6,0.0
1,695,0,0.0
1,695,1,0.0
1,695,2,0.0
1,695,3,0.0
1,695,4,0.0
1,695,5,0.0
1,695,6,0.0
1,696,0,0.0
1,696,1,0.0
1,696,2,0.0
1,696,3,0.0
1,696,4,0.0
1,696,5,0.0
1,696,6,0.0
1,697,0,0.0
1,697,1,0.0
1,697,2,0.0
1,697,3,0.0
1,697,4,0.0
1,697,5,0.0
1,697,6,0.0
1,698,0,0.0
1,698,1,0.0
1,698,2,0.0
1,698,3,0.0
1,698,4,0.0
1,698,5,0.0
1,698,6,0.0
1,699,0,0.0
1,699,1,0.0
1,699,2,0.0
1,699,3,0.0
1,699,4,0.0
1,699,5,0.0
1,699,6,0.0
1,700,0,0.0
1,700,1,0.0
1,700,2,0.0
1,700,3,0.0
1,700,4,0.0
1,700,5,0.0
1,700,6,0.0
1,701,0,0.0
1,701,1,0.0
1,701,2,0.0
1,701,3,0.0
1,701,4,0.0
1,701,5,0.0
1,701,6,0.0
1,702,0,0.0
1,702,1,0.0
1,702,2,0.0
1,702,3,0.0
1,702,4,0.0
1,702,5,0.0
1,702,6,0.0
1,703,0,0.0
1,703,1,0.0
1,703,2,0.0
1,703,3,0.0
1,703,4,0.0
1,703,5,0.0
1,703,6,0.0
1,704,0,0.0
1,704,1,0.0
1,704,2,0.0
1,704,3,0.0
1,704,4,0.0
1,704,5,0.0
1,704,6,0.0
1,705,0,0.0
1,705,1,0.0
1,705,2,0.0
1,705,3,0.0
1,705,4,0.0
1,705,5,0.0
1,705,6,0.0
1,706,0,0.0
1,706,1,0.0
1,706,2,0.0
1,706,3,0.0
1,706,4,0.0
1,706,5,0.0
1,706,6,0.0
1,707,0,0.0
1,707,1,0.0
1,707,2,0.0
1,707,3,0.0
1,707,4,0.0
1,707,5,0.0
1,707,6,0.0
1,708,0,0.0
1,708,1,0.0
1,708,2,0.0
1,708,3,0.0
1,708,4,0.0
1,708,5,0.0
1,708,6,0.0
1,709,0,0.0
1,709,1,0.0
1,709,2,0.0
1,709,3,0.0
1,709,4,0.0
1,709,5,0.0
1,709,6,0.0
1,710,0,0.0
1,710,1,0.0
1,710,2,0.0
1,710,3,0.0
1,710,4,0.0
1,710,5,0.0
1,710,6,0.0
1,711,0,0.0
1,711,1,0.0
1,711,2,0.0
1,711,3,0.0
1,711,4,0.0
1,711,5,0.0
1,711,6,0.0
1,712,0,0.0
1,712,1,0.0
1,712,2,0.0
1,712,3,0.0
1,712,4,0.0
1,712,5,0.0
1,712,6,0.0
1,713,0,0.0
1,713,1,0.0
1,713,2,0.0
1,713,3,0.0
1,713,4,0.0
1,713,5,0.0
1,713,6,0.0
1,714,0,0.0
1,714,1,0.0
1,714,2,0.0
1,714,3,0.0
1,714,4,0.0
1,714,5,0.0
1,714,6,0.0
1,715,0,0.0
1,715,1,0.0
1,715,2,0.0
1,715,3,0.0
1,715,4,0.0
1,715,5,0.0
1,715,6,0.0
1,716,0,0.0
1,716,1,0.0
1,716,2,0.0
1,716,3,0.0
1,716,4,0.0
1,716,5,0.0
1,716,6,0.0
1,717,0,0.0
1,717,1,0.0
1,717,2,0.0
1,717,3,0.0
1,717,4,0.0
1,717,5,0.0
1,717,6,0.0
1,718,0,0.0
1,718,1,0.0
1,718,2,0.0
1,718,3,0.0
1,718,4,0.0
1,718,5,0.0
1,718,6,0.0
1,719,0,0.0
1,719,1,0.0
1,719,2,0.0
1,719,3,0.0
1,719,4,0.0
1,719,5,0.0
1,719,6,0.0
1,720,0,0.0
1,720,1,0.0
1,720,2,0.0
1,720,3,0.0
1,720,4,0.0
1,720,5,0.0
1,720,6,0.0
1,721,0,0.0
1,721,1,0.0
1,721,2,0.0
1,721,3,0.0
1,721,4,0.0
1,721,5,0.0
1,721,6,0.0
1,722,0,0.0
1,722,1,0.0
1,722,2,0.0
1,722,3,0.0
1,722,4,0.0
1,722,5,0.0
1,722,6,0.0
1,723,0,0.0
1,723,1,0.0
1,723,2,0.0
1,723,3,0.0
1,723,4,0.0
1,723,5,0.0
1,723,6,0.0
1,724,0,0.0
1,724,1,0.0
1,724,2,0.0
1,724,3,0.0
1,724,4,0.0
1,724,5,0.0
1,724,6,0.0
1,725,0,0.0
1,725,1,0.0
1,725,2,0.0
1,725,3,0.0
1,725,4,0.0
1,725,5,0.0
1,725,6,0.0
1,726,0,0.0
1,726,1,0.0
1,726,2,0.0
1,726,3,0.0
1,726,4,0.0
1,726,5,0.0
1,726,6,0.0
1,727,0,0.0
1,727,1,0.0
1,727,2,0.0
1,727,3,0.0
1,727,4,0.0
1,727,5,0.0
1,727,6,0.0
1,728,0,0.0
1,728,1,0.0
1,728,2,0.0
1,728,3,0.0
1,728,4,0.0
1,728,5,0.0
1,728,6,0.0
1,729,0,0.0
1,729,1,0.0
1,729,2,0.0
1,729,3,0.0
1,729,4,0.0
1,729,5,0.0
1,729,6,0.0
1,730,0,0.0
1,730,1,0.0
1,730,2,0.0
1,730,3,0.0
1,730,4,0.0
1,730,5,0.0
1,730,6,0.0
1,731,0,0.0
1,731,1,0.0
1,731,2,0.0
1,731,3,0.0
1,731,4,0.0
1,731,5,0.0
1,731,6,0.0
1,732,0,0.0
1,732,1,0.0
1,732,2,0.0
1,732,3,0.0
1,732,4,0.0
1,732,5,0.0
1,732,6,0.0
1,733,0,0.0
1,733,1,0.0
1,733,2,0.0
1,733,3,0.0
1,733,4,0.0
1,733,5,0.0
1,733,6,0.0
1,734,0,0.0
1,734,1,0.0
1,734,2,0.0
1,734,3,0.0
1,734,4,0.0
1,734,5,0.0
1,734,6,0.0
1,735,0,0.0
1,735,1,0.0
1,735,2,0.0
1,735,3,0.0
1,735,4,0.0
1,735,5,0.0
1,735,6,0.0
1,736,0,0.0
1,736,1,0.0
1,736,2,0.0
1,736,3,0.0
1,736,4,0.0
1,736,5,0.0
1,736,6,0.0
1,737,0,0.0
1,737,1,0.0
1,737,2,0.0
1,737,3,0.0
1,737,4,0.0
1,737,5,0.0
1,737,6,0.0
1,738,0,0.0
1,738,1,0.0
1,738,2,0.0
1,738,3,0.0
1,738,4,0.0
1,738,5,0.0
1,738,6,0.0
1,739,0,0.0
1,739,1,0.0
1,739,2,0.0
1,739,3,0.0
1,739,4,0.0
1,739,5,0.0
1,739,6,0.0
1,740,0,0.0
1,740,1,0.0
1,740,2,0.0
1,740,3,0.0
1,740,4,0.0
1,740,5,0.0
1,740,6,0.0
1,741,0,0.0
1,741,1,0.0
1,741,2,0.0
1,741,3,0.0
1,741,4,0.0
1,741,5,0.0
1,741,6,0.0
1,742,0,0.0
1,742,1,0.0
1,742,2,0.0
1,742,3,0.0
1,742,4,0.0
1,742,5,0.0
1,742,6,0.0
1,743,0,0.0
1,743,1,0.0
1,743,2,0.0
1,743,3,0.0
1,743,4,0.0
1,743,5,0.0
1,743,6,0.0
1,744,0,0.0
1,744,1,0.0
1,744,2,0.0
1,744,3,0.0
1,744,4,0.0
1,744,5,0.0
1,744,6,0.0
1,745,0,0.0
1,745,1,0.0
1,745,2,0.0
1,745,3,0.0
1,745,4,0.0
1,745,5,0.0
1,745,6,0.0
1,746,0,0.0
1,746,1,0.0
1,746,2,0.0
1,746,3,0.0
1,746,4,0.0
1,746,5,0.0
1,746,6,0.0
1,747,0,0.0
1,747,1,0.0
1,747,2,0.0
1,747,3,0.0
1,747,4,0.0
1,747,5,0.0
1,747,6,0.0
1,748,0,0.0
1,748,1,0.0
1,748,2,0.0
1,748,3,0.0
1,748,4,0.0
1,748,5,0.0
1,748,6,0.0
1,749,0,0.0
1,749,1,0.0
1,749,2,0.0
1,749,3,0.0
1,749,4,0.0
1,749,5,0.0
1,749,6,0.0
1,750,0,0.0
1,750,1,0.0
1,750,2,0.0
1,750,3,0.0
1,750,4,0.0
1,750,5,0.0
1,750,6,0.0
1,751,0,0.0
1,751,1,0.0
1,751,2,0.0
1,751,3,0.0
1,751,4,0.0
1,751,5,0.0
1,751,6,0.0
1,752,0,0.0
1,752,1,0.0
1,752,2,0.0
1,752,3,0.0
1,752,4,0.0
1,752,5,0.0
1,752,6,0.0
1,753,0,0.0
1,753,1,0.0
1,753,2,0.0
1,753,3,0.0
1,753,4,0.0
1,753,5,0.0
1,753,6,0.0
1,754,0,0.0
1,754,1,0.0
1,754,2,0.0
1,754,3,0.0
1,754,4,0.0
1,754,5,0.0
1,754,6,0.0
1,755,0,0.0
1,755,1,0.0
1,755,2,0.0
1,755,3,0.0
1,755,4,0.0
1,755,5,0.0
1,755,6,0.0
1,756,0,0.0
1,756,1,0.0
1,756,2,0.0
1,756,3,0.0
1,756,4,0.0
1,756,5,0.0
1,756,6,0.0
1,757,0,0.0
1,757,1,0.0
1,757,2,0.0
1,757,3,0.0
1,757,4,0.0
1,757,5,0.0
1,757,6,0.0
1,758,0,0.0
1,758,1,0.0
1,758,2,0.0
1,758,3,0.0
1,758,4,0.0
1,758,5,0.0
1,758,6,0.0
1,759,0,0.0
1,759,1,0.0
1,759,2,0.0
1,759,3,0.0
1,759,4,0.0
1,759,5,0.0
1,759,6,0.0
1,760,0,0.0
1,760,1,0.0
1,760,2,0.0
1,760,3,0.0
1,760,4,0.0
1,760,5,0.0
1,760,6,0.0
1,761,0,0.0
1,761,1,0.0
1,761,2,0.0
1,761,3,0.0
1,761,4,0.0
1,761,5,0.0
1,761,6,0.0
1,762,0,0.0
1,762,1,0.0
1,762,2,0.0
1,762,3,0.0
1,762,4,0.0
1,762,5,0.0
1,762,6,0.0
1,763,0,0.0
1,763,1,0.0
1,763,2,0.0
1,763,3,0.0
1,763,4,0.0
1,763,5,0.0
1,763,6,0.0
1,764,0,0.0
1,764,1,0.0
1,764,2,0.0
1,764,3,0.0
1,764,4,0.0
1,764,5,0.0
1,764,6,0.0
1,765,0,0.0
1,765,1,0.0
1,765,2,0.0
1,765,3,0.0
1,765,4,0.0
1,765,5,0.0
1,765,6,0.0
1,766,0,0.0
1,766,1,0.0
1,766,2,0.0
1,766,3,0.0
1,766,4,0.0
1,766,5,0.0
1,766,6,0.0
1,767,0,0.0
1,767,1,0.0
1,767,2,0.0
1,767,3,0.0
1,767,4,0.0
1,767,5,0.0
1,767,6,0.0
1,768,0,0.0
1,768,1,0.0
1,768,2,0.0
1,768,3,0.0
1,768,4,0.0
1,768,5,0.0
1,768,6,0.0
1,769,0,0.0
1,769,1,0.0
1,769,2,0.0
1,769,3,0.0
1,769,4,0.0
1,769,5,0.0
1,769,6,0.0
1,770,0,0.0
1,770,1,0.0
1,770,2,0.0
1,770,3,0.0
1,770,4,0.0
1,770,5,0.0
1,770,6,0.0
1,771,0,0.0
1,771,1,0.0
1,771,2,0.0
1,771,3,0.0
1,771,4,0.0
1,771,5,0.0
1,771,6,0.0
1,772,0,0.0
1,772,1,0.0
1,772,2,0.0
1,772,3,0.0
1,772,4,0.0
1,772,5,0.0
1,772,6,0.0
1,773,0,0.0
1,773,1,0.0
1,773,2,0.0
1,773,3,0.0
1,773,4,0.0
1,773,5,0.0
1,773,6,0.0
1,774,0,0.0
1,774,1,0.0
1,774,2,0.0
1,774,3,0.0
1,774,4,0.0
1,774,5,0.0
1,774,6,0.0
1,775,0,0.0
1,775,1,0.0
1,775,2,0.0
1,775,3,0.0
1,775,4,0.0
1,775,5,0.0
1,775,6,0.0
1,776,0,0.0
1,776,1,0.0
1,776,2,0.0
1,776,3,0.0
1,776,4,0.0
1,776,5,0.0
1,776,6,0.0
1,777,0,0.0
1,777,1,0.0
1,777,2,0.0
1,777,3,0.0
1,777,4,0.0
1,777,5,0.0
1,777,6,0.0
1,778,0,0.0
1,778,1,0.0
1,778,2,0.0
1,778,3,0.0
1,778,4,0.0
1,778,5,0.0
1,778,6,0.0
1,779,0,0.0
1,779,1,0.0
1,779,2,0.0
1,779,3,0.0
1,779,4,0.0
1,779,5,0.0
1,779,6,0.0
1,780,0,0.0
1,780,1,0.0
1,780,2,0.0
1,780,3,0.0
1,780,4,0.0
1,780,5,0.0
1,780,6,0.0
1,781,0,0.0
1,781,1,0.0
1,781,2,0.0
1,781,3,0.0
1,781,4,0.0
1,781,5,0.0
1,781,6,0.0
1,782,0,0.0
1,782,1,0.0
1,782,2,0.0
1,782,3,0.0
1,782,4,0.0
1,782,5,0.0
1,782,6,0.0
1,783,0,0.0
1,783,1,0.0
1,783,2,0.0
1,783,3,0.0
1,783,4,0.0
1,783,5,0.0
1,783,6,0.0
1,784,0,0.0
1,784,1,0.0
1,784,2,0.0
1,784,3,0.0
1,784,4,0.0
1,784,5,0.0
1,784,6,0.0
1,785,0,0.0
1,785,1,0.0
1,785,2,0.0
1,785,3,0.0
1,785,4,0.0
1,785,5,0.0
1,785,6,0.0
1,786,0,0.0
1,786,1,0.0
1,786,2,0.0
1,786,3,0.0
1,786,4,0.0
1,786,5,0.0
1,786,6,0.0
1,787,0,0.0
1,787,1,0.0
1,787,2,0.0
1,787,3,0.0
1,787,4,0.0
1,787,5,0.0
1,787,6,0.0
1,788,0,0.0
1,788,1,0.0
1,788,2,0.0
1,788,3,0.0
1,788,4,0.0
1,788,5,0.0
1,788,6,0.0
1,789,0,0.0
1,789,1,0.0
1,789,2,0.0
1,789,3,0.0
1,789,4,0.0
1,789,5,0.0
1,789,6,0.0
1,790,0,0.0
1,790,1,0.0
1,790,2,0.0
1,790,3,0.0
1,790,4,0.0
1,790,5,0.0
1,790,6,0.0
1,791,0,0.0
1,791,1,0.0
1,791,2,0.0
1,791,3,0.0
1,791,4,0.0
1,791,5,0.0
1,791,6,0.0
1,792,0,0.0
1,792,1,0.0
1,792,2,0.0
1,792,3,0.0
1,792,4,0.0
1,792,5,0.0
1,792,6,0.0
1,793,0,0.0
1,793,1,0.0
1,793,2,0.0
1,793,3,0.0
1,793,4,0.0
1,793,5,0.0
1,793,6,0.0
1,794,0,0.0
1,794,1,0.0
1,794,2,0.0
1,794,3,0.0
1,794,4,0.0
1,794,5,0.0
1,794,6,0.0
1,795,0,0.0
1,795,1,0.0
1,795,2,0.0
1,795,3,0.0
1,795,4,0.0
1,795,5,0.0
1,795,6,0.0
1,796,0,0.0
1,796,1,0.0
1,796,2,0.0
1,796,3,0.0
1,796,4,0.0
1,796,5,0.0
1,796,6,0.0
1,797,0,0.0
1,797,1,0.0
1,797,2,0.0
1,797,3,0.0
1,797,4,0.0
1,797,5,0.0
1,797,6,0.0
1,798,0,0.0
1,798,1,0.0
1,798,2,0.0
1,798,3,0.0
1,798,4,0.0
1,798,5,0.0
1,798,6,0.0
1,799,0,0.0
1,799,1,0.0
1,799,2,0.0
1,799,3,0.0
1,799,4,0.0
1,799,5,0.0
1,799,6,0.0
2,0,0,0.9910259687024914
2,0,1,0.004317524177743579
2,0,2,0.0046565071197649625
2,0,3,0.11946531579108027
2,0,4,9.395433560435938
2,0,5,44.85835637969626
2,0,6,1.0039463369132127
2,1,0,0.9910259687024914
2,1,1,0.004317524177743579
2,1,2,0.0046565071197649625
2,1,3,0.11946531579108027
2,1,4,9.395433560435938
2,1,5,44.85835637969626
2,1,6,1.0039463369132127
2,2,0,0.9910259687024914
2,2,1,0.004317524177743579
2,2,2,0.0046565071197649625
2,2,3,0.11946531579108027
2,2,4,9.395433560435938
2,2,5,44.85835637969626
2,2,6,1.0039463369132127
2,3,0,0.9910259687024914
2,3,1,0.004317524177743579
2,3,2,0.0046565071197649625
2,3,3,0.11946531579108027
2,3,4,9.395433560435938
2,3,5,44.85835637969626
2,3,6,1.0039463369132127
2,4,0,0.9910259687024914
2,4,1,0.004317524177743579
2,4,2,0.0046565071197649625
2,4,3,0.11946531579108027
2,4,4,9.395433560435938
2,4,5,44.85835637969626
2,4,6,1.0039463369132127
2,5,0,0.9910259687024914
2,5,1,0.004317524177743579
2,5,2,0.0046565071197649625
2,5,3,0.11946531579108027
2,5,4,9.395433560435938
2,5,5,44.85835637969626
2,5,6,1.0039463369132127
2,6,0,0.9910259687024914
2,6,1,0.004317524177743579
2,6,2,0.0046565071197649625
2,6,3,0.11946531579108027
2,6,4,9.395433560435938
2,6,5,44.85835637969626
2,6,6,1.0039463369132127
2,7,0,0.9910790768783381
2,7,1,0.004322298495131377
2,7,2,0.004598624626530475
2,7,3,0.12139506284392254
2,7,4,9.363120926807662
2,7,5,44.86416689341657
2,7,6,1.003891357627536
2,8,0,0.9910183386712729
2,8,1,0.00436201599531064
2,8,2,0.0046196453334164354
2,8,3,0.12177143239534002
2,8,4,9.313457570283736
2,8,5,44.865440794699374
2,8,6,1.004043558950503
2,9,0,0.9908803777492641
2,9,1,0.004480623617869623
2,9,2,0.004638998632866285
2,9,3,0.12351465101318118
2,9,4,9.317108176743185
2,9,5,44.87193714157617
2,9,6,1.004105252903975
2,10,0,0.9920361996773744
2,10,1,0.0038362754970053493
2,10,2,0.0041275248256201266
2,10,3,0.13229579876951592
2,10,4,8.567080424480816
2,10,5,44.8962803104759
2,10,6,1.0061138954586566
2,11,0,0.9906589275604257
2,11,1,0.005020069101585089
2,11,2,0.004321003337989178
2,11,3,0.15781808399287264
2,11,4,8.667291333667873
2,11,5,44.977760398199315
2,11,6,1.0079451513097837
2,12,0,0.9889700944803065
2,12,1,0.006522697105236751
2,12,2,0.00450720841445679
2,12,3,0.17700883480456406
2,12,4,8.52308673133284
2,12,5,45.048413734707545
2,12,6,1.009189355448985
2,13,0,0.9879109232790364
2,13,1,0.007771828162727191
2,13,2,0.004317248558236465
2,13,3,0.16838946332986038
2,13,4,9.015536636633078
2,13,5,45.015869076424025
2,13,6,1.012025651653806
2,14,0,0.9857215271693642
2,14,1,0.009471984010603325
2,14,2,0.004806488820032385
2,14,3,0.1905388441665699
2,14,4,8.920376219058097
2,14,5,45.10342607592144
2,14,6,1.0114926791891456
2,15,0,0.9839890640948417
2,15,1,0.011121848261478468
2,15,2,0.004889087643679872
2,15,3,0.18845126655717273
2,15,4,8.668998188018715
2,15,5,45.09469579884098
2,15,6,1.0106336302365708
2,16,0,0.9821051954113974
2,16,1,0.01282134522302918
2,16,2,0.00507345936557337
2,16,3,0.18883269262210753
2,16,4,8.285129448417411
2,16,5,45.09666097563106
2,16,6,1.0102286731187786
2,17,0,0.9801736723800725
2,17,1,0.01444637687185496
2,17,2,0.005379950748072504
2,17,3,0.19911419870197689
2,17,4,8.591581004658211
2,17,5,45.1404149632275
2,17,6,1.0098915488284503
2,18,0,0.9778762200703591
2,18,1,0.016398204936566883
2,18,2,0.005725574993074026
2,18,3,0.18805006287728032
2,18,4,8.397379393073479
2,18,5,45.09308907531145
2,18,6,1.010258773732481
2,19,0,0.9760325516937046
2,19,1,0.018495183166499056
2,19,2,0.005472265139796404
2,19,3,0.1994697638419473
2,19,4,8.848980070682629
2,19,5,45.14194799307829
2,19,6,1.010207981053369
2,20,0,0.9743836828115542
2,20,1,0.020098309286937528
2,20,2,0.005518007901508265
2,20,3,0.20853173490719423
2,20,4,9.348583986578525
2,20,5,45.18285492693755
2,20,6,1.0105111884378581
2,21,0,0.9715201303367369
2,21,1,0.022641167999630465
2,21,2,0.005838701663632713
2,21,3,0.20052129084108639
2,21,4,9.070980236228376
2,21,5,45.1469144975614
2,21,6,1.009760705544804
2,22,0,0.9699107709195106
2,22,1,0.024260546207560393
2,22,2,0.005828682872929011
2,22,3,0.20454115146609472
2,22,4,9.215729569322676
2,22,5,45.16472176421428
2,22,6,1.0095884882230641
2,23,0,0.9683035793712
2,23,1,0.02562505385704588
2,23,2,0.006071366771754064
2,23,3,0.2067640223130787
2,23,4,9.415775570807423
2,23,5,45.17488934945722
2,23,6,1.0095843196892398
2,24,0,0.9662344338834108
2,24,1,0.027413008744624847
2,24,2,0.0063525573719643395
2,24,3,0.20576003102301044
2,24,4,9.59434756020065
2,24,5,45.17047175625188
2,24,6,1.0097679551434868
2,25,0,0.9638876202452785
2,25,1,0.029141502969040275
2,25,2,0.006970876785681184
2,25,3,0.2095810998285625
2,25,4,9.445837679469452
2,25,5,45.18766548262792
2,25,6,1.0093445556733078
2,26,0,0.9622875178399439
2,26,1,0.030812478376821696
2,26,2,0.006900003783234456
2,26,3,0.2060559099344143
2,26,4,9.714177902911219
2,26,5,45.17194373112034
2,26,6,1.0097727366706972
2,27,0,0.9606352924556113
2,27,1,0.03248953909524942
2,27,2,0.006875168449139391
2,27,3,0.21312656030126712
2,27,4,9.897017491037024
2,27,5,45.20429973417147
2,27,6,1.009191226024276
2,28,0,0.9586944612838384
2,28,1,0.03418264992398698
2,28,2,0.007122888792174521
2,28,3,0.21645184765949688
2,28,4,10.034685736148703
2,28,5,45.22006380983533
2,28,6,1.008923936090817
2,29,0,0.95730282992553
2,29,1,0.0358931695883446
2,29,2,0.006804000486125483
2,29,3,0.21575512501345065
2,29,4,10.368002072814704
2,29,5,45.2167795190573
2,29,6,1.0098576718474666
2,30,0,0.9552717178778695
2,30,1,0.03787706255842307
2,30,2,0.006851219563707435
2,30,3,0.22014993874906771
2,30,4,10.57805255738523
2,30,5,45.238003392547746
2,30,6,1.009603662593571
2,31,0,0.9539117908041589
2,31,1,0.03902972467780934
2,31,2,0.007058484518031661
2,31,3,0.2172454556187514
2,31,4,10.791305113266848
2,31,5,45.22389277553469
2,31,6,1.0103721253531086
2,32,0,0.9517101917294704
2,32,1,0.04081663927543221
2,32,2,0.007473168995097423
2,32,3,0.22198492611933282
2,32,4,10.832545346507752
2,32,5,45.24692289050129
2,32,6,1.0099167285412929
2,33,0,0.9503011644229471
2,33,1,0.042492261018705305
2,33,2,0.007206574558347553
2,33,3,0.22838772210076178
2,33,4,11.16043316732527
2,33,5,45.27873232868974
2,33,6,1.0099333412746374
2,34,0,0.9485478189523958
2,34,1,0.04378852293999242
2,34,2,0.007663658107611719
2,34,3,0.23297352577815797
2,34,4,11.298613708344721
2,34,5,45.3020701183284
2,34,6,1.0098845648593575
2,35,0,0.9473593134452549
2,35,1,0.04497871157524205
2,35,2,0.007661974979502956
2,35,3,0.23092494765043964
2,35,4,11.56312948801385
2,35,5,45.291706826015904
2,35,6,1.011049635095692
2,36,0,0.9456077610033667
2,36,1,0.04635166765377378
2,36,2,0.008040571342859413
2,36,3,0.23477240725948384
2,36,4,11.558226687275406
2,36,5,45.31138547534592
2,36,6,1.0102877540624342
2,37,0,0.9436976520163641
2,37,1,0.04797458042437275
2,37,2,0.00832776755926314
2,37,3,0.2287077196109864
2,37,4,11.802370325276728
2,37,5,45.28056073661153
2,37,6,1.0112504887959515
2,38,0,0.9420281465347966
2,38,1,0.049421635648228754
2,38,2,0.008550217816974607
2,38,3,0.23101047295505886
2,38,4,11.996697161364741
2,38,5,45.29230290737855
2,38,6,1.0113107215309425
2,39,0,0.9408436507005649
2,39,1,0.050685631981080635
2,39,2,0.008470717318354535
2,39,3,0.24092083839073966
2,39,4,12.173930640874868
2,39,5,45.34378418494944
2,39,6,1.0108121856352872
2,40,0,0.9393200247351979
2,40,1,0.052065522604712845
2,40,2,0.008614452660089207
2,40,3,0.23808520821531953
2,40,4,12.436561280876816
2,40,5,45.32878842514202
2,40,6,1.0117059632756051
2,41,0,0.9379966066226786
2,41,1,0.05308226612638685
2,41,2,0.00892112725093459
2,41,3,0.235161831105042
2,41,4,12.531652014967694
2,41,5,45.31375640725956
2,41,6,1.012300819141804
2,42,0,0.9365724116179902
2,42,1,0.05455481198728686
2,42,2,0.008872776394722993
2,42,3,0.24384549734562672
2,42,4,12.802471293010464
2,42,5,45.359521186853044
2,42,6,1.0120027743179094
2,43,0,0.9343242533838394
2,43,1,0.05626637795726173
2,43,2,0.00940936865889885
2,43,3,0.2494793375439225
2,43,4,12.888173943789186
2,43,5,45.390078682439224
2,43,6,1.0116682028175428
2,44,0,0.9330870640736408
2,44,1,0.056753402046366405
2,44,2,0.010159533879992785
2,44,3,0.2439573531541576
2,44,4,12.870799842941592
2,44,5,45.360099083151
2,44,6,1.012120943837738
2,45,0,0.9319084532727633
2,45,1,0.057948551773326945
2,45,2,0.010142994953909735
2,45,3,0.254998317191423
2,45,4,13.139824457798642
2,45,5,45.42073981564971
2,45,6,1.0119959169956465
2,46,0,0.9306336266718964
2,46,1,0.059513518931998834
2,46,2,0.009852854396104747
2,46,3,0.2538794479628267
2,46,4,13.395760691932137
2,46,5,45.41460849010443
2,46,6,1.012538169123115
2,47,0,0.9294825028158182
2,47,1,0.060663775661051814
2,47,2,0.00985372152312988
2,47,3,0.258534841741707
2,47,4,13.534411908998496
2,47,5,45.44071795101903
2,47,6,1.012637757139355
2,48,0,0.9274659934774144
2,48,1,0.06207930985066178
2,48,2,0.010454696671923808
2,48,3,0.26338657398057475
2,48,4,13.590023832641686
2,48,5,45.46853789560555
2,48,6,1.0124634334001703
2,49,0,0.9262847538090805
2,49,1,0.06337787347539005
2,49,2,0.010337372715529444
2,49,3,0.26360803727296145
2,49,4,13.845109496308641
2,49,5,45.469935417132156
2,49,6,1.0130691270433747
2,50,0,0.9251848613262296
2,50,1,0.06450643639460986
2,50,2,0.010308702279160604
2,50,3,0.2660955961534442
2,50,4,14.049637400696186
2,50,5,45.484322066117606
2,50,6,1.0134076400114824
2,51,0,0.9242748171857255
2,51,1,0.06566004430993777
2,51,2,0.010065138504336747
2,51,3,0.2729039035188801
2,51,4,14.381865055112485
2,51,5,45.52462190464056
2,51,6,1.013488332786482
2,52,0,0.9225387946294912
2,52,1,0.06631366108214252
2,52,2,0.011147544288366246
2,52,3,0.26879590598125763
2,52,4,14.248873502340324
2,52,5,45.50052011108858
2,52,6,1.0138888566801
2,53,0,0.9214577316890712
2,53,1,0.06731198070364112
2,53,2,0.01123028760728772
2,53,3,0.27847762827846123
2,53,4,14.41897978902478
2,53,5,45.55836329129562
2,53,6,1.0142681177142903
2,54,0,0.9206786950070295
2,54,1,0.06856722975987235
2,54,2,0.010754075233098128
2,54,3,0.28139929554902726
2,54,4,14.704831307649865
2,54,5,45.576410423172455
2,54,6,1.0144527112899517
2,55,0,0.9190110109598985
2,55,1,0.06955497836850472
2,55,2,0.01143401067159683
2,55,3,0.28281748345389934
2,55,4,14.785570594563698
2,55,5,45.585360342973296
2,55,6,1.0144991805780905
2,56,0,0.9178427826130702
2,56,1,0.07068619306980402
2,56,2,0.011471024317125714
2,56,3,0.2861350837568475
2,56,4,15.031621539204702
2,56,5,45.6058518266052
2,56,6,1.014544214224968
2,57,0,0.9162599491188069
2,57,1,0.07152800179724296
2,57,2,0.01221204908395017
2,57,3,0.2917665509543762
2,57,4,15.080729516388685
2,57,5,45.64145310561682
2,57,6,1.0145416855040328
2,58,0,0.9154967426917381
2,58,1,0.07235162396997312
2,58,2,0.012151633338288791
2,58,3,0.28910831488097866
2,58,4,15.25285395578597
2,58,5,45.624724183614546
2,58,6,1.0151795604834786
2,59,0,0.9145115362449369
2,59,1,0.07296106829378159
2,59,2,0.01252739546128158
2,59,3,0.297089071078822
2,59,4,15.493063700041999
2,59,5,45.67592478375418
2,59,6,1.014881280840646
2,60,0,0.9130409723130134
2,60,1,0.07397392604188915
2,60,2,0.01298510164509733
2,60,3,0.2949840666320866
2,60,4,15.413712693670986
2,60,5,45.662425517040816
2,60,6,1.0159494142978907
2,61,0,0.9117797019741616
2,61,1,0.07497353219874635
2,61,2,0.0132467658270921
2,61,3,0.30497778051652874
2,61,4,15.479913139461043
2,61,5,45.72783108465497
2,61,6,1.0155931318408515
2,62,0,0.9101343026351377
2,62,1,0.07636844044966945
2,62,2,0.013497256915192862
2,62,3,0.30304589959787215
2,62,4,15.545669719478601
2,62,5,45.71526835960282
2,62,6,1.015705086730207
2,63,0,0.9093014821169636
2,63,1,0.07703837259814848
2,63,2,0.013660145284887846
2,63,3,0.3154925159370737
2,63,4,15.749652435177342
2,63,5,45.79917411490837
2,63,6,1.0150423488672413
2,64,0,0.9084883942628825
2,64,1,0.07787766354517847
2,64,2,0.013633942191938942
2,64,3,0.31378339356891527
2,64,4,15.91309900171649
2,64,5,45.78751731856639
2,64,6,1.0161467174920071
2,65,0,0.9066629814255056
2,65,1,0.07919984030045465
2,65,2,0.014137178274039777
2,65,3,0.3199468963880128
2,65,4,16.06620376045842
2,65,5,45.77036634942612
2,65,6,1.0161270207588005
2,66,0,0.9062272427405454
2,66,1,0.07981501187010022
2,66,2,0.013957745389354376
2,66,3,0.3233376280442304
2,66,4,16.258639448070372
2,66,5,45.79687255582506
2,66,6,1.016499666520159
2,67,0,0.9048137959943481
2,67,1,0.08104357106166496
2,67,2,0.014142632943986912
2,67,3,0.3301905498183134
2,67,4,16.42460761044199
2,67,5,45.84431121075725
2,67,6,1.0162251480477202
2,68,0,0.9026738647033404
2,68,1,0.08253458814896342
2,68,2,0.014791547147696163
2,68,3,0.33338064384512817
2,68,4,16.45466105975389
2,68,5,45.925895692978855
2,68,6,1.01709725879091
2,69,0,0.9015972304708196
2,69,1,0.08290958629199124
2,69,2,0.015493183237189116
2,69,3,0.3327982288565575
2,69,4,16.42249162901569
2,69,5,45.86452008417371
2,69,6,1.0175507915548987
2,70,0,0.9004679726929182
2,70,1,0.08326319554020625
2,70,2,0.016268831766875554
2,70,3,0.3424321472975093
2,70,4,16.440715451042283
2,70,5,45.93195241229508
2,70,6,1.0166805668201029
2,71,0,0.9001948840982971
2,71,1,0.08373360334226604
2,71,2,0.01607151255943694
2,71,3,0.3402809715192181
2,71,4,16.70397591304413
2,71,5,45.91707053441979
2,71,6,1.0171351350051263
2,72,0,0.8996336505675179
2,72,1,0.08443575317500306
2,72,2,0.01593059625747905
2,72,3,0.34704406584777914
2,72,4,16.86709302775517
2,72,5,45.96660172981293
2,72,6,1.0177484009115747
2,73,0,0.8984836427314393
2,73,1,0.08529859315436666
2,73,2,0.016217764114194018
2,73,3,0.35620958016675514
2,73,4,16.94633852615728
2,73,5,46.035022238383334
2,73,6,1.0175933837335212
2,74,0,0.8970786428893109
2,74,1,0.08588354801889098
2,74,2,0.01703780909179801
2,74,3,0.35504440316746955
2,74,4,16.99154752228702
2,74,5,46.02501175580801
2,74,6,1.0181991687306773
2,75,0,0.8959210263591317
2,75,1,0.08653034688516795
2,75,2,0.01754862675570041
2,75,3,0.3613941469513526
2,75,4,17.10863852995782
2,75,5,45.26258147262591
2,75,6,1.0180871122548751
2,76,0,0.8941048873241969
2,76,1,0.08831345441473928
2,76,2,0.017581658261063785
2,76,3,0.3648276088413913
2,76,4,17.16773935029066
2,76,5,45.28869439483777
2,76,6,1.0179293789374642
2,77,0,0.8935136991417444
2,77,1,0.08878046966123991
2,77,2,0.01770583119701571
2,77,3,0.37315921754923254
2,77,4,17.23006960628072
2,77,5,45.31707252727829
2,77,6,1.0180943700610792
2,78,0,0.8921699539323006
2,78,1,0.08983470780277308
2,78,2,0.01799533826492625
2,78,3,0.3730865667514708
2,78,4,17.28489341879381
2,78,5,45.32907494466939
2,78,6,1.0189122939421116
2,79,0,0.8916671789154667
2,79,1,0.08983485502699098
2,79,2,0.01849796605754232
2,79,3,0.38174854013380255
2,79,4,17.3389974161653
2,79,5,45.33981089696301
2,79,6,1.0183971243766192
2,80,0,0.8905594389063957
2,80,1,0.09033922450642506
2,80,2,0.019101336587179295
2,80,3,0.38366892717881806
2,80,4,17.386582784284816
2,80,5,45.34533016934195
2,80,6,1.0190684610419662
2,81,0,0.8889894996792003
2,81,1,0.09140847119724467
2,81,2,0.01960202912355506
2,81,3,0.3879196624249052
2,81,4,17.444253287258398
2,81,5,45.37526844322124
2,81,6,1.0185629585315772
2,82,0,0.8883436190276697
2,82,1,0.09140819874850872
2,82,2,0.02024818222382167
2,82,3,0.39370929262195675
2,82,4,17.5016138436324
2,82,5,45.40605900399792
2,82,6,1.01822420851735
2,83,0,0.8876441711103524
2,83,1,0.09160850147280074
2,83,2,0.020747327416846793
2,83,3,0.39612875887174465
2,83,4,17.545887274953824
2,83,5,45.41292597266668
2,83,6,1.0190124655793125
2,84,0,0.8863082490390685
2,84,1,0.09281777529285076
2,84,2,0.020873975668080816
2,84,3,0.40251137383042884
2,84,4,17.590247899721565
2,84,5,45.42339754713288
2,84,6,1.0192405453407285
2,85,0,0.8856529918310908
2,85,1,0.0927631488182088
2,85,2,0.021583859350700504
2,85,3,0.40960432614152614
2,85,4,17.598227542474934
2,85,5,45.451063219898785
2,85,6,1.0188668949136106
2,86,0,0.8849572894767831
2,86,1,0.09320718947515778
2,86,2,0.021835521048059088
2,86,3,0.4119907695299162
2,86,4,17.655417242648152
2,86,5,45.48512555749571
2,86,6,1.0195468038891309
2,87,0,0.8835188534179461
2,87,1,0.09414440286293423
2,87,2,0.022336743719119645
2,87,3,0.41833154559040103
2,87,4,17.71230355423414
2,87,5,45.519991497185316
2,87,6,1.0193350916459376
2,88,0,0.8826868507344982
2,88,1,0.09468036138962871
2,88,2,0.022632787875873167
2,88,3,0.4263405737390572
2,88,4,17.768915790989556
2,88,5,45.55574070655444
2,88,6,1.0193916081564913
2,89,0,0.8818809976036625
2,89,1,0.09469305758285455
2,89,2,0.02342594481348296
2,89,3,0.4330654366080499
2,89,4,17.825223244443837
2,89,5,45.59234624301255
2,89,6,1.0192709522660168
2,90,0,0.8807672443579383
2,90,1,0.09565903237419619
2,90,2,0.023573723267865568
2,90,3,0.4382362887390909
2,90,4,17.885378497309933
2,90,5,45.6313791284252
2,90,6,1.0192551830751087
2,91,0,0.879410343778161
2,91,1,0.09645117090085457
2,91,2,0.02413848532098449
2,91,3,0.4442266006608957
2,91,4,17.941020482458292
2,91,5,45.66977060316715
2,91,6,1.019238049555507
2,92,0,0.8784707278909425
2,92,1,0.09723273015654728
2,92,2,0.024296541952510273
2,92,3,0.4457439900787712
2,92,4,17.9967188854789
2,92,5,45.70896968512372
2,92,6,1.0199644158269592
2,93,0,0.8779922556025954
2,93,1,0.09886419202795821
2,93,2,0.02314355236944637
2,93,3,0.45532306742988954
2,93,4,18.600003522815825
2,93,5,46.48048352118084
2,93,6,1.020203568013635
2,94,0,0.8769071403514859
2,94,1,0.0913340742477532
2,94,2,0.03175878540076094
2,94,3,0.45736078922205814
2,94,4,16.541630615387604
2,94,5,43.098060654104074
2,94,6,1.0172247984489755
2,95,0,0.8764255523066402
2,95,1,0.09127762106941682
2,95,2,0.032296826623943065
2,95,3,0.4661213406759873
2,95,4,16.560432087374927
2,95,5,43.12923741976654
2,95,6,1.0164556415098025
2,96,0,0.8754472865278288
2,96,1,0.091802845579268
2,96,2,0.032749867892903274
2,96,3,0.4674794367938458
2,96,4,16.62069274964731
2,96,5,43.15223185413417
2,96,6,1.0171018165161096
2,97,0,0.8753934768773317
2,97,1,0.09179077928722165
2,97,2,0.03281574383544664
2,97,3,0.4680345824511447
2,97,4,16.62472659718507
2,97,5,43.1537778277861
2,97,6,1.017111750812357
2,98,0,0.8742972803094258
2,98,1,0.09190779715075752
2,98,2,0.03379492253981663
2,98,3,0.4732158796777161
2,98,4,16.56305620352553
2,98,5,43.02101725992936
2,98,6,1.0172175044889793
2,99,0,0.8732589299252889
2,99,1,0.0922833932556593
2,99,2,0.034457676819051826
2,99,3,0.4828944706295852
2,99,4,16.623342375963244
2,99,5,43.044066166640526
2,99,6,1.0168270979715368
2,100,0,0.8727147461591596
2,100,1,0.0925344222714927
2,100,2,0.034750831569347745
2,100,3,0.48557558104952253
2,100,4,16.68335162455516
2,100,5,43.067115797917694
2,100,6,1.0167919566201862
2,101,0,0.8713253588906456
2,101,1,0.09335752857102199
2,101,2,0.03531711253833254
2,101,3,0.48973483390852957
2,101,4,16.74320753741538
2,101,5,43.09020908183577
2,101,6,1.017285045335918
2,102,0,0.8702930718072441
2,102,1,0.09233564562120845
2,102,2,0.037371282571547385
2,102,3,0.4963412932375669
2,102,4,16.174737462089272
2,102,5,43.09710983227861
2,102,6,1.0157575092579794
2,103,0,0.869653622469896
2,103,1,0.09285023989352138
2,103,2,0.03749613763658265
2,103,3,0.5058740704408287
2,103,4,16.2358918241993
2,103,5,43.12023968246649
2,103,6,1.0153480070730718
2,104,0,0.8689925439801632
2,104,1,0.09228076486654431
2,104,2,0.03872669115329245
2,104,3,0.5140562100955574
2,104,4,16.301373936089625
2,104,5,43.14504195469784
2,104,6,1.0156570905092694
2,105,0,0.8684403752791258
2,105,1,0.09228740616303606
2,105,2,0.039272218557838176
2,105,3,0.514033432142051
2,105,4,16.36240850227148
2,105,5,43.16814553491324
2,105,6,1.0165386519028983
2,106,0,0.8680009583887394
2,106,1,0.09239749003405824
2,106,2,0.03960155157720252
2,106,3,0.5241266619800643
2,106,4,16.423301783567478
2,106,5,43.19122930809884
2,106,6,1.0163473536774859
2,107,0,0.8666330953507471
2,107,1,0.09274658976962485
2,107,2,0.040620314879628125
2,107,3,0.5297437259715372
2,107,4,16.48396380209395
2,107,5,43.214356718450155
2,107,6,1.0164503958775417
2,108,0,0.8663381986367411
2,108,1,0.09287318164161817
2,108,2,0.04078861972164076
2,108,3,0.5338819463358191
2,108,4,16.504960304089202
2,108,5,43.2424872308932
2,108,6,1.0164648081511838
2,109,0,0.8657271196127618
2,109,1,0.0928176047431837
2,109,2,0.041455275644054594
2,109,3,0.5365630148026739
2,109,4,16.524562730587935
2,109,5,43.26707693286178
2,109,6,1.017046360557719
2,110,0,0.8643872741598426
2,110,1,0.09398389399579189
2,110,2,0.04162883184436546
2,110,3,0.5483555626439541
2,110,4,16.62362017674802
2,110,5,43.28555829480051
2,110,6,1.0169256902252803
2,111,0,0.8636953815013101
2,111,1,0.09394568949100485
2,111,2,0.042358929007685085
2,111,3,0.5545544077064378
2,111,4,16.64088535289593
2,111,5,43.31307441540716
2,111,6,1.0169789923037642
2,112,0,0.8628537043765133
2,112,1,0.09424566323827539
2,112,2,0.04290063238521129
2,112,3,0.5603109775715575
2,112,4,16.70130607290852
2,112,5,43.33614688939591
2,112,6,1.0168847114634427
2,113,0,0.862349005958833
2,113,1,0.09307612380000344
2,113,2,0.04457487024116343
2,113,3,0.5676144260497492
2,113,4,16.15142312220298
2,113,5,43.43513642008498
2,113,6,1.0154388038502877
2,114,0,0.8615683698413016
2,114,1,0.09334274814559214
2,114,2,0.04508888201310624
2,114,3,0.5747893802380032
2,114,4,16.212907570094725
2,114,5,43.45826541359962
2,114,6,1.0156945250416922
2,115,0,0.8605050866480258
2,115,1,0.09323455056247595
2,115,2,0.04626036278949826
2,115,3,0.5820836131928356
2,115,4,16.236964631837157
2,115,5,43.48424459464013
2,115,6,1.0161866102036714
2,116,0,0.8591313913627843
2,116,1,0.09337272441294253
2,116,2,0.04749588422427323
2,116,3,0.5891968267190032
2,116,4,16.298537815232276
2,116,5,43.507298855802645
2,116,6,1.015887515778933
2,117,0,0.8577117625689581
2,117,1,0.08488003736960159
2,117,2,0.05740820006144027
2,117,3,0.5898005257620839
2,117,4,14.393627238211058
2,117,5,41.81559366360046
2,117,6,1.0134861919689768
2,118,0,0.8575918920119682
2,118,1,0.0853709562448951
2,118,2,0.05703715174313666
2,118,3,0.6014082350424997
2,118,4,14.467656500434636
2,118,5,41.84078408016963
2,118,6,1.013221074866388
2,119,0,0.8567249684254414
2,119,1,0.08563083043354759
2,119,2,0.057644201141011014
2,119,3,0.6053622810531243
2,119,4,14.485171909410862
2,119,5,41.86537996085998
2,119,6,1.0134319501051245
2,120,0,0.8561095524528706
2,120,1,0.08564335273899422
2,120,2,0.05824709480813526
2,120,3,0.6111961871951188
2,120,4,14.553864501845128
2,120,5,41.889085527324895
2,120,6,1.014077091527064
2,121,0,0.8552108746016049
2,121,1,0.08618680084664009
2,121,2,0.058602324551755
2,121,3,0.6196901338174934
2,121,4,14.62254763247195
2,121,5,41.9127911947068
2,121,6,1.0135721040809635
2,122,0,0.8545231024688804
2,122,1,0.08608838529184071
2,122,2,0.05938851223927891
2,122,3,0.6288137686896341
2,122,4,14.691076700643233
2,122,5,41.93653643581874
2,122,6,1.0134443553388104
2,123,0,0.8536226489887782
2,123,1,0.08469372037768551
2,123,2,0.06168363063353638
2,123,3,0.6335722316057719
2,123,4,14.088517065493187
2,123,5,41.955409240461535
2,123,6,1.0125195690851614
2,124,0,0.8528888727629368
2,124,1,0.08456722295434298
2,124,2,0.06254390428272022
2,124,3,0.6399711716264218
2,124,4,14.158957662366252
2,124,5,41.97920617171677
2,124,6,1.0132227938578764
2,125,0,0.8516667351337712
2,125,1,0.08453985526373764
2,125,2,0.06379340960249112
2,125,3,0.6466949404739692
2,125,4,14.182360390647485
2,125,5,42.00649699739532
2,125,6,1.013398065176135
2,126,0,0.8511893413373319
2,126,1,0.08478946389923905
2,126,2,0.06402119476342903
2,126,3,0.6561243906044868
2,126,4,14.252892817129688
2,126,5,42.030121372551015
2,126,6,1.01344569722872
2,127,0,0.8504496695922539
2,127,1,0.08512823940175501
2,127,2,0.06442209100599106
2,127,3,0.6590492418062884
2,127,4,14.323162709879764
2,127,5,42.053756389259206
2,127,6,1.0137929127451808
2,128,0,0.8494555863746536
2,128,1,0.0844569081870843
2,128,2,0.0660875054382621
2,128,3,0.6670162771987328
2,128,4,14.270301131122087
2,128,5,41.932259435314556
2,128,6,1.0138329437139522
2,129,0,0.8487606889619241
2,129,1,0.0828370858911377
2,129,2,0.06840222514693808
2,129,3,0.6742173168392923
2,129,4,13.505265499925255
2,129,5,41.8615373609346
2,129,6,1.0117739941265051
2,130,0,0.8486249318564629
2,130,1,0.08268957766151913
2,130,2,0.06868549048201801
2,130,3,0.6804613818315708
2,130,4,13.57862024532546
2,130,5,41.8853631315574
2,130,6,1.0121997584892637
2,131,0,0.8483072220379807
2,131,1,0.08268580972813963
2,131,2,0.06900696823387975
2,131,3,0.6879836485523423
2,131,4,13.65178295315978
2,131,5,41.90918953779635
2,131,6,1.012275180649526
2,132,0,0.8475670750376976
2,132,1,0.08280539046334766
2,132,2,0.06962753449895485
2,132,3,0.6966953390783974
2,132,4,13.679442230482453
2,132,5,41.94088108630405
2,132,6,1.0121838822406481
2,133,0,0.8463982815965372
2,133,1,0.08237605089685873
2,133,2,0.07122566750660406
2,133,3,0.7050102012429529
2,133,4,13.344615073629962
2,133,5,42.01629174319798
2,133,6,1.0114061282417723
2,134,0,0.8458285233135977
2,134,1,0.08215429644957535
2,134,2,0.07201718023682699
2,134,3,0.712216382678144
2,134,4,13.41885533362707
2,134,5,42.04009602328407
2,134,6,1.0119216605696526
2,135,0,0.8450708559708602
2,135,1,0.082074866832897
2,135,2,0.07285427719624267
2,135,3,0.7174880972669079
2,135,4,13.493027134486578
2,135,5,42.063832893295306
2,135,6,1.0121367197516637
2,136,0,0.8442164369728998
2,136,1,0.08223197857965296
2,136,2,0.07355158444744725
2,136,3,0.7263056516290041
2,136,4,13.53066341972876
2,136,5,42.09209274693779
2,136,6,1.0122428471256428
2,137,0,0.8432892435823212
2,137,1,0.0811394343058845
2,137,2,0.07557132211179438
2,137,3,0.7351419994515411
2,137,4,13.018311991013636
2,137,5,42.14388099867063
2,137,6,1.010809360033509
2,138,0,0.8427337917503754
2,138,1,0.08112392595874475
2,138,2,0.07614228229087978
2,138,3,0.7419571866193209
2,138,4,13.094517971046626
2,138,5,42.16759728538518
2,138,6,1.0108888776494764
2,139,0,0.8419896997700627
2,139,1,0.08124321621609965
2,139,2,0.0767670840138377
2,139,3,0.7461016766451806
2,139,4,13.133946387561899
2,139,5,42.19766795053585
2,139,6,1.0120372018727675
2,140,0,0.8414152861346611
2,140,1,0.08171053757352444
2,140,2,0.07687417629181448
2,140,3,0.7546196729875265
2,140,4,13.20991482683172
2,140,5,42.221374908245735
2,140,6,1.0122255703571394
2,141,0,0.8405117224117595
2,141,1,0.08060778623781721
2,141,2,0.07888049135042324
2,141,3,0.7641258826391912
2,141,4,12.747899653305891
2,141,5,42.28983884132845
2,141,6,1.0105877678460644
2,142,0,0.8399476283425193
2,142,1,0.08056670500573075
2,142,2,0.07948566665174978
2,142,3,0.7720661490096815
2,142,4,12.825377982494393
2,142,5,42.31353584445542
2,142,6,1.0107433764950429
2,143,0,0.8394575456137017
2,143,1,0.0821729821649489
2,143,2,0.07836947222134936
2,143,3,0.77903552708142
2,143,4,13.49688944317841
2,143,5,42.31663195697061
2,143,6,1.0126717386766844
2,144,0,0.8386566001582215
2,144,1,0.08103737588830227
2,144,2,0.08030602395347616
2,144,3,0.7877317594213961
2,144,4,12.941653229054342
2,144,5,42.42415210736023
2,144,6,1.0109369176686251
2,145,0,0.8374248243078474
2,145,1,0.08100530847647196
2,145,2,0.08156986721568067
2,145,3,0.7950501608289307
2,145,4,13.01833918061504
2,145,5,42.45435692861557
2,145,6,1.011956564682422
2,146,0,0.8370478075091143
2,146,1,0.08125654630776646
2,146,2,0.08169564618311913
2,146,3,0.8022088958457108
2,146,4,13.05667636767187
2,146,5,42.483648109596274
2,146,6,1.012173945640388
2,147,0,0.8363813563720616
2,147,1,0.08154402776360496
2,147,2,0.08207461586433352
2,147,3,0.8138298592564351
2,147,4,13.13325628971031
2,147,5,42.50725611631115
2,147,6,1.0118168053419134
2,148,0,0.8358076843931824
2,148,1,0.08180433107250665
2,148,2,0.08238798453431088
2,148,3,0.8199135157121498
2,148,4,13.209495724070102
2,148,5,42.530836905150224
2,148,6,1.0124391580035637
2,149,0,0.8349274774449076
2,149,1,0.0822104924056312
2,149,2,0.08286203014946114
2,149,3,0.8312322829988047
2,149,4,13.285573648410432
2,149,5,42.55437909584806
2,149,6,1.0120396364717708
2,150,0,0.834079874423903
2,150,1,0.08093991816027951
2,150,2,0.08498020741581759
2,150,3,0.8370868120739384
2,150,4,12.81195818168409
2,150,5,42.643141527620486
2,150,6,1.011476248377144
2,151,0,0.8340076827423925
2,151,1,0.08105401816390406
2,151,2,0.08493829909370357
2,151,3,0.84495347067177
2,151,4,12.888872326501273
2,151,5,42.67529910823625
2,151,6,1.011626296064493
2,152,0,0.8329829553848794
2,152,1,0.0812759896507993
2,152,2,0.08574105496432127
2,152,3,0.8525401998662738
2,152,4,12.922929666460911
2,152,5,42.703615598651
2,152,6,1.011384933984273
2,153,0,0.8320176573331199
2,153,1,0.08106720515873095
2,153,2,0.08691513750814903
2,153,3,0.8596862032406908
2,153,4,13.000443064026522
2,153,5,42.727097113848956
2,153,6,1.0121337001453137
2,154,0,0.8315778695031749
2,154,1,0.08210879891845503
2,154,2,0.0863133315783701
2,154,3,0.8682578211593198
2,154,4,13.08143102526309
2,154,5,42.79840969777192
2,154,6,1.01237631750152
2,155,0,0.8311205908264853
2,155,1,0.08086375555056238
2,155,2,0.08801565362295236
2,155,3,0.877967374246323
2,155,4,12.6274505962955
2,155,5,42.88232791281554
2,155,6,1.011060032119013
2,156,0,0.8307310282161651
2,156,1,0.08090949072674698
2,156,2,0.08835948105708799
2,156,3,0.8862422438926808
2,156,4,12.708325823741337
2,156,5,42.90788864758239
2,156,6,1.011049227827425
2,157,0,0.8297397635554067
2,157,1,0.08128975543266832
2,157,2,0.08897048101192499
2,157,3,0.8937856576090463
2,157,4,12.783754692110223
2,157,5,42.937681665207734
2,157,6,1.0113865987924557
2,158,0,0.8286895796835622
2,158,1,0.08075147798581808
2,158,2,0.09055894233061974
2,158,3,0.8999313001738928
2,158,4,12.826116944436027
2,158,5,42.96601337804379
2,158,6,1.0121972633377043
2,159,0,0.8282541187100212
2,159,1,0.08122410210713117
2,159,2,0.09052177918284753
2,159,3,0.909975493509788
2,159,4,12.922323025993542
2,159,5,43.071793245030406
2,159,6,1.0122047784051111
2,160,0,0.827834195015376
2,160,1,0.08023322630322192
2,160,2,0.09193257868140203
2,160,3,0.919109253660267
2,160,4,12.479012402158627
2,160,5,43.15824701265052
2,160,6,1.0111979820341637
2,161,0,0.8267866955090647
2,161,1,0.08043419497025377
2,161,2,0.0927791095206816
2,161,3,0.9308247644654857
2,161,4,12.555711357518032
2,161,5,43.18515847067397
2,161,6,1.0109223943854952
2,162,0,0.8265070727061263
2,162,1,0.08049717939195995
2,162,2,0.09299574790191376
2,162,3,0.9364253185712318
2,162,4,12.625752054559491
2,162,5,43.21376410565243
2,162,6,1.0119255420325461
2,163,0,0.8255111322910449
2,163,1,0.08028789421453926
2,163,2,0.09420097349441588
2,163,3,0.9428678679357072
2,163,4,12.702388099480297
2,163,5,43.24131750294205
2,163,6,1.0121652374733816
2,164,0,0.8250543701272882
2,164,1,0.08031370986797765
2,164,2,0.09463192000473422
2,164,3,0.9545612941858619
2,164,4,12.721865657361764
2,164,5,43.30210867914271
2,164,6,1.0123432417775802
2,165,0,0.8245303842221721
2,165,1,0.08005987242525141
2,165,2,0.09540974335257645
2,165,3,0.962497124521425
2,165,4,12.304663773137325
2,165,5,43.3707885779062
2,165,6,1.0108261354894728
2,166,0,0.8242945395511776
2,166,1,0.08024356214960555
2,166,2,0.09546189829921686
2,166,3,0.9716466900487029
2,166,4,12.38539919028488
2,166,5,43.39400117560991
2,166,6,1.0107917678530494
2,167,0,0.8235187285274439
2,167,1,0.08035252782963116
2,167,2,0.09612874364292504
2,167,3,0.9811704529536774
2,167,4,12.499500181537936
2,167,5,43.42166773155664
2,167,6,1.0117376272975664
2,168,0,0.822625764343104
2,168,1,0.0799628157226004
2,168,2,0.09741141993429564
2,168,3,0.9882027154496859
2,168,4,12.532214952256549
2,168,5,43.45007890681927
2,168,6,1.0122686001624843
2,169,0,0.822176908015309
2,169,1,0.08019953065419543
2,169,2,0.09762356133049557
2,169,3,0.9938973257917437
2,169,4,12.566711629887822
2,169,5,43.51226782244107
2,169,6,1.0135358148985165
2,170,0,0.8216786235745169
2,170,1,0.08049878142219478
2,170,2,0.09782259500328817
2,170,3,1.0066427113663625
2,170,4,12.634346567012974
2,170,5,43.56672846076879
2,170,6,1.0126974312627701
2,171,0,0.8211304601395868
2,171,1,0.08048526130663616
2,171,2,0.09838427855377706
2,171,3,1.0154273127372264
2,171,4,12.504868127632278
2,171,5,43.64035766613069
2,171,6,1.0122628377052918
2,172,0,0.8199984446532598
2,172,1,0.08023718400011738
2,172,2,0.09976437134662294
2,172,3,1.024889830645895
2,172,4,12.585108802024482
2,172,5,43.663295359687105
2,172,6,1.0124879809034046
2,173,0,0.8186263133611733
2,173,1,0.07955217151838605
2,173,2,0.10182151512044074
2,173,3,1.0330871937619692
2,173,4,12.109969584544503
2,173,5,43.70588279193904
2,173,6,1.0115363044836703
2,174,0,0.8188000292206951
2,174,1,0.07957201372076396
2,174,2,0.10162795705854095
2,174,3,1.042099620130003
2,174,4,12.18822692698761
2,174,5,43.741364710636844
2,174,6,1.011892868671609
2,175,0,0.8186723054870595
2,175,1,0.08036525380581226
2,175,2,0.1009624407071282
2,175,3,1.0509095068007226
2,175,4,12.518229128092965
2,175,5,43.793987509930496
2,175,6,1.0125298809227326
2,176,0,0.817993957059141
2,176,1,0.08057284034091959
2,176,2,0.10143320259993947
2,176,3,1.0609952370835687
2,176,4,12.503541020167562
2,176,5,43.88624266098255
2,176,6,1.012436851501788
2,177,0,0.8174914949453599
2,177,1,0.08021221082006828
2,177,2,0.10229629423457187
2,177,3,1.0714308934156846
2,177,4,12.496602966437184
2,177,5,43.9750552087283
2,177,6,1.0124719294529592
2,178,0,0.8167932521438448
2,178,1,0.08031802379277464
2,178,2,0.10288872406338052
2,178,3,1.0783011257527955
2,178,4,12.541210913653009
2,178,5,44.049453593692355
2,178,6,1.0128311243597106
2,179,0,0.8155612311462547
2,179,1,0.08107160387037346
2,179,2,0.10336716498337199
2,179,3,1.0890811170884254
2,179,4,12.564647089742238
2,179,5,44.110813707964354
2,179,6,1.0122725286109093
2,180,0,0.815291895343142
2,180,1,0.08131189713462626
2,180,2,0.10339620752223184
2,180,3,1.095994135354906
2,180,4,12.604125904983484
2,180,5,44.16898752055973
2,180,6,1.0131084606715761
2,181,0,0.8148411023618133
2,181,1,0.08069424551767874
2,181,2,0.104464652120508
2,181,3,1.1058401798984598
2,181,4,12.209889197172865
2,181,5,44.23015041780557
2,181,6,1.012325605068186
2,182,0,0.8149372770609341
2,182,1,0.08033173201237338
2,182,2,0.10473099092669251
2,182,3,1.1160288990499283
2,182,4,12.304941512375741
2,182,5,44.26324386708913
2,182,6,1.0123176192326868
2,183,0,0.8141942507247796
2,183,1,0.08089620705408666
2,183,2,0.10490954222113374
2,183,3,1.1259022209315275
2,183,4,12.578242868844422
2,183,5,44.36455442957955
2,183,6,1.0130935420040534
2,184,0,0.8132304618414249
2,184,1,0.08094723158375822
2,184,2,0.10582230657481695
2,184,3,1.132533008826881
2,184,4,12.502764863573272
2,184,5,44.4437151989558
2,184,6,1.013747444039403
2,185,0,0.8127264573567082
2,185,1,0.08102657366988626
2,185,2,0.10624696897340555
2,185,3,1.1423393423129349
2,185,4,12.583522049653538
2,185,5,44.501335284759
2,185,6,1.0135638375899303
2,186,0,0.8119967440689646
2,186,1,0.08018815510451256
2,186,2,0.10781510082652286
2,186,3,1.1543515458537124
2,186,4,12.09335223323504
2,186,5,44.54983334400664
2,186,6,1.0122651150846929
2,187,0,0.8116407431712483
2,187,1,0.08064405191969003
2,187,2,0.1077152049090617
2,187,3,1.1646905869796986
2,187,4,12.175677420084172
2,187,5,44.572318734868176
2,187,6,1.0121717922044589
2,188,0,0.8111904731861918
2,188,1,0.08111937956873921
2,188,2,0.10769014724506913
2,188,3,1.1766170934711973
2,188,4,12.32364697150062
2,188,5,44.685139757280474
2,188,6,1.0121278133712202
2,189,0,0.8109511853688416
2,189,1,0.08184485731451771
2,189,2,0.10720395731664069
2,189,3,1.1833463108929891
2,189,4,12.671142126366592
2,189,5,44.751381223946844
2,189,6,1.0136738379794863
2,190,0,0.8101436230898731
2,190,1,0.08085757678652301
2,190,2,0.10899880012360386
2,190,3,1.1915198783941172
2,190,4,12.118395370921967
2,190,5,44.80593664816573
2,190,6,1.012332236463708
2,191,0,0.8093033629189963
2,191,1,0.0810551462946667
2,191,2,0.1096414907863369
2,191,3,1.2011366663805383
2,191,4,12.200323861141921
2,191,5,44.82834214897669
2,191,6,1.0129981175437193
2,192,0,0.8089556467734536
2,192,1,0.08147426142454103
2,192,2,0.10957009180200548
2,192,3,1.2114037186424702
2,192,4,12.304637236711493
2,192,5,44.85686097293975
2,192,6,1.0123666286553914
2,193,0,0.8093296761994551
2,193,1,0.08168421543157765
2,193,2,0.10898610836896727
2,193,3,1.2226452730233588
2,193,4,12.598453357954485
2,193,5,44.92974312487401
2,193,6,1.0129048405572478
2,194,0,0.8085180429036949
2,194,1,0.0809864757280366
2,194,2,0.11049548136826842
2,194,3,1.23109164473149
2,194,4,12.087992244252796
2,194,5,44.996776212918725
2,194,6,1.012060970001283
2,195,0,0.8076826030390877
2,195,1,0.08107669340569079
2,195,2,0.11124070355522153
2,195,3,1.2393890990514913
2,195,4,12.201014689696319
2,195,5,45.02388845129255
2,195,6,1.012880056790973
2,196,0,0.8077918813339212
2,196,1,0.0819622342382104
2,196,2,0.11024588442786828
2,196,3,1.2497947583946467
2,196,4,12.595815174533588
2,196,5,45.10159553403323
2,196,6,1.0133878435956656
2,197,0,0.8064766738287259
2,197,1,0.08075890063421
2,197,2,0.11276442553706414
2,197,3,1.2575970096159796
2,197,4,11.96849256692809
2,197,5,45.180879053104846
2,197,6,1.0125733122769207
2,198,0,0.8061284004349374
2,198,1,0.08115686191067191
2,198,2,0.11271473765439077
2,198,3,1.2717158074998856
2,198,4,12.080174684534029
2,198,5,45.20764790548324
2,198,6,1.0119315732461596
2,199,0,0.8061465945932698
2,199,1,0.08120748749060863
2,199,2,0.11264591791612155
2,199,3,1.2815386331501977
2,199,4,12.120709980322836
2,199,5,45.233140038308065
2,199,6,1.0127243323446693
2,200,0,0.8057981224968399
2,200,1,0.08242093662576606
2,200,2,0.11178094087739407
2,200,3,1.2894669422767928
2,200,4,12.619578199184868
2,200,5,45.302982781367454
2,200,6,1.0133688832438903
2,201,0,0.8044386557673634
2,201,1,0.08122986139162384
2,201,2,0.11433148284101283
2,201,3,1.3015427448147066
2,201,4,12.065312499571506
2,201,5,45.385957586100005
2,201,6,1.0123644767572924
2,202,0,0.8039574523144305
2,202,1,0.08195982888861714
2,202,2,0.11408271879695248
2,202,3,1.3103606973020658
2,202,4,12.110100339525525
2,202,5,45.41217173185325
2,202,6,1.0127607552099798
2,203,0,0.8037770216983309
2,203,1,0.08255121641355384
2,203,2,0.11367176188811524
2,203,3,1.3201939187575036
2,203,4,12.611211829939958
2,203,5,45.49007665285535
2,203,6,1.0141295465626914
2,204,0,0.8027951588973374
2,204,1,0.08178886138037336
2,204,2,0.11541597972228919
2,204,3,1.3306339589408274
2,204,4,12.124323816282088
2,204,5,45.54584020401024
2,204,6,1.0128441118894485
2,205,0,0.8029237889363171
2,205,1,0.08269206193105952
2,205,2,0.11438414913262347
2,205,3,1.3395609220917082
2,205,4,12.237068643837832
2,205,5,45.60972343212272
2,205,6,1.012918223845613
2,206,0,0.8027363427807055
2,206,1,0.08314277754206525
2,206,2,0.11412087967722928
2,206,3,1.3498118761565918
2,206,4,12.701160964662423
2,206,5,45.68964632503688
2,206,6,1.0144281766415537
2,207,0,0.8017948855236987
2,207,1,0.08215611880318267
2,207,2,0.11604899567311862
2,207,3,1.3602501296678229
2,207,4,12.132601625426897
2,207,5,45.756345428284654
2,207,6,1.012540509657343
2,208,0,0.8017500076480792
2,208,1,0.08205449910732696
2,208,2,0.11619549324459374
2,208,3,1.3707020716373388
2,208,4,12.24145480541008
2,208,5,45.7827326948253
2,208,6,1.0134429403505942
2,209,0,0.8012750092076927
2,209,1,0.08354235525099701
2,209,2,0.1151826355413103
2,209,3,1.3813481319290022
2,209,4,12.699546025378421
2,209,5,45.86932437012907
2,209,6,1.014161211979597
2,210,0,0.8003067395692963
2,210,1,0.08282506752581087
2,210,2,0.11686819290489281
2,210,3,1.3904897766614952
2,210,4,12.290712881996992
2,210,5,45.93209893950567
2,210,6,1.013207757374416
2,211,0,0.800489083825257
2,211,1,0.0831048602760084
2,211,2,0.11640605589873466
2,211,3,1.402864926160457
2,211,4,12.717667968051545
2,211,5,46.0224227506374
2,211,6,1.0142234220618702
2,212,0,0.7994430643409074
2,212,1,0.08248283130179024
2,212,2,0.11807410435730237
2,212,3,1.4122274612201406
2,212,4,12.205346459926897
2,212,5,46.08747156973814
2,212,6,1.013056844499306
2,213,0,0.7993670803445924
2,213,1,0.08294139544995927
2,213,2,0.11769152420544832
2,213,3,1.4210309485509773
2,213,4,12.315526095011768
2,213,5,46.11324451631486
2,213,6,1.0134034900663318
2,214,0,0.7992017997417669
2,214,1,0.08375220744050463
2,214,2,0.11704599281772846
2,214,3,1.433653128984884
2,214,4,12.717140772509838
2,214,5,46.20148689892153
2,214,6,1.0143082811871553
2,215,0,0.7981961597512348
2,215,1,0.08306117038141336
2,215,2,0.11874266986735177
2,215,3,1.4439877931192209
2,215,4,12.259762086170399
2,215,5,46.26214717212105
2,215,6,1.0133912903559306
2,216,0,0.797463749565606
2,216,1,0.08382186064861008
2,216,2,0.11871438978578404
2,216,3,1.4533511094873226
2,216,4,12.708265904504374
2,216,5,46.34308695536005
2,216,6,1.0147128040992355
2,217,0,0.7965114989579303
2,217,1,0.08314031149431608
2,217,2,0.12034818954775364
2,217,3,1.4653528635339248
2,217,4,12.166897341676334
2,217,5,46.40141310250296
2,217,6,1.0129376911249242
2,218,0,0.7973224834741212
2,218,1,0.083770540045994
2,218,2,0.11890697647988492
2,218,3,1.4748922383155492
2,218,4,12.745553524881553
2,218,5,46.46895415735983
2,218,6,1.0145062777033764
2,219,0,0.7956961769597463
2,219,1,0.083526928307524
2,219,2,0.12077689473272975
2,219,3,1.485880537413666
2,219,4,12.207198478507209
2,219,5,46.535582548761234
2,219,6,1.0132553855024102
2,220,0,0.7957475010168856
2,220,1,0.08354930771905592
2,220,2,0.12070319126405837
2,220,3,1.4963911622482604
2,220,4,12.256895487114079
2,220,5,46.615496740893256
2,220,6,1.0133142998242333
2,221,0,0.7960781650733983
2,221,1,0.08418487360790099
2,221,2,0.1197369613187007
2,221,3,1.504974721920696
2,221,4,12.763796423692053
2,221,5,46.679423573605796
2,221,6,1.015524773413962
2,222,0,0.7948670633259457
2,222,1,0.08393929221934543
2,222,2,0.12119364445470884
2,222,3,1.5179369810697185
2,222,4,12.350585718608844
2,222,5,46.73117443831977
2,222,6,1.013672201559352
2,223,0,0.7946535590276269
2,223,1,0.08482491096641799
2,223,2,0.12052153000595506
2,223,3,1.527934714557711
2,223,4,12.789264890521551
2,223,5,46.832936642969436
2,223,6,1.0143842353754509
2,224,0,0.793509621126887
2,224,1,0.08419745770616122
2,224,2,0.12229292116695172
2,224,3,1.5382982458129206
2,224,4,12.29525281632749
2,224,5,46.90137747495178
2,224,6,1.013717129070082
2,225,0,0.7936377802266673
2,225,1,0.08501179244073731
2,225,2,0.12135042733259535
2,225,3,1.5483813548006795
2,225,4,12.820342363903974
2,225,5,46.972039116279966
2,225,6,1.0148623888834079
2,226,0,0.7921266421412224
2,226,1,0.08505516875968587
2,226,2,0.12281818909909167
2,226,3,1.5585272450893244
2,226,4,12.306104549637569
2,226,5,47.033554990874286
2,226,6,1.0137205938866938
2,227,0,0.7924396024213914
2,227,1,0.08487646705944632
2,227,2,0.12268393051916222
2,227,3,1.5705651079425595
2,227,4,12.343059953569274
2,227,5,47.056667138763736
2,227,6,1.01348759725242
2,228,0,0.7931499196024541
2,228,1,0.08555678214062151
2,228,2,0.12129329825692446
2,228,3,1.5835218011339027
2,228,4,12.967885176850853
2,228,5,47.1211148324324
2,228,6,1.0144702856302663
2,229,0,0.7921698365968635
2,229,1,0.08480315818925453
2,229,2,0.123027005213882
2,229,3,1.593864650951274
2,229,4,12.37615331499719
2,229,5,47.19441664373769
2,229,6,1.0136334480553895
2,230,0,0.7917367037032842
2,230,1,0.08496372852145584
2,230,2,0.12329956777525997
2,230,3,1.6072745355492077
2,230,4,12.441421968180261
2,230,5,47.22437984643452
2,230,6,1.0139781114299162
2,231,0,0.791981281429486
2,231,1,0.08552101413429286
2,231,2,0.12249770443622128
2,231,3,1.6165644977251004
2,231,4,12.994468333370262
2,231,5,47.280616744837886
2,231,6,1.015452920638363
2,232,0,0.790781332875748
2,232,1,0.08554530026363105
2,232,2,0.12367336686062091
2,232,3,1.6256336074416546
2,232,4,12.505539258393279
2,232,5,47.33955207267887
2,232,6,1.014277211990569
2,233,0,0.791677423566373
2,233,1,0.08570746677243071
2,233,2,0.12261510966119626
2,233,3,1.636746330950095
2,233,4,12.97237873372585
2,233,5,47.4197155256591
2,233,6,1.0153397545808298
2,234,0,0.7895226073332574
2,234,1,0.0854569167526244
2,234,2,0.1250204759141183
2,234,3,1.649940074810649
2,234,4,12.424514848864517
2,234,5,47.48495072852123
2,234,6,1.013797708613848
2,235,0,0.7897849893290588
2,235,1,0.08622335484320835
2,235,2,0.12399165582773286
2,235,3,1.6588112617611122
2,235,4,12.978244160714219
2,235,5,47.53828754142398
2,235,6,1.015406873752366
2,236,0,0.7896006784797385
2,236,1,0.08635736983116235
2,236,2,0.12404195168909918
2,236,3,1.6688955086202513
2,236,4,13.037798223468466
2,236,5,47.606300442796744
2,236,6,1.0156936469022346
2,237,0,0.7882028521414443
2,237,1,0.08576392171113356
2,237,2,0.12603322614742216
2,237,3,1.6818902055011686
2,237,4,12.44112136860226
2,237,5,47.66319379245314
2,237,6,1.0143877986438032
2,238,0,0.7887931014420166
2,238,1,0.086319573575125
2,238,2,0.12488732498285834
2,238,3,1.694504055670049
2,238,4,13.023748119513725
2,238,5,47.702640248926805
2,238,6,1.0153888218698957
2,239,0,0.788628741901394
2,239,1,0.08595010049957919
2,239,2,0.1254211575990269
2,239,3,1.7034606498652787
2,239,4,13.075464275289386
2,239,5,47.76099705811904
2,239,6,1.015890800819185
2,240,0,0.7873114579706618
2,240,1,0.08566444954816425
2,240,2,0.12702409248117405
2,240,3,1.7160170280646945
2,240,4,12.54764194065293
2,240,5,47.805894218101166
2,240,6,1.0146732391360622
2,241,0,0.7877150903200518
2,241,1,0.08637145775934897
2,241,2,0.1259134519205992
2,241,3,1.7268349915831462
2,241,4,13.121540818059325
2,241,5,47.840176979888504
2,241,6,1.0159095721160532
2,242,0,0.7870996507357394
2,242,1,0.08658010181541295
2,242,2,0.12632024744884762
2,242,3,1.7366218871235126
2,242,4,13.083235354540973
2,242,5,47.889553099754146
2,242,6,1.0163859803840203
2,243,0,0.7860913781876043
2,243,1,0.08592966831090199
2,243,2,0.1279789535014937
2,243,3,1.7474225441453022
2,243,4,12.562268595889696
2,243,5,47.92683390882061
2,243,6,1.0151065435610684
2,244,0,0.7873789415044529
2,244,1,0.08678559084647278
2,244,2,0.12583546764907433
2,244,3,1.7607584843229909
2,244,4,13.191476920167826
2,244,5,47.96309046882374
2,244,6,1.016510080634691
2,245,0,0.7871212886423694
2,245,1,0.08700110402695144
2,245,2,0.1258776073306791
2,245,3,1.7713619092080855
2,245,4,13.196905568865022
2,245,5,48.016237425518305
2,245,6,1.0164814483882627
2,246,0,0.7865954046721517
2,246,1,0.08668188759428899
2,246,2,0.1267227077335593
2,246,3,1.785276067907814
2,246,4,13.146261767490007
2,246,5,48.086851277334375
2,246,6,1.0157821632631787
2,247,0,0.7855963570353095
2,247,1,0.08656361691009382
2,247,2,0.12784002605459663
2,247,3,1.7961169831892352
2,247,4,12.703248479983507
2,247,5,48.16961034175764
2,247,6,1.0147052493603699
2,248,0,0.7860704668834951
2,248,1,0.0871967839420998
2,248,2,0.1267327491744051
2,248,3,1.8084383834011555
2,248,4,13.283918477228516
2,248,5,48.23880910314915
2,248,6,1.015801304658713
2,249,0,0.7841924631746553
2,249,1,0.08710763628095144
2,249,2,0.12869990054439326
2,249,3,1.8173083440486741
2,249,4,12.669203583335328
2,249,5,48.297695562136006
2,249,6,1.014925668551216
2,250,0,0.7849475890291598
2,250,1,0.08758640212657653
2,250,2,0.12746600884426357
2,250,3,1.8306761097224697
2,250,4,13.274539906922394
2,250,5,48.34777121727033
2,250,6,1.0161224553544312
2,251,0,0.78448958752442
2,251,1,0.08738003117711755
2,251,2,0.1281303812984624
2,251,3,1.8431847698999426
2,251,4,13.243251675970104
2,251,5,48.436987184769
2,251,6,1.016127229046757
2,252,0,0.7843761412202885
2,252,1,0.08824979452568185
2,252,2,0.12737406425402964
2,252,3,1.8524280528024255
2,252,4,13.438605625518955
2,252,5,48.499495444416276
2,252,6,1.0164674518600394
2,253,0,0.7830419187862029
2,253,1,0.08765062857009336
2,253,2,0.12930745264370383
2,253,3,1.8662266900420768
2,253,4,12.812691273279118
2,253,5,48.556267179985895
2,253,6,1.0146583836742762
2,254,0,0.7839787094057752
2,254,1,0.08810142545019112
2,254,2,0.12791986514403364
2,254,3,1.8753804884838237
2,254,4,13.449772797735232
2,254,5,48.6175667220663
2,254,6,1.0170793559496942
2,255,0,0.782905556363553
2,255,1,0.08885340762450147
2,255,2,0.12824103601194553
2,255,3,1.8885531672889995
2,255,4,13.420043010212268
2,255,5,48.694798462835955
2,255,6,1.0163345671416448
2,256,0,0.7834148930006858
2,256,1,0.08837895150077231
2,256,2,0.1282061554985418
2,256,3,1.9002853594123152
2,256,4,13.54628376326816
2,256,5,48.763536955858754
2,256,6,1.0169466610094473
2,257,0,0.7831110861427203
2,257,1,0.08887581473794369
2,257,2,0.12801309911933614
2,257,3,1.9121144395288137
2,257,4,13.543970948721428
2,257,5,48.83131397756857
2,257,6,1.0167238847991336
2,258,0,0.7824021830638516
2,258,1,0.08820667708121702
2,258,2,0.12939113985493134
2,258,3,1.9234169616479835
2,258,4,13.47788932991356
2,258,5,48.923786295589714
2,258,6,1.0171342238371854
2,259,0,0.7818112519000393
2,259,1,0.08835017616346917
2,259,2,0.12983857193649143
2,259,3,1.9345643477792407
2,259,4,13.482309697726379
2,259,5,48.968657976137386
2,259,6,1.0170188072754194
2,260,0,0.7801314633993853
2,260,1,0.08825480737147569
2,260,2,0.13161372922913903
2,260,3,1.9477493452995152
2,260,4,12.820618732966807
2,260,5,49.006378027969426
2,260,6,1.0151674467020615
2,261,0,0.781153564945877
2,261,1,0.08913115608238521
2,261,2,0.12971527897173776
2,261,3,1.9568585544840333
2,261,4,13.545737661538206
2,261,5,49.04695871441994
2,261,6,1.017298100738793
2,262,0,0.7807383246997107
2,262,1,0.08870561582215605
2,262,2,0.1305560594781332
2,262,3,1.9719388204398756
2,262,4,13.456695392093025
2,262,5,49.11060053142746
2,262,6,1.0169251197798015
2,263,0,0.7805839613895174
2,263,1,0.08921771932829572
2,263,2,0.13019831928218695
2,263,3,1.9830420370102413
2,263,4,13.61213487868308
2,263,5,49.14669254459688
2,263,6,1.017198080859024
2,264,0,0.7806162430418115
2,264,1,0.0895213197872257
2,264,2,0.12986243717096263
2,264,3,1.9956036454263033
2,264,4,13.669311866388826
2,264,5,49.177732003820424
2,264,6,1.0171987103474796
2,265,0,0.7804522010531004
2,265,1,0.08929724470571779
2,265,2,0.1302505542411819
2,265,3,2.008264101601407
2,265,4,13.65777536812823
2,265,5,49.22357899860568
2,265,6,1.0169821005702455
2,266,0,0.7801832839022025
2,266,1,0.08980240390473071
2,266,2,0.13001431219306678
2,266,3,2.0180897055257816
2,266,4,13.736294980419908
2,266,5,49.27152280937842
2,266,6,1.0173725291614049
2,267,0,0.779559003185568
2,267,1,0.08945727361690514
2,267,2,0.13098372319752682
2,267,3,2.0322312388632366
2,267,4,13.699698230531489
2,267,5,49.35322441466379
2,267,6,1.0168989332443898
2,268,0,0.7783900408132962
2,268,1,0.0897746217652853
2,268,2,0.13183533742141854
2,268,3,2.0433328868550324
2,268,4,13.211141302912516
2,268,5,49.44092137858542
2,268,6,1.0158466720778567
2,269,0,0.7780009955645413
2,269,1,0.08971509318305818
2,269,2,0.1322839112524006
2,269,3,2.052572393494866
2,269,4,13.320388341856873
2,269,5,49.50697923194099
2,269,6,1.0158237853394727
2,270,0,0.7769861588820601
2,270,1,0.08966189113647857
2,270,2,0.13335194998146124
2,270,3,2.066390343141525
2,270,4,13.075172986772067
2,270,5,49.58000569626817
2,270,6,1.015708437417305
2,271,0,0.7783796843712778
2,271,1,0.09014432803170024
2,271,2,0.13147598759702195
2,271,3,2.081702165615028
2,271,4,13.763799664344932
2,271,5,49.60727019645518
2,271,6,1.0170976225260546
2,272,0,0.778095247433727
2,272,1,0.09040842120678984
2,272,2,0.13149633135948308
2,272,3,2.094733986151263
2,272,4,13.85605361813062
2,272,5,49.67587400916881
2,272,6,1.01719940887849
2,273,0,0.7762563915461844
2,273,1,0.09070632511319893
2,273,2,0.13303728334061665
2,273,3,2.105020219729618
2,273,4,13.205441935897998
2,273,5,49.7796458462935
2,273,6,1.0156269287198227
2,274,0,0.7774811858154159
2,274,1,0.09093348120732152
2,274,2,0.1315853329772626
2,274,3,2.11806876794528
2,274,4,13.864971821045653
2,274,5,49.8161227720933
2,274,6,1.017084411945492
2,275,0,0.7775393452517623
2,275,1,0.09109433601426953
2,275,2,0.13136631873396828
2,275,3,2.1288455732537708
2,275,4,13.97796397368887
2,275,5,49.87075664957632
2,275,6,1.0175179264496534
2,276,0,0.7772395157792155
2,276,1,0.09083549454612184
2,276,2,0.13192498967466273
2,276,3,2.142067006708189
2,276,4,13.953478954068007
2,276,5,49.94186906810635
2,276,6,1.0176186925347663
2,277,0,0.776751234993417
2,277,1,0.09076425759151055
2,277,2,0.13248450741507242
2,277,3,2.1533547489652323
2,277,4,13.923121231133297
2,277,5,50.015990510014106
2,277,6,1.0174684706515007
2,278,0,0.7748571668884406
2,278,1,0.09070164567996679
2,278,2,0.1344411874315925
2,278,3,2.167310626074607
2,278,4,13.204919956169459
2,278,5,50.063013970440736
2,278,6,1.0158277566333709
2,279,0,0.7743551554228431
2,279,1,0.09131918157672185
2,279,2,0.13432566300043508
2,279,3,2.1790446787722297
2,279,4,13.335686349026133
2,279,5,50.131753335279505
2,279,6,1.0157094939205316
2,280,0,0.7754447273929458
2,280,1,0.09178022857130612
2,280,2,0.13277504403574802
2,280,3,2.1914605595127004
2,280,4,13.982684936151479
2,280,5,50.1728374469217
2,280,6,1.017469689964324
2,281,0,0.7759393888546338
2,281,1,0.09158050529825482
2,281,2,0.13248010584711153
2,281,3,2.20465390692277
2,281,4,14.094019713485682
2,281,5,50.21973842086131
2,281,6,1.0178891848194807
2,282,0,0.7752684312026857
2,282,1,0.09172355111453136
2,282,2,0.13300801768278292
2,282,3,2.21653490974594
2,282,4,14.10711900084309
2,282,5,50.25990659266848
2,282,6,1.0178102281992827
2,283,0,0.7754033167241031
2,283,1,0.09194080454564521
2,283,2,0.1326558787302517
2,283,3,2.2278258343030704
2,283,4,14.140668516227654
2,283,5,50.299656444026944
2,283,6,1.0182765556695692
2,284,0,0.7735062895654098
2,284,1,0.09200301914983361
2,284,2,0.13449069128475669
2,284,3,2.2412472230410985
2,284,4,13.463437995240822
2,284,5,50.384763703813654
2,284,6,1.016147546830298
2,285,0,0.7752059314916028
2,285,1,0.09212200875918777
2,285,2,0.1326720597492095
2,285,3,2.253976793805593
2,285,4,14.229975978342344
2,285,5,50.41140962069357
2,285,6,1.0182092714826745
2,286,0,0.7732762307100897
2,286,1,0.0923173174082845
2,286,2,0.13440645188162587
2,286,3,2.2717705332702183
2,286,4,13.572652736106013
2,286,5,50.49969207011191
2,286,6,1.0153307580088136
2,287,0,0.7745629448903704
2,287,1,0.0926931050967605
2,287,2,0.1327439500128692
2,287,3,2.2798612580936903
2,287,4,14.313183461238381
2,287,5,50.550375062218876
2,287,6,1.0180166759803053
2,288,0,0.7742743714538917
2,288,1,0.09231544604394218
2,288,2,0.13341018250216619
2,288,3,2.2935699132218628
2,288,4,14.199094176309407
2,288,5,50.6158068393247
2,288,6,1.0179782387992649
2,289,0,0.7719830993548283
2,289,1,0.09276652777964572
2,289,2,0.13525037286552583
2,289,3,2.3089184827516167
2,289,4,13.5408210591278
2,289,5,50.674978371132894
2,289,6,1.0158181191364037
2,290,0,0.7738821870318201
2,290,1,0.09256456983337912
2,290,2,0.1335532431348008
2,290,3,2.3212008679735225
2,290,4,14.3821940061132
2,290,5,50.69591143781837
2,290,6,1.0181089294132186
2,291,0,0.7737386655965409
2,291,1,0.09253842716978969
2,291,2,0.13372290723366945
2,291,3,2.322143508686233
2,291,4,14.319890553240954
2,291,5,50.70225608767618
2,291,6,1.0179687438943827
2,292,0,0.7734328555042147
2,292,1,0.09318361394145998
2,292,2,0.13338353055432528
2,292,3,2.336470703910469
2,292,4,14.36277825986324
2,292,5,50.74515471537681
2,292,6,1.0173026583118159
2,293,0,0.7715056442133816
2,293,1,0.09334198491221136
2,293,2,0.13515237087440699
2,293,3,2.347918695903897
2,293,4,13.622996803105586
2,293,5,50.824790576021535
2,293,6,1.0160141217271308
2,294,0,0.7711860358703628
2,294,1,0.09292936400941298
2,294,2,0.1358846001202243
2,294,3,2.3617207725559433
2,294,4,13.63466975448096
2,294,5,50.89565119988046
2,294,6,1.0156587957600964
2,295,0,0.7729786186957337
2,295,1,0.09315067724135723
2,295,2,0.13387070406290905
2,295,3,2.3761444375952125
2,295,4,14.416351354954369
2,295,5,50.92399628967911
2,295,6,1.0176325512620634
2,296,0,0.7731021185272267
2,296,1,0.09328299761371013
2,296,2,0.13361488385906317
2,296,3,2.3878805553458617
2,296,4,14.441196521802917
2,296,5,50.978118414119415
2,296,6,1.017776151678773
2,297,0,0.7721057587234672
2,297,1,0.09389632938522785
2,297,2,0.13399791189130497
2,297,3,2.399920350133018
2,297,4,14.497398634447244
2,297,5,51.04560386849476
2,297,6,1.0177129702139889
2,298,0,0.7723035548407482
2,298,1,0.09403531009959941
2,298,2,0.1336611350596524
2,298,3,2.4143244038527047
2,298,4,14.543465767482477
2,298,5,51.10290236184491
2,298,6,1.0173602368911434
2,299,0,0.7716704450262994
2,299,1,0.09409105640471761
2,299,2,0.13423849856898296
2,299,3,2.427830456429413
2,299,4,14.51010983987393
2,299,5,51.1756673354065
2,299,6,1.017593751619193
2,300,0,0.7709874897758383
2,300,1,0.09394530712114468
2,300,2,0.13506720310301698
2,300,3,2.4399271325211873
2,300,4,14.424811254789677
2,300,5,51.22261223041474
2,300,6,1.0177907710036787
2,301,0,0.7717823936839774
2,301,1,0.0943310328829248
2,301,2,0.13388657343309776
2,301,3,2.454816716509468
2,301,4,14.651444629977545
2,301,5,51.23850699506274
2,301,6,1.0175057919945425
2,302,0,0.7712840734706518
2,302,1,0.09414291861175152
2,302,2,0.13457300791759677
2,302,3,2.4663312282197674
2,302,4,14.591437010025803
2,302,5,51.300743489095936
2,302,6,1.017752213230271
2,303,0,0.7709120743655826
2,303,1,0.09431056542122311
2,303,2,0.13477736021319422
2,303,3,2.4798003650019207
2,303,4,14.662751910292714
2,303,5,51.356382165645115
2,303,6,1.0177892784862264
2,304,0,0.7712352578280375
2,304,1,0.09428951000056857
2,304,2,0.13447523217139395
2,304,3,2.495163310654919
2,304,4,14.740721124558993
2,304,5,51.38853372531467
2,304,6,1.0178148382980168
2,305,0,0.7710536392540993
2,305,1,0.09451770212760438
2,305,2,0.13442865861829625
2,305,3,2.5093449114283644
2,305,4,14.716999153887992
2,305,5,51.424650570653796
2,305,6,1.017451923619819
2,306,0,0.77050621157302
2,306,1,0.09480724744303895
2,306,2,0.13468654098394112
2,306,3,2.5207963887062017
2,306,4,14.702465617349182
2,306,5,51.46239732177142
2,306,6,1.018091836320701
2,307,0,0.7701702342429603
2,307,1,0.0947929481977491
2,307,2,0.1350368175592906
2,307,3,2.535575388350153
2,307,4,14.738110496558765
2,307,5,51.49365907420991
2,307,6,1.018242888981594
2,308,0,0.7698375308918425
2,308,1,0.09491551887819202
2,308,2,0.13524695022996558
2,308,3,2.548562064284526
2,308,4,14.733676183114039
2,308,5,51.51439924754165
2,308,6,1.017615437283651
2,309,0,0.7695724660955845
2,309,1,0.09510228538004585
2,309,2,0.13532524852436972
2,309,3,2.559707544132994
2,309,4,14.757324271685732
2,309,5,51.54465489410941
2,309,6,1.0176290980274592
2,310,0,0.769234527255442
2,310,1,0.09539678222280254
2,310,2,0.1353686905217554
2,310,3,2.5761017877019396
2,310,4,14.826237132553398
2,310,5,51.59095029753875
2,310,6,1.0174026171465973
2,311,0,0.7689868285441004
2,311,1,0.09510784942856766
2,311,2,0.13590532202733205
2,311,3,2.588322016844324
2,311,4,14.684542124210836
2,311,5,51.63799282486477
2,311,6,1.0173215526605188
2,312,0,0.769273126603284
2,312,1,0.09556548102652619
2,312,2,0.13516139237018976
2,312,3,2.602520289094937
2,312,4,14.828498699975988
2,312,5,51.67272479209035
2,312,6,1.0175096552740175
2,313,0,0.7689887707664623
2,313,1,0.09562298579952545
2,313,2,0.13538824343401232
2,313,3,2.6159399116014317
2,313,4,14.959127010076207
2,313,5,51.71150420005149
2,313,6,1.0178340016340257
2,314,0,0.769225766367116
2,314,1,0.09544328556968558
2,314,2,0.13533094806319834
2,314,3,2.6315081279574812
2,314,4,14.925964787528764
2,314,5,51.747865422298176
2,314,6,1.0173589609471396
2,315,0,0.7670584729055633
2,315,1,0.09514440748260612
2,315,2,0.13779711961183064
2,315,3,2.6434907881812193
2,315,4,14.125674796388548
2,315,5,51.82686889384584
2,315,6,1.0156800083488604
2,316,0,0.7686016941656958
2,316,1,0.09564830597834773
2,316,2,0.1357499998559565
2,316,3,2.6583113837583463
2,316,4,14.91434540370312
2,316,5,51.85178862271063
2,316,6,1.0176041721861424
2,317,0,0.7669821440302759
2,317,1,0.09578588911962144
2,317,2,0.13723196685010258
2,317,3,2.6739767217131702
2,317,4,14.209323104736145
2,317,5,51.89309749431189
2,317,6,1.0155562444654782
2,318,0,0.768287811565884
2,318,1,0.09621943423423752
2,318,2,0.13549275419987855
2,318,3,2.6836309657656514
2,318,4,14.985365984191008
2,318,5,51.917700372899276
2,318,6,1.0176395734440826
2,319,0,0.7658948809832918
2,319,1,0.09620402994216466
2,319,2,0.13790108907454357
2,319,3,2.7009220453718417
2,319,4,14.155473729302766
2,319,5,51.99848264239852
2,319,6,1.0153238198225742
2,320,0,0.7676536788579974
2,320,1,0.09657340501710934
2,320,2,0.1357729161248932
2,320,3,2.712661665409538
2,320,4,15.11780872398245
2,320,5,52.021758697636955
2,320,6,1.0177322809320803
2,321,0,0.7649259294557599
2,321,1,0.09678149871492116
2,321,2,0.138292571829319
2,321,3,2.728531702483072
2,321,4,14.220660662324299
2,321,5,52.10501499477457
2,321,6,1.0153261244578724
2,322,0,0.7673430125668326
2,322,1,0.09665810516030221
2,322,2,0.1359988822728653
2,322,3,2.737505123532127
2,322,4,15.126533187967485
2,322,5,52.12233947289366
2,322,6,1.017801514544463
2,323,0,0.7671915204369604
2,323,1,0.0966885358632845
2,323,2,0.13611994369975505
2,323,3,2.753801711301509
2,323,4,15.119496803690398
2,323,5,52.14577632114047
2,323,6,1.0171402918306338
2,324,0,0.7671214244858581
2,324,1,0.09684596230152684
2,324,2,0.136032613212615
2,324,3,2.76865992085387
2,324,4,15.200298932640461
2,324,5,52.1886160068533
2,324,6,1.0172095979897673
2,325,0,0.7670152424621672
2,325,1,0.09726515404010343
2,325,2,0.13571960349772932
2,325,3,2.780669535747395
2,325,4,15.202274541715378
2,325,5,52.21034749205861
2,325,6,1.0174033565049774
2,326,0,0.7673184954482026
2,326,1,0.0969717118193557
2,326,2,0.13570979273244171
2,326,3,2.7970078002180236
2,326,4,15.300840010734587
2,326,5,52.25519800923544
2,326,6,1.0176718385563694
2,327,0,0.7667204536872023
2,327,1,0.09773575264543322
2,327,2,0.13554379366736438
2,327,3,2.8091051598061454
2,327,4,15.336599704408787
2,327,5,52.28649309319964
2,327,6,1.0177365515425607
2,328,0,0.7670030734104846
2,328,1,0.09771551176579052
2,328,2,0.1352814148237249
2,328,3,2.827198385387268
2,328,4,15.422968421719709
2,328,5,52.324815733448204
2,328,6,1.0173837448645264
2,329,0,0.7666937996467246
2,329,1,0.09802809570822474
2,329,2,0.13527810464505063
2,329,3,2.8389365736678718
2,329,4,15.464602805883004
2,329,5,52.36725406532875
2,329,6,1.0178109230566992
2,330,0,0.766657562846633
2,330,1,0.09750026760128996
2,330,2,0.13584216955207712
2,330,3,2.85553621703963
2,330,4,15.457877506962284
2,330,5,52.40440099435531
2,330,6,1.0177183457458696
2,331,0,0.7657291440996069
2,331,1,0.09798939636535801
2,331,2,0.13628145953503512
2,331,3,2.867603134975602
2,331,4,15.435373566814976
2,331,5,52.426231456694325
2,331,6,1.017675566073675
2,332,0,0.7658914220690387
2,332,1,0.09761579158949409
2,332,2,0.13649278634146722
2,332,3,2.8826036856880752
2,332,4,15.530450628263596
2,332,5,52.44081988087205
2,332,6,1.0178145288950362
2,333,0,0.7663287871607497
2,333,1,0.0972210150789084
2,333,2,0.13645019776034192
2,333,3,2.896527206048616
2,333,4,15.500553845874455
2,333,5,52.44923209174604
2,333,6,1.0175860338917981
2,334,0,0.765750148594518
2,334,1,0.09811748494736804
2,334,2,0.13613236645811397
2,334,3,2.9097213219880325
2,334,4,15.574667064068633
2,334,5,52.4768911885452
2,334,6,1.0177159738822656
2,335,0,0.7657665048906671
2,335,1,0.0980301022295053
2,335,2,0.1362033928798276
2,335,3,2.924340861974263
2,335,4,15.526611117036445
2,335,5,52.50841448657443
2,335,6,1.0175328735403977
2,336,0,0.7656970576640827
2,336,1,0.09829782630685115
2,336,2,0.13600511602906618
2,336,3,2.940245707929806
2,336,4,15.648507138804208
2,336,5,52.52764667565416
2,336,6,1.017524722663383
2,337,0,0.7657877799889758
2,337,1,0.09853930625017088
2,337,2,0.1356729137608532
2,337,3,2.9546788920642753
2,337,4,15.714963664179937
2,337,5,52.54195843924627
2,337,6,1.0173973218837062
2,338,0,0.7652604089312748
2,338,1,0.09831104030537896
2,338,2,0.1364285507633462
2,338,3,2.9677907089421995
2,338,4,15.66647260322649
2,338,5,52.590734253643035
2,338,6,1.0172843955301243
2,339,0,0.7647774529633775
2,339,1,0.0987757163387051
2,339,2,0.13644683069791746
2,339,3,2.981052202180863
2,339,4,15.643916257986195
2,339,5,52.64240189230207
2,339,6,1.0173521104083718
2,340,0,0.7649902761237121
2,340,1,0.09820177443310296
2,340,2,0.13680794944318503
2,340,3,2.9995198492736788
2,340,4,15.695857850081236
2,340,5,52.666090059355625
2,340,6,1.0171183628849576
2,341,0,0.7614853395515054
2,341,1,0.09945288234889045
2,341,2,0.13906177809960413
2,341,3,3.012972913070785
2,341,4,14.76699509112528
2,341,5,52.72026935693505
2,341,6,1.015077767214764
2,342,0,0.7647252033280358
2,342,1,0.09877572536403953
2,342,2,0.13649907130792466
2,342,3,3.026318129679746
2,342,4,15.709600440447176
2,342,5,52.71976377790278
2,342,6,1.0177771567729625
2,343,0,0.7648458976683372
2,343,1,0.09860383248998847
2,343,2,0.13655026984167426
2,343,3,3.042531408467836
2,343,4,15.776931231307815
2,343,5,52.73130782169741
2,343,6,1.0172454729123337
2,344,0,0.7643672749355017
2,344,1,0.09873000401366235
2,344,2,0.13690272105083595
2,344,3,3.057680311067008
2,344,4,15.782522849616807
2,344,5,52.74861883387098
2,344,6,1.017312749568813
2,345,0,0.761142887853426
2,345,1,0.09959904893678566
2,345,2,0.13925806320978834
2,345,3,3.0725382490579016
2,345,4,14.783097841227436
2,345,5,52.80495033710775
2,345,6,1.0147531740573745
2,346,0,0.7639594446280576
2,346,1,0.0992188861682681
2,346,2,0.13682166920367417
2,346,3,3.0862842941490847
2,346,4,15.787178853840295
2,346,5,52.808582481996446
2,346,6,1.0167120119751212
2,347,0,0.7638388256628031
2,347,1,0.09913752044660624
2,347,2,0.1370236538905906
2,347,3,3.0995067831804994
2,347,4,15.867413496654518
2,347,5,52.819796376173706
2,347,6,1.017412939577787
2,348,0,0.7641521376507117
2,348,1,0.09950176944720646
2,348,2,0.13634609290208197
2,348,3,3.116371719979453
2,348,4,15.969912060858569
2,348,5,52.83826175756561
2,348,6,1.0170290690291552
2,349,0,0.7608030991010327
2,349,1,0.09972263859344485
2,349,2,0.1394742623055225
2,349,3,3.1338747992144556
2,349,4,14.918632926270224
2,349,5,52.91892987737651
2,349,6,1.0144803226100052
2,350,0,0.763722995917801
2,350,1,0.09967489411318975
2,350,2,0.1366021099690092
2,350,3,3.144549632136857
2,350,4,15.849391410631991
2,350,5,52.923977819915024
2,350,6,1.0168781648812306
2,351,0,0.7638998061572881
2,351,1,0.09951484515278154
2,351,2,0.13658534868993027
2,351,3,3.161376337575443
2,351,4,16.00093116985243
2,351,5,52.934167550991894
2,351,6,1.0169626817799005
2,352,0,0.763896394610428
2,352,1,0.09967857275386194
2,352,2,0.13642503263571001
2,352,3,3.1754101915841635
2,352,4,15.958155328748566
2,352,5,52.9703820112286
2,352,6,1.0169082449617601
2,353,0,0.7602490774310086
2,353,1,0.10055202435300518
2,353,2,0.1391988982159862
2,353,3,3.1877127822713422
2,353,4,14.92756549855861
2,353,5,53.05799135208685
2,353,6,1.014896234919331
2,354,0,0.7632236672378883
2,354,1,0.10034378083597054
2,354,2,0.1364325519261413
2,354,3,3.201786657464979
2,354,4,16.005626532718495
2,354,5,53.07400520520764
2,354,6,1.0172295180267688
2,355,0,0.7632864508896924
2,355,1,0.10014014503084231
2,355,2,0.13657340407946533
2,355,3,3.220394575450101
2,355,4,16.036415631588802
2,355,5,53.107042828411586
2,355,6,1.0170847086404322
2,356,0,0.7625771821009335
2,356,1,0.10008208826347004
2,356,2,0.13734072963559657
2,356,3,3.235133753888841
2,356,4,16.04056853121947
2,356,5,53.11840474246954
2,356,6,1.0169498347444592
2,357,0,0.763006573128053
2,357,1,0.10037032607110413
2,357,2,0.13662310080084294
2,357,3,3.2498889527730594
2,357,4,16.12131088158266
2,357,5,53.12173871169441
2,357,6,1.0174225528511494
2,358,0,0.7628871029401483
2,358,1,0.10070796816025389
2,358,2,0.13640492889959777
2,358,3,3.263646182931043
2,358,4,16.162851609143733
2,358,5,53.13237195111557
2,358,6,1.0172795049404704
2,359,0,0.762689288005598
2,359,1,0.10077231226887942
2,359,2,0.13653839972552262
2,359,3,3.279910665709357
2,359,4,16.179353688067472
2,359,5,53.14437557404389
2,359,6,1.0169447513301968
2,360,0,0.7625806700792863
2,360,1,0.1005348853156398
2,360,2,0.13688444460507387
2,360,3,3.2958419113229267
2,360,4,16.140266418930608
2,360,5,53.16496331296064
2,360,6,1.0168511252581558
2,361,0,0.7627250872735207
2,361,1,0.10072045857135897
2,361,2,0.13655445415512033
2,361,3,3.3079589564013707
2,361,4,16.230599176420096
2,361,5,53.172138661137765
2,361,6,1.0172198266878731
2,362,0,0.7627117976120519
2,362,1,0.1009255953942408
2,362,2,0.13636260699370745
2,362,3,3.328703984933855
2,362,4,16.268743745497744
2,362,5,53.21753328709317
2,362,6,1.0166040231412516
2,363,0,0.7625560413023547
2,363,1,0.10128165299088822
2,363,2,0.13616230570675714
2,363,3,3.341186209209638
2,363,4,16.338275923630615
2,363,5,53.272828158058665
2,363,6,1.01675664998962
2,364,0,0.7621641174342575
2,364,1,0.10142673737484897
2,364,2,0.13640914519089353
2,364,3,3.352839394402883
2,364,4,16.247618930418106
2,364,5,53.3156150667902
2,364,6,1.0168170036846824
2,365,0,0.7626749441220684
2,365,1,0.10108068994628726
2,365,2,0.13624436593164432
2,365,3,3.3724595400595976
2,365,4,16.426417978324757
2,365,5,53.35603389718445
2,365,6,1.0170644527004866
2,366,0,0.7620442152022755
2,366,1,0.10154613693244965
2,366,2,0.13640964786527482
2,366,3,3.3873688079805717
2,366,4,16.401986457107796
2,366,5,53.39177814199986
2,366,6,1.0169306906178863
2,367,0,0.7618091661275304
2,367,1,0.10121650907016362
2,367,2,0.13697432480230612
2,367,3,3.3999229262778647
2,367,4,16.305021000941466
2,367,5,53.42673430470364
2,367,6,1.016736139258599
2,368,0,0.7619556230131032
2,368,1,0.10135429054722002
2,368,2,0.1366900864396768
2,368,3,3.4137402635410274
2,368,4,16.41122494060991
2,368,5,53.47205879303985
2,368,6,1.0173284759370218
2,369,0,0.7581933461211857
2,369,1,0.10242353412413685
2,369,2,0.13938311975467732
2,369,3,3.429778513143153
2,369,4,15.308676146034394
2,369,5,53.55135724022205
2,369,6,1.0150678319469
2,370,0,0.7615726154714781
2,370,1,0.10167415509211734
2,370,2,0.13675322943640447
2,370,3,3.4502289541597833
2,370,4,16.495491153575173
2,370,5,53.55532091898657
2,370,6,1.0168873976892632
2,371,0,0.7611853582626585
2,371,1,0.10207823543838884
2,371,2,0.13673640629895265
2,371,3,3.4638506438301233
2,371,4,16.47377525335146
2,371,5,53.56010223046224
2,371,6,1.0168409718034974
2,372,0,0.7612725425899559
2,372,1,0.10239695217718683
2,372,2,0.1363305052328573
2,372,3,3.4775449079883867
2,372,4,16.488461786708864
2,372,5,53.57131071874611
2,372,6,1.0171223649236334
2,373,0,0.760967081230377
2,373,1,0.10238823157569814
2,373,2,0.1366446871939249
2,373,3,3.495123456961932
2,373,4,16.432459936281255
2,373,5,53.577433849210536
2,373,6,1.0165830429757723
2,374,0,0.7614367951559641
2,374,1,0.10263260555665374
2,374,2,0.13593059928738213
2,374,3,3.5074208731429555
2,374,4,16.641466572120024
2,374,5,53.576592862410955
2,374,6,1.017104489555167
2,375,0,0.7618626304838607
2,375,1,0.10243116956917324
2,375,2,0.13570619994696612
2,375,3,3.5270498745999834
2,375,4,16.749420634073473
2,375,5,53.59751188200597
2,375,6,1.0168618430693712
2,376,0,0.7613486959090422
2,376,1,0.10287979569642867
2,376,2,0.1357715083945291
2,376,3,3.5398966124444864
2,376,4,16.616576915295187
2,376,5,53.61937738639577
2,376,6,1.0171137593191604
2,377,0,0.7616174043823933
2,377,1,0.10216830802568937
2,377,2,0.1362142875919172
2,377,3,3.5602066733193287
2,377,4,16.68715460079101
2,377,5,53.634371932892236
2,377,6,1.0165396065028849
2,378,0,0.7617706640015766
2,378,1,0.10261067455247977
2,378,2,0.13561866144594362
2,378,3,3.5696906817634155
2,378,4,16.76337587653697
2,378,5,53.65465701171884
2,378,6,1.0173280098669524
2,379,0,0.7610599148718279
2,379,1,0.10255742595425059
2,379,2,0.1363826591739214
2,379,3,3.588422407501266
2,379,4,16.644128669383395
2,379,5,53.65783880823427
2,379,6,1.016831542175006
2,380,0,0.7607022846978454
2,380,1,0.10296026345766289
2,380,2,0.13633745184449164
2,380,3,3.6034935725207844
2,380,4,16.618681693296022
2,380,5,53.65227532918496
2,380,6,1.0168236580395398
2,381,0,0.7606720347710106
2,381,1,0.10312983347793422
2,381,2,0.13619813175105508
2,381,3,3.616308780826701
2,381,4,16.68227654691939
2,381,5,53.64713849496319
2,381,6,1.0171714607275264
2,382,0,0.760590740234723
2,382,1,0.10294202778825608
2,382,2,0.13646723197702107
2,382,3,3.6350844814869583
2,382,4,16.696472291681857
2,382,5,53.63609877605061
2,382,6,1.0164855180103525
2,383,0,0.7604122804678703
2,383,1,0.10339714943155913
2,383,2,0.1361905701005705
2,383,3,3.6488262846512933
2,383,4,16.740205541310647
2,383,5,53.63090322068205
2,383,6,1.0167607462674177
2,384,0,0.7609723500012866
2,384,1,0.10282901901914678
2,384,2,0.13619863097956658
2,384,3,3.667291009805928
2,384,4,16.805958563370734
2,384,5,53.61383735662499
2,384,6,1.0169013167404632
2,385,0,0.7604662685151219
2,385,1,0.10302809951530628
2,385,2,0.1365056319695718
2,385,3,3.6797554068952243
2,385,4,16.6839701628536
2,385,5,53.61773298519482
2,385,6,1.0166922818587782
2,386,0,0.7609986343581411
2,386,1,0.10303537650286132
2,386,2,0.1359659891389977
2,386,3,3.692464744055924
2,386,4,16.71244007745509
2,386,5,53.612224774521096
2,386,6,1.0171239210359275
2,387,0,0.7603701729215646
2,387,1,0.1033015726353219
2,387,2,0.1363282544431135
2,387,3,3.712125634344841
2,387,4,16.686491220758132
2,387,5,53.616120272363936
2,387,6,1.0166573897960263
2,388,0,0.7604635436841833
2,388,1,0.10347774767803325
2,388,2,0.13605870863778344
2,388,3,3.731871434289472
2,388,4,16.845363629360183
2,388,5,53.60108243045307
2,388,6,1.0163818771167386
2,389,0,0.7600264192847842
2,389,1,0.1032731994081332
2,389,2,0.1367003813070826
2,389,3,3.746765414610054
2,389,4,16.76251386343721
2,389,5,53.5754381075657
2,389,6,1.0162524626812928
2,390,0,0.756031868790718
2,390,1,0.10518623470877804
2,390,2,0.13878189650050396
2,390,3,3.7622904023725887
2,390,4,15.729417116720551
2,390,5,53.596832961668085
2,390,6,1.0143236819177848
2,391,0,0.7602812284582149
2,391,1,0.10409083647755533
2,391,2,0.13562793506422965
2,391,3,3.783010828106375
2,391,4,16.995445649682097
2,391,5,53.570896731705076
2,391,6,1.0161063121548568
2,392,0,0.7598340054730577
2,392,1,0.10401605307205701
2,392,2,0.13614994145488535
2,392,3,3.796882999785318
2,392,4,16.852602524542057
2,392,5,53.580270380901425
2,392,6,1.0158494575158545
2,393,0,0.7555015416372003
2,393,1,0.10544411785025969
2,393,2,0.13905434051254006
2,393,3,3.813065689320822
2,393,4,15.684324513834001
2,393,5,53.63882532410683
2,393,6,1.013680985205444
2,394,0,0.7597341096529003
2,394,1,0.1038219878792919
2,394,2,0.1364439024678078
2,394,3,3.830990429154993
2,394,4,16.92736126960311
2,394,5,53.62917019872583
2,394,6,1.0159761605181168
2,395,0,0.7596375969456824
2,395,1,0.10412014473868951
2,395,2,0.136242258315628
2,395,3,3.8450333850793044
2,395,4,16.906658701987737
2,395,5,53.62694658577539
2,395,6,1.01560718634074
2,396,0,0.7553121883652483
2,396,1,0.10576499166009773
2,396,2,0.13892281997465403
2,396,3,3.859732262279809
2,396,4,15.738610734902382
2,396,5,53.69472429647624
2,396,6,1.0135765519501119
2,397,0,0.7597400274086105
2,397,1,0.1047048764860945
2,397,2,0.13555509610529506
2,397,3,3.8759647334345857
2,397,4,17.055246906863093
2,397,5,53.666526788952346
2,397,6,1.0159338505233866
2,398,0,0.760319272216725
2,398,1,0.10475772801370563
2,398,2,0.1349229997695694
2,398,3,3.892019259890351
2,398,4,17.162068149178015
2,398,5,53.672744352281555
2,398,6,1.0163355722756056
2,399,0,0.755382986619309
2,399,1,0.10641179467567635
2,399,2,0.1382052187050146
2,399,3,3.9126752231908153
2,399,4,15.867141458757319
2,399,5,53.736905377940936
2,399,6,1.0132702456376428
2,400,0,0.7546100486613605
2,400,1,0.107279805289836
2,400,2,0.1381101460488035
2,400,3,3.923859800613555
2,400,4,15.907113579458178
2,400,5,53.79277515872941
2,400,6,1.0135071826466602
2,401,0,0.7595632541766817
2,401,1,0.10500500031024018
2,401,2,0.1354317455130781
2,401,3,3.9463693985789505
2,401,4,17.15313025895643
2,401,5,53.782991831773714
2,401,6,1.0156995031036713
2,402,0,0.7598769467271613
2,402,1,0.10490634657500997
2,402,2,0.1352167066978287
2,402,3,3.953586424417561
2,402,4,17.179840272246278
2,402,5,53.76104091136687
2,402,6,1.0168824631672502
2,403,0,0.7601670441656183
2,403,1,0.104968301714815
2,403,2,0.13486465411956666
2,403,3,3.977196979658204
2,403,4,17.21276101113765
2,403,5,53.734412105441116
2,403,6,1.0160783411953824
2,404,0,0.7597663011378882
2,404,1,0.10500695099430915
2,404,2,0.1352267478678025
2,404,3,3.9853824600273295
2,404,4,17.256347969740883
2,404,5,53.718836517038106
2,404,6,1.0168825976681741
2,405,0,0.759144430793014
2,405,1,0.10515247033343318
2,405,2,0.1357030988735528
2,405,3,4.005778349109316
2,405,4,17.197653050760586
2,405,5,53.71473008969346
2,405,6,1.0161099335493693
2,406,0,0.7541363332744362
2,406,1,0.10775154365841039
2,406,2,0.13811212306715337
2,406,3,4.020398105219031
2,406,4,15.946486156943045
2,406,5,53.750313097457884
2,406,6,1.0136607540090288
2,407,0,0.7594959385554131
2,407,1,0.10589199845236015
2,407,2,0.13461206299222686
2,407,3,4.038896884597695
2,407,4,17.347391838793936
2,407,5,53.71419414688025
2,407,6,1.0160135037182523
2,408,0,0.7591136679853762
2,408,1,0.10616820524126483
2,408,2,0.134718126773359
2,408,3,4.054970824042318
2,408,4,17.25056225380109
2,408,5,53.7122892826239
2,408,6,1.015894191114712
2,409,0,0.7591998735928994
2,409,1,0.10607677812948176
2,409,2,0.13472334827761887
2,409,3,4.071572461227703
2,409,4,17.22647587283431
2,409,5,53.71095529147709
2,409,6,1.015835060978352
2,410,0,0.7590492433383765
2,410,1,0.10637505210044736
2,410,2,0.13457570456117615
2,410,3,4.09199517059965
2,410,4,17.25884621879449
2,410,5,53.70630040919146
2,410,6,1.0151710499554392
2,411,0,0.7589016228558256
2,411,1,0.10638049668007565
2,411,2,0.13471788046409872
2,411,3,4.1058576029566245
2,411,4,17.278145273548013
2,411,5,53.70681594765384
2,411,6,1.0158832686366734
2,412,0,0.7588277481301805
2,412,1,0.106412009691076
2,412,2,0.13476024217874358
2,412,3,4.1241035042874294
2,412,4,17.30402977547502
2,412,5,53.672988799555334
2,412,6,1.0157318101013826
2,413,0,0.7586553503381139
2,413,1,0.10645679404809237
2,413,2,0.13488785561379363
2,413,3,4.140600127433926
2,413,4,17.34613022646108
2,413,5,53.63574482758247
2,413,6,1.0157578709081174
2,414,0,0.7588642809412196
2,414,1,0.10641343881203993
2,414,2,0.13472228024674043
2,414,3,4.156708534853587
2,414,4,17.361167636183016
2,414,5,53.58294798600351
2,414,6,1.015631976557237
2,415,0,0.7586559582549298
2,415,1,0.1065591692203267
2,415,2,0.13478487252474355
2,415,3,4.172727143047832
2,415,4,17.31660379026475
2,415,5,53.51148741079148
2,415,6,1.015832151371787
2,416,0,0.7532122052250783
2,416,1,0.10911977668725148
2,416,2,0.13766801808767026
2,416,3,4.193597520557697
2,416,4,16.056626612454032
2,416,5,53.524272384636284
2,416,6,1.012805069926678
2,417,0,0.7586515353429003
2,417,1,0.10655190616080866
2,417,2,0.134796558496291
2,417,3,4.210684273484106
2,417,4,17.354459879198792
2,417,5,53.44680997218996
2,417,6,1.015145900372181
2,418,0,0.7531067710721814
2,418,1,0.10912163578367354
2,418,2,0.137771593144145
2,418,3,4.226089380802526
2,418,4,16.040156962141875
2,418,5,53.442875151898356
2,418,6,1.0126118715136303
2,419,0,0.7534159701124424
2,419,1,0.10897062212625928
2,419,2,0.1376134077612982
2,419,3,4.24184606950296
2,419,4,16.091594443008805
2,419,5,53.46798533608756
2,419,6,1.012518571539434
2,420,0,0.7581899541372632
2,420,1,0.10694205946601765
2,420,2,0.13486798639671913
2,420,3,4.256550501933967
2,420,4,17.383564108352317
2,420,5,53.41893366667778
2,420,6,1.0150336475722432
2,421,0,0.7530032322567091
2,421,1,0.10933056981775272
2,421,2,0.13766619792553822
2,421,3,4.2786652354874395
2,421,4,16.119498579254483
2,421,5,53.41360326382963
2,421,6,1.0123052151675527
2,422,0,0.753022367076314
2,422,1,0.10985746971891508
2,422,2,0.13712016320477088
2,422,3,4.290624326047684
2,422,4,16.16228243543349
2,422,5,53.43109096932347
2,422,6,1.0128372896981988
2,423,0,0.7530410025363782
2,423,1,0.11011954275122755
2,423,2,0.13683945471239423
2,423,3,4.314004521375306
2,423,4,16.24710332282609
2,423,5,53.447271425564395
2,423,6,1.0121130043849091
2,424,0,0.7581302679220793
2,424,1,0.10797325771480039
2,424,2,0.13389647436312035
2,424,3,4.327503123825442
2,424,4,17.523208980873985
2,424,5,53.40293133382094
2,424,6,1.014586546378502
2,425,0,0.7585425668551036
2,425,1,0.10771723648375996
2,425,2,0.13374019666113643
2,425,3,4.34611432680669
2,425,4,17.576449350921674
2,425,5,53.33124085167213
2,425,6,1.014623160248501
2,426,0,0.752232278204926
2,426,1,0.11091706830691005
2,426,2,0.13685065348816391
2,426,3,4.359244978963857
2,426,4,16.265600676022043
2,426,5,53.332244943124074
2,426,6,1.0124498724013256
2,427,0,0.7531537241460642
2,427,1,0.11031803635689942
2,427,2,0.1365282394970363
2,427,3,4.384138187727664
2,427,4,16.394594651208013
2,427,5,53.336381504954396
2,427,6,1.0120047744959209
2,428,0,0.7585699755067126
2,428,1,0.10797785419023528
2,428,2,0.13345217030305215
2,428,3,4.398024770031609
2,428,4,17.639057943990796
2,428,5,53.27249877811811
2,428,6,1.0142640596974974
2,429,0,0.7530620396521586
2,429,1,0.11031446528541199
2,429,2,0.13662349506242952
2,429,3,4.416251733729037
2,429,4,16.339797458746737
2,429,5,53.276304266796274
2,429,6,1.0120818530241653
2,430,0,0.7523245145955693
2,430,1,0.11085156417033576
2,430,2,0.13682392123409504
2,430,3,4.432232079752225
2,430,4,16.348165578815887
2,430,5,53.302319107763914
2,430,6,1.0121167869586052
2,431,0,0.7581269886992376
2,431,1,0.10780864411330825
2,431,2,0.13406436718745426
2,431,3,4.44700934594563
2,431,4,17.626667049731438
2,431,5,53.22318196567148
2,431,6,1.0145209304457075
2,432,0,0.7581165469577322
2,432,1,0.10824651105451136
2,432,2,0.13363694198775644
2,432,3,4.4635161480829995
2,432,4,17.662061665175084
2,432,5,53.11864715652439
2,432,6,1.0144355768285662
2,433,0,0.7521615090547242
2,433,1,0.11117985129040511
2,433,2,0.13665863965487055
2,433,3,4.4773796005010675
2,433,4,16.317593857704793
2,433,5,53.10398254855649
2,433,6,1.0126456760389373
2,434,0,0.7517476715373264
2,434,1,0.11132051682616659
2,434,2,0.13693181163650703
2,434,3,4.499460561273637
2,434,4,16.290902371332592
2,434,5,53.09797795213245
2,434,6,1.0117160646827839
2,435,0,0.7517679969829978
2,435,1,0.1113562381544093
2,435,2,0.13687576486259287
2,435,3,4.514972290568119
2,435,4,16.278838076560778
2,435,5,53.09980184651427
2,435,6,1.0120695623481881
2,436,0,0.7515994812939223
2,436,1,0.11174198258116005
2,436,2,0.13665853612491766
2,436,3,4.533815967457546
2,436,4,16.297524551756318
2,436,5,53.1052472402468
2,436,6,1.0116167184454143
2,437,0,0.7523891161578207
2,437,1,0.11176079573481427
2,437,2,0.135850088107365
2,437,3,4.552244021228775
2,437,4,16.43553637403214
2,437,5,53.121585997666855
2,437,6,1.0119593109481586
2,438,0,0.7522931075091492
2,438,1,0.11201786289445727
2,438,2,0.1356890295963934
2,438,3,4.568124590219991
2,438,4,16.423358557700713
2,438,5,53.13373470070049
2,438,6,1.0120611346031494
2,439,0,0.7519328720604238
2,439,1,0.11205077968936984
2,439,2,0.13601634825020642
2,439,3,4.589550083446535
2,439,4,16.453704780318244
2,439,5,53.13606098685669
2,439,6,1.0118095795004336
2,440,0,0.7526403266427337
2,440,1,0.11200018303179898
2,440,2,0.13535949032546726
2,440,3,4.604916722609774
2,440,4,16.479362566778228
2,440,5,53.13665611366134
2,440,6,1.0120242083711368
2,441,0,0.7522803387209753
2,441,1,0.11237952616297103
2,441,2,0.13534013511605367
2,441,3,4.623775309912053
2,441,4,16.527438588818967
2,441,5,53.15925917319031
2,441,6,1.0120139813173314
2,442,0,0.7586596142522366
2,442,1,0.1090342638327629
2,442,2,0.13230612191500055
2,442,3,4.642537890161708
2,442,4,17.91893805380895
2,442,5,53.0778096589717
2,442,6,1.0141514876501467
2,443,0,0.7520620061410039
2,443,1,0.11241639069400858
2,443,2,0.13552160316498746
2,443,3,4.659377987118316
2,443,4,16.418426476975526
2,443,5,53.059181739730235
2,443,6,1.0117647686046431
2,444,0,0.7586078192732502
2,444,1,0.10942860401177658
2,444,2,0.13196357671497314
2,444,3,4.676108547368128
2,444,4,17.892486467088922
2,444,5,52.95141482055766
2,444,6,1.013987478928444
2,445,0,0.751454888324468
2,445,1,0.11328321755931477
2,445,2,0.1352618941162171
2,445,3,4.691034529511324
2,445,4,16.47714907097764
2,445,5,52.91410482085431
2,445,6,1.0116747855722314
2,446,0,0.7520153377325849
2,446,1,0.11296834286678531
2,446,2,0.13501631940062983
2,446,3,4.714288864259956
2,446,4,16.501969125621383
2,446,5,52.91928212938607
2,446,6,1.0106972032393993
2,447,0,0.7582576380640583
2,447,1,0.10996186141477304
2,447,2,0.13178050052116855
2,447,3,4.729559899590097
2,447,4,17.957675184658783
2,447,5,52.834065286191596
2,447,6,1.0135959682653053
2,448,0,0.7520213524066561
2,448,1,0.11336470543990446
2,448,2,0.13461394215343947
2,448,3,4.748603614648794
2,448,4,16.614574806812172
2,448,5,52.837275546035094
2,448,6,1.0110387552440296
2,449,0,0.7576192950533773
2,449,1,0.11045598572958823
2,449,2,0.1319247192170344
2,449,3,4.764834789522673
2,449,4,17.98357024084852
2,449,5,52.73938989407524
2,449,6,1.01348925780064
2,450,0,0.7509628778223343
2,450,1,0.1139928672690327
2,450,2,0.13504425490863298
2,450,3,4.780753302578338
2,450,4,16.537452418423413
2,450,5,52.6856871317307
2,450,6,1.0108391508308807
2,451,0,0.7509850917610188
2,451,1,0.11387656808708052
2,451,2,0.1351383401519008
2,451,3,4.798528491249692
2,451,4,16.522838750890145
2,451,5,52.6779561455394
2,451,6,1.0110862452622145
2,452,0,0.7507360226688246
2,452,1,0.11435021700571046
2,452,2,0.13491376032546507
2,452,3,4.817700639584141
2,452,4,16.545812796191132
2,452,5,52.683842352817344
2,452,6,1.0111304559677825
2,453,0,0.7508896267154566
2,453,1,0.1145318276309111
2,453,2,0.13457854565363242
2,453,3,4.83167359317678
2,453,4,16.624009542217713
2,453,5,52.674800117170186
2,453,6,1.0115159792902764
2,454,0,0.7514847342444216
2,454,1,0.11437376182125716
2,454,2,0.13414150393432125
2,454,3,4.859971780814535
2,454,4,16.703349080095073
2,454,5,52.669192349160745
2,454,6,1.010587641140524
2,455,0,0.7587215556148234
2,455,1,0.11045398851641669
2,455,2,0.13082445586875996
2,455,3,4.874765638581866
2,455,4,18.166339634788564
2,455,5,52.56719522717768
2,455,6,1.0132636049775825
2,456,0,0.7513792177584788
2,456,1,0.11456307647441939
2,456,2,0.13405770576710171
2,456,3,4.892628727120834
2,456,4,16.64610730470729
2,456,5,52.52730056219913
2,456,6,1.01077622091954
2,457,0,0.7511377704316385
2,457,1,0.11502206868337876
2,457,2,0.13384016088498277
2,457,3,4.911480626068637
2,457,4,16.652536104425995
2,457,5,52.52113196833149
2,457,6,1.0107083481966375
2,458,0,0.7513202756764835
2,458,1,0.11494637422955915
2,458,2,0.13373335009395745
2,458,3,4.930521025710018
2,458,4,16.69904599405757
2,458,5,52.50684660963306
2,458,6,1.0108859242322792
2,459,0,0.7508873330614494
2,459,1,0.11553569636847986
2,459,2,0.13357697057007079
2,459,3,4.951776054411931
2,459,4,16.72417982437681
2,459,5,52.49936084697025
2,459,6,1.0103828558106644
2,460,0,0.7515026203647714
2,460,1,0.11526235919586279
2,460,2,0.13323502043936566
2,460,3,4.971305443204699
2,460,4,16.786721372012423
2,460,5,52.48957856322403
2,460,6,1.0104644524643192
2,461,0,0.7509769309367824
2,461,1,0.11561684122872705
2,461,2,0.1334062278344906
2,461,3,4.985294025782493
2,461,4,16.762282870910646
2,461,5,52.4779362905628
2,461,6,1.0104150487482368
2,462,0,0.7507899694420276
2,462,1,0.11568106992117959
2,462,2,0.13352896063679282
2,462,3,5.0065471870735
2,462,4,16.784554679455038
2,462,5,52.46217156409889
2,462,6,1.0106380309507181
2,463,0,0.7506899065848366
2,463,1,0.11602542167230646
2,463,2,0.1332846717428569
2,463,3,5.023374089078372
2,463,4,16.827127167725088
2,463,5,52.43988575986215
2,463,6,1.0106065659172454
2,464,0,0.7506533138274089
2,464,1,0.11623870671185436
2,464,2,0.1331079794607368
2,464,3,5.040736501037239
2,464,4,16.83079064281886
2,464,5,52.41203665424637
2,464,6,1.0102873345711216
2,465,0,0.7510359399697163
2,465,1,0.11610308461678376
2,465,2,0.13286097541349992
2,465,3,5.057789433852767
2,465,4,16.900538961786904
2,465,5,52.37781997435712
2,465,6,1.0110186594931854
2,466,0,0.7511645484694641
2,466,1,0.11631146332654095
2,466,2,0.132523988203995
2,466,3,5.083972346263798
2,466,4,16.830723388555747
2,466,5,52.3493098419131
2,466,6,1.0103954761418696
2,467,0,0.75117382509138
2,467,1,0.11649106967496974
2,467,2,0.13233510523365033
2,467,3,5.099111789912133
2,467,4,16.89511272389444
2,467,5,52.327357496432256
2,467,6,1.0106065998574898
2,468,0,0.7510640180137529
2,468,1,0.11696301241475851
2,468,2,0.13197296957148846
2,468,3,5.114574544476343
2,468,4,16.91512781208598
2,468,5,52.290902188644694
2,468,6,1.0105472519430208
2,469,0,0.7506740843425872
2,469,1,0.11740378650007882
2,469,2,0.13192212915733392
2,469,3,5.137500607081563
2,469,4,16.849979137399195
2,469,5,52.28091346023919
2,469,6,1.0099989643974832
2,470,0,0.7509594686379862
2,470,1,0.11758987750479404
2,470,2,0.1314506538572198
2,470,3,5.155064171006164
2,470,4,16.978016198179787
2,470,5,52.25035052005877
2,470,6,1.0102379573912417
2,471,0,0.7512871536382042
2,471,1,0.11711728258165956
2,471,2,0.13159556378013618
2,471,3,5.176152230090676
2,471,4,16.943556492205627
2,471,5,52.218125081173476
2,471,6,1.0097522132311596
2,472,0,0.7506514767435956
2,472,1,0.11777348428675652
2,472,2,0.13157503896964795
2,472,3,5.187635848328255
2,472,4,16.933698703930414
2,472,5,52.20953806187048
2,472,6,1.0103131789491184
2,473,0,0.7506630075431022
2,473,1,0.1177793531694401
2,473,2,0.1315576392874576
2,473,3,5.214256473948196
2,473,4,16.969084300382406
2,473,5,52.18886279353848
2,473,6,1.009780414775417
2,474,0,0.750953998344693
2,474,1,0.11817989951787204
2,474,2,0.13086610213743494
2,474,3,5.227115319974799
2,474,4,16.992155284856917
2,474,5,52.15855427713607
2,474,6,1.0102246144744118
2,475,0,0.7503166632515953
2,475,1,0.1185303670571963
2,475,2,0.13115296969120838
2,475,3,5.246767798679845
2,475,4,17.002739561525964
2,475,5,52.11816169508899
2,475,6,1.010055063852465
2,476,0,0.7505967701023806
2,476,1,0.11833575486455011
2,476,2,0.1310674750330693
2,476,3,5.2630510072649646
2,476,4,17.056727771404862
2,476,5,52.07336055978959
2,476,6,1.0101027844563089
2,477,0,0.75025659037454
2,477,1,0.11844015437470232
2,477,2,0.13130325525075776
2,477,3,5.285351952605704
2,477,4,17.010484361255006
2,477,5,52.040805740293436
2,477,6,1.0098540886774052
2,478,0,0.750345700842754
2,478,1,0.1183580999924237
2,478,2,0.13129619916482227
2,478,3,5.303326644276192
2,478,4,17.023968310903562
2,478,5,51.99797384699071
2,478,6,1.0098026815263614
2,479,0,0.750365231843731
2,479,1,0.11870417192800593
2,479,2,0.13093059622826295
2,479,3,5.324953638156339
2,479,4,17.0198920334951
2,479,5,51.94574677099917
2,479,6,1.0093412170029905
2,480,0,0.7512559426260296
2,480,1,0.11874788700424352
2,480,2,0.1299961703697269
2,480,3,5.343832948549905
2,480,4,17.133879034758177
2,480,5,51.88780084713138
2,480,6,1.0097278693071998
2,481,0,0.7510453418138116
2,481,1,0.1189803251636746
2,481,2,0.12997433302251385
2,481,3,5.362100056656285
2,481,4,17.083167035053243
2,481,5,51.84958945933
2,481,6,1.009544357853522
2,482,0,0.7506605943330878
2,482,1,0.11969505581721276
2,482,2,0.12964434984969941
2,482,3,5.380993644330301
2,482,4,17.110883096831532
2,482,5,51.81823837666771
2,482,6,1.0093576193481348
2,483,0,0.7495532520610713
2,483,1,0.12002189567636547
2,483,2,0.13042485226256323
2,483,3,5.3963656686487225
2,483,4,17.0187680279561
2,483,5,51.79834598806558
2,483,6,1.0093065600283102
2,484,0,0.7501921142031782
2,484,1,0.1199398484343058
2,484,2,0.12986803736251593
2,484,3,5.416399852456153
2,484,4,17.080957239119574
2,484,5,51.73918482692848
2,484,6,1.009338660176147
2,485,0,0.7501868344180289
2,485,1,0.1199411764895315
2,485,2,0.12987198909243955
2,485,3,5.4177225616189935
2,485,4,17.08172879398805
2,485,5,51.73685080617828
2,485,6,1.0093278048961993
2,486,0,0.7502213692233769
2,486,1,0.11972629714294622
2,486,2,0.1300523336336769
2,486,3,5.434033249546263
2,486,4,17.10099905641163
2,486,5,51.695690094061405
2,486,6,1.0097165453065862
2,487,0,0.7505359209208684
2,487,1,0.12016912717377963
2,487,2,0.129294951905352
2,487,3,5.45929531766515
2,487,4,17.159229493363107
2,487,5,51.63707752783985
2,487,6,1.0090259908910388
2,488,0,0.7506853020282125
2,488,1,0.12006475515029304
2,488,2,0.12924994282149452
2,488,3,5.4786919013578625
2,488,4,17.190018730054447
2,488,5,51.57921415875562
2,488,6,1.0090344872562924
2,489,0,0.750293738637248
2,489,1,0.12067831158068933
2,489,2,0.12902794978206275
2,489,3,5.497866147758018
2,489,4,17.158553507760793
2,489,5,51.53660084356513
2,489,6,1.0088184942730687
2,490,0,0.7514261012235134
2,490,1,0.12030002085267003
2,490,2,0.12827387792381656
2,490,3,5.520550763211983
2,490,4,17.224830758233402
2,490,5,51.49560426331374
2,490,6,1.0087453847013186
2,491,0,0.7507534435587329
2,491,1,0.12089034561109818
2,491,2,0.12835621083016885
2,491,3,5.5349095837270985
2,491,4,17.242147615458133
2,491,5,51.46925745894737
2,491,6,1.009328670245682
2,492,0,0.7503967517403036
2,492,1,0.12112427395003487
2,492,2,0.12847897430966143
2,492,3,5.554537552388579
2,492,4,17.21694502542313
2,492,5,51.41759796115088
2,492,6,1.008840083963443
2,493,0,0.750697016036884
2,493,1,0.12088973225624558
2,493,2,0.12841325170687037
2,493,3,5.576847652827318
2,493,4,17.25588167000659
2,493,5,51.371336238870896
2,493,6,1.0089011522555311
2,494,0,0.7505671957706599
2,494,1,0.1213714474682932
2,494,2,0.12806135676104696
2,494,3,5.59722866340218
2,494,4,17.25618824782377
2,494,5,51.3251927905105
2,494,6,1.0090067765465303
2,495,0,0.7510838632524529
2,495,1,0.12127198061335699
2,495,2,0.12764415613418997
2,495,3,5.616541693972977
2,495,4,17.355592974485894
2,495,5,51.29566325361005
2,495,6,1.0091526015996224
2,496,0,0.7507274572799624
2,496,1,0.12141741157040481
2,496,2,0.12785513114963273
2,496,3,5.637177563964781
2,496,4,17.294134191816738
2,496,5,51.26816806847225
2,496,6,1.0085447319823524
2,497,0,0.7511154365966701
2,497,1,0.12149763155058013
2,497,2,0.12738693185274969
2,497,3,5.655360485315828
2,497,4,17.2888080543425
2,497,5,51.24903253770232
2,497,6,1.0087874766236335
2,498,0,0.7507145606822704
2,498,1,0.12197092710622945
2,498,2,0.1273145122115001
2,498,3,5.676140700514089
2,498,4,17.28660288786879
2,498,5,51.211564859013045
2,498,6,1.0085958126166192
2,499,0,0.7506792175061268
2,499,1,0.12224874583851265
2,499,2,0.12707203665536057
2,499,3,5.699042331466869
2,499,4,17.324859198336206
2,499,5,51.17486260612124
2,499,6,1.0082244337497266
2,500,0,0.7504174961921738
2,500,1,0.12287590678641046
2,500,2,0.12670659702141568
2,500,3,5.710720572986046
2,500,4,17.339219936912794
2,500,5,51.12689627173668
2,500,6,1.0086801445932225
2,501,0,0.7504705680131343
2,501,1,0.12237574951708019
2,501,2,0.12715368246978553
2,501,3,5.7311982848219385
2,501,4,17.353402851842244
2,501,5,51.07289727048345
2,501,6,1.0085654165507636
2,502,0,0.7500390583154442
2,502,1,0.1234160874377529
2,502,2,0.12654485424680287
2,502,3,5.747734144896648
2,502,4,17.33917940553809
2,502,5,51.00472628963794
2,502,6,1.0086842451369964
2,503,0,0.7500987640974438
2,503,1,0.12323101800822384
2,503,2,0.12667021789433233
2,503,3,5.7707697800274635
2,503,4,17.336811080094133
2,503,5,50.95471930293165
2,503,6,1.0084700956608796
2,504,0,0.750275917990233
2,504,1,0.12330784469338933
2,504,2,0.1264162373163777
2,504,3,5.786683173369119
2,504,4,17.360967312579955
2,504,5,50.908874583881904
2,504,6,1.0085081814878682
2,505,0,0.7496273401072834
2,505,1,0.12355964581449091
2,505,2,0.12681301407822562
2,505,3,5.80918999980367
2,505,4,17.312500076044913
2,505,5,50.847536920627626
2,505,6,1.008036037347593
2,506,0,0.7500921466367683
2,506,1,0.12351753265568755
2,506,2,0.1263903207075442
2,506,3,5.830204699361002
2,506,4,17.303550198348905
2,506,5,50.77667925430569
2,506,6,1.00803981146141
2,507,0,0.7501654742087837
2,507,1,0.12390401841043869
2,507,2,0.12593050738077757
2,507,3,5.848036250000515
2,507,4,17.320149305302902
2,507,5,50.73530965249062
2,507,6,1.0082834258082873
2,508,0,0.7506825764476708
2,508,1,0.12359572985417906
2,508,2,0.1257216936981502
2,508,3,5.878661807091909
2,508,4,17.368614723279954
2,508,5,50.66787985886805
2,508,6,1.007696820073712
2,509,0,0.7511284840135155
2,509,1,0.12345507940227983
2,509,2,0.12541643658420465
2,509,3,5.896529166925582
2,509,4,17.417640509007928
2,509,5,50.64739874963655
2,509,6,1.0079860680810186
2,510,0,0.7501566342550036
2,510,1,0.12408383439341047
2,510,2,0.12575953135158596
2,510,3,5.9092245020460625
2,510,4,17.354282448481396
2,510,5,50.607643217662506
2,510,6,1.0083938900358063
2,511,0,0.7504074555604612
2,511,1,0.12481738104020276
2,511,2,0.12477516339933599
2,511,3,5.9282664088602015
2,511,4,17.43987415106309
2,511,5,50.52993786563219
2,511,6,1.007932860456551
2,512,0,0.7509965939696397
2,512,1,0.12472775523412184
2,512,2,0.12427565079623856
2,512,3,5.953924825005738
2,512,4,17.475790772640796
2,512,5,50.48274784152742
2,512,6,1.00761734249784
2,513,0,0.7512229953277197
2,513,1,0.12495548173580001
2,513,2,0.12382152293648024
2,513,3,5.974114125172939
2,513,4,17.53950176490261
2,513,5,50.44740877347481
2,513,6,1.0075599517910232
2,514,0,0.750614889147884
2,514,1,0.12555696336355288
2,514,2,0.12382814748856308
2,514,3,5.989153745615264
2,514,4,17.557793089551165
2,514,5,50.426233172046054
2,514,6,1.0078179787800607
2,515,0,0.750547102487874
2,515,1,0.12573125250011663
2,515,2,0.12372164501200943
2,515,3,6.005226068409547
2,515,4,17.50503565331641
2,515,5,50.388885400988464
2,515,6,1.0079465687958837
2,516,0,0.7507423705214993
2,516,1,0.12611274122899316
2,516,2,0.12314488824950766
2,516,3,6.0288645063674
2,516,4,17.567049183165057
2,516,5,50.31328693263345
2,516,6,1.0079360188504969
2,517,0,0.7503864675786387
2,517,1,0.1266347507650074
2,517,2,0.12297878165635395
2,517,3,6.05280936920249
2,517,4,17.540761351908483
2,517,5,50.28667910019427
2,517,6,1.0074102349241236
2,518,0,0.750419987900344
2,518,1,0.12659157446272423
2,518,2,0.1229884376369318
2,518,3,6.073457669530574
2,518,4,17.514934955913997
2,518,5,50.251404484355916
2,518,6,1.007327270462898
2,519,0,0.7508905197762543
2,519,1,0.12643375688857558
2,519,2,0.12267572333517013
2,519,3,6.100656212568723
2,519,4,17.626348832736912
2,519,5,50.195264710286715
2,519,6,1.0070745768658866
2,520,0,0.7510091935405722
2,520,1,0.12706000372188772
2,520,2,0.12193080273754012
2,520,3,6.114861255763661
2,520,4,17.61748345776629
2,520,5,50.170367987919626
2,520,6,1.0076052478859312
2,521,0,0.7513698158372208
2,521,1,0.12672467484931726
2,521,2,0.12190550931346188
2,521,3,6.139328044091142
2,521,4,17.72375927292093
2,521,5,50.113704454969366
2,521,6,1.007412124929493
2,522,0,0.7505846532197075
2,522,1,0.12727481737218546
2,522,2,0.12214052940810712
2,522,3,6.163859410677435
2,522,4,17.59623311285412
2,522,5,50.0646372321569
2,522,6,1.0070096728984494
2,523,0,0.7505590009209114
2,523,1,0.12772528917752707
2,523,2,0.12171570990156161
2,523,3,6.172115230510551
2,523,4,17.652662905076326
2,523,5,49.983634658073434
2,523,6,1.0077693355538135
2,524,0,0.7510631807531282
2,524,1,0.12718046585673615
2,524,2,0.12175635339013567
2,524,3,6.200844752115835
2,524,4,17.679989110656997
2,524,5,49.88858687959455
2,524,6,1.0071641635243989
2,525,0,0.7505894234343962
2,525,1,0.12779539733276832
2,525,2,0.12161517923283555
2,525,3,6.216149969122572
2,525,4,17.648159677737816
2,525,5,49.81677997598217
2,525,6,1.0072984536747318
2,526,0,0.7512110934381268
2,526,1,0.1276172975077943
2,526,2,0.12117160905407891
2,526,3,6.242221625775806
2,526,4,17.66622042530176
2,526,5,49.72444751792135
2,526,6,1.007159310773225
2,527,0,0.7505315183015666
2,527,1,0.12830458161548602
2,527,2,0.12116390008294739
2,527,3,6.254862958439431
2,527,4,17.601239911866255
2,527,5,49.62684578665219
2,527,6,1.0073923341488282
2,528,0,0.7507185819206474
2,528,1,0.12823738540081303
2,528,2,0.12104403267853961
2,528,3,6.280080773734087
2,528,4,17.621581788510063
2,528,5,49.51641796296844
2,528,6,1.007320822256542
2,529,0,0.7501081555021449
2,529,1,0.12846828370406144
2,529,2,0.12142356079379366
2,529,3,6.29947919465944
2,529,4,17.58610926876977
2,529,5,49.40528828473114
2,529,6,1.0066349089969588
2,530,0,0.7497564083555337
2,530,1,0.1291801912119926
2,530,2,0.12106340043247368
2,530,3,6.316673907597636
2,530,4,17.577386087647632
2,530,5,49.309564260414426
2,530,6,1.0067978990792434
2,531,0,0.7495554859800826
2,531,1,0.1291852267397179
2,531,2,0.12125928728019938
2,531,3,6.340176010829827
2,531,4,17.559288678381918
2,531,5,49.192198611175954
2,531,6,1.0063256108786485
2,532,0,0.7482437420448735
2,532,1,0.13001311514592967
2,532,2,0.12174314280919679
2,532,3,6.357044076874978
2,532,4,17.422460439096263
2,532,5,49.0841697010418
2,532,6,1.0063482145448353
2,533,0,0.7493223902157319
2,533,1,0.1303962443121547
2,533,2,0.12028136547211336
2,533,3,6.375628666236773
2,533,4,17.572226177838765
2,533,5,49.181226568158074
2,533,6,1.0065771096005192
2,534,0,0.7500551051236903
2,534,1,0.13061770733565076
2,534,2,0.11932718754065884
2,534,3,6.397324078859967
2,534,4,17.71201182919517
2,534,5,49.26373489809235
2,534,6,1.0066817206214986
2,535,0,0.7505473540571661
2,535,1,0.13089409523946618
2,535,2,0.11855855070336775
2,535,3,6.41990947593406
2,535,4,17.840287576191784
2,535,5,49.334326357080045
2,535,6,1.0067743561360705
2,536,0,0.7514381300874635
2,536,1,0.13073360738749742
2,536,2,0.11782826252503913
2,536,3,6.447288864159793
2,536,4,17.91505172306975
2,536,5,49.39884283736942
2,536,6,1.0065634346186803
2,537,0,0.7522750270620989
2,537,1,0.13114865438690507
2,537,2,0.11657631855099596
2,537,3,6.47475347563617
2,537,4,18.03581069590852
2,537,5,49.423246484894385
2,537,6,1.00650875787324
2,538,0,0.7526946007802162
2,538,1,0.13140743221683016
2,538,2,0.1158979670029537
2,538,3,6.494216135604803
2,538,4,18.083083147453447
2,538,5,49.41753643105802
2,538,6,1.0064479163255
2,539,0,0.7529677856572728
2,539,1,0.13167034308445505
2,539,2,0.11536187125827213
2,539,3,6.520709639245449
2,539,4,18.100736442645907
2,539,5,49.405384337739385
2,539,6,1.0061474280091292
2,540,0,0.7533958879841997
2,540,1,0.13230244293240023
2,540,2,0.11430166908340017
2,540,3,6.538963840146747
2,540,4,18.202590734143136
2,540,5,49.386381669674336
2,540,6,1.0063397143583541
2,541,0,0.7537091262225248
2,541,1,0.1323809153437303
2,541,2,0.11390995843374493
2,541,3,6.563355915120837
2,541,4,18.223124760946607
2,541,5,49.357476662483755
2,541,6,1.0059471456060607
2,542,0,0.753625053043368
2,542,1,0.1328013136943196
2,542,2,0.11357363326231232
2,542,3,6.584582290981012
2,542,4,18.276974469584722
2,542,5,49.30865512491511
2,542,6,1.0061371452080474
2,543,0,0.7536133058788623
2,543,1,0.13263600278787493
2,543,2,0.11375069133326265
2,543,3,6.607426306908161
2,543,4,18.27144127680138
2,543,5,49.31688620770629
2,543,6,1.0059280405621651
2,544,0,0.7538093163303221
2,544,1,0.13330409217979788
2,544,2,0.11288659148987995
2,544,3,6.6238015244022845
2,544,4,18.305906414813677
2,544,5,49.28047792715745
2,544,6,1.0062974807825202
2,545,0,0.7544880196182044
2,545,1,0.13291693294219864
2,545,2,0.11259504743959692
2,545,3,6.653927973398108
2,545,4,18.372258582878587
2,545,5,49.246698991266584
2,545,6,1.0060015687895538
2,546,0,0.7542491435961618
2,546,1,0.1333075909903327
2,546,2,0.11244326541350548
2,546,3,6.666754028315079
2,546,4,18.429446487468404
2,546,5,49.211554047864354
2,546,6,1.0063069843632666
2,547,0,0.7543425940268804
2,547,1,0.13360885103092227
2,547,2,0.11204855494219727
2,547,3,6.687522963302352
2,547,4,18.42744321595052
2,547,5,49.18334320862261
2,547,6,1.0063227741417358
2,548,0,0.7545340008019323
2,548,1,0.13424097464751192
2,548,2,0.11122502455055586
2,548,3,6.707458766900303
2,548,4,18.483756923617584
2,548,5,49.135539538922814
2,548,6,1.0064479278981604
2,549,0,0.7552782578070271
2,549,1,0.13428566894111157
2,549,2,0.1104360732518613
2,549,3,6.733634901312721
2,549,4,18.554877013171748
2,549,5,49.06610797373718
2,549,6,1.0063365655542953
2,550,0,0.7548697233408811
2,550,1,0.13462853819958237
2,550,2,0.11050173845953647
2,550,3,6.766377699763192
2,550,4,18.484225371362495
2,550,5,48.99840221946501
2,550,6,1.005742035119526
2,551,0,0.7552553679496197
2,551,1,0.13481603961374314
2,551,2,0.10992859243663715
2,551,3,6.7781227632685415
2,551,4,18.526470966235834
2,551,5,48.92551986665823
2,551,6,1.0063563477559185
2,552,0,0.7552749245021184
2,552,1,0.1347377813991697
2,552,2,0.10998729409871175
2,552,3,6.7988930567631805
2,552,4,18.529585455558834
2,552,5,48.84143741741545
2,552,6,1.0060042022243632
2,553,0,0.7555010877562623
2,553,1,0.13497983270235675
2,553,2,0.10951907954138093
2,553,3,6.820756720003087
2,553,4,18.555610316233025
2,553,5,48.758448215391184
2,553,6,1.0064309380498888
2,554,0,0.7552402122236388
2,554,1,0.13572277221164525
2,554,2,0.10903701556471593
2,554,3,6.845078328360564
2,554,4,18.54449051651786
2,554,5,48.68889360908965
2,554,6,1.0059147233127506
2,555,0,0.7557538039978092
2,555,1,0.13567654449600325
2,555,2,0.10856965150618753
2,555,3,6.87013058502379
2,555,4,18.588789209836836
2,555,5,48.60947735006385
2,555,6,1.0059692304519394
2,556,0,0.7552396206941533
2,556,1,0.13620302324344424
2,556,2,0.10855735606240244
2,556,3,6.8918148403068145
2,556,4,18.558685891536946
2,556,5,48.576336545276824
2,556,6,1.006081514962852
2,557,0,0.7558333256894478
2,557,1,0.13606100110612743
2,557,2,0.10810567320442474
2,557,3,6.917056118206793
2,557,4,18.613047620225505
2,557,5,48.524111630216126
2,557,6,1.0056821302891104
2,558,0,0.7561951450993244
2,558,1,0.13600107729796607
2,558,2,0.10780377760270952
2,558,3,6.9408621360230125
2,558,4,18.64714515093991
2,558,5,48.445901356971625
2,558,6,1.0057533778119438
2,559,0,0.7514328698584705
2,559,1,0.14112050078659297
2,559,2,0.10744662935493655
2,559,3,6.9111566442186865
2,559,4,18.511663603244674
2,559,5,48.42421478107523
2,559,6,1.0043307172363038
2,560,0,0.7513306045854788
2,560,1,0.14154138919890386
2,560,2,0.10712800621561727
2,560,3,6.929822326331959
2,560,4,18.48650531774351
2,560,5,48.3569616257082
2,560,6,1.0043814736042498
2,561,0,0.7519180727191931
2,561,1,0.14143094109663334
2,561,2,0.1066509861841736
2,561,3,6.954484790246114
2,561,4,18.57629814747981
2,561,5,48.30082174860012
2,561,6,1.004133467486422
2,562,0,0.7523422251904134
2,562,1,0.14164344564295406
2,562,2,0.1060143291666326
2,562,3,6.977799210889468
2,562,4,18.6324607350473
2,562,5,48.21401423469037
2,562,6,1.004110628663106
2,563,0,0.7524332014578684
2,563,1,0.14204952094921358
2,563,2,0.10551727759291803
2,563,3,6.998748391530119
2,563,4,18.650535553858393
2,563,5,48.123932551253425
2,563,6,1.0043315272398092
2,564,0,0.7521278576229238
2,564,1,0.14273293995304276
2,564,2,0.10513920242403343
2,564,3,7.025443625522112
2,564,4,18.645274499068186
2,564,5,48.04891672640644
2,564,6,1.004100443735458
2,565,0,0.7519823070799224
2,565,1,0.1429039970503462
2,565,2,0.1051136958697314
2,565,3,7.043019794999906
2,565,4,18.624277138657757
2,565,5,48.011831652457
2,565,6,1.004225793805202
2,566,0,0.7517214128268133
2,566,1,0.14397757018539578
2,566,2,0.10430101698779093
2,566,3,7.063165574944162
2,566,4,18.62087471095616
2,566,5,47.98942309609854
2,566,6,1.004676579899943
2,567,0,0.7521716345943011
2,567,1,0.14410394890989572
2,567,2,0.10372441649580309
2,567,3,7.089210223744735
2,567,4,18.684681492815972
2,567,5,47.93430428872547
2,567,6,1.0039570364368573
2,568,0,0.7527367870396989
2,568,1,0.14396126521561772
2,568,2,0.10330194774468329
2,568,3,7.119953643225043
2,568,4,18.7539465132684
2,568,5,47.89964171303417
2,568,6,1.0036327661979205
2,569,0,0.7532946392614619
2,569,1,0.14428353545920813
2,569,2,0.10242182527932994
2,569,3,7.135328652688957
2,569,4,18.810048913429572
2,569,5,47.82988326653096
2,569,6,1.004072665616689
2,570,0,0.7536236707771228
2,570,1,0.14443570682167114
2,570,2,0.10194062240120608
2,570,3,7.167694973242945
2,570,4,18.861071203800837
2,570,5,47.77098528267873
2,570,6,1.0035166835870974
2,571,0,0.7546594152138205
2,571,1,0.14433504255964005
2,571,2,0.10100554222653936
2,571,3,7.1894143324882425
2,571,4,18.92922357897207
2,571,5,47.7100184108476
2,571,6,1.0038110636042623
2,572,0,0.754505756322019
2,572,1,0.14474370761453534
2,572,2,0.10075053606344563
2,572,3,7.215116460490445
2,572,4,18.917329585172592
2,572,5,47.611637726392985
2,572,6,1.0033877236792763
2,573,0,0.7541820855372344
2,573,1,0.14520731489174518
2,573,2,0.10061059957102039
2,573,3,7.236665409899476
2,573,4,18.89321526473008
2,573,5,47.52215728226301
2,573,6,1.0033163868910298
2,574,0,0.7535568042086993
2,574,1,0.14594200565939466
2,574,2,0.100501190131906
2,574,3,7.2527284676919885
2,574,4,18.897762197277267
2,574,5,47.46172125553715
2,574,6,1.0037325248461015
2,575,0,0.7541102185370732
2,575,1,0.1458870025373145
2,575,2,0.1000027789256122
2,575,3,7.279694898928986
2,575,4,18.915715598997764
2,575,5,47.3906089149006
2,575,6,1.003318453289347
2,576,0,0.7545758140477994
2,576,1,0.14605641171755684
2,576,2,0.09936777423464374
2,576,3,7.307263290495496
2,576,4,18.97860476549877
2,576,5,47.28142786665842
2,576,6,1.0031399035578237
2,577,0,0.754510201910821
2,577,1,0.1462324819507727
2,577,2,0.09925731613840627
2,577,3,7.327490688082489
2,577,4,18.929952898004252
2,577,5,47.198531248938984
2,577,6,1.00312407729478
2,578,0,0.7539687135846186
2,578,1,0.1473542039572209
2,578,2,0.09867708245816044
2,578,3,7.345114504202869
2,578,4,18.951449681590294
2,578,5,47.16533598313988
2,578,6,1.0035004347618068
2,579,0,0.7547277476103796
2,579,1,0.1469295545073769
2,579,2,0.09834269788224345
2,579,3,7.380104980654627
2,579,4,19.000831577667448
2,579,5,47.06720183590677
2,579,6,1.002874403534266
2,580,0,0.7554175850561032
2,580,1,0.14692914781370559
2,580,2,0.0976532671301911
2,580,3,7.399271331748194
2,580,4,19.069752106107455
2,580,5,47.03850641746148
2,580,6,1.003411362194689
2,581,0,0.755823298678097
2,581,1,0.14725206206731312
2,581,2,0.09692463925458976
2,581,3,7.427334113168674
2,581,4,19.163859109480626
2,581,5,46.95376424459085
2,581,6,1.002942338193779
2,582,0,0.7552738060331441
2,582,1,0.1479270142489357
2,582,2,0.09679917971792021
2,582,3,7.435617925733144
2,582,4,19.132827595265244
2,582,5,46.87590600098302
2,582,6,1.0036016580641243
2,583,0,0.7550903226369654
2,583,1,0.14839572837551848
2,583,2,0.09651394898751607
2,583,3,7.4657264231171485
2,583,4,19.071639544898414
2,583,5,46.82871885266897
2,583,6,1.0031022996288605
2,584,0,0.7543364070300682
2,584,1,0.1493421065420527
2,584,2,0.0963214864278791
2,584,3,7.48017479641801
2,584,4,19.03715339189429
2,584,5,46.82020043701152
2,584,6,1.0033870714732096
2,585,0,0.7545329817541857
2,585,1,0.1495369869674605
2,585,2,0.09593003127835366
2,585,3,7.503006474821027
2,585,4,19.090312437226427
2,585,5,46.79050765499732
2,585,6,1.0032128233417543
2,586,0,0.7550320732387997
2,586,1,0.1498294902596571
2,586,2,0.09513843650154316
2,586,3,7.524821684845277
2,586,4,19.140742629025482
2,586,5,46.75987617143457
2,586,6,1.0032834151293124
2,587,0,0.7555215839069925
2,587,1,0.1502119565652838
2,587,2,0.0942664595277236
2,587,3,7.553821252487199
2,587,4,19.227080006402208
2,587,5,46.74417415431674
2,587,6,1.003193332792385
2,588,0,0.7558623923862908
2,588,1,0.1502392874178477
2,588,2,0.09389832019586138
2,588,3,7.577478637019937
2,588,4,19.29737248372414
2,588,5,46.71933290345843
2,588,6,1.003240479800049
2,589,0,0.7561150236064129
2,589,1,0.15066464006162059
2,589,2,0.09322033633196646
2,589,3,7.597744031909064
2,589,4,19.303011931827847
2,589,5,46.74990388388009
2,589,6,1.0033121710009065
2,590,0,0.7563295875217568
2,590,1,0.15086877970171153
2,590,2,0.0928016327765317
2,590,3,7.628274944270968
2,590,4,19.334414800348828
2,590,5,46.7811107754197
2,590,6,1.002979767606908
2,591,0,0.7567783632797457
2,591,1,0.15109831502943155
2,591,2,0.09212332169082274
2,591,3,7.651607398704102
2,591,4,19.377900077876255
2,591,5,46.74243411954617
2,591,6,1.003119905556353
2,592,0,0.7566222857409096
2,592,1,0.15196327471750423
2,592,2,0.0914144395415862
2,592,3,7.671549712378693
2,592,4,19.408522721778894
2,592,5,46.77046795052297
2,592,6,1.0032127687257457
2,593,0,0.7580196970666423
2,593,1,0.15163889735602074
2,593,2,0.09034140557733701
2,593,3,7.703781375803834
2,593,4,19.573813657960024
2,593,5,46.76616314794759
2,593,6,1.0032522949202733
2,594,0,0.7580158945258302
2,594,1,0.15212453798074838
2,594,2,0.08985956749342147
2,594,3,7.725116245440471
2,594,4,19.58098326671433
2,594,5,46.78175412543801
2,594,6,1.0034770533395
2,595,0,0.7579009068389612
2,595,1,0.15260933990498685
2,595,2,0.08948975325605195
2,595,3,7.754041861349055
2,595,4,19.590836427640337
2,595,5,46.81697824148107
2,595,6,1.0031940902732268
2,596,0,0.7582647747183294
2,596,1,0.1533153467421669
2,596,2,0.08841987853950375
2,596,3,7.776323816682817
2,596,4,19.655211536991473
2,596,5,46.829850917862565
2,596,6,1.0032503194462346
2,597,0,0.759220256887497
2,597,1,0.15304490635038553
2,597,2,0.08773483676211755
2,597,3,7.808405993400899
2,597,4,19.778566549792234
2,597,5,46.79850558592255
2,597,6,1.003052638987129
2,598,0,0.7601478417489353
2,598,1,0.15288664136203398
2,598,2,0.08696551688903058
2,598,3,7.835243212186626
2,598,4,19.845227936648705
2,598,5,46.73265642132134
2,598,6,1.002981636835561
2,599,0,0.7601922750323284
2,599,1,0.15350560750794545
2,599,2,0.08630211745972619
2,599,3,7.850585641626808
2,599,4,19.890150998675146
2,599,5,46.701160943779215
2,599,6,1.0033592523962378
2,600,0,0.7599025899537277
2,600,1,0.15384738134332443
2,600,2,0.08625002870294785
2,600,3,7.879546543201151
2,600,4,19.840703823044024
2,600,5,46.72648529268626
2,600,6,1.0030051229146066
2,601,0,0.7603827293417753
2,601,1,0.15385832876293426
2,601,2,0.08575894189529042
2,601,3,7.909482843478894
2,601,4,19.90217473790585
2,601,5,46.703009535483574
2,601,6,1.0029516377913426
2,602,0,0.7606221337281543
2,602,1,0.15434236627890097
2,602,2,0.08503549999294477
2,602,3,7.9291201380906955
2,602,4,19.94960073770123
2,602,5,46.66632454731707
2,602,6,1.0032160302376183
2,603,0,0.7605579169574916
2,603,1,0.15482706954542969
2,603,2,0.08461501349707862
2,603,3,7.966900662054369
2,603,4,19.962117447594974
2,603,5,46.625440349686535
2,603,6,1.0025804593510093
2,604,0,0.7596657334457806
2,604,1,0.15565948082645545
2,604,2,0.08467478572776399
2,604,3,7.976893645253533
2,604,4,19.91460932276284
2,604,5,46.61699706980364
2,604,6,1.0029700151952123
2,605,0,0.7596088551948297
2,605,1,0.15631450595358506
2,605,2,0.08407663885158524
2,605,3,8.003341129936546
2,605,4,19.94113423520538
2,605,5,46.600800326353536
2,605,6,1.0029824412558916
2,606,0,0.7599645822483606
2,606,1,0.15617476567793412
2,606,2,0.08386065207370524
2,606,3,8.031211830674122
2,606,4,19.95273498717214
2,606,5,46.50384719295363
2,606,6,1.0029443941137934
2,607,0,0.7600964038831987
2,607,1,0.15622695879381537
2,607,2,0.08367663732298591
2,607,3,8.058008608424856
2,607,4,19.962396229667124
2,607,5,46.448601736439315
2,607,6,1.0027778221604193
2,608,0,0.7595816236283736
2,608,1,0.15693924287022737
2,608,2,0.083479133501399
2,608,3,8.078921006901117
2,608,4,19.94063003190587
2,608,5,46.46223422060763
2,608,6,1.002748257200469
2,609,0,0.7595978521936183
2,609,1,0.15768653152900727
2,609,2,0.08271561627737439
2,609,3,8.096880673284959
2,609,4,20.032779564678886
2,609,5,46.47017089376046
2,609,6,1.0031353491707655
2,610,0,0.7603951102035057
2,610,1,0.157410014800106
2,610,2,0.08219487499638833
2,610,3,8.133486076988307
2,610,4,20.055199743113782
2,610,5,46.438119792579336
2,610,6,1.0028247842376221
2,611,0,0.6924466344728065
2,611,1,0.2224698615359019
2,611,2,0.08508350399129151
2,611,3,7.320325484134031
2,611,4,17.95510612004272
2,611,5,46.66896855577426
2,611,6,0.9819285142646337
2,612,0,0.692530732156285
2,612,1,0.2227817974018918
2,612,2,0.08468747044182308
2,612,3,7.3424849100955845
2,612,4,17.965551194905196
2,612,5,46.667098456387045
2,612,6,0.9817917681551236
2,613,0,0.6927833942781553
2,613,1,0.2230079681028802
2,613,2,0.08420863761896459
2,613,3,7.364697464727654
2,613,4,17.99661363385086
2,613,5,46.598667173232016
2,613,6,0.9820991379499509
2,614,0,0.691229863642426
2,614,1,0.22488616353132718
2,614,2,0.08388397282624686
2,614,3,7.386964472145377
2,614,4,17.965036902659083
2,614,5,46.52268241673534
2,614,6,0.9815645104423205
2,615,0,0.6901598029258017
2,615,1,0.22573181812303456
2,615,2,0.08410837895116371
2,615,3,7.409181743924056
2,615,4,17.938433751689644
2,615,5,46.52347250084915
2,615,6,0.9814639001880506
2,616,0,0.6909455591650416
2,616,1,0.22561598989248904
2,616,2,0.08343845094246938
2,616,3,7.431560710689693
2,616,4,18.025503469207397
2,616,5,46.470114108899935
2,616,6,0.9814944585255144
2,617,0,0.6893177216063598
2,617,1,0.22732022429926277
2,617,2,0.08336205409437737
2,617,3,7.453995534508548
2,617,4,17.96639997130907
2,617,5,46.40761121979545
2,617,6,0.9811316569563373
2,618,0,0.6887182201871146
2,618,1,0.22764561171744785
2,618,2,0.08363616809543746
2,618,3,7.476486692167073
2,618,4,17.942353364869227
2,618,5,46.19469788479106
2,618,6,0.9814804134206894
2,619,0,0.6879077960952688
2,619,1,0.2286630011895755
2,619,2,0.08342920271515576
2,619,3,7.500580325997573
2,619,4,17.922598711512475
2,619,5,46.14533367111961
2,619,6,0.9815187164087439
2,620,0,0.6859744354641217
2,620,1,0.230145984538258
2,620,2,0.08387957999762026
2,620,3,7.523189405153753
2,620,4,17.853203571966752
2,620,5,46.0032446929817
2,620,6,0.9820499013586822
2,621,0,0.6844353047348563
2,621,1,0.23120432751959208
2,621,2,0.08436036774555168
2,621,3,7.545856358949026
2,621,4,17.78748485090367
2,621,5,45.934931543908704
2,621,6,0.9817814225048823
2,622,0,0.6829942179651308
2,622,1,0.2324573046341537
2,622,2,0.08454847740071547
2,622,3,7.568581717849173
2,622,4,17.728954808863477
2,622,5,45.768560101997565
2,622,6,0.9815363284213426
2,623,0,0.6802613520265285
2,623,1,0.2346864193136028
2,623,2,0.08505222865986872
2,623,3,7.5913660270490135
2,623,4,17.623194826726582
2,623,5,45.54379902550415
2,623,6,0.9814282768970966
2,624,0,0.6784154603391315
2,624,1,0.23590715316427596
2,624,2,0.08567738649659254
2,624,3,7.614209847153999
2,624,4,17.574816662944308
2,624,5,45.47552921511725
2,624,6,0.9814673336061573
2,625,0,0.6768198018816225
2,625,1,0.2371824526635768
2,625,2,0.08599774545480068
2,625,3,7.637113754907474
2,625,4,17.50988549790972
2,625,5,45.38363309391303
2,625,6,0.9817980200924415
2,626,0,0.6751101815671847
2,626,1,0.2385992533589933
2,626,2,0.08629056507382196
2,626,3,7.660078343967623
2,626,4,17.490223959218227
2,626,5,45.20366155873529
2,626,6,0.9811638350180547
2,627,0,0.6713841068486908
2,627,1,0.24110111277365298
2,627,2,0.08751478037765632
2,627,3,7.683104225738659
2,627,4,17.309001070753087
2,627,5,44.93045377183264
2,627,6,0.981457455011181
2,628,0,0.6689454868182076
2,628,1,0.2423326786808896
2,628,2,0.08872183450090276
2,628,3,7.70619203026122
2,628,4,17.215681900902013
2,628,5,44.67931342847073
2,628,6,0.9818162639453619
2,629,0,0.6638191731154383
2,629,1,0.24610220045838568
2,629,2,0.09007862642617613
2,629,3,7.729342407167634
2,629,4,17.03499353261438
2,629,5,44.384230996441296
2,629,6,0.9812940556819657
2,630,0,0.6585461527485338
2,630,1,0.2493505257494933
2,630,2,0.09210332150197299
2,630,3,7.752556026708323
2,630,4,16.828398132445614
2,630,5,43.97724160434995
2,630,6,0.9816583745767795
2,631,0,0.6534503552119911
2,631,1,0.2529887591426874
2,631,2,0.09356088564532143
2,631,3,7.775833580856363
2,631,4,16.626190900371707
2,631,5,43.70577697804392
2,631,6,0.9818205059974503
2,632,0,0.6484431545608098
2,632,1,0.25630508291792076
2,632,2,0.09525176252126942
2,632,3,7.799175784498193
2,632,4,16.454748542311965
2,632,5,43.3339779918693
2,632,6,0.9818959042897842
2,633,0,0.6426055139068829
2,633,1,0.26014126029628437
2,633,2,0.09725322579683279
2,633,3,7.824189710298171
2,633,4,16.238076034780086
2,633,5,42.94658415065123
2,633,6,0.9822853230775664
2,634,0,0.6348594736850303
2,634,1,0.2651865849213608
2,634,2,0.09995394139360893
2,634,3,7.84766786365146
2,634,4,15.986596692232833
2,634,5,42.428809498887595
2,634,6,0.9825905371181041
2,635,0,0.6294761924610943
2,635,1,0.2687655171718972
2,635,2,0.1017582903670085
2,635,3,7.871213016401971
2,635,4,15.803304431182408
2,635,5,42.07311956985818
2,635,6,0.9834225016059348
2,636,0,0.622058658260422
2,636,1,0.273277697632285
2,636,2,0.10466364410729306
2,636,3,7.8948259910963605
2,636,4,15.56608418159253
2,636,5,41.51714150050156
2,636,6,0.9838720585277954
2,637,0,0.6394544057622848
2,637,1,0.25477247696840066
2,637,2,0.10577311726931446
2,637,3,7.91850764093008
2,637,4,16.093252688254015
2,637,5,40.958308786118195
2,637,6,0.9831106955903547
2,638,0,0.6345577454293615
2,638,1,0.25783422195086936
2,638,2,0.10760803261976915
2,638,3,7.942258851703824
2,638,4,15.97004513325094
2,638,5,40.61418846133655
2,638,6,0.9833417414004174
2,639,0,0.6007340197437612
2,639,1,0.2873307255894746
2,639,2,0.11193525466676421
2,639,3,7.966080543963124
2,639,4,14.954069068070153
2,639,5,40.05639420885282
2,639,6,0.9857849146120601
2,640,0,0.5896918474684497
2,640,1,0.2949458458858696
2,640,2,0.11536230664568067
2,640,3,7.989973675344093
2,640,4,14.67937157843869
2,640,5,39.5071047074427
2,640,6,0.9859578231359326
2,641,0,0.5941166846274996
2,641,1,0.2895753666850006
2,641,2,0.11630794868749977
2,641,3,8.013939243152027
2,641,4,14.813757530149951
2,641,5,39.236606663439346
2,641,6,0.985634785309421
2,642,0,0.5903722191421602
2,642,1,0.2917472525547655
2,642,2,0.11788052830307422
2,642,3,8.037978287203979
2,642,4,14.736788767388594
2,642,5,38.73442774159736
2,642,6,0.986081613255492
2,643,0,0.5848814730826768
2,643,1,0.2957422789296515
2,643,2,0.11937624798767169
2,643,3,8.062091892971678
2,643,4,14.626858411579596
2,643,5,38.30768430856141
2,643,6,0.9861826887758819
2,644,0,0.5786031910861097
2,644,1,0.30088214812554076
2,644,2,0.12051466078834955
2,644,3,8.086281195067688
2,644,4,14.521694246905437
2,644,5,37.920965921351154
2,644,6,0.9863846157767734
2,645,0,0.5677680112368731
2,645,1,0.3097401495023677
2,645,2,0.12249183926075913
2,645,3,8.110547381125366
2,645,4,14.291036798014968
2,645,5,37.42406510244331
2,645,6,0.9874591326866564
2,646,0,0.5840780244964786
2,646,1,0.29277189293106864
2,646,2,0.12315008257245266
2,646,3,8.1348916961329
2,646,4,14.673192034905917
2,646,5,36.87634244697592
2,646,6,0.9861738050287142
2,647,0,0.5682554892264362
2,647,1,0.30789632135649253
2,647,2,0.12384818941707129
2,647,3,8.16099476217971
2,647,4,14.364258095781095
2,647,5,36.41898651901951
2,647,6,0.986599651552565
2,648,0,0.5693621937351302
2,648,1,0.3084960379846597
2,648,2,0.12214176828021002
2,648,3,8.185504845178114
2,648,4,14.46150996375528
2,648,5,36.159840933832065
2,648,6,0.986247134746324
2,649,0,0.5808074154567213
2,649,1,0.3005631018959255
2,649,2,0.11862948264735315
2,649,3,8.210097295729462
2,649,4,14.79994385687036
2,649,5,35.93562032002718
2,649,6,0.9851854156897915
2,650,0,0.5986276255160232
2,650,1,0.28489050902240787
2,650,2,0.11648186546156887
2,650,3,8.234776720815761
2,650,4,15.285567168646834
2,650,5,35.51754256841411
2,650,6,0.9837762286405141
2,651,0,0.6030322966481467
2,651,1,0.2853075371054403
2,651,2,0.11166016624641284
2,651,3,8.259535534511699
2,651,4,15.478835699637377
2,651,5,35.27675403726105
2,651,6,0.9831165101060186
2,652,0,0.586485966075474
2,652,1,0.30608281769398066
2,652,2,0.1074312162305453
2,652,3,8.284385007467394
2,652,4,15.182635419062322
2,652,5,35.195731294675916
2,652,6,0.9832827758640497
2,653,0,0.6305043503042125
2,653,1,0.2761531445973951
2,653,2,0.0933425050983924
2,653,3,8.30933025239736
2,653,4,16.612091325904686
2,653,5,35.41803153930675
2,653,6,0.9799785933791676
2,654,0,0.6565102883299712
2,654,1,0.2616741665342128
2,654,2,0.08181554513581607
2,654,3,8.334352180117936
2,654,4,17.67782673472554
2,654,5,35.524931049039296
2,654,6,0.9784184492981557
2,655,0,0.7881405267441995
2,655,1,0.2095413301787368
2,655,2,0.002318143077063679
2,655,3,8.359474599513149
2,655,4,28.16605993777857
2,655,5,70.85906436094305
2,655,6,0.985021296196198
2,656,0,0.789245050479815
2,656,1,0.20854610578182264
2,656,2,0.0022088437383623624
2,656,3,8.384692411337145
2,656,4,27.586422855400276
2,656,5,70.84414865979724
2,656,6,0.9840783776436562
2,657,0,0.7923675749526642
2,657,1,0.20557465879114148
2,657,2,0.0020577662561943482
2,657,3,8.410008041568098
2,657,4,27.113915416286883
2,657,5,70.83087842739099
2,657,6,0.9834003992578807
2,658,0,0.7945060930753082
2,658,1,0.20342429048124525
2,658,2,0.002069616443446602
2,658,3,8.435424117681475
2,658,4,26.53184765471999
2,658,5,70.81898736828259
2,658,6,0.9827807064764372
2,659,0,0.7948459629431052
2,659,1,0.20339935928369046
2,659,2,0.0017546777732044144
2,659,3,8.460943499810623
2,659,4,26.086479366619386
2,659,5,70.80493456542466
2,659,6,0.9787467272750068
2,660,0,0.8009122030723312
2,660,1,0.19713917534014172
2,660,2,0.0019486215875269678
2,660,3,8.48656931942798
2,660,4,25.388498786964462
2,660,5,70.79722332736269
2,660,6,0.9821378595156646
2,661,0,0.8031220854853698
2,661,1,0.1951695445071067
2,661,2,0.0017083700075235582
2,661,3,8.514083111557472
2,661,4,24.943970029817404
2,661,5,70.7870138787199
2,661,6,0.978970059092532
2,662,0,0.75812716296912
2,662,1,0.24187283703088008
2,662,2,0.0
2,662,3,8.539941057732209
2,662,4,25.083973687621395
2,662,5,70.77985520507258
2,662,6,0.926975207639015
2,663,0,0.7637023093342392
2,663,1,0.23629769066576084
2,663,2,0.0
2,663,3,8.565917476400605
2,663,4,24.552750486869883
2,663,5,70.77217440129041
2,663,6,0.9284762740249017
2,664,0,0.775172546462877
2,664,1,0.22482745353712302
2,664,2,0.0
2,664,3,8.592017336759724
2,664,4,24.478170272165624
2,664,5,70.76467050507591
2,664,6,0.926997831758921
2,665,0,0.8232715618435704
2,665,1,0.1751038930204255
2,665,2,0.0016245451360040644
2,665,3,8.618246382276103
2,665,4,22.88177955997446
2,665,5,70.76433863517367
2,665,6,0.9813553215170819
2,666,0,0.7817664419321776
2,666,1,0.21823355806782235
2,666,2,0.0
2,666,3,8.644611393364746
2,666,4,23.045046564444778
2,666,5,70.75944696198808
2,666,6,0.9339791863489315
2,667,0,0.7885134850144109
2,667,1,0.21148651498558912
2,667,2,0.0
2,667,3,8.671120630239953
2,667,4,22.61199797982531
2,667,5,70.8293977974306
2,667,6,0.9358593787146391
2,668,0,0.7974001046310953
2,668,1,0.20259989536890474
2,668,2,0.0
2,668,3,8.697784760081907
2,668,4,22.24137398209722
2,668,5,70.83582781095674
2,668,6,0.9371392985623208
2,669,0,0.8056248854853709
2,669,1,0.19416627902842032
2,669,2,0.0002088354862087638
2,669,3,8.724659529128756
2,669,4,21.670867334905928
2,669,5,71.03067829368608
2,669,6,0.9430346816916657
2,670,0,0.8498675401433896
2,670,1,0.14804826741590263
2,670,2,0.002084192440707666
2,670,3,8.751662673333103
2,670,4,20.377846712033964
2,670,5,71.06494557262118
2,670,6,0.9899035125696916
2,671,0,0.8538852228792039
2,671,1,0.14392871663888268
2,671,2,0.0021860604819135105
2,671,3,8.778930605659824
2,671,4,19.9318968254499
2,671,5,71.07144239941118
2,671,6,0.9901592187361613
2,672,0,0.8563083628224395
2,672,1,0.14128090250250724
2,672,2,0.002410734675053131
2,672,3,8.806467015817717
2,672,4,19.432899764257723
2,672,5,71.07666361760258
2,672,6,0.9913800112037289
2,673,0,0.8576582272417282
2,673,1,0.13973807544429984
2,673,2,0.0026036973139718553
2,673,3,8.834431028947742
2,673,4,18.963306705503374
2,673,5,71.09026208288797
2,673,6,0.9911980139709061
2,674,0,0.8599927679062568
2,674,1,0.13708082750440043
2,674,2,0.0029264045893428164
2,674,3,8.862946708010988
2,674,4,18.528625070300112
2,674,5,71.10863028353394
2,674,6,0.9924917746022855
2,675,0,0.858076008212925
2,675,1,0.13849193230679138
2,675,2,0.003432059480283701
2,675,3,8.894155521078446
2,675,4,17.90759520958736
2,675,5,71.15475343508137
2,675,6,0.9935375772861657
2,676,0,0.8586395053631357
2,676,1,0.13735519266887172
2,676,2,0.00400530196799257
2,676,3,8.923797290215141
2,676,4,17.51244959872963
2,676,5,71.20184069007814
2,676,6,0.9933800228083773
2,677,0,0.8617841095081926
2,677,1,0.1335049509352584
2,677,2,0.004710939556549
2,677,3,8.95397524674328
2,677,4,17.161302000256583
2,677,5,71.22711656597932
2,677,6,0.9955768263804948
2,678,0,0.8598350665359248
2,678,1,0.1346697077219639
2,678,2,0.005495225742111283
2,678,3,8.984682402721337
2,678,4,16.65561505793617
2,678,5,71.25866087030084
2,678,6,0.996258048422479
2,679,0,0.8631660060109858
2,679,1,0.13096733308391462
2,679,2,0.005866660905099566
2,679,3,8.986973582505742
2,679,4,16.748543150573212
2,679,5,73.47365681111208
2,679,6,0.9964935408406557
2,680,0,0.8660440137348479
2,680,1,0.12662014128656862
2,680,2,0.007335844978583492
2,680,3,9.018243335211475
2,680,4,16.44335058314657
2,680,5,73.50339293181466
2,680,6,0.9958356337403238
2,681,0,0.8590932999108127
2,681,1,0.13143354232656632
2,681,2,0.009473157762620933
2,681,3,9.050032515484824
2,681,4,15.86325729246771
2,681,5,73.54800928257498
2,681,6,0.9974448979148525
2,682,0,0.853842015998539
2,682,1,0.1335900778243335
2,682,2,0.012567906177127537
2,682,3,9.082335669420738
2,682,4,15.47493051486294
2,682,5,73.64498731730164
2,682,6,0.9997797942389823
2,683,0,0.864661326642563
2,683,1,0.11908246644763343
2,683,2,0.0162562069098035
2,683,3,9.115148498764688
2,683,4,15.410173307635262
2,683,5,73.63138337911505
2,683,6,1.0021507106823224
2,684,0,0.8648861121752158
2,684,1,0.11316903106746473
2,684,2,0.021944856757319532
2,684,3,9.148461971619117
2,684,4,15.344971647453294
2,684,5,73.61777218503384
2,684,6,1.0018972559531378
2,685,0,0.8654073463781942
2,685,1,0.10302995009496563
2,685,2,0.03156270352684015
2,685,3,9.18227548605166
2,685,4,15.27962624700864
2,685,5,73.60418331653514
2,685,6,1.0053621994469633
2,686,0,0.7762414397166107
2,686,1,0.1269006478671144
2,686,2,0.028857912416274053
2,686,3,8.53696351114259
2,686,4,13.041532992738661
2,686,5,67.20623050742329
2,686,6,0.9328051977246286
2,687,0,0.7835945729974985
2,687,1,0.1077891066149448
2,687,2,0.04061632038755594
2,687,3,8.569187247721716
2,687,4,12.973484707671272
2,687,5,67.19340608620564
2,687,6,0.9420161823109439
2,688,0,0.7707170678106644
2,688,1,0.10013744593800274
2,688,2,0.061145486251332044
2,688,3,8.601859307299648
2,688,4,12.906112299852946
2,688,5,67.18053590950869
2,688,6,0.9433745626820799
2,689,0,0.7483931886654569
2,689,1,0.09640079195249301
2,689,2,0.0872060193820493
2,689,3,8.6349746009333
2,689,4,12.838085689916658
2,689,5,67.16773524706157
2,689,6,0.9382169957497868
2,690,0,0.0
2,690,1,0.0
2,690,2,0.0
2,690,3,0.0
2,690,4,0.0
2,690,5,0.0
2,690,6,0.0
2,691,0,0.0
2,691,1,0.0
2,691,2,0.0
2,691,3,0.0
2,691,4,0.0
2,691,5,0.0
2,691,6,0.0
2,692,0,0.0
2,692,1,0.0
2,692,2,0.0
2,692,3,0.0
2,692,4,0.0
2,692,5,0.0
2,692,6,0.0
2,693,0,0.0
2,693,1,0.0
2,693,2,0.0
2,693,3,0.0
2,693,4,0.0
2,693,5,0.0
2,693,6,0.0
2,694,0,0.0
2,694,1,0.0
2,694,2,0.0
2,694,3,0.0
2,694,4,0.0
2,694,5,0.0
2,694,6,0.0
2,695,0,0.0
2,695,1,0.0
2,695,2,0.0
2,695,3,0.0
2,695,4,0.0
2,695,5,0.0
2,695,6,0.0
2,696,0,0.0
2,696,1,0.0
2,696,2,0.0
2,696,3,0.0
2,696,4,0.0
2,696,5,0.0
2,696,6,0.0
2,697,0,0.0
2,697,1,0.0
2,697,2,0.0
2,697,3,0.0
2,697,4,0.0
2,697,5,0.0
2,697,6,0.0
2,698,0,0.0
2,698,1,0.0
2,698,2,0.0
2,698,3,0.0
2,698,4,0.0
2,698,5,0.0
2,698,6,0.0
2,699,0,0.0
2,699,1,0.0
2,699,2,0.0
2,699,3,0.0
2,699,4,0.0
2,699,5,0.0
2,699,6,0.0
2,700,0,0.0
2,700,1,0.0
2,700,2,0.0
2,700,3,0.0
2,700,4,0.0
2,700,5,0.0
2,700,6,0.0
2,701,0,0.0
2,701,1,0.0
2,701,2,0.0
2,701,3,0.0
2,701,4,0.0
2,701,5,0.0
2,701,6,0.0
2,702,0,0.0
2,702,1,0.0
2,702,2,0.0
2,702,3,0.0
2,702,4,0.0
2,702,5,0.0
2,702,6,0.0
2,703,0,0.0
2,703,1,0.0
2,703,2,0.0
2,703,3,0.0
2,703,4,0.0
2,703,5,0.0
2,703,6,0.0
2,704,0,0.0
2,704,1,0.0
2,704,2,0.0
2,704,3,0.0
2,704,4,0.0
2,704,5,0.0
2,704,6,0.0
2,705,0,0.0
2,705,1,0.0
2,705,2,0.0
2,705,3,0.0
2,705,4,0.0
2,705,5,0.0
2,705,6,0.0
2,706,0,0.0
2,706,1,0.0
2,706,2,0.0
2,706,3,0.0
2,706,4,0.0
2,706,5,0.0
2,706,6,0.0
2,707,0,0.0
2,707,1,0.0
2,707,2,0.0
2,707,3,0.0
2,707,4,0.0
2,707,5,0.0
2,707,6,0.0
2,708,0,0.0
2,708,1,0.0
2,708,2,0.0
2,708,3,0.0
2,708,4,0.0
2,708,5,0.0
2,708,6,0.0
2,709,0,0.0
2,709,1,0.0
2,709,2,0.0
2,709,3,0.0
2,709,4,0.0
2,709,5,0.0
2,709,6,0.0
2,710,0,0.0
2,710,1,0.0
2,710,2,0.0
2,710,3,0.0
2,710,4,0.0
2,710,5,0.0
2,710,6,0.0
2,711,0,0.0
2,711,1,0.0
2,711,2,0.0
2,711,3,0.0
2,711,4,0.0
2,711,5,0.0
2,711,6,0.0
2,712,0,0.0
2,712,1,0.0
2,712,2,0.0
2,712,3,0.0
2,712,4,0.0
2,712,5,0.0
2,712,6,0.0
2,713,0,0.0
2,713,1,0.0
2,713,2,0.0
2,713,3,0.0
2,713,4,0.0
2,713,5,0.0
2,713,6,0.0
2,714,0,0.0
2,714,1,0.0
2,714,2,0.0
2,714,3,0.0
2,714,4,0.0
2,714,5,0.0
2,714,6,0.0
2,715,0,0.0
2,715,1,0.0
2,715,2,0.0
2,715,3,0.0
2,715,4,0.0
2,715,5,0.0
2,715,6,0.0
2,716,0,0.0
2,716,1,0.0
2,716,2,0.0
2,716,3,0.0
2,716,4,0.0
2,716,5,0.0
2,716,6,0.0
2,717,0,0.0
2,717,1,0.0
2,717,2,0.0
2,717,3,0.0
2,717,4,0.0
2,717,5,0.0
2,717,6,0.0
2,718,0,0.0
2,718,1,0.0
2,718,2,0.0
2,718,3,0.0
2,718,4,0.0
2,718,5,0.0
2,718,6,0.0
2,719,0,0.0
2,719,1,0.0
2,719,2,0.0
2,719,3,0.0
2,719,4,0.0
2,719,5,0.0
2,719,6,0.0
2,720,0,0.0
2,720,1,0.0
2,720,2,0.0
2,720,3,0.0
2,720,4,0.0
2,720,5,0.0
2,720,6,0.0
2,721,0,0.0
2,721,1,0.0
2,721,2,0.0
2,721,3,0.0
2,721,4,0.0
2,721,5,0.0
2,721,6,0.0
2,722,0,0.0
2,722,1,0.0
2,722,2,0.0
2,722,3,0.0
2,722,4,0.0
2,722,5,0.0
2,722,6,0.0
2,723,0,0.0
2,723,1,0.0
2,723,2,0.0
2,723,3,0.0
2,723,4,0.0
2,723,5,0.0
2,723,6,0.0
2,724,0,0.0
2,724,1,0.0
2,724,2,0.0
2,724,3,0.0
2,724,4,0.0
2,724,5,0.0
2,724,6,0.0
2,725,0,0.0
2,725,1,0.0
2,725,2,0.0
2,725,3,0.0
2,725,4,0.0
2,725,5,0.0
2,725,6,0.0
2,726,0,0.0
2,726,1,0.0
2,726,2,0.0
2,726,3,0.0
2,726,4,0.0
2,726,5,0.0
2,726,6,0.0
2,727,0,0.0
2,727,1,0.0
2,727,2,0.0
2,727,3,0.0
2,727,4,0.0
2,727,5,0.0
2,727,6,0.0
2,728,0,0.0
2,728,1,0.0
2,728,2,0.0
2,728,3,0.0
2,728,4,0.0
2,728,5,0.0
2,728,6,0.0
2,729,0,0.0
2,729,1,0.0
2,729,2,0.0
2,729,3,0.0
2,729,4,0.0
2,729,5,0.0
2,729,6,0.0
2,730,0,0.0
2,730,1,0.0
2,730,2,0.0
2,730,3,0.0
2,730,4,0.0
2,730,5,0.0
2,730,6,0.0
2,731,0,0.0
2,731,1,0.0
2,731,2,0.0
2,731,3,0.0
2,731,4,0.0
2,731,5,0.0
2,731,6,0.0
2,732,0,0.0
2,732,1,0.0
2,732,2,0.0
2,732,3,0.0
2,732,4,0.0
2,732,5,0.0
2,732,6,0.0
2,733,0,0.0
2,733,1,0.0
2,733,2,0.0
2,733,3,0.0
2,733,4,0.0
2,733,5,0.0
2,733,6,0.0
2,734,0,0.0
2,734,1,0.0
2,734,2,0.0
2,734,3,0.0
2,734,4,0.0
2,734,5,0.0
2,734,6,0.0
2,735,0,0.0
2,735,1,0.0
2,735,2,0.0
2,735,3,0.0
2,735,4,0.0
2,735,5,0.0
2,735,6,0.0
2,736,0,0.0
2,736,1,0.0
2,736,2,0.0
2,736,3,0.0
2,736,4,0.0
2,736,5,0.0
2,736,6,0.0
2,737,0,0.0
2,737,1,0.0
2,737,2,0.0
2,737,3,0.0
2,737,4,0.0
2,737,5,0.0
2,737,6,0.0
2,738,0,0.0
2,738,1,0.0
2,738,2,0.0
2,738,3,0.0
2,738,4,0.0
2,738,5,0.0
2,738,6,0.0
2,739,0,0.0
2,739,1,0.0
2,739,2,0.0
2,739,3,0.0
2,739,4,0.0
2,739,5,0.0
2,739,6,0.0
2,740,0,0.0
2,740,1,0.0
2,740,2,0.0
2,740,3,0.0
2,740,4,0.0
2,740,5,0.0
2,740,6,0.0
2,741,0,0.0
2,741,1,0.0
2,741,2,0.0
2,741,3,0.0
2,741,4,0.0
2,741,5,0.0
2,741,6,0.0
2,742,0,0.0
2,742,1,0.0
2,742,2,0.0
2,742,3,0.0
2,742,4,0.0
2,742,5,0.0
2,742,6,0.0
2,743,0,0.0
2,743,1,0.0
2,743,2,0.0
2,743,3,0.0
2,743,4,0.0
2,743,5,0.0
2,743,6,0.0
2,744,0,0.0
2,744,1,0.0
2,744,2,0.0
2,744,3,0.0
2,744,4,0.0
2,744,5,0.0
2,744,6,0.0
2,745,0,0.0
2,745,1,0.0
2,745,2,0.0
2,745,3,0.0
2,745,4,0.0
2,745,5,0.0
2,745,6,0.0
2,746,0,0.0
2,746,1,0.0
2,746,2,0.0
2,746,3,0.0
2,746,4,0.0
2,746,5,0.0
2,746,6,0.0
2,747,0,0.0
2,747,1,0.0
2,747,2,0.0
2,747,3,0.0
2,747,4,0.0
2,747,5,0.0
2,747,6,0.0
2,748,0,0.0
2,748,1,0.0
2,748,2,0.0
2,748,3,0.0
2,748,4,0.0
2,748,5,0.0
2,748,6,0.0
2,749,0,0.0
2,749,1,0.0
2,749,2,0.0
2,749,3,0.0
2,749,4,0.0
2,749,5,0.0
2,749,6,0.0
2,750,0,0.0
2,750,1,0.0
2,750,2,0.0
2,750,3,0.0
2,750,4,0.0
2,750,5,0.0
2,750,6,0.0
2,751,0,0.0
2,751,1,0.0
2,751,2,0.0
2,751,3,0.0
2,751,4,0.0
2,751,5,0.0
2,751,6,0.0
2,752,0,0.0
2,752,1,0.0
2,752,2,0.0
2,752,3,0.0
2,752,4,0.0
2,752,5,0.0
2,752,6,0.0
2,753,0,0.0
2,753,1,0.0
2,753,2,0.0
2,753,3,0.0
2,753,4,0.0
2,753,5,0.0
2,753,6,0.0
2,754,0,0.0
2,754,1,0.0
2,754,2,0.0
2,754,3,0.0
2,754,4,0.0
2,754,5,0.0
2,754,6,0.0
2,755,0,0.0
2,755,1,0.0
2,755,2,0.0
2,755,3,0.0
2,755,4,0.0
2,755,5,0.0
2,755,6,0.0
2,756,0,0.0
2,756,1,0.0
2,756,2,0.0
2,756,3,0.0
2,756,4,0.0
2,756,5,0.0
2,756,6,0.0
2,757,0,0.0
2,757,1,0.0
2,757,2,0.0
2,757,3,0.0
2,757,4,0.0
2,757,5,0.0
2,757,6,0.0
2,758,0,0.0
2,758,1,0.0
2,758,2,0.0
2,758,3,0.0
2,758,4,0.0
2,758,5,0.0
2,758,6,0.0
2,759,0,0.0
2,759,1,0.0
2,759,2,0.0
2,759,3,0.0
2,759,4,0.0
2,759,5,0.0
2,759,6,0.0
2,760,0,0.0
2,760,1,0.0
2,760,2,0.0
2,760,3,0.0
2,760,4,0.0
2,760,5,0.0
2,760,6,0.0
2,761,0,0.0
2,761,1,0.0
2,761,2,0.0
2,761,3,0.0
2,761,4,0.0
2,761,5,0.0
2,761,6,0.0
2,762,0,0.0
2,762,1,0.0
2,762,2,0.0
2,762,3,0.0
2,762,4,0.0
2,762,5,0.0
2,762,6,0.0
2,763,0,0.0
2,763,1,0.0
2,763,2,0.0
2,763,3,0.0
2,763,4,0.0
2,763,5,0.0
2,763,6,0.0
2,764,0,0.0
2,764,1,0.0
2,764,2,0.0
2,764,3,0.0
2,764,4,0.0
2,764,5,0.0
2,764,6,0.0
2,765,0,0.0
2,765,1,0.0
2,765,2,0.0
2,765,3,0.0
2,765,4,0.0
2,765,5,0.0
2,765,6,0.0
2,766,0,0.0
2,766,1,0.0
2,766,2,0.0
2,766,3,0.0
2,766,4,0.0
2,766,5,0.0
2,766,6,0.0
2,767,0,0.0
2,767,1,0.0
2,767,2,0.0
2,767,3,0.0
2,767,4,0.0
2,767,5,0.0
2,767,6,0.0
2,768,0,0.0
2,768,1,0.0
2,768,2,0.0
2,768,3,0.0
2,768,4,0.0
2,768,5,0.0
2,768,6,0.0
2,769,0,0.0
2,769,1,0.0
2,769,2,0.0
2,769,3,0.0
2,769,4,0.0
2,769,5,0.0
2,769,6,0.0
2,770,0,0.0
2,770,1,0.0
2,770,2,0.0
2,770,3,0.0
2,770,4,0.0
2,770,5,0.0
2,770,6,0.0
2,771,0,0.0
2,771,1,0.0
2,771,2,0.0
2,771,3,0.0
2,771,4,0.0
2,771,5,0.0
2,771,6,0.0
2,772,0,0.0
2,772,1,0.0
2,772,2,0.0
2,772,3,0.0
2,772,4,0.0
2,772,5,0.0
2,772,6,0.0
2,773,0,0.0
2,773,1,0.0
2,773,2,0.0
2,773,3,0.0
2,773,4,0.0
2,773,5,0.0
2,773,6,0.0
2,774,0,0.0
2,774,1,0.0
2,774,2,0.0
2,774,3,0.0
2,774,4,0.0
2,774,5,0.0
2,774,6,0.0
2,775,0,0.0
2,775,1,0.0
2,775,2,0.0
2,775,3,0.0
2,775,4,0.0
2,775,5,0.0
2,775,6,0.0
2,776,0,0.0
2,776,1,0.0
2,776,2,0.0
2,776,3,0.0
2,776,4,0.0
2,776,5,0.0
2,776,6,0.0
2,777,0,0.0
2,777,1,0.0
2,777,2,0.0
2,777,3,0.0
2,777,4,0.0
2,777,5,0.0
2,777,6,0.0
2,778,0,0.0
2,778,1,0.0
2,778,2,0.0
2,778,3,0.0
2,778,4,0.0
2,778,5,0.0
2,778,6,0.0
2,779,0,0.0
2,779,1,0.0
2,779,2,0.0
2,779,3,0.0
2,779,4,0.0
2,779,5,0.0
2,779,6,0.0
2,780,0,0.0
2,780,1,0.0
2,780,2,0.0
2,780,3,0.0
2,780,4,0.0
2,780,5,0.0
2,780,6,0.0
2,781,0,0.0
2,781,1,0.0
2,781,2,0.0
2,781,3,0.0
2,781,4,0.0
2,781,5,0.0
2,781,6,0.0
2,782,0,0.0
2,782,1,0.0
2,782,2,0.0
2,782,3,0.0
2,782,4,0.0
2,782,5,0.0
2,782,6,0.0
2,783,0,0.0
2,783,1,0.0
2,783,2,0.0
2,783,3,0.0
2,783,4,0.0
2,783,5,0.0
2,783,6,0.0
2,784,0,0.0
2,784,1,0.0
2,784,2,0.0
2,784,3,0.0
2,784,4,0.0
2,784,5,0.0
2,784,6,0.0
2,785,0,0.0
2,785,1,0.0
2,785,2,0.0
2,785,3,0.0
2,785,4,0.0
2,785,5,0.0
2,785,6,0.0
2,786,0,0.0
2,786,1,0.0
2,786,2,0.0
2,786,3,0.0
2,786,4,0.0
2,786,5,0.0
2,786,6,0.0
2,787,0,0.0
2,787,1,0.0
2,787,2,0.0
2,787,3,0.0
2,787,4,0.0
2,787,5,0.0
2,787,6,0.0
2,788,0,0.0
2,788,1,0.0
2,788,2,0.0
2,788,3,0.0
2,788,4,0.0
2,788,5,0.0
2,788,6,0.0
2,789,0,0.0
2,789,1,0.0
2,789,2,0.0
2,789,3,0.0
2,789,4,0.0
2,789,5,0.0
2,789,6,0.0
2,790,0,0.0
2,790,1,0.0
2,790,2,0.0
2,790,3,0.0
2,790,4,0.0
2,790,5,0.0
2,790,6,0.0
2,791,0,0.0
2,791,1,0.0
2,791,2,0.0
2,791,3,0.0
2,791,4,0.0
2,791,5,0.0
2,791,6,0.0
2,792,0,0.0
2,792,1,0.0
2,792,2,0.0
2,792,3,0.0
2,792,4,0.0
2,792,5,0.0
2,792,6,0.0
2,793,0,0.0
2,793,1,0.0
2,793,2,0.0
2,793,3,0.0
2,793,4,0.0
2,793,5,0.0
2,793,6,0.0
2,794,0,0.0
2,794,1,0.0
2,794,2,0.0
2,794,3,0.0
2,794,4,0.0
2,794,5,0.0
2,794,6,0.0
2,795,0,0.0
2,795,1,0.0
2,795,2,0.0
2,795,3,0.0
2,795,4,0.0
2,795,5,0.0
2,795,6,0.0
2,796,0,0.0
2,796,1,0.0
2,796,2,0.0
2,796,3,0.0
2,796,4,0.0
2,796,5,0.0
2,796,6,0.0
2,797,0,0.0
2,797,1,0.0
2,797,2,0.0
2,797,3,0.0
2,797,4,0.0
2,797,5,0.0
2,797,6,0.0
2,798,0,0.0
2,798,1,0.0
2,798,2,0.0
2,798,3,0.0
2,798,4,0.0
2,798,5,0.0
2,798,6,0.0
2,799,0,0.0
2,799,1,0.0
2,799,2,0.0
2,799,3,0.0
2,799,4,0.0
2,799,5,0.0
2,799,6,0.0
3,0,0,0.9911243118027335
3,0,1,0.004089960298655071
3,0,2,0.004785727898611284
3,0,3,0.12024020843248348
3,0,4,9.478396588350735
3,0,5,44.86043241896736
3,0,6,1.0050286677618807
3,1,0,0.9911243118027335
3,1,1,0.004089960298655071
3,1,2,0.004785727898611284
3,1,3,0.12024020843248348
3,1,4,9.478396588350735
3,1,5,44.86043241896736
3,1,6,1.0050286677618807
3,2,0,0.9911243118027335
3,2,1,0.004089960298655071
3,2,2,0.004785727898611284
3,2,3,0.12024020843248348
3,2,4,9.478396588350735
3,2,5,44.86043241896736
3,2,6,1.0050286677618807
3,3,0,0.9911243118027335
3,3,1,0.004089960298655071
3,3,2,0.004785727898611284
3,3,3,0.12024020843248348
3,3,4,9.478396588350735
3,3,5,44.86043241896736
3,3,6,1.0050286677618807
3,4,0,0.9911243118027335
3,4,1,0.004089960298655071
3,4,2,0.004785727898611284
3,4,3,0.12024020843248348
3,4,4,9.478396588350735
3,4,5,44.86043241896736
3,4,6,1.0050286677618807
3,5,0,0.9911243118027335
3,5,1,0.004089960298655071
3,5,2,0.004785727898611284
3,5,3,0.12024020843248348
3,5,4,9.478396588350735
3,5,5,44.86043241896736
3,5,6,1.0050286677618807
3,6,0,0.9911243118027335
3,6,1,0.004089960298655071
3,6,2,0.004785727898611284
3,6,3,0.12024020843248348
3,6,4,9.478396588350735
3,6,5,44.86043241896736
3,6,6,1.0050286677618807
3,7,0,0.9911243118027335
3,7,1,0.004089960298655071
3,7,2,0.004785727898611284
3,7,3,0.12024020843248348
3,7,4,9.478396588350735
3,7,5,44.86043241896736
3,7,6,1.0050286677618807
3,8,0,0.9915398832787339
3,8,1,0.004127319332214592
3,8,2,0.004332797389051424
3,8,3,0.13534047912097408
3,8,4,9.225550230209473
3,8,5,44.90589968882877
3,8,6,1.00459845485146
3,9,0,0.9910646068084485
3,9,1,0.0044381087711173155
3,9,2,0.00449728442043406
3,9,3,0.13828557086081578
3,9,4,8.836934465409767
3,9,5,44.91586796636672
3,9,6,1.005789430203678
3,10,0,0.9906234958739191
3,10,1,0.004991683926836555
3,10,2,0.004384820199244352
3,10,3,0.15630654735950889
3,10,4,8.48568573645732
3,10,5,44.97880989845604
3,10,6,1.0072028491396519
3,11,0,0.989092877795252
3,11,1,0.0063273411734159415
3,11,2,0.004579781031332051
3,11,3,0.16913995152839456
3,11,4,8.600102210131746
3,11,5,45.01973743690885
3,11,6,1.00938623620455
3,12,0,0.9872602171439467
3,12,1,0.007866771609392607
3,12,2,0.00487301124666063
3,12,3,0.18520712553207958
3,12,4,8.309417668943665
3,12,5,45.081945263702735
3,12,6,1.009163335169648
3,13,0,0.9862290850969427
3,13,1,0.008801199692897721
3,13,2,0.004969715210159472
3,13,3,0.1867513277593066
3,13,4,8.526691915645246
3,13,5,45.088622776921596
3,13,6,1.009706225453968
3,14,0,0.9839475185042006
3,14,1,0.011123963511092023
3,14,2,0.0049285179847073845
3,14,3,0.18652290018425685
3,14,4,8.92700078044654
3,14,5,45.0904974250838
3,14,6,1.0116513296890914
3,15,0,0.9818373139489278
3,15,1,0.012884852761125321
3,15,2,0.005277833289946866
3,15,3,0.19731968005073158
3,15,4,8.725896868676411
3,15,5,45.13299847492044
3,15,6,1.0106573447421467
3,16,0,0.9798876075309936
3,16,1,0.014723926426861995
3,16,2,0.005388466042144459
3,16,3,0.20233339357386315
3,16,4,8.837957371428022
3,16,5,45.15676566929071
3,16,6,1.010560021223306
3,17,0,0.9778354343619071
3,17,1,0.016673130083535166
3,17,2,0.0054914355545576925
3,17,3,0.19987158159178964
3,17,4,8.750127999458474
3,17,5,45.14525560431257
3,17,6,1.0102677837478637
3,18,0,0.9757512755770319
3,18,1,0.018397381767893312
3,18,2,0.005851342655074857
3,18,3,0.2025253510590027
3,18,4,8.896437596379927
3,18,5,45.15564691770585
3,18,6,1.0099310219010857
3,19,0,0.9735857627703738
3,19,1,0.02040988058748848
3,19,2,0.006004356642137762
3,19,3,0.19887421230449964
3,19,4,8.828002756832122
3,19,5,45.140651203051526
3,19,6,1.0100343029002468
3,20,0,0.9719511839673913
3,20,1,0.02214032789611125
3,20,2,0.0059084881364973325
3,20,3,0.2083542711370377
3,20,4,9.163886999391707
3,20,5,45.182863741687974
3,20,6,1.009925693311462
3,21,0,0.9699237925656016
3,21,1,0.023970735855439806
3,21,2,0.006105471578958603
3,21,3,0.21170524712843805
3,21,4,9.411187820084285
3,21,5,45.19769227426302
3,21,6,1.0099153771088532
3,22,0,0.9677077797837561
3,22,1,0.025929133830257592
3,22,2,0.006363086385986317
3,22,3,0.21156417411901202
3,22,4,9.319073066127626
3,22,5,45.19842132953511
3,22,6,1.009538193612081
3,23,0,0.9659658252775516
3,23,1,0.02765563460864569
3,23,2,0.006378540113802698
3,23,3,0.21176266048713824
3,23,4,9.55847463533608
3,23,5,45.198477718518355
3,23,6,1.0097103781132883
3,24,0,0.9641873533204728
3,24,1,0.029311085917081384
3,24,2,0.006501560762445863
3,24,3,0.21494852589441926
3,24,4,9.762909915623371
3,24,5,45.21369878186956
3,24,6,1.0097357100294972
3,25,0,0.9619146904516085
3,25,1,0.03119356701235384
3,25,2,0.006891742536037703
3,25,3,0.21668661179793053
3,25,4,9.811627363507233
3,25,5,45.222648583224945
3,25,6,1.009403443573606
3,26,0,0.9599109154060244
3,26,1,0.03276379355407648
3,26,2,0.007325291039899149
3,26,3,0.21132407047115676
3,26,4,9.884418545551721
3,26,5,45.19581062067388
3,26,6,1.010215506304363
3,27,0,0.9586575567078495
3,27,1,0.03413619156332577
3,27,2,0.007206251728824808
3,27,3,0.2186326647344115
3,27,4,10.22784857908006
3,27,5,45.232497599280876
3,27,6,1.0098626798152148
3,28,0,0.9566767943141525
3,28,1,0.03585845311090095
3,28,2,0.007464752574946421
3,28,3,0.21761221852116047
3,28,4,10.344654044249749
3,28,5,45.22585321294905
3,28,6,1.009825900614981
3,29,0,0.9546097021512132
3,29,1,0.03769223433924176
3,29,2,0.007698063509545093
3,29,3,0.21955602740520372
3,29,4,10.419356162058463
3,29,5,45.23511606621116
3,29,6,1.009675055976428
3,30,0,0.953054662680727
3,30,1,0.03945259829724773
3,30,2,0.007492739022025258
3,30,3,0.22064764175510232
3,30,4,10.749388040905952
3,30,5,45.240605591261854
3,30,6,1.0103275058495886
3,31,0,0.951345069810746
3,31,1,0.04114929465000618
3,31,2,0.007505635539247817
3,31,3,0.22632924907267932
3,31,4,11.01160644682863
3,31,5,45.26884101457055
3,31,6,1.0102336943148875
3,32,0,0.9496557043097851
3,32,1,0.04256151823886957
3,32,2,0.0077827774513454
3,32,3,0.2213715806995814
3,32,4,11.181102640681644
3,32,5,45.244055808829685
3,32,6,1.0107493146479536
3,33,0,0.9478339182669083
3,33,1,0.04418345384913702
3,33,2,0.007982627883954582
3,33,3,0.22682615917659804
3,33,4,11.320171522697434
3,33,5,45.27114445168077
3,33,6,1.0103745329049327
3,34,0,0.9463766887984372
3,34,1,0.0456749732676414
3,34,2,0.00794833793392143
3,34,3,0.23142846970269915
3,34,4,11.609335246549978
3,34,5,45.294255107649704
3,34,6,1.0105612619427595
3,35,0,0.9448404797260462
3,35,1,0.04684471078636294
3,35,2,0.008314809487590783
3,35,3,0.23473975680843812
3,35,4,11.734924044658236
3,35,5,45.31121563899133
3,35,6,1.0105730974338143
3,36,0,0.9432403209943451
3,36,1,0.04832710177944226
3,36,2,0.008432577226212665
3,36,3,0.23938640593059146
3,36,4,11.939425869390936
3,36,5,45.33631872833104
3,36,6,1.0108360805408432
3,37,0,0.9415937549798828
3,37,1,0.04978267002722815
3,37,2,0.008623574992888955
3,37,3,0.23950975805345792
3,37,4,12.047229288470437
3,37,5,45.3363930062819
3,37,6,1.0110317569969396
3,38,0,0.9409014248722711
3,38,1,0.050248785252983
3,38,2,0.008849789874745866
3,38,3,0.23830494099720528
3,38,4,12.058482210856408
3,38,5,45.329937915062644
3,38,6,1.0110130181472503
3,39,0,0.9392467768584785
3,39,1,0.05171579246886826
3,39,2,0.009037430672653302
3,39,3,0.23746712502027584
3,39,4,12.294278317457398
3,39,5,45.32633784847222
3,39,6,1.0119247064473489
3,40,0,0.9377320801440387
3,40,1,0.053259454944382015
3,40,2,0.009008464911579216
3,40,3,0.24070234498735582
3,40,4,12.535208362927964
3,40,5,45.343612041567795
3,40,6,1.0118169465988927
3,41,0,0.9363938524262212
3,41,1,0.05449779680239915
3,41,2,0.009108350771379656
3,41,3,0.24838727318263665
3,41,4,12.719556826955348
3,41,5,45.38456515425901
3,41,6,1.0114440198878263
3,42,0,0.9349209302550012
3,42,1,0.055683369199593
3,42,2,0.009395700545405766
3,42,3,0.24520802522714458
3,42,4,12.887752347710519
3,42,5,45.36721187734804
3,42,6,1.0120643231974193
3,43,0,0.932928646324676
3,43,1,0.05741367719963854
3,43,2,0.009657676475685516
3,43,3,0.24913111765467513
3,43,4,13.123485722809729
3,43,5,45.39024063094881
3,43,6,1.0124632374678497
3,44,0,0.9313362632377189
3,44,1,0.058719056946530304
3,44,2,0.009944679815750826
3,44,3,0.2549913457604838
3,44,4,13.28994267557987
3,44,5,45.421959124486534
3,44,6,1.0123619493806917
3,45,0,0.9296414792795767
3,45,1,0.06025301456854948
3,45,2,0.010105506151873772
3,45,3,0.2556562910422357
3,45,4,13.454736353352406
3,45,5,45.42473511434544
3,45,6,1.0128816212112493
3,46,0,0.9283867185053805
3,46,1,0.06061930380878945
3,46,2,0.010993977685830157
3,46,3,0.25805081167960975
3,46,4,13.436912155417728
3,46,5,45.43998934744871
3,46,6,1.0126474905854848
3,47,0,0.9272681137444174
3,47,1,0.06193600209683033
3,47,2,0.010795884158752211
3,47,3,0.2651521753718469
3,47,4,13.736515589632516
3,47,5,45.479835445064865
3,47,6,1.0128600259484914
3,48,0,0.9260764183293162
3,48,1,0.06327615715118522
3,48,2,0.010647424519498634
3,48,3,0.2642716795703918
3,48,4,13.921858585549517
3,48,5,45.47483646499628
3,48,6,1.0135151226628971
3,49,0,0.9246930750430338
3,49,1,0.06446748526841979
3,49,2,0.010839439688546428
3,49,3,0.268445586482313
3,49,4,14.110698343792379
3,49,5,45.49909384955253
3,49,6,1.0132807436657223
3,50,0,0.9230125963889613
3,50,1,0.06584762839103905
3,50,2,0.011139775219999773
3,50,3,0.27506209315471014
3,50,4,14.236799772597568
3,50,5,45.53896196952272
3,50,6,1.0135381605684892
3,51,0,0.9218086177010089
3,51,1,0.06692365626709958
3,51,2,0.011267726031891523
3,51,3,0.2731498384509816
3,51,4,14.344064241238955
3,51,5,45.5270502481181
3,51,6,1.0138219982041439
3,52,0,0.9204265860931774
3,52,1,0.06795778948048542
3,52,2,0.011615624426337188
3,52,3,0.27376586982190654
3,52,4,14.448272497577989
3,52,5,45.53035589156936
3,52,6,1.0141182470715604
3,53,0,0.9192014291492305
3,53,1,0.06931534924264238
3,53,2,0.011483221608127002
3,53,3,0.2800989830035873
3,53,4,14.687008815887507
3,53,5,45.56877250354064
3,53,6,1.014136125699955
3,54,0,0.9177593211337916
3,54,1,0.06989200948346178
3,54,2,0.012348669382746636
3,54,3,0.2815560381443254
3,54,4,14.622279371270166
3,54,5,45.57910563093037
3,54,6,1.0139927299646367
3,55,0,0.9166483060954248
3,55,1,0.07102290281036286
3,55,2,0.012328791094212359
3,55,3,0.28568242296911545
3,55,4,14.81448312889561
3,55,5,45.603422043257446
3,55,6,1.0143169505155734
3,56,0,0.9158693418754498
3,56,1,0.07185571331400709
3,56,2,0.012274944810543172
3,56,3,0.2905460900460618
3,56,4,14.991646371954738
3,56,5,45.63452458758494
3,56,6,1.0146570648591475
3,57,0,0.9144227888183719
3,57,1,0.07286209388239923
3,57,2,0.012715117299228845
3,57,3,0.2946288025756531
3,57,4,15.139401195763357
3,57,5,45.66137000360273
3,57,6,1.014436459400661
3,58,0,0.913151742861491
3,58,1,0.07386833257079696
3,58,2,0.012979924567711985
3,58,3,0.29464710624759205
3,58,4,15.302320346173216
3,58,5,45.660674478813206
3,58,6,1.014722051383306
3,59,0,0.9116209813365435
3,59,1,0.07485766661851675
3,59,2,0.013521352044939875
3,59,3,0.29894653028817963
3,59,4,15.381958581885593
3,59,5,45.68835819273953
3,59,6,1.014994507755114
3,60,0,0.9104417731909842
3,60,1,0.07609935558171765
3,60,2,0.013458871227298093
3,60,3,0.29974079264067155
3,60,4,15.578788773600907
3,60,5,45.694306222411335
3,60,6,1.0154843628601182
3,61,0,0.9096604703316487
3,61,1,0.0765612495482697
3,61,2,0.013778280120081594
3,61,3,0.30710422402309845
3,61,4,15.734912903054084
3,61,5,45.74301850951535
3,61,6,1.0152259994157906
3,62,0,0.9082795549824549
3,62,1,0.07732500805984621
3,62,2,0.014395436957698812
3,62,3,0.3071364158379142
3,62,4,15.790557494371017
3,62,5,45.743806427842955
3,62,6,1.015800115299871
3,63,0,0.9068571950622512
3,63,1,0.07824928094895815
3,63,2,0.014893523988790694
3,63,3,0.3140512703320107
3,63,4,15.762357990863595
3,63,5,45.78994327159637
3,63,6,1.0153837183470218
3,64,0,0.9064157553294232
3,64,1,0.07910241583041387
3,64,2,0.014481828840162974
3,64,3,0.31744803245562403
3,64,4,15.922043331189371
3,64,5,45.814110369999405
3,64,6,1.0158313864175934
3,65,0,0.905129270103856
3,65,1,0.07993255254886181
3,65,2,0.014938177347282242
3,65,3,0.31663004156547503
3,65,4,16.048551448995507
3,65,5,45.80859002508751
3,65,6,1.0160818980806186
3,66,0,0.9042341121180955
3,66,1,0.08082812225015457
3,66,2,0.014937765631749922
3,66,3,0.32564782899956735
3,66,4,16.164680589332605
3,66,5,45.87112091899276
3,66,6,1.0160671702213708
3,67,0,0.9033089652950308
3,67,1,0.08114971142843613
3,67,2,0.015541323276533027
3,67,3,0.325752912815391
3,67,4,16.227036624213667
3,67,5,45.87206405525862
3,67,6,1.0166228389179663
3,68,0,0.901916327953655
3,68,1,0.08188326469142329
3,68,2,0.016200407354921804
3,68,3,0.3347319031762378
3,68,4,16.409744855537582
3,68,5,45.46795524928445
3,68,6,1.0163717877217764
3,69,0,0.901349997438155
3,69,1,0.08257274276551152
3,69,2,0.016077259796333454
3,69,3,0.33503178435574155
3,69,4,16.5363363907828
3,69,5,45.49236447908389
3,69,6,1.0168733992532606
3,70,0,0.8999075065189015
3,70,1,0.0837672836002229
3,70,2,0.01632520988087549
3,70,3,0.3412596285306918
3,70,4,16.649517344797797
3,70,5,45.52762974968245
3,70,6,1.0170732911421008
3,71,0,0.8972982438304886
3,71,1,0.08550210170233376
3,71,2,0.017199654467177538
3,71,3,0.3445977809634727
3,71,4,16.631849278667325
3,71,5,45.56312807825665
3,71,6,1.0174854740416457
3,72,0,0.8963957799576423
3,72,1,0.08552060383137858
3,72,2,0.018083616210979026
3,72,3,0.3494525735426496
3,72,4,16.651199793102727
3,72,5,45.57512075202149
3,72,6,1.0174300310953988
3,73,0,0.8952777170761245
3,73,1,0.08600084715124791
3,73,2,0.01872143577262762
3,73,3,0.3547678706793753
3,73,4,16.68976380951129
3,73,5,45.62191896023582
3,73,6,1.0175427711983482
3,74,0,0.8946715850576303
3,74,1,0.08684229331885526
3,74,2,0.01848612162351449
3,74,3,0.3563147808013209
3,74,4,16.851183720409566
3,74,5,45.62774727276823
3,74,6,1.0175444418034711
3,75,0,0.8941725256288946
3,75,1,0.0871726846265469
3,75,2,0.01865478974455853
3,75,3,0.36272070805964185
3,75,4,16.962081969003034
3,75,5,45.66629070396123
3,75,6,1.0176610290261945
3,76,0,0.8930648860372734
3,76,1,0.0876793130046647
3,76,2,0.01925580095806181
3,76,3,0.36957789736766733
3,76,4,17.03088397257277
3,76,5,45.71473816296957
3,76,6,1.0175685334211053
3,77,0,0.8921550543299408
3,77,1,0.08798153392462481
3,77,2,0.01986341174543439
3,77,3,0.37244840024799397
3,77,4,17.174299971964313
3,77,5,45.54407579928922
3,77,6,1.0179695805115732
3,78,0,0.8906576459700666
3,78,1,0.08890618230397307
3,78,2,0.020436171725960333
3,78,3,0.37612494939673297
3,78,4,17.25610806866333
3,78,5,45.18349717887605
3,78,6,1.0183914100839773
3,79,0,0.889562911539765
3,79,1,0.09005433461445139
3,79,2,0.020382753845783634
3,79,3,0.3820325235483425
3,79,4,17.31441428607372
3,79,5,45.207533852864685
3,79,6,1.018094692894349
3,80,0,0.888659287326943
3,80,1,0.09039563679278151
3,80,2,0.020945075880275582
3,80,3,0.3854318933310578
3,80,4,17.372255680999416
3,80,5,45.23197388931507
3,80,6,1.0184916175376213
3,81,0,0.8875116873748282
3,81,1,0.09078145462589732
3,81,2,0.021706857999274423
3,81,3,0.3895433552166491
3,81,4,17.404419971350407
3,81,5,45.134475272249176
3,81,6,1.018700062724884
3,82,0,0.8869281653076564
3,82,1,0.09068073808921184
3,82,2,0.022391096603131815
3,82,3,0.3968533748078955
3,82,4,17.433510282267413
3,82,5,45.02150873867174
3,82,6,1.0183279902174642
3,83,0,0.8856173764903302
3,83,1,0.09130124258255443
3,83,2,0.023081380927115334
3,83,3,0.39993244170679965
3,83,4,17.412839763847433
3,83,5,44.86197717742279
3,83,6,1.0187191535972495
3,84,0,0.8844897296322245
3,84,1,0.09209504936276403
3,84,2,0.023415221005011432
3,84,3,0.4031790962308624
3,84,4,17.470612451921497
3,84,5,44.88809757920441
3,84,6,1.0188513858099313
3,85,0,0.8836695279067726
3,85,1,0.09235115163635563
3,85,2,0.023979320456871896
3,85,3,0.4095469879068084
3,85,4,17.528029237183624
3,85,5,44.91465860341697
3,85,6,1.0185897661766612
3,86,0,0.8829761156767328
3,86,1,0.09192863388060801
3,86,2,0.025095250442659152
3,86,3,0.4129926850637077
3,86,4,17.48262369715784
3,86,5,44.748300394254194
3,86,6,1.018762938951102
3,87,0,0.8817717233754394
3,87,1,0.09266388588764055
3,87,2,0.025564390736920066
3,87,3,0.4195747853811619
3,87,4,17.43830287781472
3,87,5,44.604572202408164
3,87,6,1.018736955092984
3,88,0,0.8806503932101674
3,88,1,0.09228209391509497
3,88,2,0.02706751287473768
3,88,3,0.4244345611512367
3,88,4,17.114046969431534
3,88,5,44.58877396285111
3,88,6,1.0180412101531444
3,89,0,0.8803536162184347
3,89,1,0.09273082903481908
3,89,2,0.02691555474674632
3,89,3,0.4279664973807128
3,89,4,17.145853138308556
3,89,5,44.60083554675249
3,89,6,1.0179326782160647
3,90,0,0.8793928407588301
3,90,1,0.09281050928957475
3,90,2,0.02779664995159516
3,90,3,0.43258790859105783
3,90,4,17.20405004594538
3,90,5,44.629257861806906
3,90,6,1.0181254594437987
3,91,0,0.878570964581674
3,91,1,0.09303272373265711
3,91,2,0.028396311685668824
3,91,3,0.4373338605941114
3,91,4,17.262164390857883
3,91,5,44.658049283799905
3,91,6,1.0184820034704625
3,92,0,0.8772665843316483
3,92,1,0.09365052462415496
3,92,2,0.029082891044196618
3,92,3,0.44670266531346325
3,92,4,17.320188934813935
3,92,5,44.687246864346875
3,92,6,1.0180483724438827
3,93,0,0.8767942462598326
3,93,1,0.09421271065423623
3,93,2,0.02899304308593121
3,93,3,0.4486483933532119
3,93,4,17.378036910638713
3,93,5,44.71690791013479
3,93,6,1.0183692356924678
3,94,0,0.8758073128670545
3,94,1,0.09485302187669604
3,94,2,0.02933966525624953
3,94,3,0.4552861141160036
3,94,4,17.435522529424944
3,94,5,44.74707422140376
3,94,6,1.0182776114326888
3,95,0,0.8747544481543128
3,95,1,0.09508436686079909
3,95,2,0.030161184984888033
3,95,3,0.46187714167024985
3,95,4,17.492698066969886
3,95,5,44.777649173262894
3,95,6,1.0181704458281107
3,96,0,0.8738586405653104
3,96,1,0.09568409546831119
3,96,2,0.03045726396637857
3,96,3,0.46439552820921054
3,96,4,17.549996983752155
3,96,5,44.80859403284795
3,96,6,1.0188101787762536
3,97,0,0.8731186182157754
3,97,1,0.09690662944708278
3,97,2,0.02997475233714183
3,97,3,0.47265158833614124
3,97,4,17.88213249857683
3,97,5,45.207196182415565
3,97,6,1.0189418560999057
3,98,0,0.8722265102046591
3,98,1,0.09358767273974644
3,98,2,0.03418581705559437
3,98,3,0.4765029401218679
3,98,4,16.87785413760864
3,98,5,43.52041234649363
3,98,6,1.017195523825915
3,99,0,0.8714220031745337
3,99,1,0.09316177646768928
3,99,2,0.035416220357777126
3,99,3,0.48265643296948313
3,99,4,16.61382008887942
3,99,5,43.60772282621214
3,99,6,1.0161819839147028
3,100,0,0.8701299039865171
3,100,1,0.09319349119352346
3,100,2,0.036676604819959394
3,100,3,0.4916474954817627
3,100,4,16.70515213508883
3,100,5,43.642697612157995
3,100,6,1.016903063177859
3,101,0,0.8688083227655077
3,101,1,0.0888809194853165
3,101,2,0.04231075774917578
3,101,3,0.4940840413078477
3,101,4,15.812488034599099
3,101,5,42.44677164840102
3,101,6,1.0160497474075343
3,102,0,0.8680687286610709
3,102,1,0.08974414696547023
3,102,2,0.042187124373458916
3,102,3,0.5018853388291413
3,102,4,15.875880559306221
3,102,5,42.4700884210273
3,102,6,1.0155000696984955
3,103,0,0.8673149187016197
3,103,1,0.08981727183251431
3,103,2,0.042867809465866054
3,103,3,0.50623313905403
3,103,4,15.938727149305208
3,103,5,42.49350021355648
3,103,6,1.0157193537566576
3,104,0,0.8663604069737554
3,104,1,0.0903801684959665
3,104,2,0.043259424530278076
3,104,3,0.5140777488731421
3,104,4,16.001586622137783
3,104,5,42.51687376320908
3,104,6,1.0159925180640772
3,105,0,0.8651226350365451
3,105,1,0.08930680933520074
3,105,2,0.045570555628254204
3,105,3,0.5164301755546249
3,105,4,15.42746716484342
3,105,5,42.53477938562784
3,105,6,1.014894498696194
3,106,0,0.8642655200259373
3,106,1,0.0898407276069601
3,106,2,0.04589375236710263
3,106,3,0.5249529720555359
3,106,4,15.491771039164263
3,106,5,42.558181673142045
3,106,6,1.014405704871855
3,107,0,0.8635529694275945
3,107,1,0.08935587102988539
3,107,2,0.047091159542520106
3,107,3,0.5343182643202525
3,107,4,15.55595697620541
3,107,5,42.58163655273526
3,107,6,1.014873620778375
3,108,0,0.8629376204306495
3,108,1,0.08956404779933949
3,108,2,0.04749833177001106
3,108,3,0.5334811438970999
3,108,4,15.620246233021636
3,108,5,42.60499358628101
3,108,6,1.0155308116511548
3,109,0,0.8624683498136387
3,109,1,0.08995222020607496
3,109,2,0.04757942998028633
3,109,3,0.5452211138307057
3,109,4,15.684299292065592
3,109,5,42.62836199159145
3,109,6,1.0152404821832455
3,110,0,0.8616760204737847
3,110,1,0.0900757775846113
3,110,2,0.048248201941604
3,110,3,0.5517780874110562
3,110,4,15.748003569207258
3,110,5,42.651764540597604
3,110,6,1.0150995370139135
3,111,0,0.8610457816285937
3,111,1,0.09032457751542038
3,111,2,0.04862964085598596
3,111,3,0.5546639005013517
3,111,4,15.81170978401774
3,111,5,42.675192158855864
3,111,6,1.0154847280775692
3,112,0,0.8600020743400605
3,112,1,0.08956947086814379
3,112,2,0.05042845479179574
3,112,3,0.559996258850281
3,112,4,15.564025640526118
3,112,5,42.738219968337404
3,112,6,1.015376224728416
3,113,0,0.8589343772492527
3,113,1,0.08927722361899272
3,113,2,0.051788399131754516
3,113,3,0.5677980750257707
3,113,4,15.307431310918359
3,113,5,42.773092736092366
3,113,6,1.0143867548282544
3,114,0,0.8583824034758541
3,114,1,0.09015640704944776
3,114,2,0.05146118947469806
3,114,3,0.5754480050903912
3,114,4,15.672703642724207
3,114,5,42.76044768605105
3,114,6,1.0155426323912546
3,115,0,0.8579970285062724
3,115,1,0.08953425926645592
3,115,2,0.052468712227271695
3,115,3,0.5801697711705553
3,115,4,15.372455554340412
3,115,5,42.80750660542603
3,115,6,1.0141891094631224
3,116,0,0.8568331498275272
3,116,1,0.08969314908636673
3,116,2,0.05347370108610597
3,116,3,0.5843613029763921
3,116,4,15.43774705868443
3,116,5,42.83092631962721
3,116,6,1.0146734565419548
3,117,0,0.8561202419374601
3,117,1,0.08958201466861462
3,117,2,0.05429774339392533
3,117,3,0.5913765076341118
3,117,4,15.196663234296443
3,117,5,42.89241758947696
3,117,6,1.0140328228993312
3,118,0,0.8555460831383817
3,118,1,0.08944498406813677
3,118,2,0.055008932793481596
3,118,3,0.5985007554226953
3,118,4,15.262301184416101
3,118,5,42.91580446431894
3,118,6,1.0144421345669585
3,119,0,0.8546610500549026
3,119,1,0.08874981994082368
3,119,2,0.056589130004273805
3,119,3,0.6051449963682691
3,119,4,15.035849020211888
3,119,5,42.961554163673696
3,119,6,1.01413574212451
3,120,0,0.8534400062614986
3,120,1,0.08870347592243916
3,120,2,0.057856517816062235
3,120,3,0.6113505424870279
3,120,4,15.102518619026684
3,120,5,42.98485106876842
3,120,6,1.0142018967861668
3,121,0,0.8524225128302081
3,121,1,0.08452298294201901
3,121,2,0.06305450422777291
3,121,3,0.6162248342087506
3,121,4,14.18189589558245
3,121,5,42.14724204681847
3,121,6,1.0127918453153308
3,122,0,0.8521818290937169
3,122,1,0.08473562718949922
3,122,2,0.06308254371678398
3,122,3,0.6243763840431321
3,122,4,14.252245933649604
3,122,5,42.17080234615548
3,122,6,1.0131233372378292
3,123,0,0.8511129481645179
3,123,1,0.08498772337136193
3,123,2,0.06389932846412029
3,123,3,0.631829446079317
3,123,4,14.322244382973778
3,123,5,42.19435823023507
3,123,6,1.0133218026661908
3,124,0,0.8508188546883748
3,124,1,0.0839011334987686
3,124,2,0.06528001181285656
3,124,3,0.6356456742392558
3,124,4,13.991672939691757
3,124,5,42.22506813817073
3,124,6,1.0127267277927152
3,125,0,0.8496394976080905
3,125,1,0.08435012941265774
3,125,2,0.0660103729792518
3,125,3,0.6438431238731557
3,125,4,14.062821073195156
3,125,5,42.24868736011308
3,125,6,1.0125201054516482
3,126,0,0.8488558877810523
3,126,1,0.0841253857710764
3,126,2,0.0670187264478714
3,126,3,0.6538294161138339
3,126,4,14.133957378713315
3,126,5,42.27228308164996
3,126,6,1.0126357134702266
3,127,0,0.8482207978229045
3,127,1,0.08344353154622158
3,127,2,0.06833567063087391
3,127,3,0.6581539109850685
3,127,4,13.86807796423368
3,127,5,42.29339538576756
3,127,6,1.0124953588863046
3,128,0,0.8469462274802758
3,128,1,0.08389738735159247
3,128,2,0.06915638516813172
3,128,3,0.6682180773875859
3,128,4,13.978791937533044
3,128,5,42.32942683038914
3,128,6,1.012802751860192
3,129,0,0.8459779964679545
3,129,1,0.08306623567723923
3,129,2,0.07095576785480634
3,129,3,0.6763542507322013
3,129,4,13.681404087021857
3,129,5,42.38091286472852
3,129,6,1.0124502592391793
3,130,0,0.845544698744511
3,130,1,0.08332960332591435
3,130,2,0.07112569792957461
3,130,3,0.6860140441786948
3,130,4,13.754230883186693
3,130,5,42.404423669453706
3,130,6,1.0119828702989302
3,131,0,0.8445610757663568
3,131,1,0.0838101398729619
3,131,2,0.07162878436068135
3,131,3,0.6881766243266393
3,131,4,13.826733371046098
3,131,5,42.427981902569286
3,131,6,1.0127342567648743
3,132,0,0.8441156441566329
3,132,1,0.08363093567671387
3,132,2,0.07225342016665318
3,132,3,0.6974410545423217
3,132,4,13.837317374101366
3,132,5,42.3786237201577
3,132,6,1.0125843893014796
3,133,0,0.8432572789523589
3,133,1,0.08262838621402113
3,133,2,0.07411433483362007
3,133,3,0.7048886417074662
3,133,4,13.490218095969185
3,133,5,42.354785920639614
3,133,6,1.0119470760294624
3,134,0,0.8427371689067955
3,134,1,0.08256408616661928
3,134,2,0.07469874492658529
3,134,3,0.7115694287834016
3,134,4,13.564033421327698
3,134,5,42.37836769323141
3,134,6,1.0123856457584215
3,135,0,0.8425684730992791
3,135,1,0.08251872768682136
3,135,2,0.07491279921389965
3,135,3,0.717561909404785
3,135,4,13.637644279968047
3,135,5,42.4019402761026
3,135,6,1.0124434628733248
3,136,0,0.8415403097688348
3,136,1,0.08197737725587143
3,136,2,0.07648231297529395
3,136,3,0.7267151487311565
3,136,4,13.316066614246333
3,136,5,42.47451620130249
3,136,6,1.0111840046387697
3,137,0,0.8407011764943428
3,137,1,0.0817156263451664
3,137,2,0.07758319716049077
3,137,3,0.7364907430997416
3,137,4,13.185976069171062
3,137,5,42.52401994591016
3,137,6,1.0113094738359352
3,138,0,0.8405008903497799
3,138,1,0.08191192885837742
3,138,2,0.0775871807918426
3,138,3,0.7419444601254734
3,138,4,13.26127157249521
3,138,5,42.54757513592807
3,138,6,1.0116948698097563
3,139,0,0.8392944368446913
3,139,1,0.08202718601846472
3,139,2,0.07867837713684407
3,139,3,0.7479813734957654
3,139,4,13.336350156368228
3,139,5,42.57111377761001
3,139,6,1.0120453287498825
3,140,0,0.8389188352923316
3,140,1,0.08209918807555605
3,140,2,0.07898197663211237
3,140,3,0.7520225551110886
3,140,4,13.376837863602383
3,140,5,42.58349154291302
3,140,6,1.0120430265834641
3,141,0,0.8378811012999994
3,141,1,0.08167726896802194
3,141,2,0.08044162973197874
3,141,3,0.7614638554366726
3,141,4,13.166998190901811
3,141,5,42.642247616508925
3,141,6,1.0113732373615294
3,142,0,0.8370395643109065
3,142,1,0.08102093625793198
3,142,2,0.08193949943116154
3,142,3,0.7693780200920357
3,142,4,12.948386088094693
3,142,5,42.67984349789695
3,142,6,1.0110943521179374
3,143,0,0.8368580659341399
3,143,1,0.08126391385432227
3,143,2,0.08187802021153778
3,143,3,0.7751329096153629
3,143,4,13.025339457922916
3,143,5,42.703287176533436
3,143,6,1.0112311757751489
3,144,0,0.8355599475913262
3,144,1,0.0811965446227271
3,144,2,0.08324350778594657
3,144,3,0.7814125053564129
3,144,4,12.816464800921025
3,144,5,42.77619867302644
3,144,6,1.0108159662732845
3,145,0,0.8351195477597704
3,145,1,0.08137265770070162
3,145,2,0.08350779453952807
3,145,3,0.7893761497306024
3,145,4,12.894096991801689
3,145,5,42.799667839211644
3,145,6,1.0113556391120948
3,146,0,0.8344316438830578
3,146,1,0.08074867148282627
3,146,2,0.08481968463411592
3,146,3,0.7983512887628887
3,146,4,12.70153310200038
3,146,5,42.84558244759771
3,146,6,1.0107043764448778
3,147,0,0.8337442780701844
3,147,1,0.08053037353815395
3,147,2,0.08572534839166163
3,147,3,0.8070770687964318
3,147,4,12.779557334850814
3,147,5,42.86902005976182
3,147,6,1.0109794424241136
3,148,0,0.8334765766451967
3,148,1,0.08151385421154203
3,148,2,0.0850095691432612
3,148,3,0.8138972865452725
3,148,4,13.155874145462377
3,148,5,42.88208074904513
3,148,6,1.0120273083743483
3,149,0,0.8323602850015333
3,149,1,0.08106235036021694
3,149,2,0.08657736463824972
3,149,3,0.8207370244901704
3,149,4,12.916109962863569
3,149,5,42.9475831855647
3,149,6,1.0116628648049635
3,150,0,0.8316709729835228
3,150,1,0.08105143101023374
3,150,2,0.08727759600624342
3,150,3,0.8307623060081663
3,150,4,12.993873327434258
3,150,5,43.02195429114333
3,150,6,1.0119942655764786
3,151,0,0.8311017782012458
3,151,1,0.08054228145870432
3,151,2,0.08835594034004987
3,151,3,0.8374098558983506
3,151,4,12.72805100770048
3,151,5,43.077992212185876
3,151,6,1.0114829938884111
3,152,0,0.8300438009076414
3,152,1,0.0807532024184009
3,152,2,0.08920299667395776
3,152,3,0.8473739459985128
3,152,4,12.806459533829315
3,152,5,43.10131339548091
3,152,6,1.0114530785840676
3,153,0,0.8297178255042346
3,153,1,0.0808647549759974
3,153,2,0.08941741951976809
3,153,3,0.854844158780036
3,153,4,12.884512605790324
3,153,5,43.124594186779504
3,153,6,1.0118261955713121
3,154,0,0.8288654024948726
3,154,1,0.0813664701489917
3,154,2,0.0897681273561356
3,154,3,0.8637226006220913
3,154,4,12.962278565980508
3,154,5,43.147837925786895
3,154,6,1.011852390474184
3,155,0,0.8282793743118013
3,155,1,0.08072276366681647
3,155,2,0.09099786202138223
3,155,3,0.8704907226321896
3,155,4,12.763956160956683
3,155,5,43.203809467684735
3,155,6,1.0120442743053657
3,156,0,0.8279226691345549
3,156,1,0.08066083557235038
3,156,2,0.09141649529309467
3,156,3,0.8803058316708261
3,156,4,12.842288584115177
3,156,5,43.22701933544552
3,156,6,1.011568213631055
3,157,0,0.8267094561283379
3,157,1,0.08066443699954402
3,157,2,0.0926261068721182
3,157,3,0.8921899603764952
3,157,4,12.616177011860824
3,157,5,43.367571896645785
3,157,6,1.0111532793512847
3,158,0,0.8257162071320097
3,158,1,0.08074375760471322
3,158,2,0.09354003526327712
3,158,3,0.9000676521775285
3,158,4,12.69533099933097
3,158,5,43.39072177921362
3,158,6,1.0115248742251677
3,159,0,0.8250872944292198
3,159,1,0.08118750678322098
3,159,2,0.09372519878755928
3,159,3,0.9071257571238321
3,159,4,12.776108626343095
3,159,5,43.43787269117611
3,159,6,1.012437395949067
3,160,0,0.8243436752182343
3,160,1,0.08041614428814534
3,160,2,0.09524018049362036
3,160,3,0.9158843775316596
3,160,4,12.588205962889072
3,160,5,43.49132494083484
3,160,6,1.011707355921509
3,161,0,0.8241013316557051
3,161,1,0.08071772519719231
3,161,2,0.09518094314710265
3,161,3,0.9240941524124667
3,161,4,12.682690527944988
3,161,5,43.530731988618754
3,161,6,1.011667671708598
3,162,0,0.8233750815352759
3,162,1,0.08096005964252043
3,162,2,0.09566485882220363
3,162,3,0.9332078579191371
3,162,4,12.737213105639421
3,162,5,43.60343028063072
3,162,6,1.011586525680426
3,163,0,0.8226477087970288
3,163,1,0.08030521277014974
3,163,2,0.09704707843282148
3,163,3,0.9392840139092793
3,163,4,12.53483388385116
3,163,5,43.66514507539837
3,163,6,1.0117569177863461
3,164,0,0.8220736622776239
3,164,1,0.08058388364128105
3,164,2,0.09734245408109507
3,164,3,0.9490636279920225
3,164,4,12.623612677614929
3,164,5,43.72952934115545
3,164,6,1.0120853504029448
3,165,0,0.8214121109165825
3,165,1,0.07990128319963344
3,165,2,0.09868660588378401
3,165,3,0.9589059677892
3,165,4,12.438640947294555
3,165,5,43.7826960668784
3,165,6,1.0116877400833484
3,166,0,0.8211180856021317
3,166,1,0.08012936298590301
3,166,2,0.0987525514119652
3,166,3,0.9622532365682657
3,166,4,12.483974180018805
3,166,5,43.80582985486063
3,166,6,1.011895882109
3,167,0,0.8204312101794116
3,167,1,0.08025817656109946
3,167,2,0.09931061325948903
3,167,3,0.9725003100337305
3,167,4,12.540937534232343
3,167,5,43.857133797317786
3,167,6,1.0116198834219365
3,168,0,0.8200742753158521
3,168,1,0.08033285571058468
3,168,2,0.09959286897356334
3,168,3,0.9783817413581902
3,168,4,12.546382649561027
3,168,5,43.92205289735557
3,168,6,1.0125323332885736
3,169,0,0.8190651904906779
3,169,1,0.08018083844349916
3,169,2,0.10075397106582289
3,169,3,0.9872506471341055
3,169,4,12.605106842923941
3,169,5,43.97893241593935
3,169,6,1.0123486124473802
3,170,0,0.8186955843236825
3,170,1,0.08022207478073917
3,170,2,0.1010823408955783
3,170,3,0.9975070344059929
3,170,4,12.625814868845602
3,170,5,44.04695684953455
3,170,6,1.0125392753679798
3,171,0,0.8180381459650446
3,171,1,0.07946560187262267
3,171,2,0.10249625216233266
3,171,3,1.0045243452974808
3,171,4,12.158576629481285
3,171,5,44.11739855217332
3,171,6,1.0115324785501252
3,172,0,0.8174920256160036
3,172,1,0.07977340461731033
3,172,2,0.10273456976668606
3,172,3,1.0129978317909085
3,172,4,12.240290900776943
3,172,5,44.14019377616159
3,172,6,1.0114446000929163
3,173,0,0.8170645515635687
3,173,1,0.08042502496334937
3,173,2,0.1025104234730819
3,173,3,1.0242666580928779
3,173,4,12.584125630375635
3,173,5,44.1979328299412
3,173,6,1.012266079337426
3,174,0,0.8161640265392434
3,174,1,0.07956986854585471
3,174,2,0.1042661049149019
3,174,3,1.0322360248450804
3,174,4,12.293750282254372
3,174,5,44.262015801489966
3,174,6,1.0122754354652888
3,175,0,0.8157763212181777
3,175,1,0.07983891288874681
3,175,2,0.10438476589307552
3,175,3,1.0380459889138822
3,175,4,12.352164195102901
3,175,5,44.304333050469346
3,175,6,1.0130769348513569
3,176,0,0.8152753614570032
3,176,1,0.0805293357602326
3,176,2,0.10419530278276415
3,176,3,1.049664326967647
3,176,4,12.574944956546606
3,176,5,44.36513560884602
3,176,6,1.0130929125573098
3,177,0,0.8147709074532952
3,177,1,0.08009168303391112
3,177,2,0.10513740951279366
3,177,3,1.0580798796594286
3,177,4,12.246240286619297
3,177,5,44.437710261305746
3,177,6,1.012039647423788
3,178,0,0.8139697674022743
3,178,1,0.08004579859954258
3,178,2,0.10598443399818305
3,178,3,1.0684975659872982
3,178,4,12.327851397159593
3,178,5,44.46029467590701
3,178,6,1.0122893409203655
3,179,0,0.8130839619475843
3,179,1,0.0798248572030818
3,179,2,0.10709118084933386
3,179,3,1.075625453689161
3,179,4,12.130448727384653
3,179,5,44.49272856163495
3,179,6,1.011937369142602
3,180,0,0.813296604037099
3,180,1,0.08026518471646882
3,180,2,0.10643821124643205
3,180,3,1.0858025900028585
3,180,4,12.428755085764042
3,180,5,44.56441799283414
3,180,6,1.0130070908433255
3,181,0,0.8126813020593294
3,181,1,0.08033411247858797
3,181,2,0.10698458546208259
3,181,3,1.0942883837606816
3,181,4,12.329080639734892
3,181,5,44.63569651607395
3,181,6,1.0124641114044364
3,182,0,0.8122340027332868
3,182,1,0.08120427372878226
3,182,2,0.106561723537931
3,182,3,1.104109328107339
3,182,4,12.609556607993433
3,182,5,44.747535344760394
3,182,6,1.0130127997506952
3,183,0,0.8115235218253971
3,183,1,0.08047100817310489
3,183,2,0.10800547000149802
3,183,3,1.114020772846654
3,183,4,12.286246998844259
3,183,5,44.83897811689836
3,183,6,1.012309739568063
3,184,0,0.8106949530481429
3,184,1,0.08058967382464773
3,184,2,0.10871537312720937
3,184,3,1.1224990968522979
3,184,4,12.33544235608325
3,184,5,44.88499922697276
3,184,6,1.0125868997378094
3,185,0,0.8091078703565359
3,185,1,0.08129119837286336
3,185,2,0.10960093127060075
3,185,3,1.1364803117780415
3,185,4,12.34902621152638
3,185,5,45.00280929268027
3,185,6,1.012410462632318
3,186,0,0.8088489864120423
3,186,1,0.08135216341800783
3,186,2,0.10979885016995
3,186,3,1.1429846775408044
3,186,4,12.409659720438139
3,186,5,45.04291147140339
3,186,6,1.013288435706545
3,187,0,0.8086931139294349
3,187,1,0.08143288538295318
3,187,2,0.10987400068761191
3,187,3,1.1555287924157205
3,187,4,12.332393508663852
3,187,5,45.12137949081485
3,187,6,1.0124881118360864
3,188,0,0.8086828352549518
3,188,1,0.08142569803456096
3,188,2,0.10989146671048737
3,188,3,1.1640144316759709
3,188,4,12.519183174369806
3,188,5,45.22511935981042
3,188,6,1.0134526483659376
3,189,0,0.8073860168391918
3,189,1,0.08145006417285586
3,189,2,0.1111639189879523
3,189,3,1.174088754623479
3,189,4,12.404659258601676
3,189,5,45.31618538355776
3,189,6,1.0131770323078226
3,190,0,0.8068652204825814
3,190,1,0.08155988747338963
3,190,2,0.11157489204402907
3,190,3,1.1817557915783952
3,190,4,12.407338080086506
3,190,5,45.36672873746355
3,190,6,1.0135651036811997
3,191,0,0.807155380307502
3,191,1,0.08198408743403171
3,191,2,0.11086053225846629
3,191,3,1.1870357978175698
3,191,4,12.654739139429125
3,191,5,45.4282698663075
3,191,6,1.0141365071726751
3,192,0,0.8060960074460257
3,192,1,0.08154797374245637
3,192,2,0.11235601881151791
3,192,3,1.1967416102036004
3,192,4,12.382000549779091
3,192,5,45.50432116069399
3,192,6,1.013461886734634
3,193,0,0.8055577218411547
3,193,1,0.0813751588067568
3,193,2,0.11306711935208857
3,193,3,1.2074202642429692
3,193,4,12.198257400225303
3,193,5,45.536895382683554
3,193,6,1.0130553482099658
3,194,0,0.8053136472798502
3,194,1,0.08198513624925989
3,194,2,0.11270121647088988
3,194,3,1.216428103986015
3,194,4,12.453656325908344
3,194,5,45.598064355122844
3,194,6,1.0135011360527943
3,195,0,0.8044907342803982
3,195,1,0.08174733923914806
3,195,2,0.11376192648045379
3,195,3,1.2283219183381728
3,195,4,12.280034054406709
3,195,5,45.68738887053088
3,195,6,1.0126433689972543
3,196,0,0.8046407398432605
3,196,1,0.08264796562828601
3,196,2,0.11271129452845356
3,196,3,1.235651331116483
3,196,4,12.703690132156645
3,196,5,45.766882180291994
3,196,6,1.014204193826822
3,197,0,0.8034926685647257
3,197,1,0.0820766819292488
3,197,2,0.11443064950602555
3,197,3,1.2450543939942897
3,197,4,12.204882035867753
3,197,5,45.83111136654026
3,197,6,1.0128952362199206
3,198,0,0.8029353604660336
3,198,1,0.08212018828269962
3,198,2,0.11494445125126669
3,198,3,1.2552264655221395
3,198,4,12.286392309704535
3,198,5,45.85302606137622
3,198,6,1.0131057035747584
3,199,0,0.8027208497128325
3,199,1,0.082724132301871
3,199,2,0.1145550179852965
3,199,3,1.2655132183434508
3,199,4,12.543619096637528
3,199,5,45.923278685716795
3,199,6,1.0132855237896015
3,200,0,0.8023519433953257
3,200,1,0.08255810862990548
3,200,2,0.1150899479747689
3,200,3,1.2742497854004666
3,200,4,12.408068845963511
3,200,5,45.996360581419125
3,200,6,1.013299635198501
3,201,0,0.801722288603236
3,201,1,0.08206944384067122
3,201,2,0.11620826755609276
3,201,3,1.2841988450900814
3,201,4,12.192337938073987
3,201,5,46.04064710154593
3,201,6,1.0127839441982334
3,202,0,0.8016615911539394
3,202,1,0.08230561924358956
3,202,2,0.116032789602471
3,202,3,1.2931641626732169
3,202,4,12.515119070516523
3,202,5,46.099978459440536
3,202,6,1.013946258242428
3,203,0,0.80103614516228
3,203,1,0.08249535881174502
3,203,2,0.11646849602597492
3,203,3,1.303550975949277
3,203,4,12.448840674659936
3,203,5,46.174109785298896
3,203,6,1.0136664133807158
3,204,0,0.8002813663087672
3,204,1,0.08185741998527943
3,204,2,0.11786121370595337
3,204,3,1.3122406359199383
3,204,4,12.174209050821434
3,204,5,46.2244867909877
3,204,6,1.0132922193864577
3,205,0,0.8002560103038245
3,205,1,0.08267502883842509
3,205,2,0.11706896085775034
3,205,3,1.3237966594963722
3,205,4,12.48079817049377
3,205,5,46.281926692381205
3,205,6,1.0136944653128268
3,206,0,0.7993920390900069
3,206,1,0.0825520658980988
3,206,2,0.11805589501189438
3,206,3,1.333636200528364
3,206,4,12.232871299956809
3,206,5,46.32947859900861
3,206,6,1.0133737315723095
3,207,0,0.7989200073434721
3,207,1,0.08320855206036742
3,207,2,0.1178714405961604
3,207,3,1.3424256038875613
3,207,4,12.523403164480161
3,207,5,46.37508490350738
3,207,6,1.014013099989527
3,208,0,0.7983914557218013
3,208,1,0.08274927726471976
3,208,2,0.11885926701347896
3,208,3,1.353231179699765
3,208,4,12.454589235067186
3,208,5,46.463407266727216
3,208,6,1.0139995284240397
3,209,0,0.7974606412827626
3,209,1,0.08267098906243064
3,209,2,0.11986836965480674
3,209,3,1.3625644036770534
3,209,4,12.199015902875265
3,209,5,46.50620407557174
3,209,6,1.0137453180009535
3,210,0,0.7971623560821104
3,210,1,0.08321906845169377
3,210,2,0.11961857546619586
3,210,3,1.374648269623016
3,210,4,12.47717329011597
3,210,5,46.55411469472983
3,210,6,1.0141568408107948
3,211,0,0.7967804443515494
3,211,1,0.08328293705478589
3,211,2,0.11993661859366468
3,211,3,1.3829094545644498
3,211,4,12.508864238153443
3,211,5,46.6177787118452
3,211,6,1.0144088596465393
3,212,0,0.796138851309822
3,212,1,0.083252423628045
3,212,2,0.12060872506213295
3,212,3,1.3934464174911598
3,212,4,12.265831167454404
3,212,5,46.67694339736465
3,212,6,1.0133419013974767
3,213,0,0.7958785229469723
3,213,1,0.0837087333517526
3,213,2,0.12041274370127525
3,213,3,1.4037580127172262
3,213,4,12.501128159749193
3,213,5,46.762773771837445
3,213,6,1.0142221102378817
3,214,0,0.7949581684215568
3,214,1,0.08355506215691183
3,214,2,0.12148676942153143
3,214,3,1.4193033424898276
3,214,4,12.276510398093482
3,214,5,46.88620455726426
3,214,6,1.0132891768612238
3,215,0,0.7953029972524746
3,215,1,0.0837500813832373
3,215,2,0.12094692136428811
3,215,3,1.4285116972280405
3,215,4,12.568402361833591
3,215,5,46.94233550321297
3,215,6,1.014578413117635
3,216,0,0.7944990986239295
3,216,1,0.08327289116027281
3,216,2,0.12222801021579771
3,216,3,1.4351389962141468
3,216,4,12.294149381973487
3,216,5,46.974501421212125
3,216,6,1.0139145596406427
3,217,0,0.7946641632446245
3,217,1,0.08469019319092254
3,217,2,0.12064564356445287
3,217,3,1.445545851805098
3,217,4,12.868151348539929
3,217,5,47.04757334257046
3,217,6,1.0151265222746995
3,218,0,0.7932498658225116
3,218,1,0.08393687402188167
3,218,2,0.12281326015560688
3,218,3,1.454453749614885
3,218,4,12.335674436369775
3,218,5,47.10578764386504
3,218,6,1.013881702556667
3,219,0,0.7935002215385591
3,219,1,0.08415953768158921
3,219,2,0.1223402407798517
3,219,3,1.4663885018436393
3,219,4,12.642160194820192
3,219,5,47.19914419960008
3,219,6,1.014644861743563
3,220,0,0.7929037231825671
3,220,1,0.08419618211565011
3,220,2,0.1229000947017828
3,220,3,1.4764088079539484
3,220,4,12.647590649184734
3,220,5,47.270949123549556
3,220,6,1.014352205627562
3,221,0,0.7920423174929379
3,221,1,0.0842764765699347
3,221,2,0.12368120593712742
3,221,3,1.4864829286552426
3,221,4,12.384020378942148
3,221,5,47.312098144575366
3,221,6,1.0138545708999505
3,222,0,0.7919314173391838
3,222,1,0.08466516255463642
3,222,2,0.12340342010617966
3,222,3,1.4968310056817924
3,222,4,12.647305843147084
3,222,5,47.36540975906805
3,222,6,1.0146930099453835
3,223,0,0.7919134646688202
3,223,1,0.08484502650384067
3,223,2,0.12324150882733918
3,223,3,1.5077445273762078
3,223,4,12.744871509914681
3,223,5,47.42748079580507
3,223,6,1.0148030983977745
3,224,0,0.790698460765014
3,224,1,0.0847739494109587
3,224,2,0.12452758982402728
3,224,3,1.5175577212077356
3,224,4,12.632526644899517
3,224,5,47.499154142951966
3,224,6,1.0147111728002811
3,225,0,0.7896696435687769
3,225,1,0.08472810499997505
3,225,2,0.12560225143124812
3,225,3,1.5291591765422656
3,225,4,12.348738779678825
3,225,5,47.57871116982005
3,225,6,1.013619810658639
3,226,0,0.7904786832078281
3,226,1,0.08534699876260814
3,226,2,0.12417431802956369
3,226,3,1.5389281899055587
3,226,4,12.93233616192375
3,226,5,47.64834017234118
3,226,6,1.0153043414779586
3,227,0,0.7888552831600837
3,227,1,0.08480449630682216
3,227,2,0.12634022053309418
3,227,3,1.5500917131127263
3,227,4,12.353461872581079
3,227,5,47.711466841734
3,227,6,1.0139221725677625
3,228,0,0.789036122074089
3,228,1,0.08504589627030781
3,228,2,0.1259179816556032
3,228,3,1.5595935220917063
3,228,4,12.43229218740029
3,228,5,47.795397903959824
3,228,6,1.0141405657970983
3,229,0,0.7892844281563223
3,229,1,0.08541300997516485
3,229,2,0.12530256186851285
3,229,3,1.5698038499997216
3,229,4,12.754781371312824
3,229,5,47.87319779136829
3,229,6,1.015406930784593
3,230,0,0.7886843096616469
3,230,1,0.08575700060224528
3,230,2,0.12555868973610781
3,230,3,1.5825438104636214
3,230,4,12.834396842965651
3,230,5,47.93360798448617
3,230,6,1.0148724675746852
3,231,0,0.7881150475116676
3,231,1,0.08567965489543877
3,231,2,0.12620529759289353
3,231,3,1.5926119473292903
3,231,4,12.723799785375284
3,231,5,48.01519576843651
3,231,6,1.0146324274231788
3,232,0,0.7870888131797223
3,232,1,0.08561094542924642
3,232,2,0.1273002413910312
3,232,3,1.6032546250527833
3,232,4,12.517213967858165
3,232,5,48.09562438837213
3,232,6,1.0142801060574205
3,233,0,0.7868029153963678
3,233,1,0.0862083620720224
3,233,2,0.12698872253160978
3,233,3,1.6127940139768673
3,233,4,12.784933550809507
3,233,5,48.179453352856896
3,233,6,1.0149965827807075
3,234,0,0.7861849867339629
3,234,1,0.08656223922632246
3,234,2,0.1272527740397147
3,234,3,1.622776089453672
3,234,4,12.785959394839011
3,234,5,48.25016451422415
3,234,6,1.015235214506777
3,235,0,0.7861300780451245
3,235,1,0.08612789635440789
3,235,2,0.12774202560046768
3,235,3,1.6349706910743564
3,235,4,12.52094235558745
3,235,5,48.28489986217099
3,235,6,1.0142441511297942
3,236,0,0.7864550377616029
3,236,1,0.08650872095382031
3,236,2,0.1270362412845769
3,236,3,1.6472615234913301
3,236,4,12.873689217769922
3,236,5,48.32734165959439
3,236,6,1.0149819630122505
3,237,0,0.7854872662696656
3,237,1,0.08651609706014124
3,237,2,0.12799663667019323
3,237,3,1.6578327605324819
3,237,4,12.615457132176063
3,237,5,48.41104338494877
3,237,6,1.0143028704588388
3,238,0,0.7856059181899993
3,238,1,0.08677901083245237
3,238,2,0.12761507097754834
3,238,3,1.6692987550320117
3,238,4,12.976148322163215
3,238,5,48.466824083746204
3,238,6,1.0155002747307262
3,239,0,0.7851057078214145
3,239,1,0.086524881239886
3,239,2,0.1283694109386995
3,239,3,1.6796947254775074
3,239,4,12.851237333208385
3,239,5,48.52502431769192
3,239,6,1.0153738700294386
3,240,0,0.7842210833009744
3,240,1,0.08679791213842113
3,240,2,0.12898100456060452
3,240,3,1.6903721143281893
3,240,4,12.635611326589038
3,240,5,48.598786514396764
3,240,6,1.0147241200361237
3,241,0,0.784994439687174
3,241,1,0.08741106634387241
3,241,2,0.12759449396895362
3,241,3,1.7028923153664128
3,241,4,13.223212272898783
3,241,5,48.67458797768885
3,241,6,1.015786092545138
3,242,0,0.78393064074976
3,242,1,0.08733556157870899
3,242,2,0.12873379767153098
3,242,3,1.7130609389740155
3,242,4,12.901551862729729
3,242,5,48.767172909461266
3,242,6,1.0154833719795322
3,243,0,0.7828747946138688
3,243,1,0.08729854422655278
3,243,2,0.12982666115957847
3,243,3,1.7253807898182183
3,243,4,12.689917187078045
3,243,5,48.80834357014221
3,243,6,1.0146209335998586
3,244,0,0.7832924146324778
3,244,1,0.08813301397088684
3,244,2,0.1285745713966354
3,244,3,1.7347273353394348
3,244,4,13.293766400144058
3,244,5,48.86893270225592
3,244,6,1.0161381214674605
3,245,0,0.7824482895046738
3,245,1,0.0877211144053722
3,245,2,0.129830596089954
3,245,3,1.7461008206159616
3,245,4,12.923723628452848
3,245,5,48.935754081018814
3,245,6,1.015203268770347
3,246,0,0.781525401666167
3,246,1,0.08738651191454486
3,246,2,0.13108808641928818
3,246,3,1.7583350399246538
3,246,4,12.689626770427434
3,246,5,48.972698692402126
3,246,6,1.0148979573615498
3,247,0,0.7821609211144595
3,247,1,0.08820542087796555
3,247,2,0.12963365800757506
3,247,3,1.7697920465261028
3,247,4,13.355429843354047
3,247,5,49.02395068901653
3,247,6,1.016395189709875
3,248,0,0.7819474888043884
3,248,1,0.0880343754469888
3,248,2,0.13001813574862287
3,248,3,1.7803913407287122
3,248,4,13.380954157247974
3,248,5,49.10060661398256
3,248,6,1.0165725171803726
3,249,0,0.7813392659236615
3,249,1,0.08788307062214928
3,249,2,0.13077766345418923
3,249,3,1.7923847005179918
3,249,4,13.157680925758386
3,249,5,49.1563721458938
3,249,6,1.0158990456729082
3,250,0,0.7803576551036697
3,250,1,0.08789538902111635
3,250,2,0.1317469558752139
3,250,3,1.8026520306187304
3,250,4,13.05611864217548
3,250,5,49.19686566779467
3,250,6,1.0158922528701781
3,251,0,0.7808003139436898
3,251,1,0.08825211454875267
3,251,2,0.1309475715075576
3,251,3,1.8150785164876972
3,251,4,13.445929944852704
3,251,5,49.23738721515197
3,251,6,1.0168075276077084
3,252,0,0.779989462337933
3,252,1,0.08804872189162227
3,252,2,0.13196181577044466
3,252,3,1.8256602237604724
3,252,4,13.139062097235769
3,252,5,49.296978459194335
3,252,6,1.0161930130762942
3,253,0,0.7809039520066325
3,253,1,0.08852964033382804
3,253,2,0.13056640765953945
3,253,3,1.8373851738551537
3,253,4,13.496217197576508
3,253,5,49.34933514751146
3,253,6,1.0168649987363723
3,254,0,0.78038063944653
3,254,1,0.08902495902885663
3,254,2,0.1305944015246134
3,254,3,1.8482712593452013
3,254,4,13.551499831818994
3,254,5,49.425967402163444
3,254,6,1.0168828688210443
3,255,0,0.7792156321919794
3,255,1,0.08858912115522048
3,255,2,0.13219524665280005
3,255,3,1.8617474725282277
3,255,4,13.163649710054976
3,255,5,49.490045650604316
3,255,6,1.0155822462746174
3,256,0,0.7792135827157693
3,256,1,0.08868278151249667
3,256,2,0.13210363577173398
3,256,3,1.8722989181754137
3,256,4,13.298558220662986
3,256,5,49.55597431991604
3,256,6,1.0161068973791494
3,257,0,0.7792067335150565
3,257,1,0.08926997969997719
3,257,2,0.13152328678496625
3,257,3,1.8839316638131187
3,257,4,13.601763757725326
3,257,5,49.63617496096479
3,257,6,1.016531615543065
3,258,0,0.7783188785326438
3,258,1,0.08922860794871229
3,258,2,0.1324525135186439
3,258,3,1.8939337583637488
3,258,4,13.286312618923665
3,258,5,49.706735552929956
3,258,6,1.016237341220927
3,259,0,0.7776245908171084
3,259,1,0.0894423936347637
3,259,2,0.1329330155481279
3,259,3,1.905830068484023
3,259,4,13.247347235685956
3,259,5,49.756383850870876
3,259,6,1.0161930764215565
3,260,0,0.7775552500030756
3,260,1,0.08921171233413296
3,260,2,0.13323303766279154
3,260,3,1.9176580954488214
3,260,4,13.29460288003073
3,260,5,49.83700051730173
3,260,6,1.016202735262746
3,261,0,0.7779886897246142
3,261,1,0.08988739306581259
3,261,2,0.1321239172095732
3,261,3,1.9294286518527595
3,261,4,13.750771915787467
3,261,5,49.89371908728866
3,261,6,1.0169738523338887
3,262,0,0.7771660381943939
3,262,1,0.08957039371245837
3,262,2,0.13326356809314777
3,262,3,1.941274364499379
3,262,4,13.447434725167474
3,262,5,49.96141814387587
3,262,6,1.0165383069757932
3,263,0,0.7776130487975133
3,263,1,0.08977940915479578
3,263,2,0.13260754204769098
3,263,3,1.953255134312219
3,263,4,13.75878403974217
3,263,5,50.03153856006999
3,263,6,1.0173981228921916
3,264,0,0.7761647889867175
3,264,1,0.09011114283389395
3,264,2,0.13372406817938856
3,264,3,1.9654678638976377
3,264,4,13.401569835348262
3,264,5,50.09270309238219
3,264,6,1.0162699812026543
3,265,0,0.7767918057959413
3,265,1,0.09009095213217946
3,265,2,0.13311724207187922
3,265,3,1.97650980751791
3,265,4,13.816247763301252
3,265,5,50.15021940984066
3,265,6,1.0175410874480868
3,266,0,0.7767065405346547
3,266,1,0.09053656104711535
3,266,2,0.13275689841822985
3,266,3,1.988201365151101
3,266,4,13.833666452136494
3,266,5,50.21614570949002
3,266,6,1.0173540856608492
3,267,0,0.7762078551866235
3,267,1,0.09055818544869579
3,267,2,0.13323395936468072
3,267,3,1.9942683067567264
3,267,4,13.847675551580776
3,267,5,50.25901795719614
3,267,6,1.0174538288277484
3,268,0,0.774953293112888
3,268,1,0.0900895129855578
3,268,2,0.13495719390155414
3,268,3,2.005780773784233
3,268,4,13.436476369243685
3,268,5,50.32583236705728
3,268,6,1.0167342309063603
3,269,0,0.7752689146410329
3,269,1,0.09036187720664943
3,269,2,0.13436920815231768
3,269,3,2.0174083951746566
3,269,4,13.84136937673407
3,269,5,50.370169801120085
3,269,6,1.0175664764935037
3,270,0,0.7734391205631553
3,270,1,0.09029150069807015
3,270,2,0.13626937873877454
3,270,3,2.0290428694638925
3,270,4,13.138559553544564
3,270,5,50.4099106702447
3,270,6,1.0160170907690529
3,271,0,0.7736625380717107
3,271,1,0.09090060390227045
3,271,2,0.13543685802601885
3,271,3,2.0470673998660223
3,271,4,13.509557038262464
3,271,5,50.4661578417564
3,271,6,1.0168449901460523
3,272,0,0.7741575612049292
3,272,1,0.09112261207641448
3,272,2,0.1347198267186564
3,272,3,2.0611456337148786
3,272,4,13.882792645771541
3,272,5,50.51240438799283
3,272,6,1.017404411463084
3,273,0,0.7740364088798319
3,273,1,0.09115779509270738
3,273,2,0.13480579602746057
3,273,3,2.070730394778093
3,273,4,13.94706816136182
3,273,5,50.567974613929344
3,273,6,1.017712304259903
3,274,0,0.772779440354683
3,274,1,0.09121590565441198
3,274,2,0.1360046539909049
3,274,3,2.084501605146245
3,274,4,13.570628417918517
3,274,5,50.60782744066734
3,274,6,1.016756162273473
3,275,0,0.7736582799221151
3,275,1,0.09132029922678843
3,275,2,0.1350214208510965
3,275,3,2.095463004207694
3,275,4,14.032525133433836
3,275,5,50.65006910285702
3,275,6,1.0177359869536704
3,276,0,0.7723349887881381
3,276,1,0.09140867726365683
3,276,2,0.13625633394820505
3,276,3,2.1078815647978377
3,276,4,13.601667844759016
3,276,5,50.69788050561793
3,276,6,1.0166725582415443
3,277,0,0.7730551560620482
3,277,1,0.09140894369534353
3,277,2,0.1355359002426083
3,277,3,2.121086914066959
3,277,4,14.04923737736642
3,277,5,50.75621726271119
3,277,6,1.01761473150848
3,278,0,0.7725163727705137
3,278,1,0.09132219385130966
3,278,2,0.1361614333781767
3,278,3,2.1324535812681678
3,278,4,13.828696701870902
3,278,5,50.830598339327324
3,278,6,1.0172913038524498
3,279,0,0.7719777249094157
3,279,1,0.09157575368393685
3,279,2,0.1364465214066475
3,279,3,2.143646645779194
3,279,4,13.871641622957032
3,279,5,50.89696754901868
3,279,6,1.0171912012681987
3,280,0,0.7712290394284994
3,280,1,0.09175273833306438
3,280,2,0.13701822223843618
3,280,3,2.157241036338887
3,280,4,13.771864433119298
3,280,5,50.95329943672991
3,280,6,1.0170351027480862
3,281,0,0.7712341667219407
3,281,1,0.0916176728326263
3,281,2,0.1371481604454331
3,281,3,2.1722978754106723
3,281,4,13.703381381196143
3,281,5,50.98580329005915
3,281,6,1.0167260779845602
3,282,0,0.7716494646064479
3,282,1,0.09210385825250991
3,282,2,0.1362466771410422
3,282,3,2.1841713411075694
3,282,4,14.161591900318253
3,282,5,51.041648730181805
3,282,6,1.0178314302601283
3,283,0,0.7708793710551787
3,283,1,0.09242449664446448
3,283,2,0.13669613230035688
3,283,3,2.194912949507488
3,283,4,13.890738905836042
3,283,5,51.11818313680045
3,283,6,1.017166297952336
3,284,0,0.7701309714197655
3,284,1,0.09254071090881469
3,284,2,0.1373283176714198
3,284,3,2.2068582556210745
3,284,4,13.827024592145273
3,284,5,51.16016988981674
3,284,6,1.0167334682545142
3,285,0,0.7711231571484114
3,285,1,0.09264980199766756
3,285,2,0.13622704085392096
3,285,3,2.2207358165322653
3,285,4,14.3115138637326
3,285,5,51.209114102070146
3,285,6,1.0177454521299854
3,286,0,0.7706275127700526
3,286,1,0.09262004952872432
3,286,2,0.13675243770122308
3,286,3,2.232421486099236
3,286,4,14.266680384739264
3,286,5,51.277023272853796
3,286,6,1.0178864746506018
3,287,0,0.7694028198481011
3,287,1,0.09274650374407432
3,287,2,0.1378506764078247
3,287,3,2.243789257841133
3,287,4,13.868334506435849
3,287,5,51.35365218100873
3,287,6,1.0168519253634098
3,288,0,0.7682532219691613
3,288,1,0.09282155040443227
3,288,2,0.1389252276264063
3,288,3,2.257669656895131
3,288,4,13.531716945484341
3,288,5,51.41244917869628
3,288,6,1.0160802613261026
3,289,0,0.7687339398186539
3,289,1,0.09293922683013671
3,289,2,0.13832683335120938
3,289,3,2.2701050096520152
3,289,4,13.987264584488518
3,289,5,51.46821384647981
3,289,6,1.016890688124945
3,290,0,0.7694597449433962
3,290,1,0.093114187197048
3,290,2,0.13742606785955574
3,290,3,2.2821961001490054
3,290,4,14.329305114477137
3,290,5,51.5171224275727
3,290,6,1.0181069974335815
3,291,0,0.7694637371945245
3,291,1,0.09321719838788484
3,291,2,0.1373190644175907
3,291,3,2.294762138809547
3,291,4,14.39708924424411
3,291,5,51.56891954080755
3,291,6,1.0181786566721074
3,292,0,0.7691272999173044
3,292,1,0.0934691330799567
3,292,2,0.13740356700273876
3,292,3,2.307497069215534
3,292,4,14.427269474443616
3,292,5,51.61713732433562
3,292,6,1.018178655441513
3,293,0,0.7690374935925306
3,293,1,0.09351049063060951
3,293,2,0.13745201577685986
3,293,3,2.3144757706610273
3,293,4,14.490065691378938
3,293,5,51.64155522916076
3,293,6,1.0181852649030207
3,294,0,0.768825516283201
3,294,1,0.09368670433150814
3,294,2,0.13748777938529086
3,294,3,2.325197786341457
3,294,4,14.481378725041566
3,294,5,51.684225546501835
3,294,6,1.0185888241914507
3,295,0,0.7677137559022089
3,295,1,0.09371846833445938
3,295,2,0.13856777576333174
3,295,3,2.3386560888808905
3,295,4,14.131220808993188
3,295,5,51.74941669520379
3,295,6,1.0174828143334242
3,296,0,0.7682756686254048
3,296,1,0.09381788067907847
3,296,2,0.13790645069551677
3,296,3,2.3501744432243967
3,296,4,14.5107567807554
3,296,5,51.78056009627619
3,296,6,1.0186176144028694
3,297,0,0.7676604349854803
3,297,1,0.09379818555429324
3,297,2,0.1385413794602264
3,297,3,2.3664444852987474
3,297,4,14.210769071296028
3,297,5,51.84165806312947
3,297,6,1.0170621677474248
3,298,0,0.7679438004804287
3,298,1,0.0944397895533387
3,298,2,0.13761640996623264
3,298,3,2.377448267364917
3,298,4,14.631242615981392
3,298,5,51.89226256754952
3,298,6,1.0182236437822725
3,299,0,0.7679163762170658
3,299,1,0.09415591273472869
3,299,2,0.1379277110482055
3,299,3,2.3947938103606567
3,299,4,14.639667023017077
3,299,5,51.96933476635294
3,299,6,1.0188874453351886
3,300,0,0.76639341017125
3,300,1,0.09459248552000331
3,300,2,0.13901410430874667
3,300,3,2.4113224254252783
3,300,4,14.30604515643293
3,300,5,52.02293659484957
3,300,6,1.0173010281225372
3,301,0,0.766242282861581
3,301,1,0.09427310430755739
3,301,2,0.1394846128308616
3,301,3,2.4242759384623076
3,301,4,14.238988402561503
3,301,5,52.0815110950712
3,301,6,1.0173805072848592
3,302,0,0.7670073500898972
3,302,1,0.09469052244094736
3,302,2,0.13830212746915546
3,302,3,2.43732489328425
3,302,4,14.71761079128584
3,302,5,52.12284543078598
3,302,6,1.0182895655043012
3,303,0,0.7661761468413459
3,303,1,0.09467081528035759
3,303,2,0.13915303787829653
3,303,3,2.448988767609599
3,303,4,14.356855639097963
3,303,5,52.187276315098416
3,303,6,1.0175663094899075
3,304,0,0.7657205505912574
3,304,1,0.09451082396100513
3,304,2,0.13976862544773738
3,304,3,2.4641869470641398
3,304,4,14.393713097091565
3,304,5,52.24996880665005
3,304,6,1.0172907603221164
3,305,0,0.7651032821379411
3,305,1,0.09475545184947953
3,305,2,0.14014126601257934
3,305,3,2.477773272168295
3,305,4,14.302304205052257
3,305,5,52.30379447875417
3,305,6,1.0172469866331533
3,306,0,0.7651778643349767
3,306,1,0.09489748241624019
3,306,2,0.13992465324878312
3,306,3,2.4904147616406025
3,306,4,14.345499189118591
3,306,5,52.35590594673819
3,306,6,1.017201301065193
3,307,0,0.7655829906924285
3,307,1,0.09531101894980627
3,307,2,0.13910599035776514
3,307,3,2.5017106000846967
3,307,4,14.829106788618173
3,307,5,52.40372529314483
3,307,6,1.018303569901648
3,308,0,0.7656723536043443
3,308,1,0.09530780397912089
3,308,2,0.1390198424165348
3,308,3,2.516103133003877
3,308,4,14.891883284277267
3,308,5,52.456806096235496
3,308,6,1.0182586154831013
3,309,0,0.7651382767433392
3,309,1,0.09541072460469806
3,309,2,0.13945099865196275
3,309,3,2.5309360894777595
3,309,4,14.87655223455835
3,309,5,52.50207665369808
3,309,6,1.0178265869554464
3,310,0,0.7650362584502604
3,310,1,0.09515315081207035
3,310,2,0.13981059073766922
3,310,3,2.541726177754359
3,310,4,14.852065643294509
3,310,5,52.537851833719145
3,310,6,1.0185503249386825
3,311,0,0.7640134345545806
3,311,1,0.09544088331969017
3,311,2,0.1405456821257292
3,311,3,2.555626577159032
3,311,4,14.475722158389871
3,311,5,52.57602348073945
3,311,6,1.01714730239053
3,312,0,0.7649672754901615
3,312,1,0.09546973612189473
3,312,2,0.13956298838794384
3,312,3,2.568516590247355
3,312,4,14.965190216627834
3,312,5,52.61648253335471
3,312,6,1.0183325719125054
3,313,0,0.7635136128325841
3,313,1,0.09545249770650607
3,313,2,0.14103388946090978
3,313,3,2.5810576507000076
3,313,4,14.455629695062587
3,313,5,52.67990380260578
3,313,6,1.017192160054222
3,314,0,0.7648286493937431
3,314,1,0.09544427825432841
3,314,2,0.1397270723519284
3,314,3,2.5952211916089074
3,314,4,15.007174299803934
3,314,5,52.707918021876154
3,314,6,1.0183073181211635
3,315,0,0.7643844922714182
3,315,1,0.0958224657534284
3,315,2,0.13979304197515346
3,315,3,2.610903136387763
3,315,4,15.03040263920992
3,315,5,52.74009106168647
3,315,6,1.017985657664856
3,316,0,0.7639464725763382
3,316,1,0.09632901950679865
3,316,2,0.1397245079168632
3,316,3,2.6222593210407004
3,316,4,15.085416349727613
3,316,5,52.77025780425236
3,316,6,1.0184167846184837
3,317,0,0.7637815261475304
3,317,1,0.09629194645431546
3,317,2,0.1399265273981542
3,317,3,2.6353255653873386
3,317,4,15.061248709765119
3,317,5,52.80870211781551
3,317,6,1.0185231809166422
3,318,0,0.763811098701893
3,318,1,0.09639645820298359
3,318,2,0.13979244309512343
3,318,3,2.64407274349377
3,318,4,15.106326589035207
3,318,5,52.83095968328235
3,318,6,1.0183968733689195
3,319,0,0.763282017928931
3,319,1,0.09651847866850366
3,319,2,0.14019950340256526
3,319,3,2.6567424579162537
3,319,4,15.111912996445763
3,319,5,52.872150859198086
3,319,6,1.0179784305193127
3,320,0,0.7633164482498108
3,320,1,0.09661170400097928
3,320,2,0.14007184774920994
3,320,3,2.668929035791068
3,320,4,15.139575480184355
3,320,5,52.91246428120631
3,320,6,1.0181784553236224
3,321,0,0.7630091058938678
3,321,1,0.09681003309728417
3,321,2,0.14018086100884802
3,321,3,2.683979596960764
3,321,4,15.163868396794408
3,321,5,52.95870252505398
3,321,6,1.0181270030371379
3,322,0,0.7612994250751697
3,322,1,0.09698685364700915
3,322,2,0.14171372127782128
3,322,3,2.6980413739318063
3,322,4,14.648578184474754
3,322,5,53.016802151574225
3,322,6,1.01673704251187
3,323,0,0.7613846039542272
3,323,1,0.09704993212139262
3,323,2,0.14156546392438007
3,323,3,2.7110138527804546
3,323,4,14.70279444223296
3,323,5,53.06379019020129
3,323,6,1.0169961553000737
3,324,0,0.7627920030618522
3,324,1,0.09692666339412473
3,324,2,0.140281333544023
3,324,3,2.7260337959451633
3,324,4,15.342405958858778
3,324,5,53.09091436971569
3,324,6,1.0183272949734778
3,325,0,0.7627050177617674
3,325,1,0.09721325058867075
3,325,2,0.14008173164956184
3,325,3,2.7372164592362282
3,325,4,15.322994438029262
3,325,5,53.12768550634796
3,325,6,1.0182823776719148
3,326,0,0.7597437296040849
3,326,1,0.09697693344898423
3,326,2,0.1432793369469309
3,326,3,2.7511264944851357
3,326,4,14.335307357734372
3,326,5,53.18990341442009
3,326,6,1.0162903640798209
3,327,0,0.7621340834198771
3,327,1,0.09742515033680775
3,327,2,0.14044076624331525
3,327,3,2.7666424438140957
3,327,4,15.359279492734148
3,327,5,53.20191920769511
3,327,6,1.018154775503121
3,328,0,0.7610805522937683
3,328,1,0.09734823257586303
3,328,2,0.14157121513036863
3,328,3,2.787391934862634
3,328,4,14.981641237778273
3,328,5,53.26521147073303
3,328,6,1.0171514203912861
3,329,0,0.7603188541779513
3,329,1,0.09771567003998569
3,329,2,0.14196547578206298
3,329,3,2.8004392473334763
3,329,4,14.863789348990359
3,329,5,53.31374392109779
3,329,6,1.0170265840022708
3,330,0,0.759246575574519
3,330,1,0.09777237529603922
3,330,2,0.14298104912944168
3,330,3,2.8157272791737573
3,330,4,14.465463104782145
3,330,5,53.38379931194589
3,330,6,1.015797947548537
3,331,0,0.761366395196184
3,331,1,0.09792397936478714
3,331,2,0.14070962543902873
3,331,3,2.8276927280349806
3,331,4,15.483498799688128
3,331,5,53.40757666587381
3,331,6,1.0181733085210474
3,332,0,0.7599095650636588
3,332,1,0.09816349768325854
3,332,2,0.1419269372530827
3,332,3,2.843833067339154
3,332,4,15.032662573459461
3,332,5,53.47572967141301
3,332,6,1.0169743805729472
3,333,0,0.7607967708996286
3,333,1,0.09828372699026103
3,333,2,0.1409195021101104
3,333,3,2.8561831020600295
3,333,4,15.503537393454238
3,333,5,53.50623286907711
3,333,6,1.0179961646852451
3,334,0,0.7609054337035757
3,334,1,0.09822460158779558
3,334,2,0.1408699647086288
3,334,3,2.8699905934235836
3,334,4,15.501747280997842
3,334,5,53.53243706260367
3,334,6,1.017875575550323
3,335,0,0.7606472237236552
3,335,1,0.09843456778051028
3,335,2,0.14091820849583445
3,335,3,2.8845383186256086
3,335,4,15.555774948738208
3,335,5,53.57782830755255
3,335,6,1.0178048051958508
3,336,0,0.7604809444873637
3,336,1,0.098588664279568
3,336,2,0.14093039123306828
3,336,3,2.8962754802849053
3,336,4,15.54924543856513
3,336,5,53.60500161772648
3,336,6,1.0180647343335434
3,337,0,0.7606130879898454
3,337,1,0.09865062276709954
3,337,2,0.1407362892430551
3,337,3,2.913552442029663
3,337,4,15.646680712015955
3,337,5,53.63549136277118
3,337,6,1.018057859764892
3,338,0,0.7586984391002635
3,338,1,0.09915262741768409
3,338,2,0.1421489334820525
3,338,3,2.9246605803004733
3,338,4,15.12529887091404
3,338,5,53.680524738853066
3,338,6,1.017081773575458
3,339,0,0.7584311874967002
3,339,1,0.09929217948699062
3,339,2,0.14227663301630916
3,339,3,2.9385305985716528
3,339,4,15.141664649659518
3,339,5,53.7269864119846
3,339,6,1.0170565536584835
3,340,0,0.7601673260735108
3,340,1,0.09923457498093564
3,340,2,0.14059809894555358
3,340,3,2.9546792212174804
3,340,4,15.779992893192354
3,340,5,53.75426695725975
3,340,6,1.018244954486469
3,341,0,0.7600754791569616
3,341,1,0.09912385262747374
3,341,2,0.14080066821556464
3,341,3,2.9700851997574063
3,341,4,15.787439221410192
3,341,5,53.78535139953736
3,341,6,1.0180600862577
3,342,0,0.7596585631260625
3,342,1,0.0992779830303821
3,342,2,0.14106345384355545
3,342,3,2.982718814181271
3,342,4,15.787311474903895
3,342,5,53.81346625501685
3,342,6,1.018115499852182
3,343,0,0.7577828561529614
3,343,1,0.09941802605503211
3,343,2,0.14279911779200655
3,343,3,2.9960055278998787
3,343,4,15.245433576653532
3,343,5,53.86050128351093
3,343,6,1.0172193654223318
3,344,0,0.7594147785238882
3,344,1,0.09905937266254733
3,344,2,0.14152584881356445
3,344,3,3.0042951280758965
3,344,4,15.813730235996887
3,344,5,53.871563217748545
3,344,6,1.01827280870961
3,345,0,0.7596206854426175
3,345,1,0.09897438580110827
3,345,2,0.1414049287562743
3,345,3,3.017975322167687
3,345,4,15.834016816350587
3,345,5,53.88781265834591
3,345,6,1.0184203369178775
3,346,0,0.7593036672068666
3,346,1,0.09959522855369655
3,346,2,0.14110110423943678
3,346,3,3.0335401864756966
3,346,4,15.887955879786318
3,346,5,53.91913856811247
3,346,6,1.0180556711536477
3,347,0,0.7573974729261335
3,347,1,0.10000834987084237
3,347,2,0.1425941772030242
3,347,3,3.0473842939383067
3,347,4,15.330625809387751
3,347,5,53.96779700694284
3,347,6,1.0169576288038302
3,348,0,0.7594014915883343
3,348,1,0.09974300742407485
3,348,2,0.14085550098759095
3,348,3,3.0621241574806444
3,348,4,15.981262484989019
3,348,5,53.98175499051534
3,348,6,1.0181518398380192
3,349,0,0.7593462406434653
3,349,1,0.09997509410069248
3,349,2,0.1406786652558421
3,349,3,3.0795859849183316
3,349,4,16.057646519514563
3,349,5,54.00815939666458
3,349,6,1.0178651908136382
3,350,0,0.7587364529471471
3,350,1,0.09999207037014429
3,350,2,0.14127147668270865
3,350,3,3.0893985145418985
3,350,4,16.019264247506428
3,350,5,54.04974142447517
3,350,6,1.0182228467586594
3,351,0,0.7568528010104305
3,351,1,0.10058132102916038
3,351,2,0.1425658779604091
3,351,3,3.1040119563192463
3,351,4,15.459069322360454
3,351,5,54.11623885691833
3,351,6,1.0169811399142406
3,352,0,0.7587135344647163
3,352,1,0.09991855379939632
3,352,2,0.14136791173588734
3,352,3,3.121263688679191
3,352,4,16.081082621520245
3,352,5,54.1301773954707
3,352,6,1.0180650044519222
3,353,0,0.7568714003340352
3,353,1,0.10082153366674797
3,353,2,0.14230706599921678
3,353,3,3.1355233908174287
3,353,4,15.65914645799223
3,353,5,54.16439177056691
3,353,6,1.0168404226401966
3,354,0,0.7586295764881644
3,354,1,0.10034666788421034
3,354,2,0.14102375562762526
3,354,3,3.147678299812461
3,354,4,16.16656941025479
3,354,5,54.17306376159946
3,354,6,1.0185336435888215
3,355,0,0.7563590017393196
3,355,1,0.10081881168982126
3,355,2,0.14282218657085927
3,355,3,3.1638949295829812
3,355,4,15.529583640264889
3,355,5,54.22017688525484
3,355,6,1.0167041763599503
3,356,0,0.7581350611855251
3,356,1,0.10052246475221856
3,356,2,0.14134247406225645
3,356,3,3.184954226904802
3,356,4,16.190976472782566
3,356,5,54.244461396667816
3,356,6,1.0182636121605193
3,357,0,0.7564933790763808
3,357,1,0.10111296676813072
3,357,2,0.14239365415548844
3,357,3,3.2018932006113423
3,357,4,15.694330826888843
3,357,5,54.289779361873315
3,357,6,1.0164788556712587
3,358,0,0.756266548032203
3,358,1,0.10135708540307307
3,358,2,0.14237636656472394
3,358,3,3.2165846056530016
3,358,4,15.687265011420777
3,358,5,54.32561562258374
3,358,6,1.016635207240197
3,359,0,0.7577852765558436
3,359,1,0.10098695967287033
3,359,2,0.1412277637712861
3,359,3,3.2292661636579902
3,359,4,16.279474800970952
3,359,5,54.33577482875408
3,359,6,1.0179712677789499
3,360,0,0.7578040178304712
3,360,1,0.1012750509883038
3,360,2,0.14092093118122495
3,360,3,3.245172081159282
3,360,4,16.34676844268348
3,360,5,54.36020687886271
3,360,6,1.017837750034703
3,361,0,0.7561140211223374
3,361,1,0.10109520831330537
3,361,2,0.14279077056435718
3,361,3,3.2614483071298075
3,361,4,15.785090894070397
3,361,5,54.41015494851318
3,361,6,1.0165706197725566
3,362,0,0.7556037651031342
3,362,1,0.10150659758695946
3,362,2,0.14288963730990634
3,362,3,3.273974450811478
3,362,4,15.70177853415823
3,362,5,54.44451996300643
3,362,6,1.0167672090358586
3,363,0,0.757420175964734
3,363,1,0.10112883635187905
3,363,2,0.14145098768338693
3,363,3,3.290133302265092
3,363,4,16.356538365039317
3,363,5,54.45248646467891
3,363,6,1.017815449174206
3,364,0,0.7572216043682658
3,364,1,0.10141807695211827
3,364,2,0.14136031867961596
3,364,3,3.3039967988771357
3,364,4,16.368046218199453
3,364,5,54.47390824373398
3,364,6,1.017843971162284
3,365,0,0.7552171389651092
3,365,1,0.10199406728558033
3,365,2,0.1427887937493105
3,365,3,3.316923516334497
3,365,4,15.837417697745538
3,365,5,54.51236457718297
3,365,6,1.0167124538422252
3,366,0,0.7550934461742231
3,366,1,0.10220346082437395
3,366,2,0.14270309300140288
3,366,3,3.332209446856876
3,366,4,15.821788767606776
3,366,5,54.54007577954008
3,366,6,1.0168887620252383
3,367,0,0.75704609503803
3,367,1,0.10159329325667611
3,367,2,0.14136061170529385
3,367,3,3.348833909789028
3,367,4,16.43181656025496
3,367,5,54.55594111372676
3,367,6,1.017901761845951
3,368,0,0.7567257678445909
3,368,1,0.10152866656778486
3,368,2,0.14174556558762416
3,368,3,3.363170622176483
3,368,4,16.455618206785456
3,368,5,54.5667513729512
3,368,6,1.0179687344294917
3,369,0,0.756722413186534
3,369,1,0.10166735306030794
3,369,2,0.14161023375315807
3,369,3,3.371053502535247
3,369,4,16.480809836088632
3,369,5,54.57214001472677
3,369,6,1.0180023370145133
3,370,0,0.7568319568684674
3,370,1,0.10199583316427803
3,370,2,0.1411722099672546
3,370,3,3.3862890341698204
3,370,4,16.545340384532867
3,370,5,54.58129667130838
3,370,6,1.018138403718198
3,371,0,0.756767297830305
3,371,1,0.10244903754826329
3,371,2,0.14078366462143166
3,371,3,3.4009027200188617
3,371,4,16.589082123835052
3,371,5,54.5900459136228
3,371,6,1.018189095371484
3,372,0,0.756551919823741
3,372,1,0.10251176737151513
3,372,2,0.14093631280474378
3,372,3,3.4174095842452727
3,372,4,16.621009347326623
3,372,5,54.60656572394291
3,372,6,1.0177578322798206
3,373,0,0.7564784880238651
3,373,1,0.1022338635246277
3,373,2,0.14128764845150726
3,373,3,3.4348327422081346
3,373,4,16.612841893268627
3,373,5,54.62331756888332
3,373,6,1.0174641166669613
3,374,0,0.7564313025587736
3,374,1,0.10235119961850841
3,374,2,0.14121749782271803
3,374,3,3.4419577422018808
3,374,4,16.62761535167391
3,374,5,54.62851544769275
3,374,6,1.0183397379036427
3,375,0,0.7563564256940005
3,375,1,0.10226469799828126
3,375,2,0.1413788763077183
3,375,3,3.4628496653602694
3,375,4,16.694114804606922
3,375,5,54.653661620466636
3,375,6,1.0178844211204947
3,376,0,0.756472349408333
3,376,1,0.10250984234245122
3,376,2,0.14101780824921575
3,376,3,3.477809148691317
3,376,4,16.724347863347038
3,376,5,54.68004608343744
3,376,6,1.0176745098014828
3,377,0,0.7537307252374987
3,377,1,0.10337752682110868
3,377,2,0.14289174794139264
3,377,3,3.489790866818752
3,377,4,16.0516831021937
3,377,5,54.72608409052502
3,377,6,1.0164975119264834
3,378,0,0.755974838910598
3,378,1,0.10256663322911663
3,378,2,0.14145852786028548
3,378,3,3.5077816117464904
3,378,4,16.766421409501614
3,378,5,54.74158856589858
3,378,6,1.0178168355725479
3,379,0,0.7555164773487635
3,379,1,0.10320032883694208
3,379,2,0.1412831938142945
3,379,3,3.5226177939056544
3,379,4,16.79142194563604
3,379,5,54.749661526861956
3,379,6,1.0178405862234654
3,380,0,0.7533342671912717
3,380,1,0.10348741532197375
3,380,2,0.14317831748675452
3,380,3,3.538835440967185
3,380,4,16.090632564873232
3,380,5,54.78811204683363
3,380,6,1.0162598622924903
3,381,0,0.7555244167745341
3,381,1,0.10295203771489048
3,381,2,0.14152354551057544
3,381,3,3.552522688093714
3,381,4,16.78933331027079
3,381,5,54.803011092185116
3,381,6,1.0177840583358813
3,382,0,0.7512253800373327
3,382,1,0.1042635292743054
3,382,2,0.14451109068836177
3,382,3,3.5680231643867963
3,382,4,15.57326439751598
3,382,5,54.86528589714943
3,382,6,1.0153851117729422
3,383,0,0.7552274649866506
3,383,1,0.10338233584731046
3,383,2,0.1413901991660389
3,383,3,3.586043742652611
3,383,4,16.882332017078838
3,383,5,54.85686489528923
3,383,6,1.0174541999675486
3,384,0,0.7552230728751912
3,384,1,0.10360472356432243
3,384,2,0.14117220356048632
3,384,3,3.601709905491466
3,384,4,16.933614150274416
3,384,5,54.84524211510801
3,384,6,1.0173748339037187
3,385,0,0.7526822533420952
3,385,1,0.10430084002388873
3,385,2,0.14301690663401612
3,385,3,3.623045921369126
3,385,4,16.224451788047507
3,385,5,54.87438586406203
3,385,6,1.0162303876877625
3,386,0,0.7525191372498978
3,386,1,0.10422727035370546
3,386,2,0.14325359239639673
3,386,3,3.6393075520236
3,386,4,16.220838700050404
3,386,5,54.89303336503832
3,386,6,1.0161383948453322
3,387,0,0.7551033201285722
3,387,1,0.10377219205358698
3,387,2,0.1411244878178408
3,387,3,3.653508405659408
3,387,4,17.01099777698939
3,387,5,54.874845691464486
3,387,6,1.0177234067067589
3,388,0,0.7552378100973199
3,388,1,0.10376393735577731
3,388,2,0.14099825254690274
3,388,3,3.6711033515633913
3,388,4,17.04111152323597
3,388,5,54.86417324041457
3,388,6,1.0176559580926245
3,389,0,0.7527456055360662
3,389,1,0.10466266087761673
3,389,2,0.14259173358631708
3,389,3,3.6851980869120444
3,389,4,16.33548745783581
3,389,5,54.88667608612581
3,389,6,1.0164407213768263
3,390,0,0.755467264114049
3,390,1,0.10340825844380512
3,390,2,0.14112447744214585
3,390,3,3.7043155108486205
3,390,4,17.074593115792627
3,390,5,54.87217169541862
3,390,6,1.017330590994947
3,391,0,0.7550554776898621
3,391,1,0.10381473122922283
3,391,2,0.1411297910809151
3,391,3,3.7175409071127263
3,391,4,17.067801292109827
3,391,5,54.86387825168441
3,391,6,1.017262343192368
3,392,0,0.752607345944426
3,392,1,0.1044048595182224
3,392,2,0.14298779453735155
3,392,3,3.732269517603731
3,392,4,16.3759281470768
3,392,5,54.88302838021792
3,392,6,1.0163093143732431
3,393,0,0.7521027464988927
3,393,1,0.10502293999476078
3,393,2,0.1428743135063464
3,393,3,3.747473275402793
3,393,4,16.389704416369295
3,393,5,54.8934063345352
3,393,6,1.0163240780152387
3,394,0,0.7543131333389693
3,394,1,0.10456055080471151
3,394,2,0.14112631585631913
3,394,3,3.760080102968317
3,394,4,17.10753115729134
3,394,5,54.87126181983437
3,394,6,1.017781039972738
3,395,0,0.7517389495552143
3,395,1,0.10520502044336202
3,395,2,0.1430560300014237
3,395,3,3.7708504772773077
3,395,4,16.35565982278039
3,395,5,54.88373561620028
3,395,6,1.0161037101310773
3,396,0,0.7521369163547391
3,396,1,0.10490545088636846
3,396,2,0.1429576327588924
3,396,3,3.788933792131189
3,396,4,16.450208201111778
3,396,5,54.889427794904144
3,396,6,1.015918945893229
3,397,0,0.754287101429115
3,397,1,0.10449077830140896
3,397,2,0.14122212026947603
3,397,3,3.801100037409526
3,397,4,17.141498366941455
3,397,5,54.86661987328509
3,397,6,1.0173267790607894
3,398,0,0.7543538966816707
3,398,1,0.10410773477555321
3,398,2,0.1415383685427761
3,398,3,3.8177922365946175
3,398,4,17.14633633743517
3,398,5,54.834519709121025
3,398,6,1.017469555528664
3,399,0,0.7520582122414817
3,399,1,0.10499395540933415
3,399,2,0.14294783234918412
3,399,3,3.8332302399921803
3,399,4,16.45427711892417
3,399,5,54.83708688846136
3,399,6,1.0160879003997922
3,400,0,0.7519394589381599
3,400,1,0.10517340918953927
3,400,2,0.1428871318723008
3,400,3,3.8471299662279708
3,400,4,16.45753169213926
3,400,5,54.84462543185456
3,400,6,1.016223760837752
3,401,0,0.7516608351426951
3,401,1,0.10528181626332402
3,401,2,0.14305734859398087
3,401,3,3.865320627291803
3,401,4,16.4589295132535
3,401,5,54.85510278599568
3,401,6,1.0159908528419472
3,402,0,0.7516092502390158
3,402,1,0.10545695534130722
3,402,2,0.14293379441967696
3,402,3,3.8864980224839774
3,402,4,16.550583511012363
3,402,5,54.86102553163878
3,402,6,1.01553112181933
3,403,0,0.7515254256780944
3,403,1,0.10548413388067697
3,403,2,0.14299044044122855
3,403,3,3.897042266550125
3,403,4,16.49957855198651
3,403,5,54.8572969130159
3,403,6,1.0158623179853135
3,404,0,0.7521152768182228
3,404,1,0.10542702374094172
3,404,2,0.14245769944083547
3,404,3,3.9134537795279396
3,404,4,16.694060300133927
3,404,5,54.84344131302814
3,404,6,1.016122145039665
3,405,0,0.7539937765994059
3,405,1,0.10503257050717815
3,405,2,0.14097365289341596
3,405,3,3.9320211652242385
3,405,4,17.358758744122788
3,405,5,54.80595631799682
3,405,6,1.0168664525939877
3,406,0,0.7511927414310114
3,406,1,0.10571281817974287
3,406,2,0.14309444038924568
3,406,3,3.9470526986373375
3,406,4,16.551256728362116
3,406,5,54.812113844007456
3,406,6,1.0156142114399467
3,407,0,0.7484625687238808
3,407,1,0.10677748442080567
3,407,2,0.14475994685531357
3,407,3,3.9621926361645654
3,407,4,15.949476631515953
3,407,5,54.8480598681971
3,407,6,1.0143397248203314
3,408,0,0.7509291590300697
3,408,1,0.10609015772888111
3,408,2,0.1429806832410491
3,408,3,3.9814829268444916
3,408,4,16.64184137779272
3,408,5,54.843505704953685
3,408,6,1.0153692820049636
3,409,0,0.7508345428187595
3,409,1,0.10624336042549837
3,409,2,0.14292209675574205
3,409,3,3.996723964291867
3,409,4,16.637005268173773
3,409,5,54.8519122519015
3,409,6,1.0152482986450608
3,410,0,0.748484745298817
3,410,1,0.10722750668066426
3,410,2,0.14428774802051864
3,410,3,4.008997632318302
3,410,4,16.05583527969049
3,410,5,54.89428214622994
3,410,6,1.0146485599050679
3,411,0,0.7537364125720877
3,411,1,0.10553814644603247
3,411,2,0.14072544098187983
3,411,3,4.026423000286757
3,411,4,17.463132566735847
3,411,5,54.85007112090722
3,411,6,1.0169501397234761
3,412,0,0.7509150865988155
3,412,1,0.10677151313705119
3,412,2,0.14231340026413342
3,412,3,4.0418982562202075
3,412,4,16.725213422313107
3,412,5,54.84149306282738
3,412,6,1.0157603174514314
3,413,0,0.7484519627449909
3,413,1,0.10760199208558602
3,413,2,0.143946045169423
3,413,3,4.069408455258002
3,413,4,16.081748090051512
3,413,5,54.8277274904636
3,413,6,1.014040594693628
3,414,0,0.7483029520393731
3,414,1,0.10783624989886506
3,414,2,0.14386079806176175
3,414,3,4.081875096253137
3,414,4,16.12198697822377
3,414,5,54.85791752964947
3,414,6,1.0143014444038307
3,415,0,0.7505743260002014
3,415,1,0.10692107156326311
3,415,2,0.14250460243653562
3,415,3,4.102724668249307
3,415,4,16.770847778463267
3,415,5,54.85668809910331
3,415,6,1.0153515480844004
3,416,0,0.7506504403102499
3,416,1,0.10695432856856528
3,416,2,0.14239523112118482
3,416,3,4.114077304666677
3,416,4,16.805754979407144
3,416,5,54.844873301994866
3,416,6,1.0160899185421757
3,417,0,0.75092808272966
3,417,1,0.10698158175651099
3,417,2,0.142090335513829
3,417,3,4.13244333231164
3,417,4,16.82092375310959
3,417,5,54.82747397370066
3,417,6,1.0158231550531889
3,418,0,0.7506782582583786
3,418,1,0.10692907041067679
3,418,2,0.14239267133094466
3,418,3,4.145527242418023
3,418,4,16.842100989020576
3,418,5,54.817998552489605
3,418,6,1.016042362785818
3,419,0,0.7500956278175592
3,419,1,0.10710625837187482
3,419,2,0.14279811381056584
3,419,3,4.163570237517471
3,419,4,16.798761610187412
3,419,5,54.81952819536262
3,419,6,1.0155572995742306
3,420,0,0.7500904494838725
3,420,1,0.10735579270280435
3,420,2,0.1425537578133232
3,420,3,4.171423344267944
3,420,4,16.80162200465299
3,420,5,54.82202613830417
3,420,6,1.015815592096176
3,421,0,0.7508904087953883
3,421,1,0.10707685331432931
3,421,2,0.14203273789028242
3,421,3,4.186374322425272
3,421,4,16.97187588305512
3,421,5,54.7961418516571
3,421,6,1.0157378224634568
3,422,0,0.7499756428452087
3,422,1,0.1079251766634105
3,422,2,0.1420991804913809
3,422,3,4.2049655492224325
3,422,4,16.842719549825024
3,422,5,54.76319859754074
3,422,6,1.0153826734557216
3,423,0,0.7503557378243007
3,423,1,0.10789265831268716
3,423,2,0.1417516038630121
3,423,3,4.221160451094304
3,423,4,16.925276043082988
3,423,5,54.75571303697693
3,423,6,1.0155751521918024
3,424,0,0.7502206397426441
3,424,1,0.10797064786133931
3,424,2,0.14180871239601653
3,424,3,4.2402263583990285
3,424,4,16.8739751021607
3,424,5,54.76339087158115
3,424,6,1.0151850302141918
3,425,0,0.7498412964619416
3,425,1,0.10820995655454829
3,425,2,0.14194874698351007
3,425,3,4.25836342267605
3,425,4,16.874794504951893
3,425,5,54.760649360071724
3,425,6,1.0146545895992247
3,426,0,0.749779361422036
3,426,1,0.10833945665052444
3,426,2,0.14188118192743962
3,426,3,4.2731125627010655
3,426,4,16.89135911904178
3,426,5,54.76165661359542
3,426,6,1.0150965304032966
3,427,0,0.7495601418416226
3,427,1,0.10831323135031258
3,427,2,0.14212662680806487
3,427,3,4.288853945707144
3,427,4,16.907955431129025
3,427,5,54.74898114973132
3,427,6,1.0152077757115574
3,428,0,0.749323320774099
3,428,1,0.10852619180123144
3,428,2,0.14215048742466946
3,428,3,4.306302525969385
3,428,4,16.948215185531144
3,428,5,54.731816999742364
3,428,6,1.0151219646774485
3,429,0,0.7496658788143724
3,429,1,0.10848544354260156
3,429,2,0.14184867764302606
3,429,3,4.320977439554239
3,429,4,16.978922255234913
3,429,5,54.70280313941319
3,429,6,1.0153873818709438
3,430,0,0.749706408464341
3,430,1,0.10866977665349437
3,430,2,0.14162381488216458
3,430,3,4.338905736440125
3,430,4,16.97396983667202
3,430,5,54.66279029693907
3,430,6,1.015227762644691
3,431,0,0.7468562486124463
3,431,1,0.11001365158277512
3,431,2,0.14313009980477862
3,431,3,4.3566562579553905
3,431,4,16.37722806257495
3,431,5,54.66719042499601
3,431,6,1.0139298635422365
3,432,0,0.7496429752343068
3,432,1,0.10882908951126172
3,432,2,0.14152793525443153
3,432,3,4.375350150877293
3,432,4,17.037011283003388
3,432,5,54.62663793897059
3,432,6,1.0148572294175706
3,433,0,0.7469401361425094
3,433,1,0.11019751696112487
3,433,2,0.14286234689636573
3,433,3,4.391905297275446
3,433,4,16.421511025867513
3,433,5,54.617763824444964
3,433,6,1.0135902138221184
3,434,0,0.7470234880561358
3,434,1,0.11015604872139728
3,434,2,0.14282046322246686
3,434,3,4.404899112533828
3,434,4,16.384924611137162
3,434,5,54.628355740185995
3,434,6,1.0138841903978704
3,435,0,0.7493440985061318
3,435,1,0.10907109304728244
3,435,2,0.14158480844658572
3,435,3,4.423235215787488
3,435,4,17.054474060123354
3,435,5,54.59379713484013
3,435,6,1.0148310669391072
3,436,0,0.7464028242321772
3,436,1,0.1106101580932326
3,436,2,0.14298701767459027
3,436,3,4.441036044475542
3,436,4,16.40358366073697
3,436,5,54.58210383711558
3,436,6,1.0135074756122229
3,437,0,0.7465662170867373
3,437,1,0.11075898909482981
3,437,2,0.1426747938184328
3,437,3,4.457498274166186
3,437,4,16.443013995330016
3,437,5,54.58272974285333
3,437,6,1.0137055472726955
3,438,0,0.7468073559866917
3,438,1,0.11073175346875672
3,438,2,0.14246089054455166
3,438,3,4.476833506369451
3,438,4,16.497422981584165
3,438,5,54.58183172143825
3,438,6,1.0133198437306723
3,439,0,0.7489694109780611
3,439,1,0.11021073604663761
3,439,2,0.14081985297530125
3,439,3,4.493201465995071
3,439,4,17.14505319959203
3,439,5,54.557222067662224
3,439,6,1.014444883991735
3,440,0,0.7489562952535667
3,440,1,0.11024944712659036
3,440,2,0.14079425761984288
3,440,3,4.507603009674492
3,440,4,17.206885836428604
3,440,5,54.51611716119059
3,440,6,1.014557603670197
3,441,0,0.7457691037097847
3,441,1,0.11201889354289632
3,441,2,0.14221200274731904
3,441,3,4.5222894181309385
3,441,4,16.522070015429705
3,441,5,54.51265298017972
3,441,6,1.0134926391411478
3,442,0,0.746488783613598
3,442,1,0.11157753767612572
3,442,2,0.14193367871027618
3,442,3,4.553958065257744
3,442,4,16.643032385367142
3,442,5,54.4967507436009
3,442,6,1.0130733572459816
3,443,0,0.748649981975892
3,443,1,0.11076565829553557
3,443,2,0.14058435972857244
3,443,3,4.566609068393641
3,443,4,17.213177072030447
3,443,5,54.45539495872495
3,443,6,1.0143690315390161
3,444,0,0.7462673436006478
3,444,1,0.11176779837767312
3,444,2,0.14196485802167902
3,444,3,4.588886371029625
3,444,4,16.60257849127079
3,444,5,54.4465748178523
3,444,6,1.0129491298808524
3,445,0,0.7458704516489484
3,445,1,0.11212132733863403
3,445,2,0.1420082210124176
3,445,3,4.601557752252429
3,445,4,16.627562293053295
3,445,5,54.44476690533209
3,445,6,1.0131294723318167
3,446,0,0.7458190556626957
3,446,1,0.11218908691060897
3,446,2,0.1419918574266954
3,446,3,4.614150083941395
3,446,4,16.60652756217574
3,446,5,54.43726962521657
3,446,6,1.0129569258119426
3,447,0,0.748647489610311
3,447,1,0.11069029036729128
3,447,2,0.1406622200223977
3,447,3,4.627776739284917
3,447,4,17.262234806501503
3,447,5,54.38322793528977
3,447,6,1.0142969718034571
3,448,0,0.7485824985704204
3,448,1,0.1110921057294971
3,448,2,0.1403253957000826
3,448,3,4.646954354361355
3,448,4,17.283286646062418
3,448,5,54.31756360542647
3,448,6,1.0138116944275515
3,449,0,0.7454965558096056
3,449,1,0.11283068757837145
3,449,2,0.14167275661202292
3,449,3,4.662372711137332
3,449,4,16.626000297548607
3,449,5,54.296856880706805
3,449,6,1.0131287403899027
3,450,0,0.745552624812046
3,450,1,0.11260163398273107
3,450,2,0.14184574120522292
3,450,3,4.67999003783396
3,450,4,16.633092031724914
3,450,5,54.283027915869944
3,450,6,1.0128736968895131
3,451,0,0.7454098612246398
3,451,1,0.11290166844030061
3,451,2,0.1416884703350596
3,451,3,4.699247628749973
3,451,4,16.64526254898979
3,451,5,54.270552319445954
3,451,6,1.012721523667327
3,452,0,0.7450501703889614
3,452,1,0.11328801228832461
3,452,2,0.14166181732271393
3,452,3,4.715446612320091
3,452,4,16.606777031192912
3,452,5,54.26133904587267
3,452,6,1.0125167987773331
3,453,0,0.7456075590760567
3,453,1,0.11335045827241062
3,453,2,0.14104198265153267
3,453,3,4.730779138498894
3,453,4,16.709765789400755
3,453,5,54.25943210213349
3,453,6,1.0129389895446141
3,454,0,0.7457634218251714
3,454,1,0.11335920615721454
3,454,2,0.14087737201761405
3,454,3,4.749382363671041
3,454,4,16.702450151268955
3,454,5,54.255366972681465
3,454,6,1.0128020698914262
3,455,0,0.7457576572902396
3,455,1,0.113282372432501
3,455,2,0.1409599702772595
3,455,3,4.770971663048549
3,455,4,16.78610472634105
3,455,5,54.24241476606507
3,455,6,1.0126416306214927
3,456,0,0.746283559104179
3,456,1,0.11333630588559948
3,456,2,0.14038013501022154
3,456,3,4.789266270205724
3,456,4,16.78411658767343
3,456,5,54.2362549125911
3,456,6,1.012607612659439
3,457,0,0.745653256478531
3,457,1,0.1138663845602854
3,457,2,0.14048035896118355
3,457,3,4.801781766746302
3,457,4,16.79899176304493
3,457,5,54.240766282120504
3,457,6,1.012840451127376
3,458,0,0.7489757351986351
3,458,1,0.11222760623276096
3,458,2,0.1387966585686039
3,458,3,4.822557405126842
3,458,4,17.51602140918303
3,458,5,54.18554809816733
3,458,6,1.0137074693539654
3,459,0,0.7457056240072162
3,459,1,0.11386097073968862
3,459,2,0.14043340525309522
3,459,3,4.839295612240926
3,459,4,16.748396249380626
3,459,5,54.159594888248016
3,459,6,1.0127403013941434
3,460,0,0.749057702838337
3,460,1,0.11237237281892216
3,460,2,0.1385699243427409
3,460,3,4.858457721538203
3,460,4,17.53016550901754
3,460,5,54.088251265148344
3,460,6,1.013612401130937
3,461,0,0.7451617662686267
3,461,1,0.11464209997161603
3,461,2,0.1401961337597572
3,461,3,4.869452509876247
3,461,4,16.80875150651574
3,461,5,54.05638290090486
3,461,6,1.0126627154046213
3,462,0,0.7457183622079648
3,462,1,0.11430255019357213
3,462,2,0.139979087598463
3,462,3,4.8944744655938015
3,462,4,16.85164913160373
3,462,5,54.042434060319366
3,462,6,1.0119997047136589
3,463,0,0.7485688165330928
3,463,1,0.11287690433109109
3,463,2,0.13855427913581614
3,463,3,4.909549537338694
3,463,4,17.562235581457735
3,463,5,53.99139963318899
3,463,6,1.0134720721366053
3,464,0,0.7451697647822724
3,464,1,0.11502435848977476
3,464,2,0.13980587672795286
3,464,3,4.925802743477945
3,464,4,16.879721978149526
3,464,5,53.984227356031454
3,464,6,1.0122818707499133
3,465,0,0.7480399289770523
3,465,1,0.1135463402024379
3,465,2,0.13841373082050978
3,465,3,4.944299153826951
3,465,4,17.565281289256575
3,465,5,53.92316298215344
3,465,6,1.0132288396832627
3,466,0,0.7445898319069453
3,466,1,0.11532730220025078
3,466,2,0.14008286589280394
3,466,3,4.962724853747293
3,466,4,16.841768229770253
3,466,5,53.88692709124935
3,466,6,1.0118094117556242
3,467,0,0.7450940902780598
3,467,1,0.11524043647858517
3,467,2,0.13966547324335504
3,467,3,4.982378938673795
3,467,4,16.902631741051948
3,467,5,53.8631518487793
3,467,6,1.0118499038343147
3,468,0,0.7443664158278536
3,468,1,0.11584065079830125
3,468,2,0.13979293337384519
3,468,3,4.994756416711603
3,468,4,16.868389674183945
3,468,5,53.858765007251904
3,468,6,1.0120157714705675
3,469,0,0.7443909548060017
3,469,1,0.11599246473714749
3,469,2,0.13961658045685083
3,469,3,5.01631483025937
3,469,4,16.89856232236239
3,469,5,53.84158977177921
3,469,6,1.0118637980567895
3,470,0,0.7452234076099521
3,470,1,0.11587899826411896
3,470,2,0.13889759412592903
3,470,3,5.049669852221819
3,470,4,17.0254450082361
3,470,5,53.80054948701141
3,470,6,1.0114971784939086
3,471,0,0.7454544290129017
3,471,1,0.11577479647541988
3,471,2,0.1387707745116785
3,471,3,5.056831663044093
3,471,4,17.05765237338692
3,471,5,53.78391072182805
3,471,6,1.0116627147579151
3,472,0,0.7488546578371932
3,472,1,0.11378652083721388
3,472,2,0.137358821325593
3,472,3,5.073634551864108
3,472,4,17.76084846168634
3,472,5,53.72011110456302
3,472,6,1.0129170348027976
3,473,0,0.7451357385525129
3,473,1,0.11597344409114033
3,473,2,0.13889081735634673
3,473,3,5.092143405502884
3,473,4,17.029406435691513
3,473,5,53.68784795775851
3,473,6,1.0115563744619807
3,474,0,0.7448623681749336
3,474,1,0.11645058564970069
3,474,2,0.13868704617536579
3,474,3,5.1114461164081595
3,474,4,17.017246020853573
3,474,5,53.67231747778209
3,474,6,1.0114076304825845
3,475,0,0.7453050045800286
3,475,1,0.11649334530644653
3,475,2,0.13820165011352492
3,475,3,5.130580460573263
3,475,4,17.0734196174095
3,475,5,53.64341747164058
3,475,6,1.0116326099341315
3,476,0,0.7450066293797983
3,476,1,0.11682790983488302
3,476,2,0.13816546078531872
3,476,3,5.151004637735902
3,476,4,17.067381294707918
3,476,5,53.63414417315302
3,476,6,1.0110857869756202
3,477,0,0.7456013505031802
3,477,1,0.11662373445897144
3,477,2,0.13777491503784836
3,477,3,5.164064797352582
3,477,4,17.125250162879457
3,477,5,53.61456195623293
3,477,6,1.0116994858995505
3,478,0,0.7451590376103132
3,478,1,0.11693121571034445
3,478,2,0.1379097466793423
3,478,3,5.186115508840109
3,478,4,17.122193693328242
3,478,5,53.59358540269796
3,478,6,1.0112676800073448
3,479,0,0.7449255288166494
3,479,1,0.11700989355312298
3,479,2,0.13806457763022756
3,479,3,5.201571487538903
3,479,4,17.133288750514488
3,479,5,53.56938869926067
3,479,6,1.0114359302236577
3,480,0,0.7448828485150819
3,480,1,0.11719462905532826
3,480,2,0.1379225224295898
3,480,3,5.2229728874701316
3,480,4,17.137896007387795
3,480,5,53.54328523112836
3,480,6,1.0112582583697438
3,481,0,0.744806892500746
3,481,1,0.1174469859939385
3,481,2,0.13774612150531537
3,481,3,5.240426267966699
3,481,4,17.17396037268555
3,481,5,53.51244442232979
3,481,6,1.0111404163978581
3,482,0,0.7453791978935407
3,482,1,0.11727652907233366
3,482,2,0.13734427303412577
3,482,3,5.259218998075976
3,482,4,17.256419249148436
3,482,5,53.468953832991645
3,482,6,1.0113607562718232
3,483,0,0.7453217332411131
3,483,1,0.11747562372822204
3,483,2,0.13720264303066493
3,483,3,5.281109445121702
3,483,4,17.21685412453339
3,483,5,53.43642790832385
3,483,6,1.011067651411016
3,484,0,0.7450438547660003
3,484,1,0.11751567661834444
3,484,2,0.13744046861565531
3,484,3,5.297576692525212
3,484,4,17.221174683336173
3,484,5,53.418994337231695
3,484,6,1.011112423754962
3,485,0,0.7451432855462121
3,485,1,0.1180973080680397
3,485,2,0.13675940638574813
3,485,3,5.312919998861571
3,485,4,17.25403729226702
3,485,5,53.383066745563745
3,485,6,1.0111945074290098
3,486,0,0.7449027803528316
3,486,1,0.11842797079150469
3,486,2,0.1366692488556637
3,486,3,5.3359581141996
3,486,4,17.228570283522632
3,486,5,53.36067359898507
3,486,6,1.010602160152059
3,487,0,0.74496287727377
3,487,1,0.1184836965432842
3,487,2,0.1365534261829459
3,487,3,5.350231225768471
3,487,4,17.25433032473537
3,487,5,53.33372331597515
3,487,6,1.0109361005716562
3,488,0,0.7450784851593617
3,488,1,0.11822155949455979
3,488,2,0.13669995534607854
3,488,3,5.374820839513094
3,488,4,17.298033342200632
3,488,5,53.28522222240305
3,488,6,1.0104322743890095
3,489,0,0.7447034815939884
3,489,1,0.11874638813244423
3,489,2,0.1365501302735674
3,489,3,5.385280056781362
3,489,4,17.25786774908248
3,489,5,53.25876408828579
3,489,6,1.010917927574472
3,490,0,0.7447068283876161
3,490,1,0.11885632359249093
3,490,2,0.1364368480198929
3,490,3,5.408657543235141
3,490,4,17.289252011463002
3,490,5,53.218640415316145
3,490,6,1.010795482960472
3,491,0,0.7449539701565273
3,491,1,0.11917284860925856
3,491,2,0.13587318123421419
3,491,3,5.427472441820437
3,491,4,17.316952386783505
3,491,5,53.18451682907852
3,491,6,1.0105690080467165
3,492,0,0.7444293250048162
3,492,1,0.11937088608751831
3,492,2,0.1361997889076656
3,492,3,5.444825537620304
3,492,4,17.268668483236393
3,492,5,53.152185091626244
3,492,6,1.010682426188278
3,493,0,0.744829299046575
3,493,1,0.11924768254337106
3,493,2,0.1359230184100539
3,493,3,5.464961372404202
3,493,4,17.341641766361736
3,493,5,53.101835352914954
3,493,6,1.0103682890803365
3,494,0,0.7444214689038435
3,494,1,0.11955873191214181
3,494,2,0.1360197991840148
3,494,3,5.484012244141145
3,494,4,17.318733693587358
3,494,5,53.06819778011808
3,494,6,1.0104084649654397
3,495,0,0.7446574665434003
3,495,1,0.11937549400184586
3,495,2,0.13596703945475394
3,495,3,5.502560493396695
3,495,4,17.35320173541729
3,495,5,53.022982434178246
3,495,6,1.0102973049181956
3,496,0,0.7446903181106963
3,496,1,0.11971897136402843
3,496,2,0.1355907105252753
3,496,3,5.525241730932471
3,496,4,17.338575233016286
3,496,5,52.9795881836808
3,496,6,1.0097965012514158
3,497,0,0.7447289240450994
3,497,1,0.11962173454399672
3,497,2,0.13564934141090387
3,497,3,5.533418728649719
3,497,4,17.356225823443964
3,497,5,52.96356022181298
3,497,6,1.0101009868448139
3,498,0,0.7453707413453325
3,498,1,0.11981598593787533
3,498,2,0.13481327271679205
3,498,3,5.549920575516188
3,498,4,17.463694053380518
3,498,5,52.90872230393512
3,498,6,1.0102571662484037
3,499,0,0.7449721650518122
3,499,1,0.12037745327108827
3,499,2,0.1346503816770996
3,499,3,5.579256066060525
3,499,4,17.39982543493622
3,499,5,52.85558734641144
3,499,6,1.0099057534734817
3,500,0,0.7446926669311923
3,500,1,0.12091539235127471
3,500,2,0.134391940717533
3,500,3,5.591172541687853
3,500,4,17.40998714809269
3,500,5,52.827466800466716
3,500,6,1.0104277592475053
3,501,0,0.744377851763594
3,501,1,0.12099613505812086
3,501,2,0.13462601317828515
3,501,3,5.613884245942032
3,501,4,17.38267565092402
3,501,5,52.79911893898407
3,501,6,1.0100309634651456
3,502,0,0.7446421803106793
3,502,1,0.12096987095399432
3,502,2,0.13438794873532642
3,502,3,5.633317635357402
3,502,4,17.418737532061982
3,502,5,52.75238695482685
3,502,6,1.0099834810816255
3,503,0,0.744771638630237
3,503,1,0.12107464468282157
3,503,2,0.13415371668694148
3,503,3,5.651297378316569
3,503,4,17.47352507107324
3,503,5,52.712193499924425
3,503,6,1.010211260296238
3,504,0,0.7447915514108803
3,504,1,0.12138892794828983
3,504,2,0.1338195206408299
3,504,3,5.675306119593246
3,504,4,17.504013806637936
3,504,5,52.664842842707905
3,504,6,1.0097357773574263
3,505,0,0.7447214236743755
3,505,1,0.12138118493222111
3,505,2,0.13389739139340337
3,505,3,5.695805200841905
3,505,4,17.495548710816998
3,505,5,52.61014159707257
3,505,6,1.0095784783702602
3,506,0,0.7443813087398845
3,506,1,0.12177951191566443
3,506,2,0.1338391793444511
3,506,3,5.711898299913786
3,506,4,17.464895808512324
3,506,5,52.5633816561857
3,506,6,1.009584388576053
3,507,0,0.7455017036068874
3,507,1,0.12145533216047846
3,507,2,0.13304296423263412
3,507,3,5.7386570170568625
3,507,4,17.53633597484361
3,507,5,52.516374948184634
3,507,6,1.009287348207334
3,508,0,0.7449376622173346
3,508,1,0.1221269923371695
3,508,2,0.13293534544549582
3,508,3,5.751723971840715
3,508,4,17.536847778108005
3,508,5,52.49037676161093
3,508,6,1.009611187209409
3,509,0,0.7445211950693702
3,509,1,0.12253784175825638
3,509,2,0.13294096317237344
3,509,3,5.770080647801872
3,509,4,17.519421377402
3,509,5,52.45766555588655
3,509,6,1.009295109684539
3,510,0,0.7447965379405114
3,510,1,0.12247400592649543
3,510,2,0.13272945613299322
3,510,3,5.792357703734569
3,510,4,17.57496552043535
3,510,5,52.41783112446828
3,510,6,1.0092057922880495
3,511,0,0.7446159448145593
3,511,1,0.12285525603976553
3,511,2,0.1325287991456751
3,511,3,5.806370841099452
3,511,4,17.579187895250858
3,511,5,52.3782220205655
3,511,6,1.0097290558208594
3,512,0,0.7451837003961066
3,512,1,0.12249177136552505
3,512,2,0.1323245282383684
3,512,3,5.8318255322551575
3,512,4,17.692533251122107
3,512,5,52.3382765369627
3,512,6,1.0094049581767488
3,513,0,0.7450633757902214
3,513,1,0.12261348666150955
3,513,2,0.132323137548269
3,513,3,5.850914955842168
3,513,4,17.65451895487859
3,513,5,52.30492565115925
3,513,6,1.0092167770718783
3,514,0,0.7451407933462959
3,514,1,0.1228594232501111
3,514,2,0.13199978340359303
3,514,3,5.8697254590373
3,514,4,17.649320101006577
3,514,5,52.274488681830036
3,514,6,1.009206751637071
3,515,0,0.7449734877544231
3,515,1,0.12297685997214275
3,515,2,0.13204965227343413
3,515,3,5.889364734519937
3,515,4,17.625748168641284
3,515,5,52.24048747125582
3,515,6,1.009171669985202
3,516,0,0.7450696781350891
3,516,1,0.12333756005317367
3,516,2,0.13159276181173726
3,516,3,5.912181433059497
3,516,4,17.660727723511936
3,516,5,52.201976488728505
3,516,6,1.0088447420276543
3,517,0,0.7445376915900773
3,517,1,0.12395634975293543
3,517,2,0.13150595865698725
3,517,3,5.927701686700032
3,517,4,17.64043532467517
3,517,5,52.15294606846861
3,517,6,1.0090397234550295
3,518,0,0.7449631850405478
3,518,1,0.12354800215412681
3,518,2,0.13148881280532546
3,518,3,5.9496282972271075
3,518,4,17.71041338517456
3,518,5,52.093935710446786
3,518,6,1.009064031498411
3,519,0,0.7446053423885606
3,519,1,0.1241049391304885
3,519,2,0.13128971848095095
3,519,3,5.96741460528332
3,519,4,17.66026240063219
3,519,5,52.03586665223098
3,519,6,1.0089259620053859
3,520,0,0.744630564225981
3,520,1,0.12433853467585469
3,520,2,0.13103090109816432
3,520,3,5.98877555108702
3,520,4,17.698157604633895
3,520,5,51.996473244109026
3,520,6,1.0089523428800873
3,521,0,0.7446934992311618
3,521,1,0.12454567668354663
3,521,2,0.1307608240852915
3,521,3,6.000064000725201
3,521,4,17.70080633827251
3,521,5,51.9511445064434
3,521,6,1.0091602503011368
3,522,0,0.7448029556411107
3,522,1,0.1246650292070077
3,522,2,0.13053201515188154
3,522,3,6.0147420032965115
3,522,4,17.717279214288
3,522,5,51.92669068680017
3,522,6,1.0089349716190776
3,523,0,0.7447570871607013
3,523,1,0.1247679094115027
3,523,2,0.13047500342779594
3,523,3,6.037600916525637
3,523,4,17.71576667928083
3,523,5,51.870284547976915
3,523,6,1.008615817246889
3,524,0,0.745097586578518
3,524,1,0.12480175981702375
3,524,2,0.13010065360445824
3,524,3,6.055535381080345
3,524,4,17.73359702842321
3,524,5,51.811009157351535
3,524,6,1.0088494012757043
3,525,0,0.7448610136662377
3,525,1,0.1251463669479598
3,525,2,0.12999261938580253
3,525,3,6.073494504892265
3,525,4,17.718565393060363
3,525,5,51.77112825451226
3,525,6,1.0086814121337035
3,526,0,0.7452201099081599
3,526,1,0.12514758693897932
3,526,2,0.12963230315286078
3,526,3,6.097370479510616
3,526,4,17.73540104430031
3,526,5,51.715935780771936
3,526,6,1.0085566696059884
3,527,0,0.7451016536065017
3,527,1,0.12539615162854492
3,527,2,0.12950219476495334
3,527,3,6.126619135998242
3,527,4,17.768716900516345
3,527,5,51.640055409838055
3,527,6,1.0084955942575162
3,528,0,0.7448237562388846
3,528,1,0.12580799258365227
3,528,2,0.12936825117746314
3,528,3,6.140937908473232
3,528,4,17.763277186276426
3,528,5,51.58243927558094
3,528,6,1.0088247819317044
3,529,0,0.7449406686672987
3,529,1,0.12635206370587426
3,529,2,0.12870726762682705
3,529,3,6.161784692500808
3,529,4,17.817100379615255
3,529,5,51.51609257286193
3,529,6,1.0084976918260269
3,530,0,0.7455455545985654
3,530,1,0.1261372525528992
3,530,2,0.1283171928485355
3,530,3,6.186882369980144
3,530,4,17.854461604571043
3,530,5,51.467275514204914
3,530,6,1.0083241580864593
3,531,0,0.745424638138878
3,531,1,0.12643050157055646
3,531,2,0.12814486029056552
3,531,3,6.204419592359455
3,531,4,17.890051107279625
3,531,5,51.421483532191985
3,531,6,1.0082575442633757
3,532,0,0.7454241387221643
3,532,1,0.1265680550697182
3,532,2,0.12800780620811752
3,532,3,6.223175807181201
3,532,4,17.92092109245666
3,532,5,51.37448187206845
3,532,6,1.008450854541444
3,533,0,0.7450686413779432
3,533,1,0.1268296363074139
3,533,2,0.128101722314643
3,533,3,6.23761909742287
3,533,4,17.835516803937075
3,533,5,51.3167611432931
3,533,6,1.0085646268073343
3,534,0,0.7450502575339222
3,534,1,0.1273495413347283
3,534,2,0.1276002011313496
3,534,3,6.259329949951329
3,534,4,17.85783165180792
3,534,5,51.246187417357916
3,534,6,1.008547194686463
3,535,0,0.7450072061625428
3,535,1,0.1276659681138372
3,535,2,0.12732682572362009
3,535,3,6.286224211592881
3,535,4,17.869788877649146
3,535,5,51.20287704234845
3,535,6,1.0080622217039226
3,536,0,0.7447769294452982
3,536,1,0.1278751618094756
3,536,2,0.12734790874522622
3,536,3,6.305767414206367
3,536,4,17.847783976488056
3,536,5,51.149641379399085
3,536,6,1.0080932533193976
3,537,0,0.7452455817679905
3,537,1,0.12757628936859222
3,537,2,0.12717812886341726
3,537,3,6.3294483410130145
3,537,4,17.92360096635243
3,537,5,51.07248834342077
3,537,6,1.0078719179581141
3,538,0,0.7452957977368353
3,538,1,0.12789550333325334
3,538,2,0.1268086989299113
3,538,3,6.34510413741849
3,538,4,17.88349591950124
3,538,5,51.01921145668841
3,538,6,1.008120431059771
3,539,0,0.745337364612645
3,539,1,0.12805089058953864
3,539,2,0.1266117447978164
3,539,3,6.366738591938152
3,539,4,17.945954185997508
3,539,5,50.94943601963148
3,539,6,1.0080762543513824
3,540,0,0.7450569368264341
3,540,1,0.12819192566580512
3,540,2,0.12675113750776074
3,540,3,6.389311501787855
3,540,4,17.881961115508894
3,540,5,50.880351994843
3,540,6,1.007694023667206
3,541,0,0.7447502691604816
3,541,1,0.12875713359330107
3,541,2,0.1264925972462174
3,541,3,6.403791373888884
3,541,4,17.88042967650253
3,541,5,50.791250192983725
3,541,6,1.008020518052848
3,542,0,0.7451294418419564
3,542,1,0.128625408218424
3,542,2,0.12624514993961955
3,542,3,6.425947932314362
3,542,4,17.93076473686036
3,542,5,50.69280019484875
3,542,6,1.0078972839667586
3,543,0,0.744914750323749
3,543,1,0.12877029513502458
3,543,2,0.12631495454122646
3,543,3,6.447247560500087
3,543,4,17.90308063252988
3,543,5,50.605574267752296
3,543,6,1.0076944686669513
3,544,0,0.7451437456092408
3,544,1,0.12879684215677856
3,544,2,0.12605941223398065
3,544,3,6.466711238407411
3,544,4,17.895616706370607
3,544,5,50.50576796893826
3,544,6,1.007855342599007
3,545,0,0.7446664324899467
3,545,1,0.12933569296296937
3,545,2,0.12599787454708394
3,545,3,6.487836274143087
3,545,4,17.846427935085945
3,545,5,50.41290692851443
3,545,6,1.0075075288876798
3,546,0,0.7447415655871501
3,546,1,0.12931275298750347
3,546,2,0.1259456814253464
3,546,3,6.505487989344729
3,546,4,17.846471157915715
3,546,5,50.30407202431279
3,546,6,1.007870205549192
3,547,0,0.744430619258995
3,547,1,0.12950816539960258
3,547,2,0.1260612153414024
3,547,3,6.518565972185918
3,547,4,17.818013112145792
3,547,5,50.24279015681704
3,547,6,1.0074385093746454
3,548,0,0.7441026694759683
3,548,1,0.12964648632591946
3,548,2,0.1262508441981124
3,548,3,6.540842551744452
3,548,4,17.817593102793463
3,548,5,50.11998522717397
3,548,6,1.0072875953215807
3,549,0,0.7437373469894298
3,549,1,0.13065785035343253
3,549,2,0.1256048026571377
3,549,3,6.553932374441727
3,549,4,17.81611137659353
3,549,5,50.13489930711604
3,549,6,1.00736836973502
3,550,0,0.744459968986275
3,550,1,0.13040411380884023
3,550,2,0.12513591720488487
3,550,3,6.582173942105746
3,550,4,17.892952777078335
3,550,5,50.10598801654844
3,550,6,1.006975707847308
3,551,0,0.7444399019811925
3,551,1,0.13086524934909022
3,551,2,0.12469484866971739
3,551,3,6.606336583949531
3,551,4,17.912855294308315
3,551,5,50.05866822470035
3,551,6,1.0068221670794175
3,552,0,0.7449899926487855
3,552,1,0.13105457219086886
3,552,2,0.12395543516034555
3,552,3,6.624332537014348
3,552,4,17.99872742191397
3,552,5,50.128645472889175
3,552,6,1.0070639951931886
3,553,0,0.7453180026012056
3,553,1,0.13154597976728194
3,553,2,0.12313601763151251
3,553,3,6.645650715242984
3,553,4,18.09031160465571
3,553,5,50.18160167276015
3,553,6,1.0070838924256411
3,554,0,0.7458777887906696
3,554,1,0.1318290233449944
3,554,2,0.12229318786433593
3,554,3,6.667140651571758
3,554,4,18.209584045990837
3,554,5,50.218915941430254
3,554,6,1.0072924539404253
3,555,0,0.7464814035323779
3,555,1,0.13175747942151841
3,555,2,0.12176111704610369
3,555,3,6.69193441115231
3,555,4,18.2463313284779
3,555,5,50.25838795539468
3,555,6,1.0070084889778754
3,556,0,0.7470311977614708
3,556,1,0.13233107563327237
3,556,2,0.12063772660525685
3,556,3,6.728513362740355
3,556,4,18.349938143781817
3,556,5,50.24546741817791
3,556,6,1.0068037301305743
3,557,0,0.7477901031348696
3,557,1,0.1322719050067786
3,557,2,0.11993799185835184
3,557,3,6.752104900641875
3,557,4,18.417071283795647
3,557,5,50.231108595783155
3,557,6,1.006700205256275
3,558,0,0.7479572950019409
3,558,1,0.13254864295748997
3,558,2,0.11949406204056923
3,558,3,6.775368453783763
3,558,4,18.43629199581202
3,558,5,50.19102421449739
3,558,6,1.0064331426110966
3,559,0,0.7480930669605822
3,559,1,0.13294820136236146
3,559,2,0.1189587316770564
3,559,3,6.793522396000191
3,559,4,18.485693438910836
3,559,5,50.16375133940521
3,559,6,1.0066639402666082
3,560,0,0.7480658749779823
3,560,1,0.13345326345362085
3,560,2,0.1184808615683969
3,560,3,6.815090411709958
3,560,4,18.502752670886704
3,560,5,50.11960874747243
3,560,6,1.0063343162284748
3,561,0,0.7479935586070768
3,561,1,0.1334670908223146
3,561,2,0.11853935057060849
3,561,3,6.8374939037913744
3,561,4,18.49834978812317
3,561,5,50.10675598245912
3,561,6,1.0064796665736568
3,562,0,0.7481609466478225
3,562,1,0.13363039262825716
3,562,2,0.11820866072392033
3,562,3,6.858811854037169
3,562,4,18.56010323357891
3,562,5,50.07007684693279
3,562,6,1.0063643537647082
3,563,0,0.7488888901777389
3,563,1,0.1338655011813743
3,563,2,0.11724560864088676
3,563,3,6.880400746625585
3,563,4,18.61813908075227
3,563,5,50.01297522991628
3,563,6,1.0065052752273618
3,564,0,0.7485421505299685
3,564,1,0.1342944212794791
3,564,2,0.11716342819055237
3,564,3,6.907649456306036
3,564,4,18.598697830804717
3,564,5,49.97029730022024
3,564,6,1.0060080461486578
3,565,0,0.7488832729325672
3,565,1,0.1342530088373516
3,565,2,0.11686371823008129
3,565,3,6.922977253946213
3,565,4,18.670194367417537
3,565,5,49.91911431187026
3,565,6,1.006478093157483
3,566,0,0.7485328278956093
3,566,1,0.13469237515629734
3,566,2,0.11677479694809338
3,566,3,6.943884761718583
3,566,4,18.656676772262323
3,566,5,49.8974610159764
3,566,6,1.0063753536996887
3,567,0,0.7488100285604572
3,567,1,0.13523293588394136
3,567,2,0.11595703555560144
3,567,3,6.963053938835209
3,567,4,18.693358126189388
3,567,5,49.82736547501435
3,567,6,1.0063027058206344
3,568,0,0.7489558031261363
3,568,1,0.13546588922577057
3,568,2,0.1155783076480931
3,568,3,6.988689095865399
3,568,4,18.705382849623195
3,568,5,49.75696635486092
3,568,6,1.0062742412578203
3,569,0,0.7489406511672476
3,569,1,0.13561074772282225
3,569,2,0.1154486011099301
3,569,3,7.0180965132540365
3,569,4,18.67224354779821
3,569,5,49.690284707509605
3,569,6,1.0057010730787674
3,570,0,0.7495010404944182
3,570,1,0.13571725341085766
3,570,2,0.11478170609472421
3,570,3,7.035099822517541
3,570,4,18.758631598672167
3,570,5,49.59418124444424
3,570,6,1.0061753226883146
3,571,0,0.7494083189631549
3,571,1,0.13597644122713454
3,571,2,0.11461523980971071
3,571,3,7.055064816743126
3,571,4,18.742461503377264
3,571,5,49.51807881130459
3,571,6,1.0059556848692786
3,572,0,0.7492911570197907
3,572,1,0.13643998373461785
3,572,2,0.11426885924559146
3,572,3,7.077806587524169
3,572,4,18.772908667533564
3,572,5,49.44001794251132
3,572,6,1.0060548886091425
3,573,0,0.7493434511027114
3,573,1,0.13644173452536165
3,573,2,0.11421481437192699
3,573,3,7.084781430321761
3,573,4,18.788215283334125
3,573,5,49.40033550869584
3,573,6,1.0061709668342493
3,574,0,0.7490027934113807
3,574,1,0.13724182109164745
3,574,2,0.11375538549697187
3,574,3,7.110788980014743
3,574,4,18.76148445065661
3,574,5,49.32880838258333
3,574,6,1.0058124939599045
3,575,0,0.7494308725878245
3,575,1,0.13728844573388396
3,575,2,0.1132806816782916
3,575,3,7.133550725302747
3,575,4,18.805457669280052
3,575,5,49.248311788595984
3,575,6,1.0059300864678278
3,576,0,0.7490883188766049
3,576,1,0.13762474730620228
3,576,2,0.11328693381719282
3,576,3,7.152815430611385
3,576,4,18.787453713557188
3,576,5,49.204507162927364
3,576,6,1.0060017963539327
3,577,0,0.7493812220446538
3,577,1,0.1377356657706949
3,577,2,0.11288311218465122
3,577,3,7.179049844174385
3,577,4,18.798509110705957
3,577,5,49.14938746492912
3,577,6,1.0056566250060943
3,578,0,0.7499184843393152
3,578,1,0.13764563866097124
3,578,2,0.11243587699971358
3,578,3,7.202371423508239
3,578,4,18.84117438913271
3,578,5,49.06771857520987
3,578,6,1.0057139197804446
3,579,0,0.7131143694100165
3,579,1,0.17212531707946715
3,579,2,0.11476031351051638
3,579,3,6.815430537018954
3,579,4,17.5069821616189
3,579,5,49.09596318892392
3,579,6,0.9951246444722186
3,580,0,0.7118871815605801
3,580,1,0.1734190183259373
3,580,2,0.1146938001134826
3,580,3,6.834687909154691
3,580,4,17.43049100543994
3,580,5,48.99333693883051
3,580,6,0.9947044911641318
3,581,0,0.7126624661679835
3,581,1,0.17315946614789487
3,581,2,0.11417806768412164
3,581,3,6.8569733548656995
3,581,4,17.521317587984406
3,581,5,48.93845858594743
3,581,6,0.9948569721951037
3,582,0,0.7123841148091656
3,582,1,0.1739428045055718
3,582,2,0.1136730806852626
3,582,3,6.878602392827048
3,582,4,17.524619358290796
3,582,5,48.85260171063911
3,582,6,0.994781993215391
3,583,0,0.7120439051202306
3,583,1,0.17480227019994843
3,583,2,0.11315382467982096
3,583,3,6.899063087084793
3,583,4,17.534022970943933
3,583,5,48.73899122427429
3,583,6,0.9946949455327658
3,584,0,0.711364094169106
3,584,1,0.17580862905157946
3,584,2,0.11282727677931469
3,584,3,6.932408010502975
3,584,4,17.5302429742808
3,584,5,48.60684593227032
3,584,6,0.9947273616378509
3,585,0,0.7116673656789372
3,585,1,0.17583067489376844
3,585,2,0.11250195942729443
3,585,3,6.951165237754509
3,585,4,17.548724312115496
3,585,5,48.56036142870928
3,585,6,0.9950267843066649
3,586,0,0.7108189498550019
3,586,1,0.1771928474631244
3,586,2,0.11198820268187362
3,586,3,6.971300346238987
3,586,4,17.542060800990875
3,586,5,48.53965939794485
3,586,6,0.994937420653417
3,587,0,0.711128955635287
3,587,1,0.17736778403907327
3,587,2,0.11150326032563973
3,587,3,6.994416395162574
3,587,4,17.606705266564717
3,587,5,48.48701854495491
3,587,6,0.9943378541501491
3,588,0,0.7125258772511308
3,588,1,0.17675250608483034
3,588,2,0.11072161666403876
3,588,3,7.019910973838375
3,588,4,17.703183154231283
3,588,5,48.43999227929512
3,588,6,0.994367650625178
3,589,0,0.7119420032760782
3,589,1,0.177605859492495
3,589,2,0.11045213723142698
3,589,3,7.037709668599609
3,589,4,17.70031055849174
3,589,5,48.3619769616169
3,589,6,0.9944261151016721
3,590,0,0.7120132381599875
3,590,1,0.1782206202220176
3,590,2,0.10976614161799485
3,590,3,7.064058396800923
3,590,4,17.725859987027853
3,590,5,48.28050536012488
3,590,6,0.9942869908503529
3,591,0,0.7124350661851355
3,591,1,0.17852030661534352
3,591,2,0.10904462719952102
3,591,3,7.0850817668088935
3,591,4,17.77806145726842
3,591,5,48.224493082076805
3,591,6,0.994322055642467
3,592,0,0.7128040252054796
3,592,1,0.1787096195992997
3,592,2,0.10848635519522068
3,592,3,7.108124558195877
3,592,4,17.81434358901725
3,592,5,48.1570248364339
3,592,6,0.9938830910648606
3,593,0,0.712853722949466
3,593,1,0.17898147530036584
3,593,2,0.10816480175016818
3,593,3,7.1291023024390086
3,593,4,17.82269692445809
3,593,5,48.0522028813171
3,593,6,0.9939506778579075
3,594,0,0.7117487889196137
3,594,1,0.18016123109902502
3,594,2,0.10808997998136134
3,594,3,7.147346018791982
3,594,4,17.793380622835777
3,594,5,47.998311238240525
3,594,6,0.9940665446583015
3,595,0,0.7126733044820104
3,595,1,0.17977101989355643
3,595,2,0.10755567562443316
3,595,3,7.171083845436689
3,595,4,17.834689709680468
3,595,5,47.93683453277313
3,595,6,0.9941647531497053
3,596,0,0.7128825262060297
3,596,1,0.17999474552595315
3,596,2,0.10712272826801725
3,596,3,7.1951441705625125
3,596,4,17.879010966585888
3,596,5,47.8808182477708
3,596,6,0.9938402513928544
3,597,0,0.7128849504474837
3,597,1,0.18040898779826783
3,597,2,0.10670606175424854
3,597,3,7.215539421234284
3,597,4,17.873924504698955
3,597,5,47.82450929889485
3,597,6,0.9940425577185363
3,598,0,0.7130582288370444
3,598,1,0.18070985953941684
3,598,2,0.10623191162353882
3,598,3,7.226503671039355
3,598,4,17.89870983118145
3,598,5,47.839665664496735
3,598,6,0.9942551138559788
3,599,0,0.7123219891026108
3,599,1,0.1818319097885696
3,599,2,0.10584610110881959
3,599,3,7.244929448689257
3,599,4,17.909278291909708
3,599,5,47.77833865719067
3,599,6,0.9940339440934497
3,600,0,0.7132063682469484
3,600,1,0.18165883579749953
3,600,2,0.10513479595555204
3,600,3,7.27279809614749
3,600,4,17.971197710389866
3,600,5,47.703499845533614
3,600,6,0.993875060992244
3,601,0,0.7135214239395209
3,601,1,0.18190833836161038
3,601,2,0.10457023769886858
3,601,3,7.29274321253803
3,601,4,18.019401540126314
3,601,5,47.65137365182011
3,601,6,0.9939567323553978
3,602,0,0.7133951118655925
3,602,1,0.18253882584084846
3,602,2,0.10406606229355911
3,602,3,7.317175576442901
3,602,4,18.059216871883432
3,602,5,47.61706970380564
3,602,6,0.993738873176817
3,603,0,0.7141202207472646
3,603,1,0.18266975141770708
3,603,2,0.10321002783502839
3,603,3,7.331699136276818
3,603,4,18.112873139026405
3,603,5,47.5454328268573
3,603,6,0.9939926775141856
3,604,0,0.7141758059807408
3,604,1,0.1830350993718941
3,604,2,0.10278909464736505
3,604,3,7.357200641354426
3,604,4,18.117780169958962
3,604,5,47.52316150015361
3,604,6,0.9935716853992194
3,605,0,0.7137149415736443
3,605,1,0.1837724380957188
3,605,2,0.1025126203306368
3,605,3,7.374861379624271
3,605,4,18.108714736050015
3,605,5,47.48932331028587
3,605,6,0.9939155509687846
3,606,0,0.7132257375973259
3,606,1,0.18451012347413676
3,606,2,0.10226413892853739
3,606,3,7.396752192995038
3,606,4,18.151978186321912
3,606,5,47.474443106026825
3,606,6,0.9934562157717377
3,607,0,0.7139605944467229
3,607,1,0.18459491648823345
3,607,2,0.10144448906504372
3,607,3,7.418154145699322
3,607,4,18.193273929750525
3,607,5,47.41397584972775
3,607,6,0.9938046033930275
3,608,0,0.7140774468735664
3,608,1,0.18525015195243694
3,608,2,0.10067240117399656
3,608,3,7.443184484667585
3,608,4,18.254188164334874
3,608,5,47.40507007147238
3,608,6,0.9936773801414087
3,609,0,0.7144584175238295
3,609,1,0.18544661276682534
3,609,2,0.10009496970934517
3,609,3,7.465554520066743
3,609,4,18.321377208443902
3,609,5,47.40646059902386
3,609,6,0.9935644618816342
3,610,0,0.7152925566243356
3,610,1,0.18548857764017962
3,610,2,0.09921886573548472
3,610,3,7.486243443827545
3,610,4,18.371666038344493
3,610,5,47.44509298478708
3,610,6,0.9936982017509388
3,611,0,0.7158520745324812
3,611,1,0.1855633426532755
3,611,2,0.09858458281424326
3,611,3,7.512107973614018
3,611,4,18.437830572185646
3,611,5,47.46254969402751
3,611,6,0.9934005397460557
3,612,0,0.716454120532203
3,612,1,0.18578856513965142
3,612,2,0.09775731432814555
3,612,3,7.534380642872332
3,612,4,18.50565431381899
3,612,5,47.44458115215298
3,612,6,0.9935218480208928
3,613,0,0.7162028256683888
3,613,1,0.18709592440205716
3,613,2,0.09670124992955403
3,613,3,7.565576842273281
3,613,4,18.543364037970612
3,613,5,47.44877574212916
3,613,6,0.9934465043028299
3,614,0,0.7169378947481561
3,614,1,0.18698485620142016
3,614,2,0.09607724905042384
3,614,3,7.592384152569827
3,614,4,18.64191436435494
3,614,5,47.43674389978996
3,614,6,0.9933821082310587
3,615,0,0.7175568017336476
3,615,1,0.1872409161623482
3,615,2,0.09520228210400422
3,615,3,7.613743412021032
3,615,4,18.694972630354066
3,615,5,47.411950023009354
3,615,6,0.9936286313658538
3,616,0,0.7168637810438298
3,616,1,0.18781140374788605
3,616,2,0.09532481520828417
3,616,3,7.638936215071444
3,616,4,18.661661132350346
3,616,5,47.40653020889539
3,616,6,0.9934384037284142
3,617,0,0.7166653621669445
3,617,1,0.1888126394758714
3,617,2,0.09452199835718401
3,617,3,7.660816477395569
3,617,4,18.721171410329312
3,617,5,47.410911352596266
3,617,6,0.9933528800369513
3,618,0,0.7167425525007824
3,618,1,0.18930641614819183
3,618,2,0.09395103135102575
3,618,3,7.6876398032370625
3,618,4,18.77909997011455
3,618,5,47.389238276175234
3,618,6,0.9932465279846366
3,619,0,0.7178912787160944
3,619,1,0.18911614031351343
3,619,2,0.09299258097039215
3,619,3,7.7118530744320335
3,619,4,18.86394285889714
3,619,5,47.34924801762435
3,619,6,0.9931692197914681
3,620,0,0.7179074354864998
3,620,1,0.18963802305442157
3,620,2,0.09245454145907862
3,620,3,7.730318779948847
3,620,4,18.89827433377242
3,620,5,47.34431806971047
3,620,6,0.9935082536116757
3,621,0,0.718060918739929
3,621,1,0.18987739522408217
3,621,2,0.09206168603598877
3,621,3,7.755644895673518
3,621,4,18.91921343594254
3,621,5,47.31890745452884
3,621,6,0.9930018392708109
3,622,0,0.7180062856305466
3,622,1,0.19030444896981566
3,622,2,0.09168926539963781
3,622,3,7.781484261892301
3,622,4,18.94655616458548
3,622,5,47.305240243590504
3,622,6,0.9930701461093477
3,623,0,0.7181588050504665
3,623,1,0.19085332185044745
3,623,2,0.09098787309908604
3,623,3,7.802176846644857
3,623,4,18.996251719988795
3,623,5,47.27150546494106
3,623,6,0.9932909946801292
3,624,0,0.7181483715104477
3,624,1,0.1912364471347585
3,624,2,0.09061518135479371
3,624,3,7.813779000154193
3,624,4,19.012695911040545
3,624,5,47.26860557364139
3,624,6,0.9933044693922763
3,625,0,0.7174983837595299
3,625,1,0.19212018852874768
3,625,2,0.09038142771172235
3,625,3,7.843629745185943
3,625,4,18.99053781571806
3,625,5,47.20675511587791
3,625,6,0.9931327856664414
3,626,0,0.7169554920124895
3,626,1,0.19267630229968485
3,626,2,0.09036820568782555
3,626,3,7.859554282540631
3,626,4,18.97493686129856
3,626,5,47.20493679365809
3,626,6,0.9929929361575948
3,627,0,0.7168479430720176
3,627,1,0.19347217271942002
3,627,2,0.08967988420856234
3,627,3,7.883763994196699
3,627,4,19.00570247996322
3,627,5,47.14124926597255
3,627,6,0.9930157375710619
3,628,0,0.7161681362716619
3,628,1,0.19413773828011358
3,628,2,0.08969412544822444
3,628,3,7.907961731608672
3,628,4,18.96431259408854
3,628,5,47.033732741438186
3,628,6,0.9931607408173501
3,629,0,0.7157507810687072
3,629,1,0.19471167384369065
3,629,2,0.0895375450876021
3,629,3,7.932433912493996
3,629,4,18.964943505087128
3,629,5,47.007151757756596
3,629,6,0.9929847674843666
3,630,0,0.7155744729031969
3,630,1,0.19543077231612555
3,630,2,0.08899475478067757
3,630,3,7.953937428035104
3,630,4,18.989209678230942
3,630,5,47.006447487853336
3,630,6,0.9926908572326719
3,631,0,0.716220708070579
3,631,1,0.1954752166162666
3,631,2,0.08830407531315435
3,631,3,7.973943789201066
3,631,4,19.070124255089766
3,631,5,47.008053796999064
3,631,6,0.9933849180682841
3,632,0,0.7160438501221512
3,632,1,0.1959857132861589
3,632,2,0.08797043659168985
3,632,3,8.00337597837991
3,632,4,19.075495342320337
3,632,5,47.019401235924185
3,632,6,0.9929039279777188
3,633,0,0.6813398596505096
3,633,1,0.22924725569327836
3,633,2,0.089412884656212
3,633,3,7.606218265977043
3,633,4,18.011368423749204
3,633,5,47.11846134884786
3,633,6,0.9824588427593363
3,634,0,0.6815777905364555
3,634,1,0.22955085796354946
3,634,2,0.08887135149999495
3,634,3,7.628449116149206
3,634,4,18.035093421231185
3,634,5,47.13523805263701
3,634,6,0.982669366298818
3,635,0,0.680604199545046
3,635,1,0.23075507600517545
3,635,2,0.08864072444977858
3,635,3,7.650732486348769
3,635,4,18.02393427991921
3,635,5,47.06360902248735
3,635,6,0.9825164322619089
3,636,0,0.6797804439601414
3,636,1,0.23182811174121948
3,636,2,0.08839144429863918
3,636,3,7.6730692458942205
3,636,4,18.014160908440843
3,636,5,46.97348421057467
3,636,6,0.982226118996447
3,637,0,0.6787880799704036
3,637,1,0.23278157529544186
3,637,2,0.08843034473415462
3,637,3,7.6954072976463035
3,637,4,18.002185170976915
3,637,5,46.95471127723671
3,637,6,0.9821741251246188
3,638,0,0.679056944189734
3,638,1,0.23300291981704968
3,638,2,0.08794013599321637
3,638,3,7.717853002528283
3,638,4,18.071095379925126
3,638,5,46.91821185465906
3,638,6,0.982185073376477
3,639,0,0.6781532819607685
3,639,1,0.23408016776622506
3,639,2,0.08776655027300645
3,639,3,7.740353445705299
3,639,4,18.043138656442544
3,639,5,46.86798337609742
3,639,6,0.9819572320749516
3,640,0,0.6771636482907507
3,640,1,0.23494379421810208
3,640,2,0.08789255749114716
3,640,3,7.762909091970561
3,640,4,18.016790980879826
3,640,5,46.73097873342141
3,640,6,0.982048425180969
3,641,0,0.6762089746111335
3,641,1,0.23618886994520316
3,641,2,0.08760215544366343
3,641,3,7.7976151542818
3,641,4,18.005399640388916
3,641,5,46.67585730111067
3,641,6,0.9821722194425656
3,642,0,0.6740229388330956
3,642,1,0.23797219025215058
3,642,2,0.08800487091475372
3,642,3,7.820312177105206
3,642,4,17.92651032876651
3,642,5,46.55158088886428
3,642,6,0.9822254710379034
3,643,0,0.6725865996644385
3,643,1,0.23908103399725356
3,643,2,0.08833236633830796
3,643,3,7.843066138424891
3,643,4,17.89067624982374
3,643,5,46.46682235241298
3,643,6,0.9823401176089249
3,644,0,0.6717034295099489
3,644,1,0.23987133670109564
3,644,2,0.08842523378895553
3,644,3,7.865877561403815
3,644,4,17.860116882906162
3,644,5,46.35290695061649
3,644,6,0.9821942504830916
3,645,0,0.6697604799830401
3,645,1,0.2414593894162291
3,645,2,0.08878013060073078
3,645,3,7.888746983750323
3,645,4,17.800199893394364
3,645,5,46.1781894552052
3,645,6,0.9820663491806709
3,646,0,0.6679524548886122
3,646,1,0.2427498621740687
3,646,2,0.08929768293731918
3,646,3,7.911674958393997
3,646,4,17.747606947593262
3,646,5,46.12717298778506
3,646,6,0.982185346839525
3,647,0,0.6668502168817296
3,647,1,0.24374223695395986
3,647,2,0.08940754616431049
3,647,3,7.934662054206992
3,647,4,17.713828213538083
3,647,5,46.01519639007604
3,647,6,0.9824099249786542
3,648,0,0.664764674844686
3,648,1,0.24545852590039857
3,648,2,0.0897767992549153
3,648,3,7.957708856774942
3,648,4,17.684737853343606
3,648,5,45.9064984932877
3,648,6,0.9821008879307315
3,649,0,0.6637155448070567
3,649,1,0.24623986546272447
3,649,2,0.09004458973021875
3,649,3,7.9700477280545305
3,649,4,17.66620290630098
3,649,5,45.787619487287806
3,649,6,0.9819207071839812
3,650,0,0.6604511768486605
3,650,1,0.248304552086001
3,650,2,0.09124427106533853
3,650,3,7.993186730309482
3,650,4,17.509482957514535
3,650,5,45.58270340419777
3,650,6,0.9822689648518558
3,651,0,0.6577476245664876
3,651,1,0.25021344796543227
3,651,2,0.0920389274680801
3,651,3,8.016387000347388
3,651,4,17.420928348216002
3,651,5,45.33511751815409
3,651,6,0.9825488639083677
3,652,0,0.6519887752451758
3,652,1,0.2543862632160977
3,652,2,0.09362496153872654
3,652,3,8.039649189814423
3,652,4,17.23821575073374
3,652,5,45.06138003362492
3,652,6,0.9819581293515238
3,653,0,0.6483051407110242
3,653,1,0.256649357327595
3,653,2,0.09504550196138092
3,653,3,8.062973971328569
3,653,4,17.09332008376515
3,653,5,44.69269336117457
3,653,6,0.9824410464354869
3,654,0,0.6421804445956207
3,654,1,0.2607620630360859
3,654,2,0.09705749236829338
3,654,3,8.086362039623392
3,654,4,16.86124604577195
3,654,5,44.36745172361452
3,654,6,0.9826358212445049
3,655,0,0.6378977319692449
3,655,1,0.263410209836814
3,655,2,0.098692058193941
3,655,3,8.10981411278277
3,655,4,16.720470667478097
3,655,5,43.9893318022933
3,655,6,0.9828426590993897
3,656,0,0.6313571809937978
3,656,1,0.26764908215404043
3,656,2,0.10099373685216179
3,656,3,8.133330933576188
3,656,4,16.475715607615157
3,656,5,43.51753705226625
3,656,6,0.9832597183108531
3,657,0,0.6228760859974898
3,657,1,0.2733295774512667
3,657,2,0.10379433655124351
3,657,3,8.156913270905576
3,657,4,16.20572388921353
3,657,5,42.989897975647025
3,657,6,0.9835944094211866
3,658,0,0.6164424040716465
3,658,1,0.27761165270684096
3,658,2,0.1059459432215126
3,658,3,8.180561921376139
3,658,4,15.994337387134024
3,658,5,42.52081688949747
3,658,6,0.984489981163958
3,659,0,0.6089950447887065
3,659,1,0.2822883811974002
3,659,2,0.10871657401389329
3,659,3,8.204277711005412
3,659,4,15.761688312857594
3,659,5,41.98397233141555
3,659,6,0.9849519464805883
3,660,0,0.6160473697085305
3,660,1,0.27419942855399815
3,660,2,0.1097532017374713
3,660,3,8.228061497086824
3,660,4,15.996913802383617
3,660,5,41.559345675400266
3,660,6,0.9846320813119089
3,661,0,0.6081500868217842
3,661,1,0.27937461931668195
3,661,2,0.11247529386153399
3,661,3,8.251914170226552
3,661,4,15.792871242404033
3,661,5,41.03203580519218
3,661,6,0.9850689327098396
3,662,0,0.591986051879811
3,662,1,0.2927657515445778
3,662,2,0.11524819657561114
3,662,3,8.275836656575251
3,662,4,15.302247402164593
3,662,5,40.56097477980232
3,662,6,0.9861953267399789
3,663,0,0.5827519708359904
3,663,1,0.29908060146126303
3,663,2,0.11816742770274662
3,663,3,8.299829920279775
3,663,4,15.074085361376786
3,663,5,40.00020687791222
3,663,6,0.9865204218331096
3,664,0,0.5818594344745891
3,664,1,0.29841013350292644
3,664,2,0.1197304320224844
3,664,3,8.323894966184085
3,664,4,15.068312440201233
3,664,5,39.58526079441884
3,664,6,0.9865701401268052
3,665,0,0.5769630373900531
3,665,1,0.30160933528732087
3,665,2,0.12142762732262602
3,665,3,8.348032842813444
3,665,4,14.965709888161593
3,665,5,39.105503018619146
3,665,6,0.9869993874690315
3,666,0,0.5708635089514047
3,666,1,0.30618673692366283
3,666,2,0.12294975412493252
3,666,3,8.372244645682073
3,666,4,14.84796864176311
3,666,5,38.63305402146663
3,666,6,0.9873016618755981
3,667,0,0.5654814720020261
3,667,1,0.3103397906480442
3,667,2,0.12417873734992967
3,667,3,8.39653152097164
3,667,4,14.757445975385696
3,667,5,38.20452151809064
3,667,6,0.9875824700937644
3,668,0,0.5602563522683591
3,668,1,0.31453623592204577
3,668,2,0.1252074118095951
3,668,3,8.42089466963685
3,668,4,14.656526397706163
3,668,5,37.73656722688639
3,668,6,0.9880721131397332
3,669,0,0.5673512323410324
3,669,1,0.3071889977599396
3,669,2,0.12545976989902816
3,669,3,8.445335352005468
3,669,4,14.840779847947857
3,669,5,37.24143447723961
3,669,6,0.9874653461822317
3,670,0,0.5596953051050421
3,670,1,0.3154798054279689
3,670,2,0.12482488946698908
3,670,3,8.482995531938787
3,670,4,14.721031363174665
3,670,5,36.55848504037687
3,670,6,0.9874611188344244
3,671,0,0.5610926216310418
3,671,1,0.31637178764816176
3,671,2,0.12253559072079649
3,671,3,8.507638526951476
3,671,4,14.818913075444634
3,671,5,36.28202418620084
3,671,6,0.987051451312394
3,672,0,0.5775078313633164
3,672,1,0.3032348222097046
3,672,2,0.11925734642697886
3,672,3,8.532364091186754
3,672,4,15.231424341479777
3,672,5,35.928328584949924
3,672,6,0.9857039928505721
3,673,0,0.5974485692543647
3,673,1,0.2868481486784602
3,673,2,0.11570328206717495
3,673,3,8.55717537515892
3,673,4,15.768489775189583
3,673,5,35.56087340119785
3,673,6,0.984023725764903
3,674,0,0.5967646993946032
3,674,1,0.2935042646006878
3,674,2,0.1097310360047089
3,674,3,8.582069462146784
3,674,4,15.834787483332196
3,674,5,35.426002367639256
3,674,6,0.9837568816292809
3,675,0,0.6078786520894911
3,675,1,0.28971293514048785
3,675,2,0.102408412770021
3,675,3,8.595437693113018
3,675,4,16.228352252808758
3,675,5,35.59436339470834
3,675,6,0.9823262230313815
3,676,0,0.6104586058833553
3,676,1,0.2943922817421581
3,676,2,0.09514911237448659
3,676,3,8.620466414009728
3,676,4,16.435544931576185
3,676,5,35.57344500971099
3,676,6,0.9819526235368061
3,677,0,0.6417540907951307
3,677,1,0.27442011264735056
3,677,2,0.08382579655751873
3,677,3,8.645592252336625
3,677,4,17.452766236355927
3,677,5,35.587409192987586
3,677,6,0.9796407035385987
3,678,0,0.7268039975314391
3,678,1,0.23255691984566595
3,678,2,0.040639082622894944
3,678,3,8.670803701652861
3,678,4,22.929791016871214
3,678,5,46.800795413539646
3,678,6,0.9802348010212572
3,679,0,0.7898981621845034
3,679,1,0.20706960010226846
3,679,2,0.0030322377132281425
3,679,3,8.69611417349769
3,679,4,27.589052181787622
3,679,5,63.80676166203918
3,679,6,0.9836313888353168
3,680,0,0.7915533141880514
3,680,1,0.2055548670586016
3,680,2,0.0028918187533469066
3,680,3,8.721522516073387
3,680,4,26.983669186363954
3,680,5,63.7909516508324
3,680,6,0.9828785803668909
3,681,0,0.795615898549311
3,681,1,0.20173430027406128
3,681,2,0.0026498011766277244
3,681,3,8.747031492687189
3,681,4,26.540678438089785
3,681,5,63.77750841274151
3,681,6,0.9827838978992218
3,682,0,0.7710926134594382
3,682,1,0.22797995357864248
3,682,2,0.0009274329619192646
3,682,3,8.772644130331061
3,682,4,26.41635921086768
3,682,5,63.76310083499696
3,682,6,0.9549534867432944
3,683,0,0.802419463867546
3,683,1,0.19499916607286952
3,683,2,0.002581370059584427
3,683,3,8.7983637681299
3,683,4,25.418340141684887
3,683,5,63.76045107588725
3,683,6,0.9824716740519027
3,684,0,0.8057029835009194
3,684,1,0.19174087101511195
3,684,2,0.0025561454839686535
3,684,3,8.824194120150382
3,684,4,24.83415226685475
3,684,5,63.75992735033906
3,684,6,0.9829002329625299
3,685,0,0.7849238044827422
3,685,1,0.21421852778493994
3,685,2,0.0008576677323178905
3,685,3,8.85013935888028
3,685,4,24.82515838589454
3,685,5,63.75260001836507
3,685,6,0.9572880216832063
3,686,0,0.7642631628065468
3,686,1,0.23573683719345326
3,686,2,0.0
3,686,3,8.876204229625015
3,686,4,24.575556608213695
3,686,5,63.78181990635531
3,686,6,0.9327647401361185
3,687,0,0.7700204205533282
3,687,1,0.2299795794466718
3,687,2,0.0
3,687,3,8.902394213424518
3,687,4,24.090516672491262
3,687,5,63.79771636463898
3,687,6,0.9338362819355368
3,688,0,0.7777244924460547
3,688,1,0.22227550755394532
3,688,2,0.0
3,688,3,8.928715770992257
3,688,4,23.78439514948996
3,688,5,63.83407115588225
3,688,6,0.9343479723598069
3,689,0,0.8079836397670345
3,689,1,0.191200775824021
3,689,2,0.0008155844089445307
3,689,3,8.95517673373837
3,689,4,22.961352184080344
3,689,5,63.825143468872426
3,689,6,0.9617356965059753
3,690,0,0.7851079809649506
3,690,1,0.2148920190350494
3,690,2,0.0
3,690,3,8.981786995621151
3,690,4,22.4990370370396
3,690,5,63.87105595038197
3,690,6,0.941294704187825
3,691,0,0.7917067972858682
3,691,1,0.2082932027141317
3,691,2,0.0
3,691,3,9.008559946759263
3,691,4,22.079842921788675
3,691,5,64.41385360709916
3,691,6,0.9427844890436723
3,692,0,0.8016668914112226
3,692,1,0.19833310858877737
3,692,2,0.0
3,692,3,9.035516515798038
3,692,4,21.87063361319025
3,692,5,64.40848686785529
3,692,6,0.9428655729115887
3,693,0,0.8245246178823115
3,693,1,0.17384199528906763
3,693,2,0.0016333868286209701
3,693,3,9.06273785156014
3,693,4,20.82235715170188
3,693,5,65.59796177733548
3,693,6,0.9663875126117872
3,694,0,0.8447901384638653
3,694,1,0.15240583802437474
3,694,2,0.0028040235117599336
3,694,3,9.090300557948023
3,694,4,19.836317244107825
3,694,5,65.6601203050424
3,694,6,0.9897653930503352
3,695,0,0.8476167574809804
3,695,1,0.1493815062374953
3,695,2,0.0030017362815242758
3,695,3,9.11828542483383
3,695,4,19.399310709824825
3,695,5,65.71983475088008
3,695,6,0.9906747374180019
3,696,0,0.8480587147455677
3,696,1,0.14863234049433918
3,696,2,0.003308944760093145
3,696,3,9.146691679741984
3,696,4,18.88399251917949
3,696,5,65.79023546197055
3,696,6,0.9915021091232392
3,697,0,0.8482581736017886
3,697,1,0.14808007065233403
3,697,2,0.003661755745877371
3,697,3,9.175596564782655
3,697,4,18.40396801737983
3,697,5,65.87902404764371
3,697,6,0.9912880982170917
3,698,0,0.8459662795615784
3,698,1,0.1493077328361327
3,698,2,0.0047259876022888656
3,698,3,9.221543022051247
3,698,4,17.676988027577107
3,698,5,66.13398942529435
3,698,6,0.9927282496932626
3,699,0,0.844782236278929
3,699,1,0.14981270411345005
3,699,2,0.0054050596076209685
3,699,3,9.251855210085967
3,699,4,17.231824577945616
3,699,5,66.31273749858482
3,699,6,0.9936280045385015
3,700,0,0.8417903719677777
3,700,1,0.15163014270979508
3,700,2,0.006579485322427114
3,700,3,9.268925313615561
3,700,4,16.953795600755505
3,700,5,66.59783337668318
3,700,6,0.9948658538816828
3,701,0,0.8363247141313557
3,701,1,0.15571721636277597
3,701,2,0.007958069505868397
3,701,3,9.300070583598139
3,701,4,16.475316430121765
3,701,5,66.63605465758593
3,701,6,0.9952038558131585
3,702,0,0.8320547497390804
3,702,1,0.1579741667932611
3,702,2,0.009971083467658457
3,702,3,9.33175262469106
3,702,4,15.988227159461488
3,702,5,66.6834939901819
3,702,6,0.9965101765635672
3,703,0,0.8575405502358743
3,703,1,0.12929936735780362
3,703,2,0.013160082406322089
3,703,3,9.363965194272446
3,703,4,16.482681879182415
3,703,5,84.02930887983081
3,703,6,0.9986798083062782
3,704,0,0.8626530908347831
3,704,1,0.12084104945227889
3,704,2,0.016505859712937977
3,704,3,9.396704336599633
3,704,4,16.298679256951612
3,704,5,84.03897757204268
3,704,6,1.000822401256109
3,705,0,0.8613428384869337
3,705,1,0.11631968217003935
3,705,2,0.022337479343026934
3,705,3,9.429963805089738
3,705,4,15.97646191011317
3,705,5,84.05611675690969
3,705,6,1.005304859888377
3,706,0,0.8486773019135452
3,706,1,0.12053880970662342
3,706,2,0.030783888379831363
3,706,3,9.463738114786263
3,706,4,15.75051631010437
3,706,5,84.09954439011665
3,706,6,1.006410731784018
3,707,0,0.8547676847791363
3,707,1,0.10349888051688569
3,707,2,0.04173343470397796
3,707,3,9.498022359621665
3,707,4,15.686884885455111
3,707,5,84.0874533516625
3,707,6,1.014830819671069
3,708,0,0.8410749503351296
3,708,1,0.09949017627868617
3,708,2,0.05943487338618428
3,708,3,9.532808797180074
3,708,4,15.623154024486398
3,708,5,84.07535834025299
3,708,6,1.0163578741930246
3,709,0,0.8286657775953121
3,709,1,0.08250780552129205
3,709,2,0.08882641688339583
3,709,3,9.56809575887688
3,709,4,15.561064251483955
3,709,5,84.06325671172095
3,709,6,1.0310546874867246
3,710,0,0.38970318631266376
3,710,1,0.06370902697105461
3,710,2,0.014487786716281809
3,710,3,4.285885436548951
3,710,4,6.547353312556252
3,710,5,33.740123663544416
3,710,6,0.46830424035982215
3,711,0,0.3933947432462768
3,711,1,0.05411429504842568
3,711,2,0.02039096170529769
3,711,3,4.30206299700536
3,711,4,6.513190444977892
3,711,5,33.73368530872924
3,711,6,0.4729285104112566
3,712,0,0.38692973822812265
3,712,1,0.0502728658308922
3,712,2,0.0306973959409853
3,712,3,4.318465632924367
3,712,4,6.479366893885409
3,712,5,33.72722398289609
3,712,6,0.47361046982719496
3,713,0,0.3757222886014675
3,713,1,0.04839692119589221
3,713,2,0.043780790202640474
3,713,3,4.335090789459974
3,713,4,6.445214908060098
3,713,5,33.72079755590145
3,713,6,0.4710211720078603
3,714,0,0.0
3,714,1,0.0
3,714,2,0.0
3,714,3,0.0
3,714,4,0.0
3,714,5,0.0
3,714,6,0.0
3,715,0,0.0
3,715,1,0.0
3,715,2,0.0
3,715,3,0.0
3,715,4,0.0
3,715,5,0.0
3,715,6,0.0
3,716,0,0.0
3,716,1,0.0
3,716,2,0.0
3,716,3,0.0
3,716,4,0.0
3,716,5,0.0
3,716,6,0.0
3,717,0,0.0
3,717,1,0.0
3,717,2,0.0
3,717,3,0.0
3,717,4,0.0
3,717,5,0.0
3,717,6,0.0
3,718,0,0.0
3,718,1,0.0
3,718,2,0.0
3,718,3,0.0
3,718,4,0.0
3,718,5,0.0
3,718,6,0.0
3,719,0,0.0
3,719,1,0.0
3,719,2,0.0
3,719,3,0.0
3,719,4,0.0
3,719,5,0.0
3,719,6,0.0
3,720,0,0.0
3,720,1,0.0
3,720,2,0.0
3,720,3,0.0
3,720,4,0.0
3,720,5,0.0
3,720,6,0.0
3,721,0,0.0
3,721,1,0.0
3,721,2,0.0
3,721,3,0.0
3,721,4,0.0
3,721,5,0.0
3,721,6,0.0
3,722,0,0.0
3,722,1,0.0
3,722,2,0.0
3,722,3,0.0
3,722,4,0.0
3,722,5,0.0
3,722,6,0.0
3,723,0,0.0
3,723,1,0.0
3,723,2,0.0
3,723,3,0.0
3,723,4,0.0
3,723,5,0.0
3,723,6,0.0
3,724,0,0.0
3,724,1,0.0
3,724,2,0.0
3,724,3,0.0
3,724,4,0.0
3,724,5,0.0
3,724,6,0.0
3,725,0,0.0
3,725,1,0.0
3,725,2,0.0
3,725,3,0.0
3,725,4,0.0
3,725,5,0.0
3,725,6,0.0
3,726,0,0.0
3,726,1,0.0
3,726,2,0.0
3,726,3,0.0
3,726,4,0.0
3,726,5,0.0
3,726,6,0.0
3,727,0,0.0
3,727,1,0.0
3,727,2,0.0
3,727,3,0.0
3,727,4,0.0
3,727,5,0.0
3,727,6,0.0
3,728,0,0.0
3,728,1,0.0
3,728,2,0.0
3,728,3,0.0
3,728,4,0.0
3,728,5,0.0
3,728,6,0.0
3,729,0,0.0
3,729,1,0.0
3,729,2,0.0
3,729,3,0.0
3,729,4,0.0
3,729,5,0.0
3,729,6,0.0
3,730,0,0.0
3,730,1,0.0
3,730,2,0.0
3,730,3,0.0
3,730,4,0.0
3,730,5,0.0
3,730,6,0.0
3,731,0,0.0
3,731,1,0.0
3,731,2,0.0
3,731,3,0.0
3,731,4,0.0
3,731,5,0.0
3,731,6,0.0
3,732,0,0.0
3,732,1,0.0
3,732,2,0.0
3,732,3,0.0
3,732,4,0.0
3,732,5,0.0
3,732,6,0.0
3,733,0,0.0
3,733,1,0.0
3,733,2,0.0
3,733,3,0.0
3,733,4,0.0
3,733,5,0.0
3,733,6,0.0
3,734,0,0.0
3,734,1,0.0
3,734,2,0.0
3,734,3,0.0
3,734,4,0.0
3,734,5,0.0
3,734,6,0.0
3,735,0,0.0
3,735,1,0.0
3,735,2,0.0
3,735,3,0.0
3,735,4,0.0
3,735,5,0.0
3,735,6,0.0
3,736,0,0.0
3,736,1,0.0
3,736,2,0.0
3,736,3,0.0
3,736,4,0.0
3,736,5,0.0
3,736,6,0.0
3,737,0,0.0
3,737,1,0.0
3,737,2,0.0
3,737,3,0.0
3,737,4,0.0
3,737,5,0.0
3,737,6,0.0
3,738,0,0.0
3,738,1,0.0
3,738,2,0.0
3,738,3,0.0
3,738,4,0.0
3,738,5,0.0
3,738,6,0.0
3,739,0,0.0
3,739,1,0.0
3,739,2,0.0
3,739,3,0.0
3,739,4,0.0
3,739,5,0.0
3,739,6,0.0
3,740,0,0.0
3,740,1,0.0
3,740,2,0.0
3,740,3,0.0
3,740,4,0.0
3,740,5,0.0
3,740,6,0.0
3,741,0,0.0
3,741,1,0.0
3,741,2,0.0
3,741,3,0.0
3,741,4,0.0
3,741,5,0.0
3,741,6,0.0
3,742,0,0.0
3,742,1,0.0
3,742,2,0.0
3,742,3,0.0
3,742,4,0.0
3,742,5,0.0
3,742,6,0.0
3,743,0,0.0
3,743,1,0.0
3,743,2,0.0
3,743,3,0.0
3,743,4,0.0
3,743,5,0.0
3,743,6,0.0
3,744,0,0.0
3,744,1,0.0
3,744,2,0.0
3,744,3,0.0
3,744,4,0.0
3,744,5,0.0
3,744,6,0.0
3,745,0,0.0
3,745,1,0.0
3,745,2,0.0
3,745,3,0.0
3,745,4,0.0
3,745,5,0.0
3,745,6,0.0
3,746,0,0.0
3,746,1,0.0
3,746,2,0.0
3,746,3,0.0
3,746,4,0.0
3,746,5,0.0
3,746,6,0.0
3,747,0,0.0
3,747,1,0.0
3,747,2,0.0
3,747,3,0.0
3,747,4,0.0
3,747,5,0.0
3,747,6,0.0
3,748,0,0.0
3,748,1,0.0
3,748,2,0.0
3,748,3,0.0
3,748,4,0.0
3,748,5,0.0
3,748,6,0.0
3,749,0,0.0
3,749,1,0.0
3,749,2,0.0
3,749,3,0.0
3,749,4,0.0
3,749,5,0.0
3,749,6,0.0
3,750,0,0.0
3,750,1,0.0
3,750,2,0.0
3,750,3,0.0
3,750,4,0.0
3,750,5,0.0
3,750,6,0.0
3,751,0,0.0
3,751,1,0.0
3,751,2,0.0
3,751,3,0.0
3,751,4,0.0
3,751,5,0.0
3,751,6,0.0
3,752,0,0.0
3,752,1,0.0
3,752,2,0.0
3,752,3,0.0
3,752,4,0.0
3,752,5,0.0
3,752,6,0.0
3,753,0,0.0
3,753,1,0.0
3,753,2,0.0
3,753,3,0.0
3,753,4,0.0
3,753,5,0.0
3,753,6,0.0
3,754,0,0.0
3,754,1,0.0
3,754,2,0.0
3,754,3,0.0
3,754,4,0.0
3,754,5,0.0
3,754,6,0.0
3,755,0,0.0
3,755,1,0.0
3,755,2,0.0
3,755,3,0.0
3,755,4,0.0
3,755,5,0.0
3,755,6,0.0
3,756,0,0.0
3,756,1,0.0
3,756,2,0.0
3,756,3,0.0
3,756,4,0.0
3,756,5,0.0
3,756,6,0.0
3,757,0,0.0
3,757,1,0.0
3,757,2,0.0
3,757,3,0.0
3,757,4,0.0
3,757,5,0.0
3,757,6,0.0
3,758,0,0.0
3,758,1,0.0
3,758,2,0.0
3,758,3,0.0
3,758,4,0.0
3,758,5,0.0
3,758,6,0.0
3,759,0,0.0
3,759,1,0.0
3,759,2,0.0
3,759,3,0.0
3,759,4,0.0
3,759,5,0.0
3,759,6,0.0
3,760,0,0.0
3,760,1,0.0
3,760,2,0.0
3,760,3,0.0
3,760,4,0.0
3,760,5,0.0
3,760,6,0.0
3,761,0,0.0
3,761,1,0.0
3,761,2,0.0
3,761,3,0.0
3,761,4,0.0
3,761,5,0.0
3,761,6,0.0
3,762,0,0.0
3,762,1,0.0
3,762,2,0.0
3,762,3,0.0
3,762,4,0.0
3,762,5,0.0
3,762,6,0.0
3,763,0,0.0
3,763,1,0.0
3,763,2,0.0
3,763,3,0.0
3,763,4,0.0
3,763,5,0.0
3,763,6,0.0
3,764,0,0.0
3,764,1,0.0
3,764,2,0.0
3,764,3,0.0
3,764,4,0.0
3,764,5,0.0
3,764,6,0.0
3,765,0,0.0
3,765,1,0.0
3,765,2,0.0
3,765,3,0.0
3,765,4,0.0
3,765,5,0.0
3,765,6,0.0
3,766,0,0.0
3,766,1,0.0
3,766,2,0.0
3,766,3,0.0
3,766,4,0.0
3,766,5,0.0
3,766,6,0.0
3,767,0,0.0
3,767,1,0.0
3,767,2,0.0
3,767,3,0.0
3,767,4,0.0
3,767,5,0.0
3,767,6,0.0
3,768,0,0.0
3,768,1,0.0
3,768,2,0.0
3,768,3,0.0
3,768,4,0.0
3,768,5,0.0
3,768,6,0.0
3,769,0,0.0
3,769,1,0.0
3,769,2,0.0
3,769,3,0.0
3,769,4,0.0
3,769,5,0.0
3,769,6,0.0
3,770,0,0.0
3,770,1,0.0
3,770,2,0.0
3,770,3,0.0
3,770,4,0.0
3,770,5,0.0
3,770,6,0.0
3,771,0,0.0
3,771,1,0.0
3,771,2,0.0
3,771,3,0.0
3,771,4,0.0
3,771,5,0.0
3,771,6,0.0
3,772,0,0.0
3,772,1,0.0
3,772,2,0.0
3,772,3,0.0
3,772,4,0.0
3,772,5,0.0
3,772,6,0.0
3,773,0,0.0
3,773,1,0.0
3,773,2,0.0
3,773,3,0.0
3,773,4,0.0
3,773,5,0.0
3,773,6,0.0
3,774,0,0.0
3,774,1,0.0
3,774,2,0.0
3,774,3,0.0
3,774,4,0.0
3,774,5,0.0
3,774,6,0.0
3,775,0,0.0
3,775,1,0.0
3,775,2,0.0
3,775,3,0.0
3,775,4,0.0
3,775,5,0.0
3,775,6,0.0
3,776,0,0.0
3,776,1,0.0
3,776,2,0.0
3,776,3,0.0
3,776,4,0.0
3,776,5,0.0
3,776,6,0.0
3,777,0,0.0
3,777,1,0.0
3,777,2,0.0
3,777,3,0.0
3,777,4,0.0
3,777,5,0.0
3,777,6,0.0
3,778,0,0.0
3,778,1,0.0
3,778,2,0.0
3,778,3,0.0
3,778,4,0.0
3,778,5,0.0
3,778,6,0.0
3,779,0,0.0
3,779,1,0.0
3,779,2,0.0
3,779,3,0.0
3,779,4,0.0
3,779,5,0.0
3,779,6,0.0
3,780,0,0.0
3,780,1,0.0
3,780,2,0.0
3,780,3,0.0
3,780,4,0.0
3,780,5,0.0
3,780,6,0.0
3,781,0,0.0
3,781,1,0.0
3,781,2,0.0
3,781,3,0.0
3,781,4,0.0
3,781,5,0.0
3,781,6,0.0
3,782,0,0.0
3,782,1,0.0
3,782,2,0.0
3,782,3,0.0
3,782,4,0.0
3,782,5,0.0
3,782,6,0.0
3,783,0,0.0
3,783,1,0.0
3,783,2,0.0
3,783,3,0.0
3,783,4,0.0
3,783,5,0.0
3,783,6,0.0
3,784,0,0.0
3,784,1,0.0
3,784,2,0.0
3,784,3,0.0
3,784,4,0.0
3,784,5,0.0
3,784,6,0.0
3,785,0,0.0
3,785,1,0.0
3,785,2,0.0
3,785,3,0.0
3,785,4,0.0
3,785,5,0.0
3,785,6,0.0
3,786,0,0.0
3,786,1,0.0
3,786,2,0.0
3,786,3,0.0
3,786,4,0.0
3,786,5,0.0
3,786,6,0.0
3,787,0,0.0
3,787,1,0.0
3,787,2,0.0
3,787,3,0.0
3,787,4,0.0
3,787,5,0.0
3,787,6,0.0
3,788,0,0.0
3,788,1,0.0
3,788,2,0.0
3,788,3,0.0
3,788,4,0.0
3,788,5,0.0
3,788,6,0.0
3,789,0,0.0
3,789,1,0.0
3,789,2,0.0
3,789,3,0.0
3,789,4,0.0
3,789,5,0.0
3,789,6,0.0
3,790,0,0.0
3,790,1,0.0
3,790,2,0.0
3,790,3,0.0
3,790,4,0.0
3,790,5,0.0
3,790,6,0.0
3,791,0,0.0
3,791,1,0.0
3,791,2,0.0
3,791,3,0.0
3,791,4,0.0
3,791,5,0.0
3,791,6,0.0
3,792,0,0.0
3,792,1,0.0
3,792,2,0.0
3,792,3,0.0
3,792,4,0.0
3,792,5,0.0
3,792,6,0.0
3,793,0,0.0
3,793,1,0.0
3,793,2,0.0
3,793,3,0.0
3,793,4,0.0
3,793,5,0.0
3,793,6,0.0
3,794,0,0.0
3,794,1,0.0
3,794,2,0.0
3,794,3,0.0
3,794,4,0.0
3,794,5,0.0
3,794,6,0.0
3,795,0,0.0
3,795,1,0.0
3,795,2,0.0
3,795,3,0.0
3,795,4,0.0
3,795,5,0.0
3,795,6,0.0
3,796,0,0.0
3,796,1,0.0
3,796,2,0.0
3,796,3,0.0
3,796,4,0.0
3,796,5,0.0
3,796,6,0.0
3,797,0,0.0
3,797,1,0.0
3,797,2,0.0
3,797,3,0.0
3,797,4,0.0
3,797,5,0.0
3,797,6,0.0
3,798,0,0.0
3,798,1,0.0
3,798,2,0.0
3,798,3,0.0
3,798,4,0.0
3,798,5,0.0
3,798,6,0.0
3,799,0,0.0
3,799,1,0.0
3,799,2,0.0
3,799,3,0.0
3,799,4,0.0
3,799,5,0.0
3,799,6,0.0
4,0,0,0.9912234601255161
4,0,1,0.0038605331514335378
4,0,2,0.004916006723050402
4,0,3,0.12102144581001541
4,0,4,9.562038908457035
4,0,5,44.862525456620766
4,0,6,1.0061198606170667
4,1,0,0.9912234601255161
4,1,1,0.0038605331514335378
4,1,2,0.004916006723050402
4,1,3,0.12102144581001541
4,1,4,9.562038908457035
4,1,5,44.862525456620766
4,1,6,1.0061198606170667
4,2,0,0.9912234601255161
4,2,1,0.0038605331514335378
4,2,2,0.004916006723050402
4,2,3,0.12102144581001541
4,2,4,9.562038908457035
4,2,5,44.862525456620766
4,2,6,1.0061198606170667
4,3,0,0.9912234601255161
4,3,1,0.0038605331514335378
4,3,2,0.004916006723050402
4,3,3,0.12102144581001541
4,3,4,9.562038908457035
4,3,5,44.862525456620766
4,3,6,1.0061198606170667
4,4,0,0.9912234601255161
4,4,1,0.0038605331514335378
4,4,2,0.004916006723050402
4,4,3,0.12102144581001541
4,4,4,9.562038908457035
4,4,5,44.862525456620766
4,4,6,1.0061198606170667
4,5,0,0.9912234601255161
4,5,1,0.0038605331514335378
4,5,2,0.004916006723050402
4,5,3,0.12102144581001541
4,5,4,9.562038908457035
4,5,5,44.862525456620766
4,5,6,1.0061198606170667
4,6,0,0.9912234601255161
4,6,1,0.0038605331514335378
4,6,2,0.004916006723050402
4,6,3,0.12102144581001541
4,6,4,9.562038908457035
4,6,5,44.862525456620766
4,6,6,1.0061198606170667
4,7,0,0.9912234601255161
4,7,1,0.0038605331514335378
4,7,2,0.004916006723050402
4,7,3,0.12102144581001541
4,7,4,9.562038908457035
4,7,5,44.862525456620766
4,7,6,1.0061198606170667
4,8,0,0.9920044627114968
4,8,1,0.003930743701254099
4,8,2,0.004064793587249122
4,8,3,0.14940007894004848
4,8,4,9.086853119805912
4,8,5,44.947974187801755
4,8,6,1.0053113417100552
4,9,0,0.9911112537840671
4,9,1,0.004514824586243244
4,9,2,0.0043739216296897095
4,9,3,0.15493492528442304
4,9,4,8.356509641512911
4,9,5,44.96670803019596
4,9,6,1.0075495964595722
4,10,0,0.9890824166957018
4,10,1,0.0062590543297576864
4,10,2,0.004658528974540434
4,10,3,0.18057049319385168
4,10,4,8.41019503062244
4,10,5,45.06224254309001
4,10,6,1.0084568604812179
4,11,0,0.9873785981015513
4,11,1,0.007754189026640948
4,11,2,0.00486721287180783
4,11,3,0.18139608427228623
4,11,4,8.506034323464878
4,11,5,45.065558238962474
4,11,6,1.0107344096144837
4,12,0,0.9854034865039957
4,12,1,0.009342244740910813
4,12,2,0.0052542687550935505
4,12,3,0.193671500920181
4,12,4,8.121993135065553
4,12,5,45.116611688697056
4,12,6,1.009207048856434
4,13,0,0.9834656326287767
4,13,1,0.011098358410343468
4,13,2,0.005436008960879759
4,13,3,0.19657359117995746
4,13,4,8.53032661881218
4,13,5,45.129161046372054
4,13,6,1.0102273275339757
4,14,0,0.9819980720809387
4,14,1,0.012586902010959416
4,14,2,0.005415025908101928
4,14,3,0.20038494856037925
4,14,4,8.711545062016933
4,14,5,45.14592038722376
4,14,6,1.0107882962836792
4,15,0,0.9800829559907732
4,15,1,0.01438057718841132
4,15,2,0.005536466820815453
4,15,3,0.20452124077370382
4,15,4,8.82964355066282
4,15,5,45.16446543387418
4,15,6,1.011242784565517
4,16,0,0.9780599855484037
4,16,1,0.01620087215230008
4,16,2,0.005739142299296286
4,16,3,0.20417946754758426
4,16,4,8.549060979311225
4,16,5,45.162919026210155
4,16,6,1.0099067639359098
4,17,0,0.9759006086118817
4,17,1,0.018217260901081406
4,17,2,0.005882130487036937
4,17,3,0.21554968076040582
4,17,4,8.978835985095698
4,17,5,45.215723646491746
4,17,6,1.0104486589332478
4,18,0,0.9736827614299939
4,18,1,0.020406374373668254
4,18,2,0.0059108641963379
4,18,3,0.2112927006128318
4,18,4,9.203529635362072
4,18,5,45.19562595353962
4,18,6,1.0103162894365094
4,19,0,0.9714460129395152
4,19,1,0.022254065323924058
4,19,2,0.006299921736560791
4,19,3,0.20630628606604917
4,19,4,9.203773595392049
4,19,5,45.1725833185392
4,19,6,1.0099929830206316
4,20,0,0.96940041525877
4,20,1,0.024313233469103274
4,20,2,0.006286351272126798
4,20,3,0.20956367275128776
4,20,4,9.258406557763607
4,20,5,45.187574984026405
4,20,6,1.0098198626967692
4,21,0,0.9679367430944033
4,21,1,0.025718947452324566
4,21,2,0.006344309453272218
4,21,3,0.2168144349232781
4,21,4,9.467067247295205
4,21,5,45.22177019081739
4,21,6,1.0096525637078264
4,22,0,0.9655883813386543
4,22,1,0.027736549159399864
4,22,2,0.006675069501945796
4,22,3,0.21502726624418153
4,22,4,9.473839933398363
4,22,5,45.213236172922265
4,22,6,1.0093363649120903
4,23,0,0.9638642141217443
4,23,1,0.02924402116520789
4,23,2,0.006891764713047838
4,23,3,0.22269747531647247
4,23,4,9.569197252962057
4,23,5,45.25034989381111
4,23,6,1.0093138597760087
4,24,0,0.9619885788524867
4,24,1,0.031078521621935532
4,24,2,0.006932899525577745
4,24,3,0.2190432984335857
4,24,4,9.90402606043341
4,24,5,45.232510062881374
4,24,6,1.009833266024592
4,25,0,0.9600374240614008
4,25,1,0.03302729880415446
4,25,2,0.006935277134444772
4,25,3,0.2232000432952149
4,25,4,10.112886558457635
4,25,5,45.25282598166645
4,25,6,1.0098883399372898
4,26,0,0.957559577433422
4,26,1,0.03500508007736224
4,26,2,0.007435342489215742
4,26,3,0.22770265822022126
4,26,4,10.030686230060025
4,26,5,45.27525262834604
4,26,6,1.00903594742289
4,27,0,0.9559016497428332
4,27,1,0.03641574305793006
4,27,2,0.007682607199236761
4,27,3,0.21308131236658848
4,27,4,10.326590463758775
4,27,5,45.2040224502186
4,27,6,1.0110935881838514
4,28,0,0.9549978738513379
4,28,1,0.03748711894959006
4,28,2,0.0075150071990720095
4,28,3,0.23131239662607003
4,28,4,10.745725134519407
4,28,5,45.29354727588574
4,28,6,1.0099533594043546
4,29,0,0.9526858844232057
4,29,1,0.039254951425754116
4,29,2,0.008059164151040172
4,29,3,0.2221346048195619
4,29,4,10.795955796562255
4,29,5,45.24758316925163
4,29,6,1.0104657718517638
4,30,0,0.9504914974579242
4,30,1,0.04123055484753246
4,30,2,0.008277947694543352
4,30,3,0.2226856238348875
4,30,4,10.807176227309867
4,30,5,45.250291568814596
4,30,6,1.0104323259494454
4,31,0,0.9487717119075245
4,31,1,0.04304117121880726
4,31,2,0.008187116873668236
4,31,3,0.22558021788830382
4,31,4,11.13389675555774
4,31,5,45.26462674873763
4,31,6,1.0108011868010929
4,32,0,0.9473862707790566
4,32,1,0.044448319419779385
4,32,2,0.008165409801164095
4,32,3,0.23255915491283852
4,32,4,11.448710228062343
4,32,5,45.29993113166701
4,32,6,1.0108688846669753
4,33,0,0.9453647694450628
4,33,1,0.04612222973902058
4,33,2,0.008513000815916612
4,33,3,0.22553149004093104
4,33,4,11.574091787583999
4,33,5,45.264383934834264
4,33,6,1.0111295923274581
4,34,0,0.9439259063015286
4,34,1,0.04757783553204262
4,34,2,0.008496258166428758
4,34,3,0.23170703172021884
4,34,4,11.811790328642601
4,34,5,45.29556433635191
4,34,6,1.0108360857205914
4,35,0,0.9424200799970835
4,35,1,0.04888374521609477
4,35,2,0.008696174786821703
4,35,3,0.23449411461316347
4,35,4,12.061912886862931
4,35,5,45.30990498542467
4,35,6,1.0111943239565806
4,36,0,0.9411027852119136
4,36,1,0.04992592236429176
4,36,2,0.008971292423794628
4,36,3,0.236520449545064
4,36,4,12.174806842247323
4,36,5,45.320436042176375
4,36,6,1.0112672676376246
4,37,0,0.9389830297320808
4,37,1,0.05180549169799165
4,37,2,0.009211478569927547
4,37,3,0.2476742116919756
4,37,4,12.333103072634039
4,37,5,45.379979232446125
4,37,6,1.0106951150682792
4,38,0,0.9374576815859179
4,38,1,0.05330182024523937
4,38,2,0.00924049816884266
4,38,3,0.24413066683495904
4,38,4,12.541685637372131
4,38,5,45.36077360990751
4,38,6,1.011779437396982
4,39,0,0.9361565537760856
4,39,1,0.054177812024519295
4,39,2,0.00966563419939502
4,39,3,0.24186639873450297
4,39,4,12.562833771906936
4,39,5,45.348642260125025
4,39,6,1.0117442206150062
4,40,0,0.9347594584219892
4,40,1,0.055487637148074136
4,40,2,0.00975290442993677
4,40,3,0.24629825148225934
4,40,4,12.790213998434202
4,40,5,45.37248977831411
4,40,6,1.0126044445190765
4,41,0,0.9334008380319172
4,41,1,0.05712869788484769
4,41,2,0.009470464083235106
4,41,3,0.250473573006989
4,41,4,13.078128835264598
4,41,5,45.395341289331526
4,41,6,1.0123273165822881
4,42,0,0.9319076196906785
4,42,1,0.058341175211998234
4,42,2,0.009751205097323322
4,42,3,0.25591484232533995
4,42,4,13.269650540523667
4,42,5,45.42568003368143
4,42,6,1.0120810275300651
4,43,0,0.9304858164707219
4,43,1,0.05933083832638556
4,43,2,0.010183345202892552
4,43,3,0.2523891630850049
4,43,4,13.34263771761246
4,43,5,45.405949936574935
4,43,6,1.0124256173310475
4,44,0,0.9295658564741249
4,44,1,0.06000874082430913
4,44,2,0.010425402701565991
4,44,3,0.2575290278048215
4,44,4,13.636536775411983
4,44,5,45.434801641055905
4,44,6,1.0128044262658997
4,45,0,0.9279312532504523
4,45,1,0.06166687692639401
4,45,2,0.01040186982315369
4,45,3,0.26284999484506616
4,45,4,13.71479983704119
4,45,5,45.46526278149123
4,45,6,1.0126383699435577
4,46,0,0.9261774752164609
4,46,1,0.0628371669743602
4,46,2,0.010985357809178887
4,46,3,0.26601169892219234
4,46,4,13.777132120071556
4,46,5,45.483647874411645
4,46,6,1.0127185672600647
4,47,0,0.925001017296283
4,47,1,0.06418021807015761
4,47,2,0.010818764633559377
4,47,3,0.262148658367787
4,47,4,14.00997477223259
4,47,5,45.46121334812821
4,47,6,1.0140160253945278
4,48,0,0.9237347015479143
4,48,1,0.06449526083523367
4,48,2,0.011770037616852105
4,48,3,0.2716109609378048
4,48,4,14.007808262468071
4,48,5,45.516727849237554
4,48,6,1.0132320925492744
4,49,0,0.9226632358578436
4,49,1,0.06586237620423932
4,49,2,0.011474387937917063
4,49,3,0.275146768652196
4,49,4,14.316901899716566
4,49,5,45.53795937786129
4,49,6,1.0136991875998451
4,50,0,0.9215576888058702
4,50,1,0.06699214980401547
4,50,2,0.011450161390114339
4,50,3,0.27477452168498945
4,50,4,14.443579502991154
4,50,5,45.535711675202954
4,50,6,1.0144486917993896
4,51,0,0.9199730684252537
4,51,1,0.068218279719085
4,51,2,0.01180865185566128
4,51,3,0.27820247021463795
4,51,4,14.675784146943624
4,51,5,45.556521096694006
4,51,6,1.0139623377605549
4,52,0,0.9186157862625648
4,52,1,0.06955514999439791
4,52,2,0.01182906374303732
4,52,3,0.2862794766747193
4,52,4,14.875200126408249
4,52,5,45.60653394816527
4,52,6,1.0145793847337568
4,53,0,0.9172958314804385
4,53,1,0.07049847154018919
4,53,2,0.012205696979372278
4,53,3,0.2827697668526098
4,53,4,14.847104373005589
4,53,5,45.58463272908842
4,53,6,1.0145810337915686
4,54,0,0.9156293506233538
4,54,1,0.0714374018676459
4,54,2,0.012933247509000245
4,54,3,0.2814989468515846
4,54,4,14.850171574998793
4,54,5,45.576766636945095
4,54,6,1.0148346725044641
4,55,0,0.9140865007668217
4,55,1,0.07300058341202932
4,55,2,0.0129129158211489
4,55,3,0.28735297501154794
4,55,4,14.994651060374974
4,55,5,45.61328460271182
4,55,6,1.0147892226708968
4,56,0,0.9129407138322663
4,56,1,0.07349965700980801
4,56,2,0.013559629157925659
4,56,3,0.294420648872831
4,56,4,14.99874264658211
4,56,5,45.65833460040673
4,56,6,1.0140974537522571
4,57,0,0.9117995014514534
4,57,1,0.07476420954109998
4,57,2,0.013436289007446662
4,57,3,0.2929462097300659
4,57,4,15.213224806821835
4,57,5,45.648849731348236
4,57,6,1.014366183154488
4,58,0,0.9110206102868563
4,58,1,0.07517112261152842
4,58,2,0.01380826710161522
4,58,3,0.2997677774952374
4,58,4,15.2808098466116
4,58,5,45.69311458441451
4,58,6,1.0148630916529993
4,59,0,0.9097969988161736
4,59,1,0.07619628769612742
4,59,2,0.014006713487699045
4,59,3,0.3065368314855187
4,59,4,15.496128923195634
4,59,5,45.738002023013436
4,59,6,1.0143732246690964
4,60,0,0.9084222933899032
4,60,1,0.07707652708170969
4,60,2,0.014501179528387096
4,60,3,0.3032288242467719
4,60,4,15.575235605342723
4,60,5,45.71594601289664
4,60,6,1.0149013446528303
4,61,0,0.9069440301938563
4,61,1,0.07821459437088481
4,61,2,0.014841375435258954
4,61,3,0.3061852985068537
4,61,4,15.685654077998507
4,61,5,45.7356473335814
4,61,6,1.0154510376652215
4,62,0,0.905345414153271
4,62,1,0.07987777320967558
4,62,2,0.014776812637053433
4,62,3,0.3104603279644387
4,62,4,15.90739231002756
4,62,5,45.7644579913254
4,62,6,1.0157916609252544
4,63,0,0.9047696844216562
4,63,1,0.08019090869279676
4,63,2,0.015039406885547075
4,63,3,0.3172013799434324
4,63,4,15.978742340867823
4,63,5,45.810661591359036
4,63,6,1.015573540508896
4,64,0,0.9034791516879745
4,64,1,0.08070352837055965
4,64,2,0.01581731994146575
4,64,3,0.31938826714885316
4,64,4,16.170487859050063
4,64,5,45.82585367663484
4,64,6,1.0156495938579975
4,65,0,0.9018943832025595
4,65,1,0.08155185117137596
4,65,2,0.0165537656260645
4,65,3,0.3231990528889252
4,65,4,16.04711546979325
4,65,5,45.85256402632571
4,65,6,1.0151725901984265
4,66,0,0.9010647652119037
4,66,1,0.08315518678771823
4,66,2,0.015780048000378126
4,66,3,0.32958274415675703
4,66,4,16.347219473412455
4,66,5,45.897982365741285
4,66,6,1.0160139133906303
4,67,0,0.9001462288089886
4,67,1,0.08350206626872603
4,67,2,0.016351704922285295
4,67,3,0.3302777608934772
4,67,4,16.542184542397873
4,67,5,45.90237467555201
4,67,6,1.0164330594204134
4,68,0,0.8991252510483467
4,68,1,0.08464890195748843
4,68,2,0.01622584699416485
4,68,3,0.33588629265382464
4,68,4,16.58310694858546
4,68,5,45.94365681563376
4,68,6,1.017100382700572
4,69,0,0.8980871277297263
4,69,1,0.08444855048160628
4,69,2,0.017464321788667424
4,69,3,0.33782043717528326
4,69,4,16.5435447336005
4,69,5,45.95730305137646
4,69,6,1.0171028587740456
4,70,0,0.8971308094027415
4,70,1,0.0845886606675798
4,70,2,0.01828052992967876
4,70,3,0.3496379679816903
4,70,4,16.756098827499528
4,70,5,45.16306804015648
4,70,6,1.016618558809853
4,71,0,0.8964328177850879
4,71,1,0.08535305365963552
4,71,2,0.0182141285552766
4,71,3,0.3468216911390987
4,71,4,16.81630708566568
4,71,5,45.185363123541556
4,71,6,1.0172501920690722
4,72,0,0.8949610448822685
4,72,1,0.08651329759891123
4,72,2,0.018525657518820262
4,72,3,0.352419339647955
4,72,4,16.87626861544008
4,72,5,45.20835533546804
4,72,6,1.0179283787393012
4,73,0,0.8934908322600335
4,73,1,0.08796237933076263
4,73,2,0.01854678840920394
4,73,3,0.35901395891230803
4,73,4,16.935601095308602
4,73,5,46.11822874627654
4,73,6,1.017547553965826
4,74,0,0.8919820455178937
4,74,1,0.08845981064443384
4,74,2,0.01955814383767241
4,74,3,0.35610611516665647
4,74,4,16.818515318744254
4,74,5,45.25646959181174
4,74,6,1.0178557397335453
4,75,0,0.8912050114855425
4,75,1,0.08817268453697154
4,75,2,0.020622303977485875
4,75,3,0.36559289886950214
4,75,4,16.877721602628117
4,75,5,45.28162713008491
4,75,6,1.0173434058238444
4,76,0,0.8901193908647842
4,76,1,0.08872317453427765
4,76,2,0.021157434600938094
4,76,3,0.3671011937770739
4,76,4,16.9368010520647
4,76,5,45.30756852948485
4,76,6,1.0183434737764951
4,77,0,0.8891682677816806
4,77,1,0.08989602973665534
4,77,2,0.02093570248166414
4,77,3,0.3721347862821311
4,77,4,16.995567978166758
4,77,5,45.33422741655521
4,77,6,1.0179818890447394
4,78,0,0.8886988662527765
4,78,1,0.08992971632904626
4,78,2,0.021371417418177285
4,78,3,0.37811567822916037
4,78,4,17.053852846602435
4,78,5,45.36164135317431
4,78,6,1.0175991791089354
4,79,0,0.8876721495443922
4,79,1,0.09006991440063755
4,79,2,0.02225793605497018
4,79,3,0.38273873127206326
4,79,4,17.11212660669916
4,79,5,45.38989467961646
4,79,6,1.0175470532199737
4,80,0,0.8872220119489302
4,80,1,0.09009497952516912
4,80,2,0.02268300852590062
4,80,3,0.3895293560088275
4,80,4,17.34273875329049
4,80,5,45.080418669478036
4,80,6,1.017725854415642
4,81,0,0.8854711996463238
4,81,1,0.09122406438470178
4,81,2,0.02330473596897445
4,81,3,0.3908835283495336
4,81,4,17.400804286054512
4,81,5,45.10226746836233
4,81,6,1.0186358154734785
4,82,0,0.8850150207120386
4,82,1,0.0917719103942213
4,82,2,0.02321306889374004
4,82,3,0.3988332995273627
4,82,4,17.458345350292266
4,82,5,45.12420482294155
4,82,6,1.018285384819838
4,83,0,0.8837651281195618
4,83,1,0.09202402873600132
4,83,2,0.02421084314443696
4,83,3,0.3978050564388278
4,83,4,17.515605959734344
4,83,5,45.146178473019035
4,83,6,1.0188921176330188
4,84,0,0.8828152794406732
4,84,1,0.09173595330837919
4,84,2,0.025448767250947583
4,84,3,0.406134890064434
4,84,4,17.52492519423606
4,84,5,44.9382822390119
4,84,6,1.01848609378168
4,85,0,0.8821503491751537
4,85,1,0.09153354714935652
4,85,2,0.026316103675489772
4,85,3,0.41208188621493735
4,85,4,17.528797009371868
4,85,5,44.70060035714947
4,85,6,1.0182582899953814
4,86,0,0.8806348490081561
4,86,1,0.09227113755738946
4,86,2,0.02709401343445443
4,86,3,0.4163291201115456
4,86,4,17.439311732684647
4,86,5,44.37466654411321
4,86,6,1.0183669860614106
4,87,0,0.8799531159606452
4,87,1,0.09278724915515041
4,87,2,0.027259634884204367
4,87,3,0.41856347261053783
4,87,4,17.497187442539605
4,87,5,44.396937813478324
4,87,6,1.019142174699269
4,88,0,0.8789571658393995
4,88,1,0.0933018253192334
4,88,2,0.02774100884136706
4,88,3,0.4255143605070715
4,88,4,17.554660917085844
4,88,5,44.41923467014435
4,88,6,1.018958316982073
4,89,0,0.8782698387161841
4,89,1,0.09225138749752901
4,89,2,0.029478773786286838
4,89,3,0.4299946912374192
4,89,4,17.41884212411164
4,89,5,44.078232934355036
4,89,6,1.0185113692261725
4,90,0,0.8771980531362409
4,90,1,0.09250873645282509
4,90,2,0.030293210410934055
4,90,3,0.4367779102779255
4,90,4,17.28511374670028
4,90,5,43.779042405388786
4,90,6,1.0182292415034133
4,91,0,0.8756068338593161
4,91,1,0.09179710018709032
4,91,2,0.032596065953593524
4,91,3,0.43938622450190157
4,91,4,16.625901978854056
4,91,5,43.71942437575219
4,91,6,1.0172087647762384
4,92,0,0.8750490872106923
4,92,1,0.09264042873383739
4,92,2,0.032310484055470316
4,92,3,0.44602395468321365
4,92,4,16.6856767747139
4,92,5,43.7420922650613
4,92,6,1.0170047957157615
4,93,0,0.8738640717818273
4,93,1,0.09242532775948806
4,93,2,0.03371060045868455
4,93,3,0.45288343117513347
4,93,4,16.744925221513693
4,93,5,43.76482400059465
4,93,6,1.0167125150088434
4,94,0,0.8736006240972485
4,94,1,0.09194488022931789
4,94,2,0.034454495673433644
4,94,3,0.4562602599755537
4,94,4,16.804270983162787
4,94,5,43.78749531002397
4,94,6,1.017563583771396
4,95,0,0.8719173380464553
4,95,1,0.09256943800041098
4,95,2,0.03551322395313365
4,95,3,0.4665275847728957
4,95,4,16.8637128120744
4,95,5,43.81009268634473
4,95,6,1.0167499205892592
4,96,0,0.8716819805070322
4,96,1,0.09365407170688413
4,96,2,0.03466394778608377
4,96,3,0.46449807807941146
4,96,4,16.923116536236982
4,96,5,43.83274838251228
4,96,6,1.0174145697577808
4,97,0,0.8708067700000333
4,97,1,0.0940404118534676
4,97,2,0.03515281814649918
4,97,3,0.4724755415968429
4,97,4,16.98198319011577
4,97,5,43.85552872259889
4,97,6,1.0172920355406654
4,98,0,0.8700604305667272
4,98,1,0.09370637157887285
4,98,2,0.036233197854399934
4,98,3,0.4796722033773751
4,98,4,17.040704836616452
4,98,5,43.878223150741455
4,98,6,1.0170941006782535
4,99,0,0.869208789973491
4,99,1,0.09412278072876008
4,99,2,0.036668429297748925
4,99,3,0.4831997830922802
4,99,4,17.099617371991883
4,99,5,43.90084620328572
4,99,6,1.017646490958919
4,100,0,0.8682050760194964
4,100,1,0.0949330385580683
4,100,2,0.03686188542243533
4,100,3,0.4901219932748079
4,100,4,17.15838362496893
4,100,5,43.923483306293456
4,100,6,1.0176698134271327
4,101,0,0.8675075555705282
4,101,1,0.09585972344951511
4,101,2,0.03663272097995672
4,101,3,0.49580182485796137
4,101,4,17.216830621226876
4,101,5,43.9462222083102
4,101,6,1.0171660095054451
4,102,0,0.8663774855298177
4,102,1,0.0950613591241247
4,102,2,0.038561155346057585
4,102,3,0.49932691278876074
4,102,4,16.667645225496432
4,102,5,44.09012601879109
4,102,6,1.0159060856411688
4,103,0,0.8656145519266809
4,103,1,0.09478513382264421
4,103,2,0.039600314250674916
4,103,3,0.5072898417346422
4,103,4,16.726914901173654
4,103,5,44.11288571156153
4,103,6,1.0165465742399795
4,104,0,0.864823233537019
4,104,1,0.09460768835137438
4,104,2,0.04056907811160671
4,104,3,0.5154537484596257
4,104,4,16.78623618849364
4,104,5,44.13562061820757
4,104,6,1.0166926668318523
4,105,0,0.8632744222380366
4,105,1,0.08582925807687036
4,105,2,0.050896319685092936
4,105,3,0.5151230691611953
4,105,4,15.055774295662063
4,105,5,41.86782417666193
4,105,6,1.014872428858928
4,106,0,0.8628360305970165
4,106,1,0.08718410960460088
4,106,2,0.04997985979838261
4,106,3,0.521031702178791
4,106,4,15.12229860711096
4,106,5,41.89141100846011
4,106,6,1.0141621758632096
4,107,0,0.8618708780479181
4,107,1,0.08707787366315858
4,107,2,0.05105124828892342
4,107,3,0.5270598388823192
4,107,4,15.188005770357883
4,107,5,41.915187927577996
4,107,6,1.0146379685382885
4,108,0,0.8613548025740294
4,108,1,0.0873784301225158
4,108,2,0.051266767303454815
4,108,3,0.5386199809609297
4,108,4,15.253893395983098
4,108,5,41.93884403775026
4,108,6,1.0146894077204134
4,109,0,0.8599098632955191
4,109,1,0.08625317326921711
4,109,2,0.05383696343526374
4,109,3,0.5366835434411827
4,109,4,14.674078300199305
4,109,5,41.96784463883212
4,109,6,1.0140244218983934
4,110,0,0.8588333003889446
4,110,1,0.08680657376321518
4,110,2,0.0543601258478402
4,110,3,0.5441880896283036
4,110,4,14.7415574745922
4,110,5,41.99152159435964
4,110,6,1.0134556872033587
4,111,0,0.8580231601362207
4,111,1,0.08643614986328663
4,111,2,0.055540690000492665
4,111,3,0.5546970166567621
4,111,4,14.809067452489087
4,111,5,42.01523704727088
4,111,6,1.0141096908522556
4,112,0,0.8573566162863643
4,112,1,0.08686092742869853
4,112,2,0.0557824562849372
4,112,3,0.5539792849782726
4,112,4,14.876614803389833
4,112,5,42.038852484590095
4,112,6,1.0144882787975644
4,113,0,0.8568724432679755
4,113,1,0.08748138473981176
4,113,2,0.055646171992212674
4,113,3,0.5669786358194783
4,113,4,14.943823083498819
4,113,5,42.062509860797526
4,113,6,1.0141026055277447
4,114,0,0.8566099225071064
4,114,1,0.08740051692682485
4,114,2,0.05598956056606867
4,114,3,0.5741311173098098
4,114,4,15.01058751839235
4,114,5,42.08619653003151
4,114,6,1.0137825464508063
4,115,0,0.8556116972891528
4,115,1,0.08765461062737501
4,115,2,0.05673369208347219
4,115,3,0.5761477453745243
4,115,4,15.077249694337622
4,115,5,42.10998134810106
4,115,6,1.014437900848858
4,116,0,0.8541773591380168
4,116,1,0.08618874430054846
4,116,2,0.05963389656143471
4,116,3,0.5839038034684683
4,116,4,14.558944837873037
4,116,5,42.20813665199198
4,116,6,1.01358134997698
4,117,0,0.8534072837645857
4,117,1,0.08464261956644792
4,117,2,0.0619500966689663
4,117,3,0.5880234798518483
4,117,4,14.023929309436475
4,117,5,42.25341111313392
4,117,6,1.0119613200054367
4,118,0,0.8529762709234519
4,118,1,0.08625593967375751
4,118,2,0.06076778940279059
4,118,3,0.5971210382897559
4,118,4,14.657910031623137
4,118,5,42.20935927024782
4,118,6,1.0139201212512647
4,119,0,0.8522520180206483
4,119,1,0.08508670873409986
4,119,2,0.06266127324525185
4,119,3,0.6059948704268808
4,119,4,14.093639991435587
4,119,5,42.2977992615558
4,119,6,1.0113763833671596
4,120,0,0.850763299636899
4,120,1,0.08510335944689665
4,120,2,0.06413334091620429
4,120,3,0.6086085498131129
4,120,4,14.163842161559987
4,120,5,42.321569059134255
4,120,6,1.012444096107212
4,121,0,0.8498404774780752
4,121,1,0.08605929615412028
4,121,2,0.06410022636780445
4,121,3,0.6153331505415096
4,121,4,14.234085876934945
4,121,5,42.345255036489476
4,121,6,1.0126153299302454
4,122,0,0.8494744866111326
4,122,1,0.08551530552506119
4,122,2,0.06501020786380618
4,122,3,0.6224062767519724
4,122,4,14.303911337704124
4,122,5,42.368901904162875
4,122,6,1.0131794896561033
4,123,0,0.8487691631298382
4,123,1,0.08422836883573616
4,123,2,0.0670024680344257
4,123,3,0.6283952036248635
4,123,4,13.824898805431744
4,123,5,42.43458400067176
4,123,6,1.012068081762003
4,124,0,0.8477020207219779
4,124,1,0.0839959961363876
4,124,2,0.0683019831416345
4,124,3,0.6336856504548339
4,124,4,13.896706548557823
4,124,5,42.458125536440654
4,124,6,1.012502476129594
4,125,0,0.847089955293554
4,125,1,0.08416300499186626
4,125,2,0.06874703971457974
4,125,3,0.6428655020005959
4,125,4,13.968430919896333
4,125,5,42.48160593069631
4,125,6,1.0120918134272874
4,126,0,0.8466455495954059
4,126,1,0.08410182062082151
4,126,2,0.06925262978377257
4,126,3,0.6482467086394842
4,126,4,14.039960495157787
4,126,5,42.505128917896634
4,126,6,1.013029165120539
4,127,0,0.8454506337726362
4,127,1,0.08419990708023364
4,127,2,0.07034945914713024
4,127,3,0.6586631100755332
4,127,4,14.111271993173442
4,127,5,42.528556978514246
4,127,6,1.0130928462982705
4,128,0,0.8453872771860691
4,128,1,0.08216592086158557
4,128,2,0.07244680195234532
4,128,3,0.6608479957627834
4,128,4,13.429926793519689
4,128,5,42.56541461638829
4,128,6,1.0113730009418358
4,129,0,0.8439642218948258
4,129,1,0.08247619950285273
4,129,2,0.07355957860232155
4,129,3,0.6689091209126218
4,129,4,13.503567638506285
4,129,5,42.588940788584516
4,129,6,1.01148522199864
4,130,0,0.8431141105317659
4,130,1,0.08215208841890556
4,130,2,0.07473380104932857
4,130,3,0.6793420056093228
4,130,4,13.577318252843991
4,130,5,42.612380951766426
4,130,6,1.0118605142341515
4,131,0,0.8427033556897628
4,131,1,0.08223632507779238
4,131,2,0.07506031923244474
4,131,3,0.6836029511065141
4,131,4,13.650860626624679
4,131,5,42.635750888046985
4,131,6,1.0124449014476014
4,132,0,0.8416624490895976
4,132,1,0.08301259804474068
4,132,2,0.07532495286566163
4,132,3,0.6933188198438655
4,132,4,13.724182260677498
4,132,5,42.659117847402015
4,132,6,1.0120649388721032
4,133,0,0.8409549244685174
4,133,1,0.08322206720824626
4,133,2,0.07582300832323634
4,133,3,0.6966962657212395
4,133,4,13.797151035465694
4,133,5,42.68251505747987
4,133,6,1.0123792706046084
4,134,0,0.8402426790326265
4,134,1,0.08158055025486773
4,134,2,0.07817677071250577
4,134,3,0.7062564081763445
4,134,4,13.1763460080164
4,134,5,42.7583944082002
4,134,6,1.011494692770958
4,135,0,0.8398538384359979
4,135,1,0.0818577895740104
4,135,2,0.07828837198999161
4,135,3,0.7161484309646721
4,135,4,13.251485959911692
4,135,5,42.781790712592624
4,135,6,1.010508065902359
4,136,0,0.8386242667787737
4,136,1,0.08248124788950512
4,136,2,0.0788944853317212
4,136,3,0.7175424986668079
4,136,4,13.326239323124803
4,136,5,42.80527153341993
4,136,6,1.0116669326252807
4,137,0,0.8387319790762368
4,137,1,0.08279820019383878
4,137,2,0.07846982072992444
4,137,3,0.7281149466325293
4,137,4,13.4007883934722
4,137,5,42.82864278690648
4,137,6,1.0113256118621434
4,138,0,0.8377088076240338
4,138,1,0.08241797772679241
4,138,2,0.07987321464917385
4,138,3,0.735811100026403
4,138,4,13.4750474855166
4,138,5,42.85207314556092
4,138,6,1.0121215751080954
4,139,0,0.8368011975985657
4,139,1,0.08243756716109539
4,139,2,0.08076123524033886
4,139,3,0.742932185018613
4,139,4,13.549327162011705
4,139,5,42.87540892229254
4,139,6,1.012573055052192
4,140,0,0.8367827359124259
4,140,1,0.08235027759603743
4,140,2,0.08086698649153663
4,140,3,0.7473823538194758
4,140,4,13.62338984086783
4,140,5,42.89872560351802
4,140,6,1.012613122973552
4,141,0,0.8354319422402678
4,141,1,0.08113925881019406
4,141,2,0.08342879894953817
4,141,3,0.757719540070667
4,141,4,12.954948198738204
4,141,5,43.014123496184816
4,141,6,1.010243588638918
4,142,0,0.8349614451284244
4,142,1,0.08109075074346488
4,142,2,0.08394780412811069
4,142,3,0.7684957580955343
4,142,4,13.031271514415241
4,142,5,43.03750315395205
4,142,6,1.0112303399680054
4,143,0,0.8350200973792203
4,143,1,0.08168815972311028
4,143,2,0.08329174289766933
4,143,3,0.7723861672062035
4,143,4,13.107607782978857
4,143,5,43.06080912692309
4,143,6,1.0114974460736614
4,144,0,0.8334223278122441
4,144,1,0.08198839168079453
4,144,2,0.08458928050696135
4,144,3,0.7792449988620788
4,144,4,13.183606837548684
4,144,5,43.08414299711478
4,144,6,1.01195289283308
4,145,0,0.832716442541882
4,145,1,0.08212370845788781
4,145,2,0.08515984900023009
4,145,3,0.7868397773159846
4,145,4,13.259697247686166
4,145,5,43.10740510067241
4,145,6,1.0119485662658587
4,146,0,0.8314938925920696
4,146,1,0.08111801745480893
4,146,2,0.08738808995312138
4,146,3,0.7969099307687305
4,146,4,12.800355310987717
4,146,5,43.196907093932616
4,146,6,1.0104965073278542
4,147,0,0.8307387133497022
4,147,1,0.08090146796093353
4,147,2,0.08835981868936431
4,147,3,0.8038943615220883
4,147,4,12.87788763953668
4,147,5,43.22019439940092
4,147,6,1.011381677686358
4,148,0,0.8309342303180731
4,148,1,0.08140504795546583
4,148,2,0.08766072172646103
4,148,3,0.8085802717999094
4,148,4,12.955594518705972
4,148,5,43.24336323787425
4,148,6,1.0115762766004068
4,149,0,0.8290775493055458
4,149,1,0.08114949088745665
4,149,2,0.08977295980699751
4,149,3,0.8170124552680389
4,149,4,12.496383709800007
4,149,5,43.35946634174729
4,149,6,1.0095847313303883
4,150,0,0.8287722605681922
4,150,1,0.08103201130446416
4,150,2,0.09019572812734362
4,150,3,0.8244172087008358
4,150,4,12.575693274907588
4,150,5,43.38269576939684
4,150,6,1.0104785849652376
4,151,0,0.8283017823368835
4,151,1,0.08089071028080028
4,151,2,0.09080750738231633
4,151,3,0.8328569287656429
4,151,4,12.654786906448019
4,151,5,43.40587642168388
4,151,6,1.0108219398221343
4,152,0,0.827490135444833
4,152,1,0.08049374459249745
4,152,2,0.09201611996266955
4,152,3,0.8423746541621301
4,152,4,12.733361512759819
4,152,5,43.429052519020324
4,152,6,1.0112174412351722
4,153,0,0.8274466361574495
4,153,1,0.08084932939060026
4,153,2,0.09170403445195019
4,153,3,0.849044490279676
4,153,4,12.812066651815893
4,153,5,43.4521593739356
4,153,6,1.0113776015472355
4,154,0,0.8260124163055316
4,154,1,0.08108752932037395
4,154,2,0.09290005437409446
4,154,3,0.854012533056599
4,154,4,12.89035755120517
4,154,5,43.475300060143184
4,154,6,1.0123947559169928
4,155,0,0.8258700097543665
4,155,1,0.08109793119025342
4,155,2,0.09303205905538006
4,155,3,0.8667668583231078
4,155,4,12.969207150525643
4,155,5,43.59419907874675
4,155,6,1.0120322751613289
4,156,0,0.8250133223321962
4,156,1,0.07983074781362988
4,156,2,0.09515592985417395
4,156,3,0.8734694861824843
4,156,4,12.40223497335878
4,156,5,43.6787814930272
4,156,6,1.0108062683122598
4,157,0,0.8236459721041991
4,157,1,0.07995589264715175
4,157,2,0.09639813524864911
4,157,3,0.881790306563794
4,157,4,12.482461529832387
4,157,5,43.70180990648859
4,157,6,1.0110962996430581
4,158,0,0.8235237066039246
4,158,1,0.07995575794592891
4,158,2,0.09652053545014647
4,158,3,0.8905074391753625
4,158,4,12.562315458579794
4,158,5,43.72478583885013
4,158,6,1.0112410843341508
4,159,0,0.8227302487416657
4,159,1,0.0805140136661649
4,159,2,0.0967557375921694
4,159,3,0.8970221714587556
4,159,4,12.641766353778054
4,159,5,43.74772669007627
4,159,6,1.011720541888047
4,160,0,0.822388295718081
4,160,1,0.08049179172965551
4,160,2,0.09711991255226339
4,160,3,0.9049459111140371
4,160,4,12.720970412771404
4,160,5,43.77063847924435
4,160,6,1.0125509566776765
4,161,0,0.8217598440349285
4,161,1,0.08031617952792049
4,161,2,0.09792397643715103
4,161,3,0.9162908196609736
4,161,4,12.79987301154082
4,161,5,43.79354480377179
4,161,6,1.0115883313421496
4,162,0,0.8213515975006795
4,162,1,0.08107096827011216
4,162,2,0.09757743422920837
4,162,3,0.9212963894398661
4,162,4,12.866235413973904
4,162,5,43.943607522647206
4,162,6,1.012735930763986
4,163,0,0.8203845901465756
4,163,1,0.08004787702212032
4,163,2,0.09956753283130414
4,163,3,0.9321643687857445
4,163,4,12.306912700101758
4,163,5,44.03696459613246
4,163,6,1.010919727955518
4,164,0,0.8193631613464041
4,164,1,0.0804176616975275
4,164,2,0.10021917695606841
4,164,3,0.9407797399981414
4,164,4,12.387720710447006
4,164,5,44.0597801306985
4,164,6,1.0109110633050291
4,165,0,0.818543575237012
4,165,1,0.0802586712088275
4,165,2,0.1011977535541605
4,165,3,0.9463119394935701
4,165,4,12.46828628104108
4,165,5,44.082571537575205
4,165,6,1.012498974500257
4,166,0,0.8175112709667784
4,166,1,0.07996486803370677
4,166,2,0.10252386099951472
4,166,3,0.9541118410895331
4,166,4,12.548639998719997
4,166,5,44.10530836985926
4,166,6,1.0123599799404441
4,167,0,0.817417351865489
4,167,1,0.08052438951247214
4,167,2,0.10205825862203881
4,167,3,0.9622559882159744
4,167,4,12.656845333152678
4,167,5,44.15867510275561
4,167,6,1.0122911793405756
4,168,0,0.8169582861954372
4,168,1,0.08062766433933104
4,168,2,0.10241404946523182
4,168,3,0.9729528428902459
4,168,4,12.690290441753
4,168,5,44.27462997284449
4,168,6,1.011788089547871
4,169,0,0.8165563677330145
4,169,1,0.07985529358374333
4,169,2,0.10358833868324209
4,169,3,0.9789589433572157
4,169,4,12.241165829449823
4,169,5,44.370001186564515
4,169,6,1.0113129667338132
4,170,0,0.8158426009444656
4,170,1,0.07993842313671033
4,170,2,0.1042189759188241
4,170,3,0.9884718118408429
4,170,4,12.322456521600376
4,170,5,44.39265090844032
4,170,6,1.011964944537369
4,171,0,0.8148995607151164
4,171,1,0.07959600841593314
4,171,2,0.10550443086895046
4,171,3,0.999459801536467
4,171,4,12.403779755347902
4,171,5,44.415238642876574
4,171,6,1.012208325632499
4,172,0,0.8143469854201516
4,172,1,0.08002464924711068
4,172,2,0.1056283653327377
4,172,3,1.0057504776858104
4,172,4,12.48897658437299
4,172,5,44.45871503449888
4,172,6,1.0125994965132574
4,173,0,0.8140236868315454
4,173,1,0.08008071693247781
4,173,2,0.10589559623597687
4,173,3,1.0145170904073177
4,173,4,12.526042744498723
4,173,5,44.53461118438231
4,173,6,1.0123230834222618
4,174,0,0.8135888068846748
4,174,1,0.08016718656489302
4,174,2,0.10624400655043222
4,174,3,1.0206816987424132
4,174,4,12.466363376562143
4,174,5,44.63614108015647
4,174,6,1.0131440928849866
4,175,0,0.8125664700244171
4,175,1,0.08007290611152401
4,175,2,0.10736062386405892
4,175,3,1.0319968276704783
4,175,4,12.507029058087227
4,175,5,44.72258683910556
4,175,6,1.0125334888755935
4,176,0,0.8122847334779444
4,176,1,0.08012968939543672
4,176,2,0.10758557712661891
4,176,3,1.0408044096462414
4,176,4,12.52897762698671
4,176,5,44.79790375521512
4,176,6,1.0127369140599602
4,177,0,0.8114927499717028
4,177,1,0.07886646549775737
4,177,2,0.10964078453053981
4,177,3,1.046895680356986
4,177,4,12.011293340283567
4,177,5,44.87012168718644
4,177,6,1.0122446050704426
4,178,0,0.8106338134413259
4,178,1,0.07929939748660374
4,178,2,0.11006678907207035
4,178,3,1.0546875521554377
4,178,4,12.093994480477946
4,178,5,44.89249612004896
4,178,6,1.0121027776517046
4,179,0,0.8105575285051823
4,179,1,0.08049811569566301
4,179,2,0.10894435579915474
4,179,3,1.0677157302424831
4,179,4,12.669443983125387
4,179,5,44.98055390198201
4,179,6,1.0127988582847438
4,180,0,0.8096493807335412
4,180,1,0.07917370396063751
4,180,2,0.11117691530582127
4,180,3,1.0766298741579552
4,180,4,12.053333089636359
4,180,5,45.08060074658029
4,180,6,1.0122823267348042
4,181,0,0.8093233271169543
4,181,1,0.07947534242450761
4,181,2,0.11120133045853808
4,181,3,1.082556136457189
4,181,4,12.135860069406148
4,181,5,45.10288362188592
4,181,6,1.0126142975445995
4,182,0,0.808819670130167
4,182,1,0.08056014027384581
4,182,2,0.1106201895959872
4,182,3,1.093038198848365
4,182,4,12.51505697219579
4,182,5,45.170080027258706
4,182,6,1.0134916320094
4,183,0,0.8083592834457196
4,183,1,0.07969488218536977
4,183,2,0.1119458343689106
4,183,3,1.1010816811308755
4,183,4,11.985494829153293
4,183,5,45.241591492252546
4,183,6,1.0118146296846895
4,184,0,0.807891728001852
4,184,1,0.07985284615625675
4,184,2,0.11225542584189126
4,184,3,1.1124623566924106
4,184,4,12.068487596822852
4,184,5,45.26381973528923
4,184,6,1.012089074494888
4,185,0,0.8074962303672821
4,185,1,0.0800997756083159
4,185,2,0.11240399402440195
4,185,3,1.1185120122324343
4,185,4,12.151095551204747
4,185,5,45.28601693836564
4,185,6,1.0123417176750609
4,186,0,0.8076759603248919
4,186,1,0.08092764441955218
4,186,2,0.11139639525555597
4,186,3,1.130428851766342
4,186,4,12.63927600022093
4,186,5,45.4005570541221
4,186,6,1.0140238180982544
4,187,0,0.8066234445965802
4,187,1,0.08039688870599715
4,187,2,0.11297966669742267
4,187,3,1.1386768585338594
4,187,4,12.172850007611551
4,187,5,45.49313300686556
4,187,6,1.0124686392913937
4,188,0,0.8063638006107168
4,188,1,0.081770531708802
4,188,2,0.11186566768048123
4,188,3,1.148222469482242
4,188,4,12.675595105681147
4,188,5,45.62201397067952
4,188,6,1.0135018838870102
4,189,0,0.8054436009697195
4,189,1,0.08074444036029291
4,189,2,0.11381195866998757
4,189,3,1.1576458543831825
4,189,4,12.079809594484178
4,189,5,45.71148392873408
4,189,6,1.0121660580443839
4,190,0,0.8045234494073761
4,190,1,0.08092700188638997
4,190,2,0.11454954870623392
4,190,3,1.167659172819509
4,190,4,12.162090809462741
4,190,5,45.73349776213842
4,190,6,1.0124554000356185
4,191,0,0.8041839885874135
4,191,1,0.08185256741513396
4,191,2,0.11396344399745258
4,191,3,1.1764142040267007
4,191,4,12.659515325143293
4,191,5,45.82264351847399
4,191,6,1.0141288247493205
4,192,0,0.8026016701550505
4,192,1,0.08151259089110303
4,192,2,0.11588573895384649
4,192,3,1.1842676058855
4,192,4,12.131639853161374
4,192,5,45.902108439606735
4,192,6,1.0125495260423958
4,193,0,0.8023533236478501
4,193,1,0.08139275939731021
4,193,2,0.11625391695483976
4,193,3,1.1903599731425754
4,193,4,12.213601268059843
4,193,5,45.92399101589758
4,193,6,1.0134698843574002
4,194,0,0.8024947864407259
4,194,1,0.08217757315059357
4,194,2,0.11532764040868049
4,194,3,1.2056242498533984
4,194,4,12.455900872048106
4,194,5,46.019905849920754
4,194,6,1.0126519491916148
4,195,0,0.8023771827640679
4,195,1,0.08252862133079358
4,195,2,0.11509419590513856
4,195,3,1.212392864590699
4,195,4,12.735179023641564
4,195,5,46.194870583780016
4,195,6,1.0145969709934923
4,196,0,0.8005220378797725
4,196,1,0.08200845621308879
4,196,2,0.1174695059071387
4,196,3,1.2226698343788427
4,196,4,12.22965436475858
4,196,5,46.27560818762242
4,196,6,1.0132612062210602
4,197,0,0.8004478612242256
4,197,1,0.08217755972238452
4,197,2,0.11737457905338988
4,197,3,1.2313816050871942
4,197,4,12.311129952541885
4,197,5,46.29729980979232
4,197,6,1.0133812703401022
4,198,0,0.800993171926952
4,198,1,0.08297477821635574
4,198,2,0.1160320498566923
4,198,3,1.2413045636272706
4,198,4,12.776082140744514
4,198,5,46.41295688335734
4,198,6,1.0144551351991051
4,199,0,0.7995127603808184
4,199,1,0.08213145827830733
4,199,2,0.11835578134087425
4,199,3,1.2509294656514736
4,199,4,12.217147753797848
4,199,5,46.50893914100422
4,199,6,1.0134294207904215
4,200,0,0.7990946424235259
4,200,1,0.08254362475999719
4,200,2,0.11836173281647698
4,200,3,1.2602823031022545
4,200,4,12.298447846921713
4,200,5,46.53055730560974
4,200,6,1.0138249364021523
4,201,0,0.7989450045126709
4,201,1,0.08328628672044656
4,201,2,0.1177687087668825
4,201,3,1.268056283108209
4,201,4,12.705972702145177
4,201,5,46.62568689054085
4,201,6,1.0147761521383662
4,202,0,0.7977361386457918
4,202,1,0.08238044057460227
4,202,2,0.11988342077960587
4,202,3,1.2804500966515926
4,202,4,12.236064039521466
4,202,5,46.69784428981523
4,202,6,1.0131631459363217
4,203,0,0.7982786250804519
4,203,1,0.08345764970501988
4,203,2,0.11826372521452821
4,203,3,1.2883846191203026
4,203,4,12.73650463745543
4,203,5,46.790697947311806
4,203,6,1.0147388921697837
4,204,0,0.7967872567519343
4,204,1,0.083305768971441
4,204,2,0.11990697427662478
4,204,3,1.299027244348353
4,204,4,12.292076844159357
4,204,5,46.86468010329408
4,204,6,1.0134628457565118
4,205,0,0.7965152175060224
4,205,1,0.08319395071795195
4,205,2,0.12029083177602568
4,205,3,1.3097591460184874
4,205,4,12.373165477302999
4,205,5,46.88609997348943
4,205,6,1.0132141705084436
4,206,0,0.7964350028163348
4,206,1,0.08398423698513473
4,206,2,0.11958076019853044
4,206,3,1.3200657607052024
4,206,4,12.784557713873882
4,206,5,46.99842810999686
4,206,6,1.0142119427365888
4,207,0,0.7953170776787728
4,207,1,0.0834391571700856
4,207,2,0.12124376515114166
4,207,3,1.3262768298763317
4,207,4,12.216125486427686
4,207,5,47.07171138494738
4,207,6,1.0136976623750629
4,208,0,0.7948708914104226
4,208,1,0.08316127917767127
4,208,2,0.12196782941190618
4,208,3,1.337740881392139
4,208,4,12.297538003014592
4,208,5,47.09306509074796
4,208,6,1.0135128380287723
4,209,0,0.7955912798825305
4,209,1,0.08354460739173186
4,209,2,0.1208641127257376
4,209,3,1.3473795306297034
4,209,4,12.831795303625281
4,209,5,47.184879374787315
4,209,6,1.015021189634662
4,210,0,0.7942250937623426
4,210,1,0.08303284855093238
4,210,2,0.122742057686725
4,210,3,1.357747343529134
4,210,4,12.300662763669024
4,210,5,47.25540566585741
4,210,6,1.013947264064674
4,211,0,0.7940353322889683
4,211,1,0.08296493389255241
4,211,2,0.12299973381847928
4,211,3,1.3673316782548282
4,211,4,12.38160991876734
4,211,5,47.2766394747959
4,211,6,1.0140170128287165
4,212,0,0.7943355376851051
4,212,1,0.08420562635080545
4,212,2,0.12145883596408938
4,212,3,1.3763039438082791
4,212,4,12.884701917704637
4,212,5,47.365001556396635
4,212,6,1.0154717917467713
4,213,0,0.7925821780256311
4,213,1,0.08390765356641304
4,213,2,0.12351016840795583
4,213,3,1.3861603370856668
4,213,4,12.345950984198861
4,213,5,47.43479385983987
4,213,6,1.0140284480097428
4,214,0,0.7919855749361014
4,214,1,0.08400261640393555
4,214,2,0.12401180865996297
4,214,3,1.3958178852227878
4,214,4,12.426440659118528
4,214,5,47.455965280471986
4,214,6,1.0146625915113614
4,215,0,0.7922947418641877
4,215,1,0.0842811339486706
4,215,2,0.12342412418714177
4,215,3,1.4053428338318894
4,215,4,12.8470533258632
4,215,5,47.54967898740266
4,215,6,1.0156479677148629
4,216,0,0.7908844118208553
4,216,1,0.08342377775053074
4,216,2,0.12569181042861388
4,216,3,1.4161447686383684
4,216,4,12.294207923643356
4,216,5,47.61063882761493
4,216,6,1.0147092625498584
4,217,0,0.7905019076547506
4,217,1,0.08394605453226883
4,217,2,0.12555203781298063
4,217,3,1.4299905239433484
4,217,4,12.375139770164338
4,217,5,47.63171028573698
4,217,6,1.0142909270347988
4,218,0,0.7906241034071082
4,218,1,0.08472884721513271
4,218,2,0.12464704937775908
4,218,3,1.4364382773626654
4,218,4,12.857987920664408
4,218,5,47.702386334960366
4,218,6,1.0158453830482936
4,219,0,0.789276627942864
4,219,1,0.08384784251828124
4,219,2,0.12687552953885475
4,219,3,1.4484764912331154
4,219,4,12.295456889012728
4,219,5,47.75915971765189
4,219,6,1.0137881635321602
4,220,0,0.7889596437592076
4,220,1,0.08429227725606875
4,220,2,0.12674807898472365
4,220,3,1.458736159784653
4,220,4,12.304612709607357
4,220,5,47.85044281322916
4,220,6,1.0140669916562386
4,221,0,0.788888049437969
4,221,1,0.08448123174107743
4,221,2,0.1266307188209536
4,221,3,1.4673466207074233
4,221,4,12.379808798769
4,221,5,47.93438702428183
4,221,6,1.0148347504954072
4,222,0,0.7880654730281238
4,222,1,0.08496545990569412
4,222,2,0.12696906706618205
4,222,3,1.4788400765545033
4,222,4,12.421597480038525
4,222,5,48.02531484911851
4,222,6,1.0140439740702212
4,223,0,0.7888031994414351
4,223,1,0.08545954690122576
4,223,2,0.1257372536573392
4,223,3,1.4867946617052858
4,223,4,12.898026929061695
4,223,5,48.11143301246658
4,223,6,1.0157231830114042
4,224,0,0.7872923957794447
4,224,1,0.08456274137037725
4,224,2,0.12814486285017812
4,224,3,1.4992496494634255
4,224,4,12.382610691775273
4,224,5,48.171883901395624
4,224,6,1.014475572643067
4,225,0,0.7879538417919452
4,225,1,0.08576500610732572
4,225,2,0.1262811521007291
4,225,3,1.509562219055276
4,225,4,12.996079733606743
4,225,5,48.231390133191105
4,225,6,1.0159955328523904
4,226,0,0.7862518913987449
4,226,1,0.08510315803804509
4,226,2,0.12864495056321013
4,226,3,1.5183396969842642
4,226,4,12.420466330488942
4,226,5,48.28538469009198
4,226,6,1.014653192458732
4,227,0,0.786441159595012
4,227,1,0.08521517139559769
4,227,2,0.12834366900939032
4,227,3,1.529656367181219
4,227,4,12.556694788266132
4,227,5,48.37907725476275
4,227,6,1.0150430263708328
4,228,0,0.7863191997859892
4,228,1,0.08587811254984956
4,228,2,0.12780268766416122
4,228,3,1.5403804555963263
4,228,4,13.059018210817449
4,228,5,48.45866086616466
4,228,6,1.0156187062725566
4,229,0,0.7847641869522051
4,229,1,0.08563888954600539
4,229,2,0.12959692350178947
4,229,3,1.5516951251367834
4,229,4,12.491951736167444
4,229,5,48.51678317685181
4,229,6,1.0143933515069297
4,230,0,0.7846119431833426
4,230,1,0.08558901227054072
4,230,2,0.12979904454611665
4,230,3,1.559959590792385
4,230,4,12.571449034507603
4,230,5,48.53744610822243
4,230,6,1.0150367776015712
4,231,0,0.7855172618380459
4,231,1,0.08657583524292047
4,231,2,0.12790690291903353
4,231,3,1.5712493081633423
4,231,4,13.191447837143153
4,231,5,48.59819153312169
4,231,6,1.0161501377840707
4,232,0,0.7838777785202458
4,232,1,0.08573383377187857
4,232,2,0.13038838770787567
4,232,3,1.582290049636913
4,232,4,12.556167240527373
4,232,5,48.66468708213374
4,232,6,1.0147095281444294
4,233,0,0.7827717678166008
4,233,1,0.08632889918505979
4,233,2,0.13089933299833942
4,233,3,1.5934879286573334
4,233,4,12.53206911547147
4,233,5,48.76564882484629
4,233,6,1.0143075153124317
4,234,0,0.7835788466540715
4,234,1,0.08693636535063604
4,234,2,0.12948478799529242
4,234,3,1.6034884608578654
4,234,4,13.12064815475298
4,234,5,48.83738287091859
4,234,6,1.0161089397113718
4,235,0,0.781958376870788
4,235,1,0.08609252489305702
4,235,2,0.13194909823615503
4,235,3,1.6148286428899088
4,235,4,12.500922855315755
4,235,5,48.89697914658632
4,235,6,1.01459441921262
4,236,0,0.7822697910951306
4,236,1,0.08655473872480203
4,236,2,0.13117547018006734
4,236,3,1.623313375939473
4,236,4,12.609125016669665
4,236,5,48.98495996859859
4,236,6,1.014973597145307
4,237,0,0.782435064865006
4,237,1,0.08665120218857308
4,237,2,0.1309137329464209
4,237,3,1.635163791883316
4,237,4,12.745692504671494
4,237,5,49.07674650175629
4,237,6,1.0152881232726734
4,238,0,0.7824509322871038
4,238,1,0.08758959218241948
4,238,2,0.12995947553047665
4,238,3,1.647679633504792
4,238,4,13.322169359851129
4,238,5,49.14588692491121
4,238,6,1.0160825612367719
4,239,0,0.7815229993791157
4,239,1,0.08654139737419082
4,239,2,0.1319356032466934
4,239,3,1.6578187502032873
4,239,4,12.657798659113839
4,239,5,49.20713510221381
4,239,6,1.0148826516402267
4,240,0,0.7806154323599026
4,240,1,0.08703600663508906
4,240,2,0.13234856100500833
4,240,3,1.6687428600157908
4,240,4,12.74099251300189
4,240,5,49.29964966479829
4,240,6,1.0148476926387082
4,241,0,0.7799120874409764
4,241,1,0.08741472908447294
4,241,2,0.13267318347455065
4,241,3,1.6777340769558338
4,241,4,12.749234814229242
4,241,5,49.39675376504036
4,241,6,1.0151318754429495
4,242,0,0.7801946817025973
4,242,1,0.0880816494209772
4,242,2,0.13172366887642553
4,242,3,1.68755099632305
4,242,4,13.26974323898845
4,242,5,49.47673550318214
4,242,6,1.016762236674708
4,243,0,0.7797688919738998
4,243,1,0.08738957221545621
4,243,2,0.132841535810644
4,243,3,1.6999036200710553
4,243,4,12.700281239242491
4,243,5,49.52318922067617
4,243,6,1.0150068995875046
4,244,0,0.7797053389610549
4,244,1,0.08746845413782314
4,244,2,0.13282620690112198
4,244,3,1.7115231397185235
4,244,4,12.778721992486645
4,244,5,49.543444939984596
4,244,6,1.0154978299526305
4,245,0,0.7787499797880971
4,245,1,0.08824306128700589
4,245,2,0.133006958924897
4,245,3,1.722324633993045
4,245,4,12.856720342816
4,245,5,49.637631732745945
4,245,6,1.0149777740196533
4,246,0,0.7793425082600427
4,246,1,0.08854281145946752
4,246,2,0.13211468028048978
4,246,3,1.7326237945499194
4,246,4,13.46382099680482
4,246,5,49.723688330318666
4,246,6,1.016923013841181
4,247,0,0.778140202374332
4,247,1,0.08757507318213503
4,247,2,0.13428472444353293
4,247,3,1.744190448569031
4,247,4,12.713611276041949
4,247,5,49.785637156618215
4,247,6,1.0152909724520265
4,248,0,0.777649581365118
4,248,1,0.08813089398631457
4,248,2,0.13421952464856746
4,248,3,1.756568392618937
4,248,4,12.812473898925141
4,248,5,49.87339205671281
4,248,6,1.015244300030777
4,249,0,0.7782689547733901
4,249,1,0.08915360432515873
4,249,2,0.13257744090145124
4,249,3,1.7701002364809477
4,249,4,13.479446451896187
4,249,5,49.947208637338115
4,249,6,1.0162597024233038
4,250,0,0.7784471794000113
4,250,1,0.08951811275573697
4,250,2,0.13203470784425175
4,250,3,1.7776901589398784
4,250,4,13.528264999527048
4,250,5,50.05621973317629
4,250,6,1.0166041956834566
4,251,0,0.776269708508752
4,251,1,0.08901170474770444
4,251,2,0.13471858674354362
4,251,3,1.7892105984572724
4,251,4,12.87493525067639
4,251,5,50.121207757376474
4,251,6,1.0156907857429698
4,252,0,0.776178783834195
4,252,1,0.08914604107881899
4,252,2,0.134675175086986
4,252,3,1.800654638637078
4,252,4,12.95219587146978
4,252,5,50.14120150088655
4,252,6,1.0154662897814188
4,253,0,0.7767102442331342
4,253,1,0.08999977961631972
4,253,2,0.13328997615054616
4,253,3,1.8105842586761913
4,253,4,13.569548401664246
4,253,5,50.20602869645223
4,253,6,1.0167849532425461
4,254,0,0.7753318367269795
4,254,1,0.08915400851153052
4,254,2,0.13551415476149
4,254,3,1.8230815099895972
4,254,4,12.857528773679542
4,254,5,50.27159792514898
4,254,6,1.0148420730773533
4,255,0,0.7748278300316978
4,255,1,0.08903083227468109
4,255,2,0.1361413376936211
4,255,3,1.8346150911390482
4,255,4,12.934864985863143
4,255,5,50.291557323145895
4,255,6,1.0153757088543118
4,256,0,0.7754329520082004
4,256,1,0.09003768286139884
4,256,2,0.13452936513040084
4,256,3,1.8449855237771573
4,256,4,13.641390246423608
4,256,5,50.35194021774715
4,256,6,1.017279293923338
4,257,0,0.7752257363742637
4,257,1,0.09012942655745389
4,257,2,0.1346448370682824
4,257,3,1.8571200290982415
4,257,4,13.68589430230635
4,257,5,50.44481738692258
4,257,6,1.0172610650718066
4,258,0,0.7753122435675696
4,258,1,0.09012047145555935
4,258,2,0.1345672849768711
4,258,3,1.8685912342647577
4,258,4,13.767144585770875
4,258,5,50.51321829347052
4,258,6,1.017142984221942
4,259,0,0.7730921785167081
4,259,1,0.08947598217298548
4,259,2,0.13743183931030645
4,259,3,1.8784162779467044
4,259,4,13.040010748673325
4,259,5,50.56136218421504
4,259,6,1.015956156873549
4,260,0,0.7743623219331133
4,260,1,0.08990818697153495
4,260,2,0.1357294910953517
4,260,3,1.8931663244995907
4,260,4,13.762090760727167
4,260,5,50.59401844105081
4,260,6,1.0171506367256031
4,261,0,0.773871250915241
4,261,1,0.0901673581130714
4,261,2,0.13596139097168752
4,261,3,1.9038088852716584
4,261,4,13.723241687844576
4,261,5,50.672931573203265
4,261,6,1.0172795412091133
4,262,0,0.7743759460035509
4,262,1,0.09028796990748356
4,262,2,0.13533608408896555
4,262,3,1.9146392743337122
4,262,4,13.803452655019994
4,262,5,50.74693024589109
4,262,6,1.017222822868621
4,263,0,0.7735847985529007
4,263,1,0.09106538513398792
4,263,2,0.13534981631311127
4,263,3,1.9258103348228066
4,263,4,13.90899747378444
4,263,5,50.84724009354948
4,263,6,1.0172875760403906
4,264,0,0.7717754349425233
4,264,1,0.09051197093578468
4,264,2,0.137712594121692
4,264,3,1.9388450166391775
4,264,4,13.181180023190398
4,264,5,50.904729225810094
4,264,6,1.0153806923876367
4,265,0,0.7727785469387539
4,265,1,0.09081929760270202
4,265,2,0.1364021554585441
4,265,3,1.949104622506448
4,265,4,13.89874229233704
4,265,5,50.953689694577356
4,265,6,1.0175200219384832
4,266,0,0.7722868006490957
4,266,1,0.0913601505577898
4,266,2,0.13635304879311444
4,266,3,1.960043074941664
4,266,4,13.922211520587764
4,266,5,51.044982297469716
4,266,6,1.0172679061329986
4,267,0,0.7723972016225013
4,267,1,0.09136694590032897
4,267,2,0.1362358524771698
4,267,3,1.9711865731838811
4,267,4,13.908474475747159
4,267,5,51.12731260893618
4,267,6,1.0175597537228827
4,268,0,0.7702416326972659
4,268,1,0.09131358179826461
4,268,2,0.13844478550446948
4,268,3,1.9815993796336264
4,268,4,13.21993191383392
4,268,5,51.17653005052979
4,268,6,1.0162642757262492
4,269,0,0.770564134885133
4,269,1,0.09105839109596771
4,269,2,0.1383774740188993
4,269,3,1.9927412004355063
4,269,4,13.346374542129347
4,269,5,51.248477005756946
4,269,6,1.0162788597153671
4,270,0,0.7715489384752585
4,270,1,0.09153840008353972
4,270,2,0.13691266144120182
4,270,3,2.007059723379696
4,270,4,14.06549418947124
4,270,5,51.29935848073833
4,270,6,1.0174843991593876
4,271,0,0.7712420465354681
4,271,1,0.09150587768167319
4,271,2,0.1372520757828587
4,271,3,2.016936521100482
4,271,4,14.087375386961403
4,271,5,51.37807433005152
4,271,6,1.018433622883528
4,272,0,0.7711952668569707
4,272,1,0.09147113200630305
4,272,2,0.13733360113672627
4,272,3,2.031767409216563
4,272,4,14.070325431974549
4,272,5,51.45708784471108
4,272,6,1.0177194998635217
4,273,0,0.7693688289444393
4,273,1,0.09137917624151028
4,273,2,0.13925199481405046
4,273,3,2.043012329623089
4,273,4,13.382945404150526
4,273,5,51.50205361202167
4,273,6,1.016204866441065
4,274,0,0.7701144894781219
4,274,1,0.09181697043736242
4,274,2,0.1380685400845157
4,274,3,2.053358373061129
4,274,4,14.08842219901658
4,274,5,51.54825586797066
4,274,6,1.0181403809853404
4,275,0,0.7702495552081867
4,275,1,0.09221090536528263
4,275,2,0.1375395394265306
4,275,3,2.0649112821919724
4,275,4,14.125733950623694
4,275,5,51.612316292049925
4,275,6,1.017989446538239
4,276,0,0.7693123529002911
4,276,1,0.09225154509762697
4,276,2,0.13843610200208195
4,276,3,2.0763131645554855
4,276,4,14.152061895454144
4,276,5,51.69288807875565
4,276,6,1.0181768984587412
4,277,0,0.7674434124663553
4,277,1,0.09198776534418968
4,277,2,0.14056882218945507
4,277,3,2.08881897179878
4,277,4,13.394724323784871
4,277,5,51.73935823829123
4,277,6,1.0163309628772006
4,278,0,0.7686730094406684
4,278,1,0.09239004983777213
4,278,2,0.1389369407215594
4,278,3,2.1009307605621057
4,278,4,14.203368997091104
4,278,5,51.78315705151743
4,278,6,1.0181186299671985
4,279,0,0.7666919815563206
4,279,1,0.09234487024668803
4,279,2,0.14096314819699143
4,279,3,2.111002016105806
4,279,4,13.459103638759675
4,279,5,51.8249352841654
4,279,6,1.0168736916286636
4,280,0,0.7677031209155227
4,280,1,0.09311550220449617
4,280,2,0.13918137687998117
4,280,3,2.1251428987405263
4,280,4,14.273669340476332
4,280,5,51.855746716825095
4,280,6,1.0183657327278135
4,281,0,0.7662123761455579
4,281,1,0.09271218958065766
4,281,2,0.14107543427378447
4,281,3,2.1371890220179104
4,281,4,13.524444604798331
4,281,5,51.89433193782842
4,281,6,1.0165150466081576
4,282,0,0.7674388331969485
4,282,1,0.09350504295950449
4,282,2,0.13905612384354704
4,282,3,2.1501914575453274
4,282,4,14.26182622981929
4,282,5,51.92367443413273
4,282,6,1.0177995650878133
4,283,0,0.767435475892835
4,283,1,0.0931388602886628
4,283,2,0.13942566381850216
4,283,3,2.158562821493391
4,283,4,14.283273486325562
4,283,5,51.99593971084479
4,283,6,1.0182030747443411
4,284,0,0.7650425238626095
4,284,1,0.09293812815333992
4,284,2,0.14201934798405058
4,284,3,2.173128851561012
4,284,4,13.523242251702186
4,284,5,52.04618751493652
4,284,6,1.016431447703461
4,285,0,0.7666954140830506
4,285,1,0.09333285696209351
4,285,2,0.1399717289548559
4,285,3,2.182718449931076
4,285,4,14.353428421083189
4,285,5,52.08554119077817
4,285,6,1.0183635849732042
4,286,0,0.7645682632940891
4,286,1,0.09304765513121745
4,286,2,0.1423840815746935
4,286,3,2.1974019748482587
4,286,4,13.522878240029215
4,286,5,52.13268503270904
4,286,6,1.0161206260688427
4,287,0,0.7663742439386703
4,287,1,0.09335548968971276
4,287,2,0.14027026637161705
4,287,3,2.2098188676666983
4,287,4,14.345258755248816
4,287,5,52.168258837258215
4,287,6,1.018194230981726
4,288,0,0.7665804733528558
4,288,1,0.09291278752178617
4,288,2,0.140506739125358
4,288,3,2.2215029623065865
4,288,4,14.444504601531097
4,288,5,52.22758650897721
4,288,6,1.0187122503741468
4,289,0,0.7659484648398746
4,289,1,0.09341707663338636
4,289,2,0.1406344585267391
4,289,3,2.2345707206813197
4,289,4,14.428505361880893
4,289,5,52.29379771166165
4,289,6,1.0185789519585655
4,290,0,0.7654583799512272
4,290,1,0.0938322427097053
4,290,2,0.14070937733906747
4,290,3,2.2479203944650132
4,290,4,14.471324753318845
4,290,5,52.335012034871724
4,290,6,1.0183858678906788
4,291,0,0.764030142356233
4,291,1,0.09310308121951123
4,291,2,0.14286677642425577
4,291,3,2.263635372961593
4,291,4,13.642468399758268
4,291,5,52.37562366174046
4,291,6,1.0163514912770288
4,292,0,0.765150904414929
4,292,1,0.09381317735117925
4,292,2,0.14103591823389183
4,292,3,2.27434099933652
4,292,4,14.469631896516477
4,292,5,52.418606265113894
4,292,6,1.0184686265636589
4,293,0,0.7654583241089568
4,293,1,0.09415673637615841
4,293,2,0.14038493951488487
4,293,3,2.285541711117196
4,293,4,14.581647012351903
4,293,5,52.467680224126894
4,293,6,1.0187182713716267
4,294,0,0.762720574273192
4,294,1,0.09416110043117765
4,294,2,0.1431183252956304
4,294,3,2.296374741903135
4,294,4,13.788766655488327
4,294,5,52.51522191822184
4,294,6,1.0163796510750087
4,295,0,0.7646544339991811
4,295,1,0.09421800396627766
4,295,2,0.14112756203454122
4,295,3,2.3133784470644945
4,295,4,14.647794823765913
4,295,5,52.5584298788895
4,295,6,1.017974840765683
4,296,0,0.763961371403995
4,296,1,0.09441921625218844
4,296,2,0.1416194123438165
4,296,3,2.3235157780774114
4,296,4,14.582446274442088
4,296,5,52.62310957408486
4,296,6,1.0181564493370905
4,297,0,0.7619942366839265
4,297,1,0.09474498031116028
4,297,2,0.14326078300491327
4,297,3,2.334964234576823
4,297,4,13.813099194033487
4,297,5,52.702266479346115
4,297,6,1.0162303318699868
4,298,0,0.7615952046717454
4,298,1,0.09495881267673864
4,298,2,0.14344598265151595
4,298,3,2.34876853756939
4,298,4,13.861189712776806
4,298,5,52.77293341472897
4,298,6,1.0163348334996196
4,299,0,0.7630666983163912
4,299,1,0.09457253683675773
4,299,2,0.14236076484685106
4,299,3,2.3619109325536565
4,299,4,14.644177871221657
4,299,5,52.81561715005798
4,299,6,1.018081553818212
4,300,0,0.7634257581126609
4,300,1,0.09445906813000346
4,300,2,0.1421151737573356
4,300,3,2.3736745734602036
4,300,4,14.67876338088217
4,300,5,52.87241426650097
4,300,6,1.0187495231066377
4,301,0,0.7629350636074418
4,301,1,0.09486729254138167
4,301,2,0.14219764385117656
4,301,3,2.3856081670358407
4,301,4,14.702640275146647
4,301,5,52.92914760808367
4,301,6,1.0184704986885782
4,302,0,0.7629358857211617
4,302,1,0.09522900767944502
4,302,2,0.14183510659939327
4,302,3,2.3992040168902227
4,302,4,14.750041305078579
4,302,5,52.98548091267231
4,302,6,1.018550099325675
4,303,0,0.7627671085650372
4,303,1,0.09530673282632118
4,303,2,0.1419261586086417
4,303,3,2.412319411450443
4,303,4,14.868057123412205
4,303,5,53.03137060413093
4,303,6,1.0185625207906397
4,304,0,0.7622306363388303
4,304,1,0.09543790650886845
4,304,2,0.14233145715230122
4,304,3,2.4226582142701085
4,304,4,14.827648889981736
4,304,5,53.077002943163215
4,304,6,1.0188817632966565
4,305,0,0.7618966880272016
4,305,1,0.09544731819441422
4,305,2,0.14265599377838425
4,305,3,2.4359512033684965
4,305,4,14.805958386341104
4,305,5,53.122148296043655
4,305,6,1.018832399110209
4,306,0,0.7612886615254392
4,306,1,0.0955276382126205
4,306,2,0.14318370026194036
4,306,3,2.4471597484669276
4,306,4,14.793836585644584
4,306,5,53.16092102608681
4,306,6,1.019029300790198
4,307,0,0.7619986577401783
4,307,1,0.09529117888658692
4,307,2,0.1427101633732348
4,307,3,2.461893617283555
4,307,4,14.854110233190896
4,307,5,53.19461192680738
4,307,6,1.018807754079457
4,308,0,0.7612704592405845
4,308,1,0.09620077567105673
4,308,2,0.14252876508835882
4,308,3,2.4758343083862635
4,308,4,14.95190600426895
4,308,5,53.24513730089194
4,308,6,1.0184323062139478
4,309,0,0.7588735111746159
4,309,1,0.09603890015952844
4,309,2,0.14508758866585564
4,309,3,2.4857177730686195
4,309,4,14.041952723595903
4,309,5,53.3102824800795
4,309,6,1.0169506336164236
4,310,0,0.7613374057418747
4,310,1,0.09601321018702788
4,310,2,0.14264938407109745
4,310,3,2.496132516454161
4,310,4,15.01700106097135
4,310,5,53.33242707017643
4,310,6,1.019621023062157
4,311,0,0.7607951299076765
4,311,1,0.09640643572699144
4,311,2,0.14279843436533213
4,311,3,2.513382253971839
4,311,4,15.073651082049041
4,311,5,53.37875561711499
4,311,6,1.0188490060059516
4,312,0,0.7586845205653351
4,312,1,0.09602198479185284
4,312,2,0.1452934946428121
4,312,3,2.5272446173940577
4,312,4,14.157423833927773
4,312,5,53.472059291494666
4,312,6,1.0167874542583648
4,313,0,0.7605292333405776
4,313,1,0.0962097693422836
4,313,2,0.14326099731713873
4,313,3,2.539004865721208
4,313,4,15.075348652636052
4,313,5,53.511816526972034
4,313,6,1.0192845533848527
4,314,0,0.7608030121281902
4,314,1,0.09601052596610554
4,314,2,0.1431864619057042
4,314,3,2.5508863899993814
4,314,4,15.09672323091187
4,314,5,53.56091793827031
4,314,6,1.0191312063961844
4,315,0,0.7602103145169343
4,315,1,0.09610523273357564
4,315,2,0.14368445274949
4,315,3,2.567492103393347
4,315,4,15.158971403507215
4,315,5,53.6153754177414
4,315,6,1.0189360872313369
4,316,0,0.757163463186441
4,316,1,0.09637336617643585
4,316,2,0.14646317063712308
4,316,3,2.580234232514655
4,316,4,14.187323249570255
4,316,5,53.694890304369814
4,316,6,1.0168582650432654
4,317,0,0.7571887272167829
4,317,1,0.09652518644361319
4,317,2,0.14628608633960397
4,317,3,2.5937885067931767
4,317,4,14.249018297149197
4,317,5,53.74497465286257
4,317,6,1.0166217436377116
4,318,0,0.7590068149507286
4,318,1,0.09673729183768873
4,318,2,0.14425589321158266
4,318,3,2.604334297461104
4,318,4,15.163530932846957
4,318,5,53.772966867361106
4,318,6,1.0188990053549032
4,319,0,0.7589868568180624
4,319,1,0.09659071689924176
4,319,2,0.14442242628269575
4,319,3,2.6187152152487245
4,319,4,15.243153605562084
4,319,5,53.82179544620609
4,319,6,1.0191643499006344
4,320,0,0.7585724996828438
4,320,1,0.0967182790979072
4,320,2,0.144709221219249
4,320,3,2.635550794269492
4,320,4,15.244564189764409
4,320,5,53.84117493961845
4,320,6,1.018131943410898
4,321,0,0.7588624185261488
4,321,1,0.09638397216730084
4,321,2,0.14475360930655037
4,321,3,2.6452486555056036
4,321,4,15.223693463814058
4,321,5,53.86784587442755
4,321,6,1.0191619610473392
4,322,0,0.7563261183004124
4,322,1,0.09657487922318095
4,322,2,0.1470990024764067
4,322,3,2.658229328215692
4,322,4,14.361271350042601
4,322,5,53.92597870530639
4,322,6,1.0169136498144027
4,323,0,0.7584448623471945
4,323,1,0.09679452392628354
4,323,2,0.1447606137265219
4,323,3,2.672341285504978
4,323,4,15.275994339554735
4,323,5,53.94767313704086
4,323,6,1.0187773941142408
4,324,0,0.7562000964790627
4,324,1,0.096606452915033
4,324,2,0.14719345060590427
4,324,3,2.6840491094604113
4,324,4,14.31315248298927
4,324,5,54.01591485416431
4,324,6,1.0167310844580748
4,325,0,0.7583227600579034
4,325,1,0.09664544113503543
4,325,2,0.14503179880706107
4,325,3,2.6972511521470213
4,325,4,15.280830669094593
4,325,5,54.040019900944785
4,325,6,1.0187867816961367
4,326,0,0.7576397598455379
4,326,1,0.09718425746714168
4,326,2,0.14517598268732046
4,326,3,2.714066654056912
4,326,4,15.354076595533384
4,326,5,54.06794723944815
4,326,6,1.0185381028650249
4,327,0,0.7573337478251685
4,327,1,0.09786026396083938
4,327,2,0.14480598821399218
4,327,3,2.7253528480573133
4,327,4,15.466455822730934
4,327,5,54.0919420078439
4,327,6,1.0187472871340841
4,328,0,0.7573443181936967
4,328,1,0.09781668383710597
4,328,2,0.14483899796919736
4,328,3,2.7370194890281607
4,328,4,15.392840663036628
4,328,5,54.1373802970083
4,328,6,1.0187894941465692
4,329,0,0.7573998952550811
4,329,1,0.09801309757262207
4,329,2,0.14458700717229683
4,329,3,2.7534584631052734
4,329,4,15.47755759457222
4,329,5,54.17920996336208
4,329,6,1.0185521185635535
4,330,0,0.7566728291434404
4,330,1,0.09813456331811972
4,330,2,0.14519260753843988
4,330,3,2.7658086207697017
4,330,4,15.49324677140356
4,330,5,54.24101959243242
4,330,6,1.018344395903855
4,331,0,0.7570092068146944
4,331,1,0.0981334815763612
4,331,2,0.14485731160894438
4,331,3,2.779044821067545
4,331,4,15.524956519737268
4,331,5,54.291473141845486
4,331,6,1.0187323106971944
4,332,0,0.7567327114636144
4,332,1,0.09823485551523277
4,332,2,0.1450324330211528
4,332,3,2.792740697913584
4,332,4,15.504264148870183
4,332,5,54.33765375809509
4,332,6,1.0188573201200597
4,333,0,0.753549077988092
4,333,1,0.098881242946317
4,333,2,0.14756967906559101
4,333,3,2.8086591011053312
4,333,4,14.612319775936696
4,333,5,54.40690101812746
4,333,6,1.016147746458104
4,334,0,0.7534314909451911
4,334,1,0.09854653773933704
4,334,2,0.14802197131547176
4,334,3,2.8203957498898147
4,334,4,14.57606093178702
4,334,5,54.4662454795271
4,334,6,1.0164784508445508
4,335,0,0.7565032800264004
4,335,1,0.09828894592469943
4,335,2,0.14520777404890017
4,335,3,2.8375327084983084
4,335,4,15.723938165071033
4,335,5,54.484192155819336
4,335,6,1.0188405007125128
4,336,0,0.7559020721336186
4,336,1,0.0989880827414755
4,336,2,0.14510984512490588
4,336,3,2.8448783212952375
4,336,4,15.652683521913913
4,336,5,54.52172538139627
4,336,6,1.019072036798543
4,337,0,0.7525646070650015
4,337,1,0.09884768602943064
4,337,2,0.14858770690556786
4,337,3,2.8607484159691983
4,337,4,14.623005560361154
4,337,5,54.56434662660417
4,337,6,1.0170107025248125
4,338,0,0.7554164488478468
4,338,1,0.09918641391613552
4,338,2,0.14539713723601772
4,338,3,2.8768650692620916
4,338,4,15.736669251238323
4,338,5,54.56796864859059
4,338,6,1.01854206373209
4,339,0,0.7525419301312211
4,339,1,0.0987469331272088
4,339,2,0.14871113674157008
4,339,3,2.8915180704793486
4,339,4,14.698297762363426
4,339,5,54.6389191032299
4,339,6,1.016094116554156
4,340,0,0.7551306389701055
4,340,1,0.09892336832931153
4,340,2,0.14594599270058298
4,340,3,2.901735779363031
4,340,4,15.760283027156454
4,340,5,54.64856016620265
4,340,6,1.018759657442968
4,341,0,0.7522846478392018
4,341,1,0.09922415686073459
4,341,2,0.1484911953000636
4,341,3,2.918203942325041
4,341,4,14.741217257608366
4,341,5,54.72121812105919
4,341,6,1.0164085754700065
4,342,0,0.7525438345687774
4,342,1,0.09935356209000151
4,342,2,0.1481026033412211
4,342,3,2.931472525663558
4,342,4,14.777990639336771
4,342,5,54.780458802747916
4,342,6,1.0162759573804225
4,343,0,0.7550276319439486
4,343,1,0.09928561206739099
4,343,2,0.14568675598866035
4,343,3,2.943665652409996
4,343,4,15.852183105705556
4,343,5,54.80474155994412
4,343,6,1.0186179471956383
4,344,0,0.7548521272290023
4,344,1,0.09955681230787619
4,344,2,0.14559106046312156
4,344,3,2.960078507149886
4,344,4,15.851313067361945
4,344,5,54.85766760978649
4,344,6,1.0186361324286757
4,345,0,0.7541969293221997
4,345,1,0.09992265923382433
4,345,2,0.1458804114439759
4,345,3,2.9758328028857255
4,345,4,15.883628468108949
4,345,5,54.90145743290869
4,345,6,1.018192408600074
4,346,0,0.7545678771800877
4,346,1,0.0997732444503225
4,346,2,0.1456588783695899
4,346,3,2.9871308173945357
4,346,4,15.887127583372662
4,346,5,54.93045163043524
4,346,6,1.0186168796926258
4,347,0,0.7541200129142721
4,347,1,0.10003618058726821
4,347,2,0.1458438064984597
4,347,3,3.001365516034349
4,347,4,15.914161563545655
4,347,5,54.97841532650789
4,347,6,1.0184048858933867
4,348,0,0.7538931443959813
4,348,1,0.09992301127600296
4,348,2,0.1461838443280157
4,348,3,3.012827993642159
4,348,4,15.89905729513914
4,348,5,55.01107501871764
4,348,6,1.018731527451376
4,349,0,0.7538527773891874
4,349,1,0.10034328045391133
4,349,2,0.14580394215690123
4,349,3,3.0310513386115763
4,349,4,15.995353119103978
4,349,5,55.027086407199896
4,349,6,1.0184470416728164
4,350,0,0.7505736205172446
4,350,1,0.10059869878766813
4,350,2,0.14882768069508726
4,350,3,3.041867624179214
4,350,4,14.913898614476917
4,350,5,55.08953458349503
4,350,6,1.0164491839102012
4,351,0,0.7500321624646734
4,351,1,0.10085535295187506
4,351,2,0.14911248458345153
4,351,3,3.0521579016023526
4,351,4,14.93768452209053
4,351,5,55.141520990127056
4,351,6,1.0168510340780923
4,352,0,0.7535773487694419
4,352,1,0.10047021467142726
4,352,2,0.14595243655913087
4,352,3,3.0723384576404
4,352,4,16.09915874804993
4,352,5,55.15440198621521
4,352,6,1.0186648683579171
4,353,0,0.753430526235982
4,353,1,0.100751469107887
4,353,2,0.14581800465613098
4,353,3,3.0864712799948197
4,353,4,16.11656604307761
4,353,5,55.180153303229766
4,353,6,1.0184071059448174
4,354,0,0.7532996004402044
4,354,1,0.10061636529009041
4,354,2,0.1460840342697052
4,354,3,3.099587167770487
4,354,4,16.07086220193738
4,354,5,55.217267471634194
4,354,6,1.01844329553113
4,355,0,0.749818158170448
4,355,1,0.10118880743351764
4,355,2,0.14899303439603442
4,355,3,3.111403939844169
4,355,4,15.031303259649425
4,355,5,55.293232122734885
4,355,6,1.016755056454036
4,356,0,0.752885104930318
4,356,1,0.10051477361941354
4,356,2,0.14660012145026843
4,356,3,3.126982966673746
4,356,4,16.09932930615075
4,356,5,55.31402132445942
4,356,6,1.0187348408691426
4,357,0,0.7528576585218804
4,357,1,0.10074211293085902
4,357,2,0.14640022854726065
4,357,3,3.140417842167931
4,357,4,16.170210145128397
4,357,5,55.33817216515926
4,357,6,1.0192614711258126
4,358,0,0.7528044027352396
4,358,1,0.1010850717629211
4,358,2,0.1461105255018392
4,358,3,3.1583728662726753
4,358,4,16.203809870034767
4,358,5,55.37319491135644
4,358,6,1.018398149829105
4,359,0,0.7489599162439414
4,359,1,0.10200279518732937
4,359,2,0.1490372885687292
4,359,3,3.1714351920550405
4,359,4,15.133035795492418
4,359,5,55.43912879164523
4,359,6,1.0163776740263257
4,360,0,0.7530543781066649
4,360,1,0.10120002152609808
4,360,2,0.14574560036723705
4,360,3,3.185000534435692
4,360,4,16.316742395525267
4,360,5,55.447769385093125
4,360,6,1.0187840917794377
4,361,0,0.7528519586788793
4,361,1,0.10142263802497402
4,361,2,0.1457254032961466
4,361,3,3.205515803376451
4,361,4,16.403135224558888
4,361,5,55.48636544703311
4,361,6,1.0183368906031556
4,362,0,0.7521590795255281
4,362,1,0.10168686452507576
4,362,2,0.14615405594939618
4,362,3,3.212002031542759
4,362,4,16.374944511153455
4,362,5,55.52069478632036
4,362,6,1.0191689819231315
4,363,0,0.7488632628747187
4,363,1,0.10240170981318111
4,363,2,0.1487350273121002
4,363,3,3.227978491465443
4,363,4,15.272708880259001
4,363,5,55.60214343727589
4,363,6,1.016607131954309
4,364,0,0.7523853995320637
4,364,1,0.10164938996722366
4,364,2,0.14596521050071262
4,364,3,3.2440043533157756
4,364,4,16.469461571221416
4,364,5,55.606252518436115
4,364,6,1.0190193970164185
4,365,0,0.752218359899395
4,365,1,0.10218842696103506
4,365,2,0.14559321313956988
4,365,3,3.2598506547416357
4,365,4,16.557788128478634
4,365,5,55.62183356397775
4,365,6,1.0186488108029845
4,366,0,0.752199065119772
4,366,1,0.10199932252233845
4,366,2,0.14580161235788958
4,366,3,3.271131177527112
4,366,4,16.5459069672103
4,366,5,55.643641233528264
4,366,6,1.0191053711788163
4,367,0,0.7480423031264143
4,367,1,0.10300359104274046
4,367,2,0.1489541058308453
4,367,3,3.287162033236354
4,367,4,15.35896340241096
4,367,5,55.722087556601316
4,367,6,1.0163200410233098
4,368,0,0.7515384869181412
4,368,1,0.10229854251829534
4,368,2,0.14616297056356345
4,368,3,3.300433825718206
4,368,4,16.507684391717913
4,368,5,55.734499325499364
4,368,6,1.0186771135226262
4,369,0,0.7518518187515364
4,369,1,0.10232960196310081
4,369,2,0.1458185792853628
4,369,3,3.313270247634179
4,369,4,16.602774469505814
4,369,5,55.75255175463516
4,369,6,1.0192222603110461
4,370,0,0.7518058006304006
4,370,1,0.10263928039296667
4,370,2,0.14555491897663272
4,370,3,3.3323072963490175
4,370,4,16.613024888494042
4,370,5,55.78676600416552
4,370,6,1.0182186669773057
4,371,0,0.7485106628410794
4,371,1,0.10351279197916713
4,371,2,0.14797654517975345
4,371,3,3.347951801844949
4,371,4,15.586533085396017
4,371,5,55.85507006447299
4,371,6,1.0165577736365101
4,372,0,0.7516821616514127
4,372,1,0.10285154190508099
4,372,2,0.14546629644350637
4,372,3,3.3600879997394775
4,372,4,16.694910018143243
4,372,5,55.86416594696646
4,372,6,1.01853416751031
4,373,0,0.7514039203000027
4,373,1,0.10306285196455774
4,373,2,0.14553322773543956
4,373,3,3.3750270455980718
4,373,4,16.726710483312388
4,373,5,55.89461352022215
4,373,6,1.0186530524318063
4,374,0,0.7513865494864153
4,374,1,0.10247901648379178
4,374,2,0.14613443402979298
4,374,3,3.390066372963881
4,374,4,16.65864332486915
4,374,5,55.91359000730407
4,374,6,1.0186780320594728
4,375,0,0.7474180549152811
4,375,1,0.10335329884827564
4,375,2,0.14922864623644322
4,375,3,3.404458985734674
4,375,4,15.552957019609485
4,375,5,55.977512138728194
4,375,6,1.01665534469617
4,376,0,0.7508874912694181
4,376,1,0.10275604273424865
4,376,2,0.14635646599633326
4,376,3,3.4199445148879892
4,376,4,16.715057233015926
4,376,5,55.98323720743728
4,376,6,1.0186751989345928
4,377,0,0.7504921616742177
4,377,1,0.10317182402034523
4,377,2,0.14633601430543708
4,377,3,3.43363625923564
4,377,4,16.781293249386852
4,377,5,55.98974518445638
4,377,6,1.018787358986514
4,378,0,0.7501439995378427
4,378,1,0.10344791750784259
4,378,2,0.1464080829543147
4,378,3,3.447192213744862
4,378,4,16.754719667147743
4,378,5,55.97864605105169
4,378,6,1.0185435437668586
4,379,0,0.7468966557504161
4,379,1,0.10407836766896339
4,379,2,0.1490249765806205
4,379,3,3.4637001237723446
4,379,4,15.636445758997054
4,379,5,56.0181503792603
4,379,6,1.016545215950866
4,380,0,0.7507592226071592
4,380,1,0.10305491481782529
4,380,2,0.14618586257501548
4,380,3,3.47928383941228
4,380,4,16.833461254296708
4,380,5,56.01740524833791
4,380,6,1.0187431357677996
4,381,0,0.7508260106282807
4,381,1,0.10300495792852352
4,381,2,0.14616903144319573
4,381,3,3.493271487632963
4,381,4,16.877312001121677
4,381,5,56.02765118996909
4,381,6,1.0190003061746151
4,382,0,0.7508197060651216
4,382,1,0.10326559783178059
4,382,2,0.14591469610309782
4,382,3,3.5080861472059075
4,382,4,16.924655788573617
4,382,5,56.03777831226861
4,382,6,1.0190634570579487
4,383,0,0.7506067835268168
4,383,1,0.10363464973160419
4,383,2,0.14575856674157908
4,383,3,3.523805944502819
4,383,4,16.972841794639315
4,383,5,56.05280533173366
4,383,6,1.0188601158937898
4,384,0,0.7505973844260911
4,384,1,0.1042043626218457
4,384,2,0.14519825295206315
4,384,3,3.539283098608369
4,384,4,17.018802567325828
4,384,5,56.05965515097926
4,384,6,1.0191061334293836
4,385,0,0.7503642995430023
4,385,1,0.1042654649421319
4,385,2,0.14537023551486575
4,385,3,3.556034328875643
4,385,4,17.06628123478053
4,385,5,56.080728126739174
4,385,6,1.0185775706472608
4,386,0,0.7503263419697137
4,386,1,0.10394675278122205
4,386,2,0.1457269052490642
4,386,3,3.5749616148028105
4,386,4,17.08928676386281
4,386,5,56.09361266982327
4,386,6,1.0180821271823246
4,387,0,0.7500859850236945
4,387,1,0.10399529299485236
4,387,2,0.14591872198145317
4,387,3,3.5770536953931296
4,387,4,17.027882251913642
4,387,5,56.09681688796226
4,387,6,1.0194688188298626
4,388,0,0.7499490166863378
4,388,1,0.10361476502786657
4,388,2,0.14643621828579564
4,388,3,3.5980937159345414
4,388,4,17.122968755387323
4,388,5,56.10154881543635
4,388,6,1.0191753028582404
4,389,0,0.7503388449109989
4,389,1,0.10374808797398825
4,389,2,0.14591306711501278
4,389,3,3.6155507418468398
4,389,4,17.11358091784675
4,389,5,56.09878615515631
4,389,6,1.018599884949017
4,390,0,0.7452282813485449
4,390,1,0.10534428911782256
4,390,2,0.1494274295336325
4,390,3,3.627863682900168
4,390,4,15.854142972854756
4,390,5,56.148101880237405
4,390,6,1.0161754042047395
4,391,0,0.7492198739710438
4,391,1,0.10406474325289569
4,391,2,0.14671538277606053
4,391,3,3.644211685744115
4,391,4,17.109208751556455
4,391,5,56.13848800457848
4,391,6,1.0185753788732106
4,392,0,0.7489352910922276
4,392,1,0.10486806508368203
4,392,2,0.14619664382409048
4,392,3,3.6589741837232506
4,392,4,17.18404608931707
4,392,5,56.11866311224652
4,392,6,1.0187579319546662
4,393,0,0.7447899767101784
4,393,1,0.1057769155056022
4,393,2,0.14943310778421934
4,393,3,3.678885356121533
4,393,4,15.874488739757247
4,393,5,56.16063660090091
4,393,6,1.0157796856227161
4,394,0,0.7490405525232381
4,394,1,0.10456286706148175
4,394,2,0.14639658041528017
4,394,3,3.6924414479476306
4,394,4,17.170537589875032
4,394,5,56.144861083070865
4,394,6,1.018243370993555
4,395,0,0.7444989365257988
4,395,1,0.1060537238424847
4,395,2,0.1494473396317165
4,395,3,3.708474650556217
4,395,4,15.932400225779368
4,395,5,56.188516914449565
4,395,6,1.015853533321443
4,396,0,0.7488540933884982
4,396,1,0.10510755536531316
4,396,2,0.1460383512461886
4,396,3,3.7241536673875917
4,396,4,17.279913364232904
4,396,5,56.16727986507604
4,396,6,1.0180202610678826
4,397,0,0.7492002631692548
4,397,1,0.10515207854617718
4,397,2,0.14564765828456802
4,397,3,3.7414108909556623
4,397,4,17.39037761567047
4,397,5,56.141229834465136
4,397,6,1.0179417554374437
4,398,0,0.7490295174176126
4,398,1,0.10527413997692696
4,398,2,0.14569634260546044
4,398,3,3.7518102605605037
4,398,4,17.290598389970476
4,398,5,56.145974077449544
4,398,6,1.0183602148590216
4,399,0,0.7440216277461589
4,399,1,0.10622031669588146
4,399,2,0.1497580555579597
4,399,3,3.769738281121008
4,399,4,15.958280104415424
4,399,5,56.188130446034265
4,399,6,1.0153311070399194
4,400,0,0.7440020224288113
4,400,1,0.10608136697992748
4,400,2,0.14991661059126118
4,400,3,3.7846722106733623
4,400,4,16.00748473230118
4,400,5,56.219404865697264
4,400,6,1.0156901059846708
4,401,0,0.748717987300913
4,401,1,0.10492110936001892
4,401,2,0.14636090333906812
4,401,3,3.800792086901486
4,401,4,17.383554662915646
4,401,5,56.18372847257665
4,401,6,1.0183473914842416
4,402,0,0.7485587464066016
4,402,1,0.10510761769913445
4,402,2,0.14633363589426396
4,402,3,3.8163363226282017
4,402,4,17.335190745470687
4,402,5,56.14120588337813
4,402,6,1.018456575242765
4,403,0,0.7440720740008033
4,403,1,0.10646012396375742
4,403,2,0.14946780203543927
4,403,3,3.8316892739479655
4,403,4,16.05209647066657
4,403,5,56.16435128889178
4,403,6,1.0157621726734904
4,404,0,0.7492667671703767
4,404,1,0.10465836144022046
4,404,2,0.1460748713894029
4,404,3,3.8496042957655687
4,404,4,17.465203934946377
4,404,5,56.120106426912045
4,404,6,1.01812805198145
4,405,0,0.7482853081676659
4,405,1,0.10502864659024001
4,405,2,0.1466860452420941
4,405,3,3.8666017139236355
4,405,4,17.37471930966325
4,405,5,56.083000462802474
4,405,6,1.0171961388462398
4,406,0,0.7440855683078577
4,406,1,0.10626741966599747
4,406,2,0.14964701202614486
4,406,3,3.87729443209833
4,406,4,16.105531628250557
4,406,5,56.118249670308764
4,406,6,1.0157828106274018
4,407,0,0.7434327962224654
4,407,1,0.10710250550156558
4,407,2,0.14946469827596906
4,407,3,3.8926318683321006
4,407,4,16.158852298562756
4,407,5,56.14469958470409
4,407,6,1.0158204074843824
4,408,0,0.7479021659180425
4,408,1,0.10600298268835531
4,408,2,0.14609485139360215
4,408,3,3.9050286089585398
4,408,4,17.536267705865
4,408,5,56.105408132498084
4,408,6,1.0183956103860854
4,409,0,0.7430643839527069
4,409,1,0.1072141641178808
4,409,2,0.14972145192941227
4,409,3,3.9252698687010517
4,409,4,16.123241330163157
4,409,5,56.12885071164845
4,409,6,1.0152433272782848
4,410,0,0.743578619180561
4,410,1,0.10690607207522107
4,410,2,0.14951530874421795
4,410,3,3.942838364640218
4,410,4,16.1968793423747
4,410,5,56.15146834269762
4,410,6,1.0153410361409607
4,411,0,0.7481117700948473
4,411,1,0.10559336168473742
4,411,2,0.1462948682204153
4,411,3,3.954620590987585
4,411,4,17.54607693430335
4,411,5,56.11245443857913
4,411,6,1.0178974464687156
4,412,0,0.7476812521907241
4,412,1,0.10539692051660594
4,412,2,0.14692182729266995
4,412,3,3.9695257509545137
4,412,4,17.489501087456173
4,412,5,56.065196875104434
4,412,6,1.0180424469938634
4,413,0,0.7435813117234118
4,413,1,0.10697590751624139
4,413,2,0.14944278076034684
4,413,3,3.9879617082233065
4,413,4,16.222703373493058
4,413,5,56.06642472801838
4,413,6,1.0154785703315752
4,414,0,0.7428061079814499
4,414,1,0.10732894785382845
4,414,2,0.14986494416472168
4,414,3,4.003061570309636
4,414,4,16.200536144866522
4,414,5,56.087116850872725
4,414,6,1.0153162302264045
4,415,0,0.7428801862594091
4,415,1,0.1072782739093964
4,415,2,0.14984153983119453
4,415,3,4.0197699640724185
4,415,4,16.229504555396534
4,415,5,56.10422995283106
4,415,6,1.0153188583562467
4,416,0,0.7426824588083029
4,416,1,0.10745236854028564
4,416,2,0.14986517265141147
4,416,3,4.042390676257322
4,416,4,16.253389765321902
4,416,5,56.13128490902468
4,416,6,1.014673400630669
4,417,0,0.7429548268662648
4,417,1,0.10771317124267488
4,417,2,0.1493320018910603
4,417,3,4.048549568904702
4,417,4,16.234490354986335
4,417,5,56.14965143805393
4,417,6,1.0154689788272682
4,418,0,0.7481666162193636
4,418,1,0.1056697843273442
4,418,2,0.14616359945329213
4,418,3,4.0658548658692215
4,418,4,17.666601876344057
4,418,5,56.100256757116405
4,418,6,1.0179353337807289
4,419,0,0.7476548437729962
4,419,1,0.10598201535195408
4,419,2,0.14636314087504979
4,419,3,4.0822515826718755
4,419,4,17.725046606412803
4,419,5,56.05112843699252
4,419,6,1.0176328169798299
4,420,0,0.7424807236648545
4,420,1,0.10742347621440398
4,420,2,0.15009580012074147
4,420,3,4.098451970546107
4,420,4,16.247443545788112
4,420,5,56.054043506552844
4,420,6,1.015377039194919
4,421,0,0.7413659614708271
4,421,1,0.1081217684508821
4,421,2,0.1505122700782908
4,421,3,4.112540618125754
4,421,4,16.21679978571415
4,421,5,56.067195492372576
4,421,6,1.0150038581230807
4,422,0,0.742052114435322
4,422,1,0.10837689910492679
4,422,2,0.14957098645975112
4,422,3,4.133207640632288
4,422,4,16.353983680360955
4,422,5,56.06778405738638
4,422,6,1.0147574344369734
4,423,0,0.7419594102482203
4,423,1,0.1083839607699454
4,423,2,0.1496566289818342
4,423,3,4.149656569363098
4,423,4,16.365143941559776
4,423,5,56.08690780281813
4,423,6,1.0148864724162132
4,424,0,0.7416013998758841
4,424,1,0.10870199661413352
4,424,2,0.1496966035099823
4,424,3,4.159485170868208
4,424,4,16.37565722432819
4,424,5,56.103661844354825
4,424,6,1.0157293453438179
4,425,0,0.7473075420260695
4,425,1,0.10652424381152366
4,425,2,0.14616821416240686
4,425,3,4.179148370215198
4,425,4,17.778541973301724
4,425,5,56.041489350379784
4,425,6,1.0178062277123803
4,426,0,0.7418215961100854
4,426,1,0.10865393382414197
4,426,2,0.1495244700657727
4,426,3,4.194247785740717
4,426,4,16.380927014498347
4,426,5,56.014988193035144
4,426,6,1.015348083027379
4,427,0,0.747476698218387
4,427,1,0.10649728212837503
4,427,2,0.14602601965323797
4,427,3,4.212383708063502
4,427,4,17.78334472671879
4,427,5,55.94463531047549
4,427,6,1.0177946759402807
4,428,0,0.741464188405854
4,428,1,0.10880193470161002
4,428,2,0.14973387689253592
4,428,3,4.227425001873466
4,428,4,16.298111896952076
4,428,5,55.92748113504312
4,428,6,1.0148172512833618
4,429,0,0.7419442136006146
4,429,1,0.1083972506154449
4,429,2,0.1496585357839405
4,429,3,4.241184203837192
4,429,4,16.33861973685859
4,429,5,55.931781169713034
4,429,6,1.01510220948933
4,430,0,0.7415117974637324
4,430,1,0.10885283139797423
4,430,2,0.1496353711382934
4,430,3,4.260360157753206
4,430,4,16.38543521086415
4,430,5,55.939175673943915
4,430,6,1.0150007440475186
4,431,0,0.7413483882687225
4,431,1,0.10901907921451341
4,431,2,0.1496325325167641
4,431,3,4.275882266676074
4,431,4,16.42860671713731
4,431,5,55.93757999360193
4,431,6,1.015290884648462
4,432,0,0.7416134736887531
4,432,1,0.10901134631481642
4,432,2,0.1493751799964305
4,432,3,4.288960825107466
4,432,4,16.425878174502976
4,432,5,55.92948571289188
4,432,6,1.0155658794747953
4,433,0,0.741515803478541
4,433,1,0.10886692793043205
4,433,2,0.149617268591027
4,433,3,4.306983272757616
4,433,4,16.424462199365262
4,433,5,55.926160406374024
4,433,6,1.0151952481522166
4,434,0,0.740972734233816
4,434,1,0.10907604381291519
4,434,2,0.14995122195326874
4,434,3,4.322654108636142
4,434,4,16.396604090161144
4,434,5,55.93337226699072
4,434,6,1.0150001406925944
4,435,0,0.7409630023531792
4,435,1,0.10954500515651515
4,435,2,0.14949199249030565
4,435,3,4.33741281329781
4,435,4,16.401979761022975
4,435,5,55.93806676603516
4,435,6,1.0154855617073384
4,436,0,0.7471909397307952
4,436,1,0.10659863249197764
4,436,2,0.14621042777722715
4,436,3,4.352663964935332
4,436,4,17.90277191560636
4,436,5,55.856149706749775
4,436,6,1.0176813608180395
4,437,0,0.7408145413170976
4,437,1,0.10975838019766815
4,437,2,0.14942707848523432
4,437,3,4.371128122753529
4,437,4,16.434570234019855
4,437,5,55.82306066019146
4,437,6,1.0149349622565664
4,438,0,0.7414804463847697
4,438,1,0.10963938869122075
4,438,2,0.14888016492400954
4,438,3,4.3875827447762745
4,438,4,16.586884265457353
4,438,5,55.808667012880825
4,438,6,1.0152330641108955
4,439,0,0.7411879383186148
4,439,1,0.10986458561600614
4,439,2,0.14894747606537895
4,439,3,4.4088061658812165
4,439,4,16.52296985941505
4,439,5,55.82343147508038
4,439,6,1.0145748051797456
4,440,0,0.7405983745181137
4,440,1,0.1100473549304224
4,440,2,0.14935427055146394
4,440,3,4.424984729611271
4,440,4,16.48986760179361
4,440,5,55.82361839043916
4,440,6,1.0141621882114442
4,441,0,0.7405824079101415
4,441,1,0.11031445637078514
4,441,2,0.14910313571907335
4,441,3,4.441736987748307
4,441,4,16.501406001839737
4,441,5,55.825134199447746
4,441,6,1.0143033504433805
4,442,0,0.7402166534071984
4,442,1,0.11023002000438885
4,442,2,0.14955332658841272
4,442,3,4.454953345707757
4,442,4,16.508638073405493
4,442,5,55.833783607493324
4,442,6,1.0146794505855083
4,443,0,0.7399148815734902
4,443,1,0.11061253355665863
4,443,2,0.14947258486985115
4,443,3,4.473361677606405
4,443,4,16.547042059801516
4,443,5,55.83686369087275
4,443,6,1.0144808517161685
4,444,0,0.74039216117776
4,444,1,0.11057441362109713
4,444,2,0.14903342520114293
4,444,3,4.486591360065843
4,444,4,16.593547090947872
4,444,5,55.83182754424057
4,444,6,1.0151407844701321
4,445,0,0.7406835807396772
4,445,1,0.1107976655092995
4,445,2,0.14851875375102327
4,445,3,4.506444981965345
4,445,4,16.628530433771694
4,445,5,55.823519925097784
4,445,6,1.0146184252488537
4,446,0,0.7404482501227878
4,446,1,0.11091484542810053
4,446,2,0.14863690444911173
4,446,3,4.521050102446624
4,446,4,16.700454562276686
4,446,5,55.81946655316733
4,446,6,1.0150638668448
4,447,0,0.7405606540216134
4,447,1,0.11112491818972972
4,447,2,0.14831442778865686
4,447,3,4.541364294450386
4,447,4,16.716963452449992
4,447,5,55.816126208000234
4,447,6,1.0145661948567815
4,448,0,0.7407230094810279
4,448,1,0.11128220733589211
4,448,2,0.14799478318308001
4,448,3,4.559078896322374
4,448,4,16.805987574924238
4,448,5,55.80227235684006
4,448,6,1.01457656669034
4,449,0,0.7405786650564679
4,449,1,0.11135118145974045
4,449,2,0.14807015348379163
4,449,3,4.569287216033383
4,449,4,16.680656534574474
4,449,5,55.79822713014001
4,449,6,1.01526099079404
4,450,0,0.7404258139773527
4,450,1,0.11121755892246839
4,450,2,0.1483566271001789
4,450,3,4.591284725832873
4,450,4,16.72268945860142
4,450,5,55.77828025648023
4,450,6,1.0146268275979213
4,451,0,0.7397483727892156
4,451,1,0.11190022349744944
4,451,2,0.14835140371333505
4,451,3,4.604736327874665
4,451,4,16.689994799770922
4,451,5,55.76017196519251
4,451,6,1.0147195800338156
4,452,0,0.7400572048477309
4,452,1,0.11166789001271499
4,452,2,0.14827490513955416
4,452,3,4.625738567906
4,452,4,16.72604415451033
4,452,5,55.74379800860344
4,452,6,1.0145809140451736
4,453,0,0.740522669021386
4,453,1,0.11134897690062893
4,453,2,0.1481283540779851
4,453,3,4.640995717269604
4,453,4,16.749792230308376
4,453,5,55.725681672826695
4,453,6,1.014536564544899
4,454,0,0.7397335459401251
4,454,1,0.1124665346061434
4,454,2,0.14779991945373147
4,454,3,4.660256528053183
4,454,4,16.763801120165557
4,454,5,55.720964007684515
4,454,6,1.0143020616888512
4,455,0,0.7392909383701771
4,455,1,0.11282209512381275
4,455,2,0.14788696650601013
4,455,3,4.67155251026668
4,455,4,16.83124222041847
4,455,5,55.710109286968155
4,455,6,1.0144936599595076
4,456,0,0.7392822749044403
4,456,1,0.1131095049439905
4,456,2,0.14760822015156919
4,456,3,4.688160147362003
4,456,4,16.78669292761474
4,456,5,55.70156423428202
4,456,6,1.0145250155425698
4,457,0,0.7397091540049383
4,457,1,0.11281434142645369
4,457,2,0.14747650456860803
4,457,3,4.7099129210146025
4,457,4,16.874993898040454
4,457,5,55.68461718961847
4,457,6,1.0142489174049931
4,458,0,0.739769271277591
4,458,1,0.11284735165428987
4,458,2,0.14738337706811916
4,458,3,4.725168409356699
4,458,4,16.893504300499778
4,458,5,55.6666209585604
4,458,6,1.0141506894346337
4,459,0,0.7386487646238753
4,459,1,0.11357628863569935
4,459,2,0.1477749467404254
4,459,3,4.736573716537564
4,459,4,16.78380913410705
4,459,5,55.64797656377978
4,459,6,1.014474862878483
4,460,0,0.7394170133216091
4,460,1,0.11323303120221306
4,460,2,0.14734995547617777
4,460,3,4.762934521843989
4,460,4,16.867511146125356
4,460,5,55.62642741608354
4,460,6,1.0138235079055105
4,461,0,0.7393635435413769
4,461,1,0.1134014871887671
4,461,2,0.147234969269856
4,461,3,4.772269844824818
4,461,4,16.909246677004344
4,461,5,55.59656894041537
4,461,6,1.0141504494620164
4,462,0,0.7392669527008343
4,462,1,0.11352883086847947
4,462,2,0.14720421643068624
4,462,3,4.795935192858957
4,462,4,16.869715139929443
4,462,5,55.582478957112386
4,462,6,1.0138261748522173
4,463,0,0.7391017024453067
4,463,1,0.1135912518444755
4,463,2,0.14730704571021783
4,463,3,4.809120307308991
4,463,4,16.893208034809483
4,463,5,55.554678166892806
4,463,6,1.0140554603385075
4,464,0,0.7389788114490718
4,464,1,0.11393727742387537
4,464,2,0.14708391112705285
4,464,3,4.830433377221962
4,464,4,16.900884017896317
4,464,5,55.52811756053506
4,464,6,1.013238698317127
4,465,0,0.7387899765676293
4,465,1,0.11445925559249116
4,465,2,0.14675076783987953
4,465,3,4.847696987632797
4,465,4,16.93461916277443
4,465,5,55.50133449776741
4,465,6,1.0135915683845331
4,466,0,0.7392736917674149
4,466,1,0.11392955532895295
4,466,2,0.1467967529036322
4,466,3,4.861080162648575
4,466,4,16.975294905776458
4,466,5,55.47929209507228
4,466,6,1.0140119852377694
4,467,0,0.7390172467878141
4,467,1,0.11442573599327552
4,467,2,0.14655701721891035
4,467,3,4.883495097546877
4,467,4,17.01215991845366
4,467,5,55.452711077951996
4,467,6,1.0134194457702592
4,468,0,0.7384838054610388
4,468,1,0.11481969234025155
4,468,2,0.14669650219870967
4,468,3,4.8975976064685955
4,468,4,16.924566741912635
4,468,5,55.42855300431456
4,468,6,1.013423940709914
4,469,0,0.7387520830972498
4,469,1,0.11494457522484672
4,469,2,0.1463033416779034
4,469,3,4.9099305733145755
4,469,4,16.982283678107247
4,469,5,55.408003569000975
4,469,6,1.013894434129916
4,470,0,0.739180271789547
4,470,1,0.11471153219178494
4,470,2,0.14610819601866804
4,470,3,4.932124255930781
4,470,4,16.983826916256202
4,470,5,55.386183046932494
4,470,6,1.013549071876741
4,471,0,0.7395318805374509
4,471,1,0.11452404932220382
4,471,2,0.14594407014034536
4,471,3,4.953878702686088
4,471,4,17.12122632673767
4,471,5,55.35782724891704
4,471,6,1.0134804944860554
4,472,0,0.7398747430488251
4,472,1,0.11468336876707604
4,472,2,0.14544188818409898
4,472,3,4.975125251718642
4,472,4,17.091365901133603
4,472,5,55.344857106125325
4,472,6,1.0131957937981946
4,473,0,0.7389719124120806
4,473,1,0.11536541719140671
4,473,2,0.14566267039651273
4,473,3,4.981245720964672
4,473,4,17.07276838493748
4,473,5,55.33112865287775
4,473,6,1.0136736879817607
4,474,0,0.7392125656033322
4,474,1,0.11544709537078959
4,474,2,0.14534033902587826
4,474,3,5.004050900175724
4,474,4,17.10980572717383
4,474,5,55.30235657845097
4,474,6,1.0132598154845767
4,475,0,0.7392971965122812
4,475,1,0.11531737884866017
4,475,2,0.14538542463905865
4,475,3,5.020686383184408
4,475,4,17.081067778163963
4,475,5,55.269018099175554
4,475,6,1.0137238217393434
4,476,0,0.7394293910954023
4,476,1,0.11534024488283817
4,476,2,0.1452303640217595
4,476,3,5.042299950786593
4,476,4,17.164877906600818
4,476,5,55.23439600211017
4,476,6,1.0132342522374802
4,477,0,0.738817116818232
4,477,1,0.11601210876436709
4,477,2,0.14517077441740087
4,477,3,5.049331357134916
4,477,4,17.143069066499102
4,477,5,55.208013828842056
4,477,6,1.0136587342983407
4,478,0,0.7393698277370109
4,478,1,0.11564768186390949
4,478,2,0.14498249039907957
4,478,3,5.076135406908404
4,478,4,17.20419227919938
4,478,5,55.174782236323864
4,478,6,1.0133128709274186
4,479,0,0.738800663991962
4,479,1,0.11581581529972977
4,479,2,0.14538352070830832
4,479,3,5.091012910539661
4,479,4,17.163558162070167
4,479,5,55.15821010713875
4,479,6,1.0133471615599654
4,480,0,0.7382620771083893
4,480,1,0.11669760059715317
4,480,2,0.1450403222944575
4,480,3,5.104452759377881
4,480,4,17.147040145503
4,480,5,55.14057028190367
4,480,6,1.0135351647494883
4,481,0,0.7383821280998437
4,481,1,0.1166619981594436
4,481,2,0.14495587374071264
4,481,3,5.125232952702134
4,481,4,17.14356743351455
4,481,5,55.11662867470201
4,481,6,1.0129662892908458
4,482,0,0.7381646041891893
4,482,1,0.11667266333861956
4,482,2,0.1451627324721912
4,482,3,5.146186368058764
4,482,4,17.148575745670243
4,482,5,55.09800267206981
4,482,6,1.0127876170706154
4,483,0,0.7391548539197825
4,483,1,0.11661547207519159
4,483,2,0.14422967400502595
4,483,3,5.167734733437291
4,483,4,17.28553443464537
4,483,5,55.0580518047068
4,483,6,1.012619815159214
4,484,0,0.7379414752969397
4,484,1,0.11734930543489572
4,484,2,0.14470921926816463
4,484,3,5.17521082195237
4,484,4,17.193013141856607
4,484,5,55.04150452475664
4,484,6,1.0128652716255218
4,485,0,0.7378950897096836
4,485,1,0.11743707699525475
4,485,2,0.14466783329506153
4,485,3,5.2036385702866195
4,485,4,17.18433953556969
4,485,5,55.015201143692664
4,485,6,1.012237117613266
4,486,0,0.7387121822015663
4,486,1,0.11702888416180575
4,486,2,0.1442589336366279
4,486,3,5.22071464598476
4,486,4,17.3152737101612
4,486,5,54.97535346110175
4,486,6,1.0125675428332475
4,487,0,0.738910813918359
4,487,1,0.11739655941821296
4,487,2,0.14369262666342802
4,487,3,5.240921150673595
4,487,4,17.350178222580396
4,487,5,54.94117005326939
4,487,6,1.012414163039586
4,488,0,0.7393449830650413
4,488,1,0.11720072820472101
4,488,2,0.14345428873023774
4,488,3,5.254380671106359
4,488,4,17.410707005047634
4,488,5,54.90990005668349
4,488,6,1.012725262953148
4,489,0,0.7389350730873323
4,489,1,0.117149829049864
4,489,2,0.14391509786280374
4,489,3,5.272864584518585
4,489,4,17.35580132751012
4,489,5,54.88422699341705
4,489,6,1.0125777406059508
4,490,0,0.7388471651097885
4,490,1,0.11737960682026613
4,490,2,0.14377322806994527
4,490,3,5.2919811201696465
4,490,4,17.411991744165366
4,490,5,54.85958702515844
4,490,6,1.012357981773411
4,491,0,0.738555574147873
4,491,1,0.1178580019299389
4,491,2,0.1435864239221881
4,491,3,5.3116972293994875
4,491,4,17.38667759839156
4,491,5,54.8346391163837
4,491,6,1.0121283792258933
4,492,0,0.7391965386426156
4,492,1,0.11804047317294641
4,492,2,0.142762988184438
4,492,3,5.330957535676952
4,492,4,17.44674082949666
4,492,5,54.79220368766302
4,492,6,1.0123689187990117
4,493,0,0.7390853948034464
4,493,1,0.11812491476064454
4,493,2,0.14278969043590908
4,493,3,5.350523128890588
4,493,4,17.415532409769476
4,493,5,54.77911621587706
4,493,6,1.0118313290821128
4,494,0,0.7396154245584294
4,494,1,0.11800451100695752
4,494,2,0.14238006443461304
4,494,3,5.357896920602201
4,494,4,17.463277538321233
4,494,5,54.75070441182596
4,494,6,1.012873204063093
4,495,0,0.7393141616256745
4,495,1,0.11824019444925525
4,495,2,0.14244564392507023
4,495,3,5.386612639121082
4,495,4,17.483654450733123
4,495,5,54.72044389138371
4,495,6,1.012175148927808
4,496,0,0.7390323882665675
4,496,1,0.11834257833812084
4,496,2,0.1426250333953117
4,496,3,5.397449673485836
4,496,4,17.484799703160842
4,496,5,54.687902537459905
4,496,6,1.0122361786102074
4,497,0,0.7390285088497965
4,497,1,0.11837143168777652
4,497,2,0.1426000594624269
4,497,3,5.422489340143126
4,497,4,17.453364485487228
4,497,5,54.65778404335845
4,497,6,1.0119358746782707
4,498,0,0.7389200377454674
4,498,1,0.11864631352203625
4,498,2,0.14243364873249628
4,498,3,5.440515272998882
4,498,4,17.5156685714382
4,498,5,54.62416689228329
4,498,6,1.011996337995112
4,499,0,0.7396276288660781
4,499,1,0.11847156196602011
4,499,2,0.1419008091679018
4,499,3,5.460900312897316
4,499,4,17.608826816366545
4,499,5,54.57255979262601
4,499,6,1.0117243038832608
4,500,0,0.739431077681222
4,500,1,0.11864931614784407
4,500,2,0.14191960617093397
4,500,3,5.479860680966591
4,500,4,17.606146456711674
4,500,5,54.53244717846734
4,500,6,1.0117453303776904
4,501,0,0.7388636929145778
4,501,1,0.11854867293121889
4,501,2,0.14258763415420334
4,501,3,5.497666604037083
4,501,4,17.549906402411345
4,501,5,54.519569380993936
4,501,6,1.0116223892831397
4,502,0,0.7391740747693055
4,502,1,0.11924089120997089
4,502,2,0.14158503402072356
4,502,3,5.512889484116577
4,502,4,17.595721726175032
4,502,5,54.48417382632743
4,502,6,1.01184706257207
4,503,0,0.73908422155773
4,503,1,0.11946054099180237
4,503,2,0.14145523745046765
4,503,3,5.5360405696629265
4,503,4,17.61026129251026
4,503,5,54.44927469555737
4,503,6,1.011210294807448
4,504,0,0.7389171864758454
4,504,1,0.11938483407422484
4,504,2,0.14169797944992982
4,504,3,5.54699628701235
4,504,4,17.532906881114073
4,504,5,54.42596664975941
4,504,6,1.0116399600720138
4,505,0,0.73881898078261
4,505,1,0.11933487810594963
4,505,2,0.14184614111144042
4,505,3,5.575116125763364
4,505,4,17.655412609842656
4,505,5,54.36105663822145
4,505,6,1.011117903813181
4,506,0,0.7387067849111588
4,506,1,0.11972725800832719
4,506,2,0.14156595708051403
4,506,3,5.584542554379311
4,506,4,17.584691054892982
4,506,5,54.31658106255797
4,506,6,1.0115276278153749
4,507,0,0.7387018806891633
4,507,1,0.11994211213148141
4,507,2,0.1413560071793553
4,507,3,5.6046503471984295
4,507,4,17.612041220716637
4,507,5,54.256849743542325
4,507,6,1.0118188624127176
4,508,0,0.7389048143943149
4,508,1,0.12017392785911796
4,508,2,0.14092125774656716
4,508,3,5.629470065848824
4,508,4,17.644408891828643
4,508,5,54.218879850095256
4,508,6,1.010916221475894
4,509,0,0.7384937818768954
4,509,1,0.12021828719565808
4,509,2,0.14128793092744654
4,509,3,5.644504951647971
4,509,4,17.53677480184943
4,509,5,54.194674958551005
4,509,6,1.011314925298226
4,510,0,0.7390146045690672
4,510,1,0.12016707698620732
4,510,2,0.1408183184447255
4,510,3,5.66852495751226
4,510,4,17.62888860592287
4,510,5,54.138731185070434
4,510,6,1.010635967627164
4,511,0,0.7385385700972523
4,511,1,0.1206864682400193
4,511,2,0.1407749616627284
4,511,3,5.684299144398489
4,511,4,17.629506937712133
4,511,5,54.104001993507346
4,511,6,1.010967380425839
4,512,0,0.7389226576042326
4,512,1,0.1204012183220541
4,512,2,0.1406761240737133
4,512,3,5.703425647465828
4,512,4,17.68513088717332
4,512,5,54.05638367948108
4,512,6,1.0107959782322211
4,513,0,0.7389689388051867
4,513,1,0.12074207986675396
4,513,2,0.14028898132805936
4,513,3,5.727169760688887
4,513,4,17.65986777569235
4,513,5,54.02189457668604
4,513,6,1.0102555133174322
4,514,0,0.7390414927131046
4,514,1,0.12055933823918076
4,514,2,0.14039916904771463
4,514,3,5.74253716853938
4,514,4,17.693039341991312
4,514,5,53.99177249086042
4,514,6,1.0108277470956657
4,515,0,0.7394373526807385
4,515,1,0.1208928303486625
4,515,2,0.13966981697059894
4,515,3,5.757695625413891
4,515,4,17.796209561274065
4,515,5,53.93800295387796
4,515,6,1.0107907970150256
4,516,0,0.7390273378722146
4,516,1,0.12121469492303848
4,516,2,0.13975796720474687
4,516,3,5.777473654505738
4,516,4,17.73726804950829
4,516,5,53.89974033247082
4,516,6,1.0107732932627616
4,517,0,0.7388606868407757
4,517,1,0.12174936561159046
4,517,2,0.13938994754763392
4,517,3,5.796860991752402
4,517,4,17.72024373150187
4,517,5,53.87174172813777
4,517,6,1.0103023916573615
4,518,0,0.7386877320181066
4,518,1,0.12212029139148887
4,518,2,0.13919197659040455
4,518,3,5.802673850025196
4,518,4,17.71209863232986
4,518,5,53.84667703097344
4,518,6,1.0114293974508715
4,519,0,0.7391297710816661
4,519,1,0.12198745803222497
4,519,2,0.1388827708861089
4,519,3,5.8312263726248235
4,519,4,17.747159265669946
4,519,5,53.81056203686253
4,519,6,1.0108041623417037
4,520,0,0.7390521271824118
4,520,1,0.12200698825613214
4,520,2,0.1389408845614561
4,520,3,5.850677977960723
4,520,4,17.75850566079457
4,520,5,53.776238202300796
4,520,6,1.0106445258718881
4,521,0,0.7392772862395234
4,521,1,0.12243403234476444
4,521,2,0.13828868141571224
4,521,3,5.870340441991697
4,521,4,17.849101287966516
4,521,5,53.73701992440905
4,521,6,1.0107100259580741
4,522,0,0.7390001476321183
4,522,1,0.12261871631802335
4,522,2,0.13838113604985836
4,522,3,5.893085594323169
4,522,4,17.851621176130053
4,522,5,53.701023387475765
4,522,6,1.010451375477708
4,523,0,0.7387087137373785
4,523,1,0.12270839349710828
4,523,2,0.1385828927655132
4,523,3,5.914696200257082
4,523,4,17.80358033761897
4,523,5,53.64951015641001
4,523,6,1.0101269236239243
4,524,0,0.738420468513691
4,524,1,0.12288972875844582
4,524,2,0.13868980272786313
4,524,3,5.927682923903624
4,524,4,17.77374640649043
4,524,5,53.598569637709446
4,524,6,1.0103565539377561
4,525,0,0.7395287976710561
4,525,1,0.12262010303081583
4,525,2,0.13785109929812805
4,525,3,5.958549101034495
4,525,4,17.850391762070327
4,525,5,53.54550359169055
4,525,6,1.0098337492512135
4,526,0,0.7390742618949036
4,526,1,0.12337376459127156
4,526,2,0.13755197351382484
4,526,3,5.970313612431883
4,526,4,17.833960913432016
4,526,5,53.51985687735384
4,526,6,1.0098960173911107
4,527,0,0.7385975299835486
4,527,1,0.12396298370496366
4,527,2,0.13743948631148775
4,527,3,5.987388586487241
4,527,4,17.824374372642065
4,527,5,53.50624911024299
4,527,6,1.0097538611064327
4,528,0,0.738847747375347
4,528,1,0.12407125145614403
4,528,2,0.13708100116850902
4,528,3,6.009632327349098
4,528,4,17.896661994504765
4,528,5,53.472894595640476
4,528,6,1.0095129266798084
4,529,0,0.7386561200102311
4,529,1,0.12431132379540977
4,529,2,0.13703255619435917
4,529,3,6.019333480406523
4,529,4,17.912944747294173
4,529,5,53.436463568952014
4,529,6,1.010406958106638
4,530,0,0.7392418293331968
4,530,1,0.12372946916340512
4,530,2,0.13702870150339808
4,530,3,6.050082130754701
4,530,4,18.031277598775983
4,530,5,53.38672713279293
4,530,6,1.0096733919339773
4,531,0,0.7393381244247863
4,531,1,0.12384498702973828
4,531,2,0.1368168885454754
4,531,3,6.0677323146617015
4,531,4,18.01735105301079
4,531,5,53.347351142577
4,531,6,1.0098777614037082
4,532,0,0.7391223471204148
4,532,1,0.12421886611925748
4,532,2,0.13665878676032775
4,532,3,6.087130959693832
4,532,4,18.010007418326133
4,532,5,53.306203512607354
4,532,6,1.0096361603518569
4,533,0,0.7391969823308896
4,533,1,0.124021963166147
4,533,2,0.13678105450296338
4,533,3,6.105879361514868
4,533,4,17.96950722767088
4,533,5,53.27502299158083
4,533,6,1.0097339001198027
4,534,0,0.739365817296816
4,534,1,0.12447317836976436
4,534,2,0.13616100433341952
4,534,3,6.128411604358708
4,534,4,17.996300987718453
4,534,5,53.234008845598254
4,534,6,1.009466351206263
4,535,0,0.7386599618684969
4,535,1,0.12502584452800103
4,535,2,0.13631419360350203
4,535,3,6.148043654469114
4,535,4,17.951880642386975
4,535,5,53.183081396021024
4,535,6,1.0094112419115973
4,536,0,0.7393924653425777
4,536,1,0.12473710953783561
4,536,2,0.13587042511958666
4,536,3,6.171152040337687
4,536,4,18.06512417154832
4,536,5,53.12013134467168
4,536,6,1.009542452899798
4,537,0,0.739126366535812
4,537,1,0.12484295568096351
4,537,2,0.13603067778322447
4,537,3,6.190190999556021
4,537,4,17.988940453618117
4,537,5,53.073411576273614
4,537,6,1.0091883500365575
4,538,0,0.7391151458416052
4,538,1,0.1254778253126236
4,538,2,0.1354070288457712
4,538,3,6.209112751534084
4,538,4,18.06137771982121
4,538,5,53.04367997169817
4,538,6,1.009461000129819
4,539,0,0.7390794748104856
4,539,1,0.12580902151279122
4,539,2,0.1351115036767231
4,539,3,6.2170831087219
4,539,4,18.045550325401745
4,539,5,52.99879774438774
4,539,6,1.0097886328483843
4,540,0,0.7392851812753398
4,540,1,0.12603332619886728
4,540,2,0.13468149252579287
4,540,3,6.2446681539602205
4,540,4,18.076508558845628
4,540,5,52.952840556559835
4,540,6,1.0093652562611655
4,541,0,0.7398469571160864
4,541,1,0.1259860661385913
4,541,2,0.13416697674532227
4,541,3,6.267882036832055
4,541,4,18.122335185322818
4,541,5,52.90140632094983
4,541,6,1.0092003443205384
4,542,0,0.7400621316092112
4,542,1,0.12609650208978654
4,542,2,0.1338413663010023
4,542,3,6.282711045757097
4,542,4,18.16716503486959
4,542,5,52.85380804042663
4,542,6,1.0096656199227811
4,543,0,0.7395131207813911
4,543,1,0.1263988876993197
4,543,2,0.1340879915192892
4,543,3,6.300798787296596
4,543,4,18.12024366813409
4,543,5,52.815428025867426
4,543,6,1.0090826571275888
4,544,0,0.7397132575078986
4,544,1,0.1267155186607599
4,544,2,0.13357122383134148
4,544,3,6.318801518237793
4,544,4,18.11195289857355
4,544,5,52.76823367882881
4,544,6,1.0094604430806153
4,545,0,0.739718220071413
4,545,1,0.12676464875707044
4,545,2,0.13351713117151665
4,545,3,6.332390308218382
4,545,4,18.21059124395853
4,545,5,52.70493736832259
4,545,6,1.0099984437036191
4,546,0,0.7390254761718071
4,546,1,0.12735311714173053
4,546,2,0.13362140668646227
4,546,3,6.358593056552213
4,546,4,18.1226678670899
4,546,5,52.64083983411791
4,546,6,1.0090092923785747
4,547,0,0.739447213201302
4,547,1,0.12754626799243085
4,547,2,0.1330065188062671
4,547,3,6.374548558909073
4,547,4,18.175620728216302
4,547,5,52.56521685692124
4,547,6,1.0092592019232813
4,548,0,0.7394291203214448
4,548,1,0.12789931218522724
4,548,2,0.13267156749332792
4,548,3,6.397214998287146
4,548,4,18.19741529523594
4,548,5,52.510321806890786
4,548,6,1.00906714797293
4,549,0,0.7400498827137869
4,549,1,0.12755829068144034
4,549,2,0.1323918266047728
4,549,3,6.421747345833462
4,549,4,18.236232951824142
4,549,5,52.459864391700705
4,549,6,1.0090367610037505
4,550,0,0.7395788046360574
4,550,1,0.12791759870626546
4,550,2,0.13250359665767714
4,550,3,6.436610775502251
4,550,4,18.24347070930118
4,550,5,52.40353390841213
4,550,6,1.008960848546534
4,551,0,0.7401908870001339
4,551,1,0.12758742548410035
4,551,2,0.1322216875157657
4,551,3,6.45911401577138
4,551,4,18.28702234770225
4,551,5,52.33049472865212
4,551,6,1.009088912220287
4,552,0,0.739545323228112
4,552,1,0.12793701356109713
4,552,2,0.13251766321079095
4,552,3,6.471914935120208
4,552,4,18.16870389804484
4,552,5,52.25223423061122
4,552,6,1.0091877454101303
4,553,0,0.7393115381482567
4,553,1,0.1285964682243501
4,553,2,0.1320919936273932
4,553,3,6.491682419360769
4,553,4,18.150995015475228
4,553,5,52.186726389136794
4,553,6,1.0091633747632753
4,554,0,0.7395838999427813
4,554,1,0.12870562895744306
4,554,2,0.1317104710997757
4,554,3,6.52155022916337
4,554,4,18.2015104447555
4,554,5,52.12657671296671
4,554,6,1.008719546880109
4,555,0,0.739087666245307
4,555,1,0.12916925902892176
4,555,2,0.1317430747257713
4,555,3,6.539979285643134
4,555,4,18.1833583284092
4,555,5,52.055232939818616
4,555,6,1.0088655079596822
4,556,0,0.7395544236252053
4,556,1,0.12872817677949458
4,556,2,0.13171739959530013
4,556,3,6.560113794361611
4,556,4,18.223286967901018
4,556,5,51.95689458764276
4,556,6,1.0086757875919283
4,557,0,0.739535621273641
4,557,1,0.1287378439239837
4,557,2,0.1317265348023752
4,557,3,6.577232222586114
4,557,4,18.15168646215537
4,557,5,51.875005162865776
4,557,6,1.0086398324970463
4,558,0,0.7392555203377493
4,558,1,0.12938796523907448
4,558,2,0.1313565144231762
4,558,3,6.596011152458764
4,558,4,18.169968406701084
4,558,5,51.79201046286656
4,558,6,1.0087458215922833
4,559,0,0.739447158887683
4,559,1,0.1291613170796999
4,559,2,0.1313915240326171
4,559,3,6.618012564116364
4,559,4,18.1664771036869
4,559,5,51.6960568027293
4,559,6,1.0083782625989088
4,560,0,0.7389103598933701
4,560,1,0.12981440989125956
4,560,2,0.1312752302153704
4,560,3,6.638477268618808
4,560,4,18.114672974827155
4,560,5,51.59848894255328
4,560,6,1.0082948977365709
4,561,0,0.7391493406911349
4,561,1,0.13006213526438715
4,561,2,0.13078852404447788
4,561,3,6.654709251867986
4,561,4,18.181939811699575
4,561,5,51.49653763604949
4,561,6,1.0086032630206772
4,562,0,0.7391817600253634
4,562,1,0.12976973024439045
4,562,2,0.13104850973024618
4,562,3,6.68118393819947
4,562,4,18.157815650312834
4,562,5,51.39354731175391
4,562,6,1.0081198082837244
4,563,0,0.7390088582926867
4,563,1,0.13001120820539844
4,563,2,0.13097993350191484
4,563,3,6.694991246345494
4,563,4,18.124657704480512
4,563,5,51.2873607397711
4,563,6,1.0085002534921308
4,564,0,0.7387483339700884
4,564,1,0.13037825313407664
4,564,2,0.13087341289583487
4,564,3,6.723468357270903
4,564,4,18.092078071787924
4,564,5,51.19801805445357
4,564,6,1.0076714519073071
4,565,0,0.7386755471815203
4,565,1,0.13042210287331873
4,565,2,0.13090234994516092
4,565,3,6.734425806759841
4,565,4,18.06953530809078
4,565,5,51.090279638471316
4,565,6,1.0083684665754846
4,566,0,0.7380911714473442
4,566,1,0.1307893504059237
4,566,2,0.13111947814673214
4,566,3,6.7590038613382815
4,566,4,18.016052793958238
4,566,5,50.97510980668077
4,566,6,1.00755716010199
4,567,0,0.7380480111875646
4,567,1,0.13083433594188018
4,567,2,0.13111765287055527
4,567,3,6.784182165577845
4,567,4,18.05097230111211
4,567,5,50.840534029951385
4,567,6,1.007945625770386
4,568,0,0.7376690022077017
4,568,1,0.1321476084061792
4,568,2,0.13018338938611915
4,568,3,6.793133487642223
4,568,4,18.056791322074645
4,568,5,50.966992106839555
4,568,6,1.0079435113420827
4,569,0,0.7393227304570729
4,569,1,0.13163298099186616
4,569,2,0.12904428855106098
4,569,3,6.826153325954061
4,569,4,18.22934888089228
4,569,5,51.02725942954949
4,569,6,1.007631127738788
4,570,0,0.740604916491435
4,570,1,0.13172436073383234
4,570,2,0.12767072277473268
4,570,3,6.85767027078466
4,570,4,18.407265448916625
4,570,5,51.04114583560281
4,570,6,1.0073000002854746
4,571,0,0.7406221218847817
4,571,1,0.1317182903861939
4,571,2,0.12765958772902436
4,571,3,6.8750727678629335
4,571,4,18.428720811491186
4,571,5,51.08382173990853
4,571,6,1.0075548673517964
4,572,0,0.740542113201786
4,572,1,0.13248185279197536
4,572,2,0.12697603400623872
4,572,3,6.896010622943078
4,572,4,18.471708857269345
4,572,5,51.106983840110004
4,572,6,1.0074893571684944
4,573,0,0.7411699896348979
4,573,1,0.13277160653951423
4,573,2,0.12605840382558786
4,573,3,6.916396129013861
4,573,4,18.58190427486172
4,573,5,51.11074844847069
4,573,6,1.0078147938728919
4,574,0,0.7414757552149999
4,574,1,0.13284750940949505
4,574,2,0.12567673537550508
4,574,3,6.940416426069686
4,574,4,18.580567329371892
4,574,5,51.12392499971867
4,574,6,1.007437082842387
4,575,0,0.7413541534093531
4,575,1,0.13369023575567096
4,575,2,0.12495561083497592
4,575,3,6.967158304215948
4,575,4,18.584125173695927
4,575,5,51.10866852041645
4,575,6,1.0071438288116263
4,576,0,0.7417444325605143
4,576,1,0.1335231784153781
4,576,2,0.12473238902410767
4,576,3,6.984351008023801
4,576,4,18.666637632814172
4,576,5,51.07442060646355
4,576,6,1.0071011175884643
4,577,0,0.7428454479996451
4,577,1,0.13314345600530667
4,577,2,0.12401109599504825
4,577,3,7.012105230658782
4,577,4,18.753794078440155
4,577,5,51.05134220034012
4,577,6,1.0069545599012
4,578,0,0.742905778997567
4,578,1,0.13343413425374728
4,578,2,0.12366008674868562
4,578,3,7.032112386820777
4,578,4,18.77459504111782
4,578,5,50.983096824570815
4,578,6,1.0067211966129506
4,579,0,0.7427468270188657
4,579,1,0.13359924719166305
4,579,2,0.12365392578947128
4,579,3,7.050165249445196
4,579,4,18.771114157636987
4,579,5,50.9474860269016
4,579,6,1.0069908209011096
4,580,0,0.742376417409955
4,580,1,0.13453439183245686
4,580,2,0.12308919075758817
4,580,3,7.068886082802503
4,580,4,18.78467014354555
4,580,5,50.88798108655063
4,580,6,1.0067246569615658
4,581,0,0.74231595411076
4,581,1,0.1341383192605582
4,581,2,0.12354572662868174
4,581,3,7.092476329203935
4,581,4,18.721537703538257
4,581,5,50.91139160246524
4,581,6,1.0068249924667159
4,582,0,0.7426639440962096
4,582,1,0.13463292442380734
4,582,2,0.12270313147998307
4,582,3,7.1122557185096165
4,582,4,18.851128722861837
4,582,5,50.82943452866966
4,582,6,1.006804239451995
4,583,0,0.7439281761144041
4,583,1,0.13443150693840425
4,583,2,0.12164031694719163
4,583,3,7.139100975193314
4,583,4,18.93292827358285
4,583,5,50.75147014041156
4,583,6,1.0067147710703725
4,584,0,0.742547597316468
4,584,1,0.13568318834048645
4,584,2,0.12176921434304551
4,584,3,7.163448382943872
4,584,4,18.826991138507008
4,584,5,50.69982035292313
4,584,6,1.0060145765436692
4,585,0,0.7434734671073226
4,585,1,0.13520616766221724
4,585,2,0.12132036523046015
4,585,3,7.181298407302832
4,585,4,18.91291346465563
4,585,5,50.63246800186889
4,585,6,1.0066506029717768
4,586,0,0.7426754920351873
4,586,1,0.13578477105860937
4,586,2,0.12153973690620326
4,586,3,7.202345622479097
4,586,4,18.88778726784148
4,586,5,50.61742594177006
4,586,6,1.0064283637733067
4,587,0,0.7430391890608101
4,587,1,0.13623301919039546
4,587,2,0.12072779174879435
4,587,3,7.220741896060683
4,587,4,18.90467552046508
4,587,5,50.52485600614393
4,587,6,1.0061562946806335
4,588,0,0.742581580878369
4,588,1,0.13665577302493442
4,588,2,0.12076264609669654
4,588,3,7.245831646245056
4,588,4,18.857121011389264
4,588,5,50.45348140878852
4,588,6,1.0062114066568275
4,589,0,0.7430093209445524
4,589,1,0.13660524233757265
4,589,2,0.12038543671787497
4,589,3,7.273392715169105
4,589,4,18.870062147310485
4,589,5,50.379863598539806
4,589,6,1.0056807316621341
4,590,0,0.743684506494829
4,590,1,0.13666713071183956
4,590,2,0.11964836279333152
4,590,3,7.295510766927787
4,590,4,18.990560094313157
4,590,5,50.26362920868321
4,590,6,1.0059864055558612
4,591,0,0.7434643861536134
4,591,1,0.13726932448488746
4,591,2,0.11926628936149913
4,591,3,7.3149076113448785
4,591,4,18.959446574268185
4,591,5,50.19524297536377
4,591,6,1.0058929085781383
4,592,0,0.7430371177193389
4,592,1,0.13791231589891528
4,592,2,0.1190505663817458
4,592,3,7.3378598032428295
4,592,4,18.993958367456642
4,592,5,50.122055527666795
4,592,6,1.0056907158561506
4,593,0,0.7431353963942509
4,593,1,0.13791560624047475
4,593,2,0.11894899736527434
4,593,3,7.350967946068599
4,593,4,19.022724794445104
4,593,5,50.047478504897626
4,593,6,1.0059088670027525
4,594,0,0.7427143032966304
4,594,1,0.13877330777760533
4,594,2,0.11851238892576427
4,594,3,7.3786752414002
4,594,4,18.980255107376106
4,594,5,49.973962708197845
4,594,6,1.0057094275643073
4,595,0,0.7430561697075575
4,595,1,0.13891354504266307
4,595,2,0.11803028524977943
4,595,3,7.39912772085656
4,595,4,19.023900186352847
4,595,5,49.892376933584536
4,595,6,1.0058906219770591
4,596,0,0.7428866508730907
4,596,1,0.13905811228996542
4,596,2,0.11805523683694381
4,596,3,7.415953065180462
4,596,4,19.018094661463394
4,596,5,49.83782117283619
4,596,6,1.0059214250177695
4,597,0,0.7428762892814582
4,597,1,0.13942404240622847
4,597,2,0.11769966831231332
4,597,3,7.443188746092585
4,597,4,18.98548913957001
4,597,5,49.77978298973458
4,597,6,1.0056309108886128
4,598,0,0.7435904309680411
4,598,1,0.13930366551240433
4,598,2,0.11710590351955456
4,598,3,7.466021920414804
4,598,4,19.03679231748956
4,598,5,49.69462716476745
4,598,6,1.0056741386709023
4,599,0,0.6744821212742016
4,599,1,0.20338399741438604
4,599,2,0.12213388131141235
4,599,3,6.71892063493157
4,599,4,16.494074498320682
4,599,5,49.773211799207054
4,599,6,0.9858431933920302
4,600,0,0.6721208001053975
4,600,1,0.20555765799096423
4,600,2,0.12232154190363818
4,600,3,6.738774541782908
4,600,4,16.36583016353767
4,600,5,49.63492282335956
4,600,6,0.9849482746510286
4,601,0,0.6730854390072185
4,601,1,0.20514778088929825
4,601,2,0.12176678010348321
4,601,3,6.7586635065259095
4,601,4,16.457698963145145
4,601,5,49.581316323923744
4,601,6,0.9855045219757377
4,602,0,0.6720988317938976
4,602,1,0.2065066269830958
4,602,2,0.12139454122300664
4,602,3,6.778593362076335
4,602,4,16.407707097604803
4,602,5,49.49641787094167
4,602,6,0.9853769759217343
4,603,0,0.671323905645159
4,603,1,0.20782319537645969
4,603,2,0.12085289897838139
4,603,3,6.798561570278136
4,603,4,16.408368505213108
4,603,5,49.35908593038604
4,603,6,0.9849794605495175
4,604,0,0.6704792113119209
4,604,1,0.20867746187632685
4,604,2,0.12084332681175228
4,604,3,6.818566279676543
4,604,4,16.384664236194592
4,604,5,49.24217177481221
4,604,6,0.9852426204192172
4,605,0,0.6702665614820956
4,605,1,0.20915513827201762
4,605,2,0.12057830024588677
4,605,3,6.838610630051662
4,605,4,16.406081693418876
4,605,5,49.16934340140135
4,605,6,0.9852775337699986
4,606,0,0.6710223299506004
4,606,1,0.20902695277124592
4,606,2,0.11995071727815364
4,606,3,6.8585585854487086
4,606,4,16.46436497675862
4,606,5,49.1133825067279
4,606,6,0.9857524543252697
4,607,0,0.6695815819935269
4,607,1,0.2106800877954865
4,607,2,0.11973833021098654
4,607,3,6.8786829350966645
4,607,4,16.454413680816863
4,607,5,49.09440097440228
4,607,6,0.9851185182370207
4,608,0,0.6697502237134538
4,608,1,0.21090397980925688
4,608,2,0.11934579647728932
4,608,3,6.898846405088035
4,608,4,16.5199026889673
4,608,5,49.044258365014706
4,608,6,0.9846399110517849
4,609,0,0.6719857249346666
4,609,1,0.20981223804497823
4,609,2,0.11820203702035517
4,609,3,6.919049166025357
4,609,4,16.643816259826046
4,609,5,48.98476717684629
4,609,6,0.9850266733002776
4,610,0,0.6702507764336709
4,610,1,0.21120102306753258
4,610,2,0.11854820049879654
4,610,3,6.93929139095383
4,610,4,16.581485787374714
4,610,5,48.89842738163566
4,610,6,0.9847005796869417
4,611,0,0.6700621038752265
4,611,1,0.21228216079521764
4,611,2,0.11765573532955588
4,611,3,6.959573255414966
4,611,4,16.581353785071208
4,611,5,48.79419733219352
4,611,6,0.9849817263997542
4,612,0,0.6698649888084455
4,612,1,0.2129854758712446
4,612,2,0.1171495353203099
4,612,3,6.979894937501918
4,612,4,16.61747374611751
4,612,5,48.743180215600056
4,612,6,0.9847553527221395
4,613,0,0.6707608448791946
4,613,1,0.21295364075351492
4,613,2,0.11628551436729041
4,613,3,7.000256617916565
4,613,4,16.702326464257307
4,613,5,48.706877516434204
4,613,6,0.9843006355589673
4,614,0,0.6711869682525969
4,614,1,0.21303217483752085
4,614,2,0.1157808569098822
4,614,3,7.020658480028424
4,614,4,16.743413297193996
4,614,5,48.58658843571789
4,614,6,0.984508283424385
4,615,0,0.6695984541776114
4,615,1,0.21466063981094718
4,615,2,0.11574090601144142
4,615,3,7.041100709935457
4,615,4,16.679956492947447
4,615,5,48.53929476098759
4,615,6,0.9843214204827536
4,616,0,0.6708971095103147
4,616,1,0.21393247587499503
4,616,2,0.1151704146146903
4,616,3,7.061583496526874
4,616,4,16.744812498709635
4,616,5,48.487532586215416
4,616,6,0.9849361035152765
4,617,0,0.6708478582871239
4,617,1,0.21421096269671092
4,617,2,0.11494117901616521
4,617,3,7.0821070315479835
4,617,4,16.77041381400813
4,617,5,48.48511637171495
4,617,6,0.9844644546938904
4,618,0,0.6709188759814297
4,618,1,0.21486532713471043
4,618,2,0.11421579688385985
4,618,3,7.102671509667218
4,618,4,16.80924946650126
4,618,5,48.45561278860474
4,618,6,0.9848866796540577
4,619,0,0.6712445260275878
4,619,1,0.21543076923421994
4,619,2,0.11332470473819226
4,619,3,7.123277128545381
4,619,4,16.8558296703774
4,619,5,48.484096843485176
4,619,6,0.9852861461780993
4,620,0,0.67033426579916
4,620,1,0.2165919153013645
4,620,2,0.11307381889947553
4,620,3,7.143924088907273
4,620,4,16.858573716965623
4,620,5,48.396360530037825
4,620,6,0.9844899428356942
4,621,0,0.671345016374185
4,621,1,0.21667247664138756
4,621,2,0.11198250698442751
4,621,3,7.16461259461573
4,621,4,16.933133313709877
4,621,5,48.34500779361462
4,621,6,0.9848020328185483
4,622,0,0.671282221641635
4,622,1,0.21717393469292842
4,622,2,0.11154384366543654
4,622,3,7.185342852748252
4,622,4,16.96045081868142
4,622,5,48.26925897600974
4,622,6,0.9844246890418786
4,623,0,0.6706195277036209
4,623,1,0.2181145137737018
4,623,2,0.1112659585226773
4,623,3,7.20611507367628
4,623,4,16.94552994455801
4,623,5,48.28580623551562
4,623,6,0.9844600511956995
4,624,0,0.6726296744097013
4,624,1,0.21769695831550534
4,624,2,0.10967336727479333
4,624,3,7.226929471147286
4,624,4,17.084567407343243
4,624,5,48.22044166509599
4,624,6,0.9843050196832951
4,625,0,0.672926285740604
4,625,1,0.21795809374639136
4,625,2,0.10911562051300466
4,625,3,7.247786262369773
4,625,4,17.15611069886616
4,625,5,48.22329016802275
4,625,6,0.9839630355434791
4,626,0,0.6727608720044551
4,626,1,0.21848468143543096
4,626,2,0.1087544465601139
4,626,3,7.268685668101343
4,626,4,17.17267412611781
4,626,5,48.16392488840495
4,626,6,0.9843664786912141
4,627,0,0.6715802742467659
4,627,1,0.21976961619439936
4,627,2,0.1086501095588347
4,627,3,7.289627912739962
4,627,4,17.20596095728028
4,627,5,48.16397854566635
4,627,6,0.983619722166888
4,628,0,0.6725528268819462
4,628,1,0.21964499822137484
4,628,2,0.10780217489667895
4,628,3,7.310613224418581
4,628,4,17.23804746047504
4,628,5,48.0734312245896
4,628,6,0.9842481801837889
4,629,0,0.6722939697825514
4,629,1,0.22057523624816844
4,629,2,0.10713079396928019
4,629,3,7.331641835103272
4,629,4,17.273330390356623
4,629,5,48.071377332056585
4,629,6,0.9840835119117346
4,630,0,0.6727154314472388
4,630,1,0.22094221184199594
4,630,2,0.10634235671076528
4,630,3,7.3527139806950546
4,630,4,17.3373905906813
4,630,5,48.09921442094816
4,630,6,0.9838092177876321
4,631,0,0.6741358397510023
4,631,1,0.22059764980783272
4,631,2,0.10526651044116495
4,631,3,7.373829901135577
4,631,4,17.432694386629645
4,631,5,48.14597421795747
4,631,6,0.9840055143730894
4,632,0,0.6750431360974843
4,632,1,0.22054198088864896
4,632,2,0.1044148830138667
4,632,3,7.394989840516869
4,632,4,17.53390521050163
4,632,5,48.14956815991114
4,632,6,0.9837428782160129
4,633,0,0.6757997072989015
4,633,1,0.22076285522060793
4,633,2,0.10343743748049061
4,633,3,7.4161940471953525
4,633,4,17.62626669692092
4,633,5,48.15247728780634
4,633,6,0.9838452026409275
4,634,0,0.6759642479228103
4,634,1,0.22134572403354294
4,634,2,0.10269002804364678
4,634,3,7.437442773910322
4,634,4,17.64806371460754
4,634,5,48.16437617600854
4,634,6,0.9843064931314027
4,635,0,0.6754524154810746
4,635,1,0.22251623637663667
4,635,2,0.1020313481422887
4,635,3,7.45873627790715
4,635,4,17.671121529558857
4,635,5,48.132637443686
4,635,6,0.9836002747758263
4,636,0,0.6755197191290658
4,636,1,0.22262022388890654
4,636,2,0.10186005698202764
4,636,3,7.480074821065427
4,636,4,17.702384781338736
4,636,5,48.1128152934272
4,636,6,0.9834311055336151
4,637,0,0.6767664343183011
4,637,1,0.2226448234046895
4,637,2,0.10058874227700935
4,637,3,7.501458670032332
4,637,4,17.801707435885273
4,637,5,48.047305895609284
4,637,6,0.9836995715910873
4,638,0,0.6754906477545773
4,638,1,0.22330169823634236
4,638,2,0.10120765400908029
4,638,3,7.522888096361481
4,638,4,17.724877851449275
4,638,5,48.00090936328704
4,638,6,0.9836028386900217
4,639,0,0.674725338179026
4,639,1,0.22460058015697545
4,639,2,0.10067408166399851
4,639,3,7.544363376657573
4,639,4,17.779483465349294
4,639,5,47.99672944656717
4,639,6,0.9833744014771503
4,640,0,0.6739170453201235
4,640,1,0.22586483121906797
4,640,2,0.10021812346080847
4,640,3,7.5658847927271315
4,640,4,17.771449867483245
4,640,5,47.98480782103461
4,640,6,0.9833601256186245
4,641,0,0.6752887235705086
4,641,1,0.22564228243675685
4,641,2,0.09906899399273451
4,641,3,7.587452631735689
4,641,4,17.874623126339593
4,641,5,47.97088819842629
4,641,6,0.9832764597506771
4,642,0,0.6752763723029334
4,642,1,0.22606628686436814
4,642,2,0.09865734083269856
4,642,3,7.609067186371778
4,642,4,17.898276291307464
4,642,5,47.99274129578941
4,642,6,0.9835765959273477
4,643,0,0.6758766525021862
4,643,1,0.2262024189146803
4,643,2,0.09792092858313348
4,643,3,7.630728755018099
4,643,4,17.990177986417045
4,643,5,47.91618030418656
4,643,6,0.9829166498354908
4,644,0,0.6752828682367004
4,644,1,0.2270489860195891
4,644,2,0.09766814574371052
4,644,3,7.652437641930295
4,644,4,17.983113090987974
4,644,5,47.912401950815735
4,644,6,0.9831077458550805
4,645,0,0.6753477912855663
4,645,1,0.227663225129755
4,645,2,0.0969889835846786
4,645,3,7.674194157423767
4,645,4,18.03509678487212
4,645,5,47.881641537675954
4,645,6,0.9832846940178813
4,646,0,0.6753281830539957
4,646,1,0.22838325009557173
4,646,2,0.09628856685043254
4,646,3,7.695998618069015
4,646,4,18.066001109344494
4,646,5,47.87619163859746
4,646,6,0.9833100176640892
4,647,0,0.6741659619495697
4,647,1,0.22963298190388864
4,647,2,0.09620105614654166
4,647,3,7.717851346895984
4,647,4,18.014531581110273
4,647,5,47.79817798814694
4,647,6,0.983588653115496
4,648,0,0.6739128933638546
4,648,1,0.22997290913975205
4,648,2,0.09611419749639334
4,648,3,7.739752673608011
4,648,4,18.026733912096663
4,648,5,47.797721779790436
4,648,6,0.9829761566708008
4,649,0,0.673748200119286
4,649,1,0.2308724151602291
4,649,2,0.09537938472048482
4,649,3,7.76170293480592
4,649,4,18.060309666414245
4,649,5,47.69328330736973
4,649,6,0.9829679876491965
4,650,0,0.6720130897892286
4,650,1,0.23241154754656435
4,650,2,0.09557536266420709
4,650,3,7.783702474222927
4,650,4,17.967797106642262
4,650,5,47.56795693479292
4,650,6,0.9832969800386259
4,651,0,0.6710420611486456
4,651,1,0.23351149752788952
4,651,2,0.09544644132346489
4,651,3,7.805831024698157
4,651,4,17.959323746778608
4,651,5,47.57027512551
4,651,6,0.9831115283485659
4,652,0,0.6712069964448684
4,652,1,0.234237466191876
4,652,2,0.09455553736325559
4,652,3,7.827930497305934
4,652,4,18.029999198841807
4,652,5,47.55511671376213
4,652,6,0.9825511083748131
4,653,0,0.6724883966394863
4,653,1,0.2335733113207025
4,653,2,0.09393829203981119
4,653,3,7.850000311366862
4,653,4,18.09958682919718
4,653,5,47.550340826573176
4,653,6,0.9835546515032094
4,654,0,0.6713294467779026
4,654,1,0.23487726536895187
4,654,2,0.09379328785314552
4,654,3,7.872200552525851
4,654,4,18.087769229130817
4,654,5,47.60544214810056
4,654,6,0.9829018408326878
4,655,0,0.6701421437717061
4,655,1,0.2360801424121675
4,655,2,0.09377771381612646
4,655,3,7.894451906624201
4,655,4,18.068091397040014
4,655,5,47.57163453971003
4,655,6,0.9829935135257041
4,656,0,0.6705351674295428
4,656,1,0.23637534285215026
4,656,2,0.09308948971830701
4,656,3,7.916754765820591
4,656,4,18.105205051694295
4,656,5,47.6072107246589
4,656,6,0.9835541501200518
4,657,0,0.6683252828985866
4,657,1,0.2385656163789827
4,657,2,0.09310910072243075
4,657,3,7.9391095314177615
4,657,4,18.051478624447075
4,657,5,47.53235776471224
4,657,6,0.9829371433340166
4,658,0,0.6682372776827421
4,658,1,0.23882689986319453
4,658,2,0.09293582245406336
4,658,3,7.961516614213729
4,658,4,18.063687136204873
4,658,5,47.42797712015756
4,658,6,0.9828931447289955
4,659,0,0.6673232465921859
4,659,1,0.2398890551079163
4,659,2,0.09278769829989787
4,659,3,7.983976434872419
4,659,4,18.066458579907135
4,659,5,47.38948098952229
4,659,6,0.9828901653052269
4,660,0,0.6670709865363263
4,660,1,0.24045033311526542
4,660,2,0.0924786803484082
4,660,3,8.006489424315133
4,660,4,18.117060592217356
4,660,5,47.369978575712054
4,660,6,0.982881342906245
4,661,0,0.6668974291054093
4,661,1,0.24089546091035707
4,661,2,0.09220710998423365
4,661,3,8.029056024134432
4,661,4,18.120505669530132
4,661,5,47.33212500922324
4,661,6,0.9827895669122702
4,662,0,0.6655144688244532
4,662,1,0.24230173343821867
4,662,2,0.09218379773732807
4,662,3,8.051676687032082
4,662,4,18.091838083942434
4,662,5,47.27165059093948
4,662,6,0.9826210877593679
4,663,0,0.6635964937101679
4,663,1,0.24420873548910482
4,663,2,0.09219477080072726
4,663,3,8.074351877282941
4,663,4,18.04111410626581
4,663,5,47.23853877090631
4,663,6,0.9825264382961372
4,664,0,0.6644143644572292
4,664,1,0.2437763596904266
4,664,2,0.09180927585234418
4,664,3,8.097082071226835
4,664,4,18.088878534207677
4,664,5,47.21072480051342
4,664,6,0.9828310732876965
4,665,0,0.6619735846558557
4,665,1,0.24586247608177855
4,665,2,0.09216393926236575
4,665,3,8.11986775779059
4,665,4,18.000417313266848
4,665,5,47.10440680149832
4,665,6,0.9824024782624402
4,666,0,0.6606408786938535
4,666,1,0.24702223408537646
4,666,2,0.09233688722077006
4,666,3,8.14270943904277
4,666,4,17.99471256862292
4,666,5,47.003068224636976
4,666,6,0.9829033872473253
4,667,0,0.6603201933147761
4,667,1,0.24734607405106793
4,667,2,0.09233373263415597
4,667,3,8.165607630783725
4,667,4,17.99235289765422
4,667,5,46.94203836726979
4,667,6,0.9828575595386666
4,668,0,0.6591736279486763
4,668,1,0.2482878158566921
4,668,2,0.09253855619463158
4,668,3,8.188562863174031
4,668,4,17.9786542581732
4,668,5,46.81777420430479
4,668,6,0.9827096459302606
4,669,0,0.6574037794947358
4,669,1,0.24964859853623636
4,669,2,0.09294762196902785
4,669,3,8.211575681404543
4,669,4,17.92181202017944
4,669,5,46.784152348335084
4,669,6,0.9829092390866542
4,670,0,0.6567990020111201
4,670,1,0.25035573204008404
4,670,2,0.09284526594879582
4,670,3,8.234646646411788
4,670,4,17.919440789798607
4,670,5,46.65193085737765
4,670,6,0.9830268400750967
4,671,0,0.6543344602455542
4,671,1,0.25237396141456264
4,671,2,0.09329157833988315
4,671,3,8.25777633564274
4,671,4,17.880844405942753
4,671,5,46.61509017972828
4,671,6,0.9830456133300882
4,672,0,0.6523627819188687
4,672,1,0.2538423687859701
4,672,2,0.0937948492951612
4,672,3,8.280965343873502
4,672,4,17.84601082758789
4,672,5,46.39167539679294
4,672,6,0.982706991366641
4,673,0,0.6496169730215411
4,673,1,0.2554563247523935
4,673,2,0.0949267022260654
4,673,3,8.304214284086962
4,673,4,17.720229528440854
4,673,5,46.25000598347199
4,673,6,0.9830627308911826
4,674,0,0.6466607449141673
4,674,1,0.2579853615178229
4,674,2,0.09535389356800977
4,674,3,8.327523788415068
4,674,4,17.633781901610938
4,674,5,46.012569162988264
4,674,6,0.9832730439353078
4,675,0,0.6404849069176737
4,675,1,0.26243322386763207
4,675,2,0.09708186921469432
4,675,3,8.350894509152067
4,675,4,17.455335631217295
4,675,5,45.7612997163159
4,675,6,0.9826690483724438
4,676,0,0.6381409692021502
4,676,1,0.2639069191420903
4,676,2,0.09795211165575952
4,676,3,8.374327119845804
4,676,4,17.36650137713188
4,676,5,45.43628511225931
4,676,6,0.9831941288974739
4,677,0,0.6312880698728064
4,677,1,0.2682979771108893
4,677,2,0.10041395301630426
4,677,3,8.397822316475143
4,677,4,17.115437899697806
4,677,5,45.060319200575755
4,677,6,0.9834408947332907
4,678,0,0.6275240160113229
4,678,1,0.27042751827915656
4,678,2,0.1020484657095205
4,678,3,8.421380818722541
4,678,4,16.99652105207096
4,678,5,44.67637364747637
4,678,6,0.9837743080888285
4,679,0,0.6200167479620535
4,679,1,0.2752183772353679
4,679,2,0.1047648748025786
4,679,3,8.445003371352065
4,679,4,16.715300947260772
4,679,5,44.09316485374366
4,679,6,0.9842420917856534
4,680,0,0.6107945796432555
4,680,1,0.2815392439126822
4,680,2,0.10766617644406236
4,680,3,8.468690745704544
4,680,4,16.42664527569762
4,680,5,43.55558058343789
4,680,6,0.9846065013208039
4,681,0,0.6033018964495334
4,681,1,0.2865302194312543
4,681,2,0.1101678841192124
4,681,3,8.492443741323163
4,681,4,16.186934500018666
4,681,5,42.97217990578538
4,681,6,0.9855662011277568
4,682,0,0.5958244678798168
4,682,1,0.2913728432532447
4,682,2,0.11280268886693844
4,682,3,8.51626318772475
4,682,4,15.95889402933879
4,682,5,42.45462552207415
4,682,6,0.986040676437735
4,683,0,0.5924486794056827
4,683,1,0.2937854458927206
4,683,2,0.11376587470159669
4,683,3,8.540149946334273
4,683,4,15.899786104260883
4,683,5,42.16530378894278
4,683,6,0.9861659239732217
4,684,0,0.5815262051960881
4,684,1,0.30109138709833183
4,684,2,0.11738240770558005
4,684,3,8.564104912602732
4,684,4,15.614246671132177
4,684,5,41.453304437362085
4,684,6,0.9868102660726465
4,685,0,0.5831664566125362
4,685,1,0.29824527889728797
4,685,2,0.11858826449017587
4,685,3,8.588129018331799
4,685,4,15.653276582347287
4,685,5,41.06968680123578
4,685,6,0.9866090992774779
4,686,0,0.5757552712532975
4,686,1,0.3032492119627209
4,686,2,0.1209955167839816
4,686,3,8.612223234232385
4,686,4,15.47203101756454
4,686,5,40.49734651497899
4,686,6,0.9870876270268374
4,687,0,0.569501823299095
4,687,1,0.3073172384245112
4,687,2,0.12318093827639373
4,687,3,8.636388572748833
4,687,4,15.324951617992646
4,687,5,39.93676966725941
4,687,6,0.9875131535270509
4,688,0,0.5634440627255175
4,688,1,0.311552167673795
4,688,2,0.12500376960068743
4,688,3,8.660626091185925
4,688,4,15.196505390013968
4,688,5,39.479616619391585
4,688,6,0.9879246763173727
4,689,0,0.5567307672642203
4,689,1,0.31671671299648746
4,689,2,0.12655251973929224
4,689,3,8.684936895182602
4,689,4,15.070889298308828
4,689,5,38.96108782596641
4,689,6,0.9884297970045729
4,690,0,0.5522523137183746
4,690,1,0.31987487131229625
4,690,2,0.12787281496932923
4,690,3,8.709322142584353
4,690,4,14.995128013213565
4,690,5,38.49039883701847
4,690,6,0.9887901323107869
4,691,0,0.5526831886584308
4,691,1,0.3193715921723525
4,691,2,0.12794521916921667
4,691,3,8.73378304777631
4,691,4,15.025008586233444
4,691,5,38.051628084518185
4,691,6,0.9886901126096633
4,692,0,0.5504874830423179
4,692,1,0.3217241482650649
4,692,2,0.1277883686926172
4,692,3,8.758320886551417
4,692,4,15.009739851658964
4,692,5,37.60951584108444
4,692,6,0.9887674623333433
4,693,0,0.5635626760508496
4,693,1,0.30976817236720666
4,693,2,0.12666915158194367
4,693,3,8.782937001603532
4,693,4,15.326001663336541
4,693,5,37.126514145811434
4,693,6,0.9873997529225341
4,694,0,0.5510650311330526
4,694,1,0.3231253822369406
4,694,2,0.12580958663000683
4,694,3,8.807632808754716
4,694,4,15.080725851029552
4,694,5,36.69912576035771
4,694,6,0.9883296397160922
4,695,0,0.5527553391757455
4,695,1,0.3243120230878355
4,695,2,0.12293263773641899
4,695,3,8.832409804050714
4,695,4,15.179242564691453
4,695,5,36.40520786166594
4,695,6,0.9878623535344673
4,696,0,0.5741812306365246
4,696,1,0.30592841827696865
4,696,2,0.1198903510865067
4,696,3,8.857269571890198
4,696,4,15.66643774106768
4,696,5,35.92097714594399
4,696,6,0.986226816064382
4,697,0,0.5962598590090945
4,697,1,0.2888218172737347
4,697,2,0.11491832371717084
4,697,3,8.882213794394353
4,697,4,16.2553664991744
4,697,5,35.604559022097476
4,697,6,0.9842732493686557
4,698,0,0.5904457837407937
4,698,1,0.3017681060034594
4,698,2,0.10778611025574687
4,698,3,8.907244262277052
4,698,4,16.193653761269722
4,698,5,35.57647272701
4,698,6,0.984402496444481
4,699,0,0.6113327461442665
4,699,1,0.2946428861947769
4,699,2,0.09402436766095662
4,699,3,8.932367793504705
4,699,4,16.93329813164477
4,699,5,35.892881347699884
4,699,6,0.9817137939488988
4,700,0,0.6331329774550958
4,700,1,0.2833782894066071
4,700,2,0.08348873313829715
4,700,3,8.957571718469477
4,700,4,17.649605411879065
4,700,5,35.95031400541827
4,700,6,0.9806822962267602
4,701,0,0.6518151531828399
4,701,1,0.2733597308984594
4,701,2,0.07482511591870071
4,701,3,8.982872957344286
4,701,4,18.258575476316942
4,701,5,35.77050108646361
4,701,6,0.9793887298350763
4,702,0,0.7883152568242376
4,702,1,0.20770251163852546
4,702,2,0.0039822315372369035
4,702,3,9.008268981841526
4,702,4,27.585344582101534
4,702,5,56.731936853050655
4,702,6,0.9818942541620117
4,703,0,0.7914549422399029
4,703,1,0.20477811872221524
4,703,2,0.0037669390378819454
4,703,3,9.03376237088912
4,703,4,27.04440502200188
4,703,5,56.698975223638406
4,703,6,0.9822085537017827
4,704,0,0.7937248594966941
4,704,1,0.20268278567936412
4,704,2,0.0035923548239417103
4,704,3,9.059355936480525
4,704,4,26.418865228137793
4,704,5,56.68122100855186
4,704,6,0.9817035787371681
4,705,0,0.7985593799271018
4,705,1,0.19817175878466703
4,705,2,0.003268861288231226
4,705,3,9.085052763318021
4,705,4,25.9920115691808
4,705,5,56.667337953940965
4,705,6,0.9821329147984957
4,706,0,0.7507641160606576
4,706,1,0.24923588393934237
4,706,2,0.0
4,706,3,9.11085625904169
4,706,4,26.280169950516203
4,706,5,56.650589682604
4,706,6,0.930442171518052
4,707,0,0.8062509755600313
4,707,1,0.19055328296245921
4,707,2,0.003195741477509432
4,707,3,9.136770219102821
4,707,4,24.843241451917105
4,707,5,56.65779420760977
4,707,6,0.9826480533121693
4,708,0,0.8102582635667843
4,708,1,0.18657135416780296
4,708,2,0.0031703822654127155
4,708,3,9.162798912469748
4,708,4,24.31170709991888
4,708,5,56.66454776221789
4,708,6,0.9836033561561132
4,709,0,0.7665765179472337
4,709,1,0.23342348205276625
4,709,2,0.0
4,709,3,9.18894719797173
4,709,4,24.705373925236255
4,709,5,56.66058914730272
4,709,6,0.9354284541248707
4,710,0,0.770449403539001
4,710,1,0.229550596460999
4,710,2,0.0
4,710,3,9.215220687562194
4,710,4,24.06297666541072
4,710,5,56.72648546061125
4,710,6,0.938601676691591
4,711,0,0.7763902637755039
4,711,1,0.2236097362244961
4,711,2,0.0
4,711,3,9.241625985140722
4,711,4,23.624498138236245
4,711,5,56.76615222900181
4,711,6,0.939240177004242
4,712,0,0.7802973334836087
4,712,1,0.2197026665163912
4,712,2,0.0
4,712,3,9.268171055149557
4,712,4,23.084939472049875
4,712,5,56.84672481783501
4,712,6,0.9417582951073926
4,713,0,0.7925705418579391
4,713,1,0.20742945814206096
4,713,2,0.0
4,713,3,9.294865834038294
4,713,4,23.041576340122454
4,713,5,56.82913093210803
4,713,6,0.9419554281528255
4,714,0,0.7884768801535618
4,714,1,0.21152311984643818
4,714,2,0.0
4,714,3,9.321723354801872
4,714,4,21.948556843389774
4,714,5,56.926263547170386
4,714,6,0.9486701206860327
4,715,0,0.7949262560486671
4,715,1,0.20507374395133296
4,715,2,0.0
4,715,3,9.348762179466407
4,715,4,21.543330636386084
4,715,5,57.94577964317739
4,715,6,0.9497663014180628
4,716,0,0.8059686141744667
4,716,1,0.19403138582553325
4,716,2,0.0
4,716,3,9.376013582162138
4,716,4,21.496857662723606
4,716,5,57.928519560643096
4,716,6,0.9486387333684351
4,717,0,0.8435790992193691
4,717,1,0.15335129853913626
4,717,2,0.003069602241494646
4,717,3,9.403584322289818
4,717,4,19.966899459994977
4,717,5,60.120762772809634
4,717,6,0.9899315539553015
4,718,0,0.8396711635751571
4,718,1,0.156799087944013
4,718,2,0.003529748480829868
4,718,3,9.43171117249515
4,718,4,19.29035379217367
4,718,5,60.21104091978033
4,718,6,0.9896261426234729
4,719,0,0.8412969665742174
4,719,1,0.15487894268048355
4,719,2,0.0038240907452990612
4,719,3,9.46041884412174
4,719,4,18.86236383738144
4,719,5,60.324408724705314
4,719,6,0.9911944771103811
4,720,0,0.8397415194532419
4,720,1,0.15604397125576594
4,720,2,0.00421450929099214
4,720,3,9.489702065973754
4,720,4,18.330590881661482
4,720,5,60.46052261124824
4,720,6,0.9916252067671497
4,721,0,0.8387811533515671
4,721,1,0.15649036920402376
4,721,2,0.004728477444409136
4,721,3,9.51955552668129
4,721,4,17.84004952530268
4,721,5,60.62511696578461
4,721,6,0.9913789200632246
4,722,0,0.8340329165731954
4,722,1,0.1604296975725352
4,722,2,0.005537385854269394
4,722,3,9.549973878502437
4,722,4,17.327403171771426
4,722,5,60.83568809581781
4,722,6,0.9919177167078372
4,723,0,0.8319666036210203
4,723,1,0.1615574365792749
4,723,2,0.006475959799704833
4,723,3,9.580951741057797
4,723,4,16.85103606712033
4,723,5,61.100464533174176
4,723,6,0.9928993625422707
4,724,0,0.8313796163954627
4,724,1,0.1612261691604994
4,724,2,0.007394214444037925
4,724,3,9.612483704993572
4,724,4,16.550520810341276
4,724,5,61.43107566560328
4,724,6,0.9937191721992812
4,725,0,0.8257568682068681
4,725,1,0.16464176509424314
4,725,2,0.009601366698888792
4,725,3,9.644564335569768
4,725,4,16.028008167623533
4,725,5,61.96686946018766
4,725,6,0.996045519395638
4,726,0,0.8145925981960775
4,726,1,0.17361444807459528
4,726,2,0.011792953729327217
4,726,3,9.677188176170318
4,726,4,15.468078314482337
4,726,5,62.028649058696104
4,726,6,0.9969786497535049
4,727,0,0.8028846297996195
4,727,1,0.18206443036456688
4,727,2,0.015050939835813638
4,727,3,9.710349751732213
4,727,4,14.848054167198873
4,727,5,62.097919754463334
4,727,6,0.9974208528938869
4,728,0,0.8518690338446339
4,728,1,0.12761774451090138
4,728,2,0.02051322164446479
4,728,3,9.744043572091106
4,728,4,16.214643764802428
4,728,5,94.67138947227535
4,728,6,1.0008839766906024
4,729,0,0.8592344034291802
4,729,1,0.11501463904662457
4,729,2,0.025750957524195192
4,729,3,9.778264135241134
4,729,4,16.15282337777337
4,729,5,94.66082642608858
4,729,6,1.0058499998784665
4,730,0,0.8636107960386834
4,730,1,0.10108207138090126
4,730,2,0.03530713258041539
4,730,3,9.813005930506973
4,730,4,16.090593434776626
4,730,5,94.6502634650356
4,730,6,1.0132291783701959
4,731,0,0.8434702997149488
4,731,1,0.10738067923414647
4,731,2,0.04914902105090471
4,731,3,9.848263441626445
4,731,4,16.028358571671845
4,731,5,94.63970223189678
4,731,6,1.0130959627198555
4,732,0,0.8447930348590817
4,732,1,0.0877876978903033
4,732,2,0.06741926725061502
4,732,3,9.884031149742283
4,732,4,15.965862147385531
4,732,5,94.6291364806325
4,732,6,1.027614752004261
4,733,0,0.8170688253082466
4,733,1,0.0856993205241731
4,733,2,0.09723185416758023
4,733,3,9.920302612478443
4,733,4,15.90361412837304
4,733,5,94.61857006623244
4,733,6,1.0309368943922124
4,734,0,0.7916233728689372
4,734,1,0.061817627874186064
4,734,2,0.14655899925687668
4,734,3,9.957075085864428
4,734,4,15.84480663953395
4,734,5,94.6079678550251
4,734,6,1.0569575428062772
4,735,0,0.0
4,735,1,0.0
4,735,2,0.0
4,735,3,0.0
4,735,4,0.0
4,735,5,0.0
4,735,6,0.0
4,736,0,0.0
4,736,1,0.0
4,736,2,0.0
4,736,3,0.0
4,736,4,0.0
4,736,5,0.0
4,736,6,0.0
4,737,0,0.0
4,737,1,0.0
4,737,2,0.0
4,737,3,0.0
4,737,4,0.0
4,737,5,0.0
4,737,6,0.0
4,738,0,0.0
4,738,1,0.0
4,738,2,0.0
4,738,3,0.0
4,738,4,0.0
4,738,5,0.0
4,738,6,0.0
4,739,0,0.0
4,739,1,0.0
4,739,2,0.0
4,739,3,0.0
4,739,4,0.0
4,739,5,0.0
4,739,6,0.0
4,740,0,0.0
4,740,1,0.0
4,740,2,0.0
4,740,3,0.0
4,740,4,0.0
4,740,5,0.0
4,740,6,0.0
4,741,0,0.0
4,741,1,0.0
4,741,2,0.0
4,741,3,0.0
4,741,4,0.0
4,741,5,0.0
4,741,6,0.0
4,742,0,0.0
4,742,1,0.0
4,742,2,0.0
4,742,3,0.0
4,742,4,0.0
4,742,5,0.0
4,742,6,0.0
4,743,0,0.0
4,743,1,0.0
4,743,2,0.0
4,743,3,0.0
4,743,4,0.0
4,743,5,0.0
4,743,6,0.0
4,744,0,0.0
4,744,1,0.0
4,744,2,0.0
4,744,3,0.0
4,744,4,0.0
4,744,5,0.0
4,744,6,0.0
4,745,0,0.0
4,745,1,0.0
4,745,2,0.0
4,745,3,0.0
4,745,4,0.0
4,745,5,0.0
4,745,6,0.0
4,746,0,0.0
4,746,1,0.0
4,746,2,0.0
4,746,3,0.0
4,746,4,0.0
4,746,5,0.0
4,746,6,0.0
4,747,0,0.0
4,747,1,0.0
4,747,2,0.0
4,747,3,0.0
4,747,4,0.0
4,747,5,0.0
4,747,6,0.0
4,748,0,0.0
4,748,1,0.0
4,748,2,0.0
4,748,3,0.0
4,748,4,0.0
4,748,5,0.0
4,748,6,0.0
4,749,0,0.0
4,749,1,0.0
4,749,2,0.0
4,749,3,0.0
4,749,4,0.0
4,749,5,0.0
4,749,6,0.0
4,750,0,0.0
4,750,1,0.0
4,750,2,0.0
4,750,3,0.0
4,750,4,0.0
4,750,5,0.0
4,750,6,0.0
4,751,0,0.0
4,751,1,0.0
4,751,2,0.0
4,751,3,0.0
4,751,4,0.0
4,751,5,0.0
4,751,6,0.0
4,752,0,0.0
4,752,1,0.0
4,752,2,0.0
4,752,3,0.0
4,752,4,0.0
4,752,5,0.0
4,752,6,0.0
4,753,0,0.0
4,753,1,0.0
4,753,2,0.0
4,753,3,0.0
4,753,4,0.0
4,753,5,0.0
4,753,6,0.0
4,754,0,0.0
4,754,1,0.0
4,754,2,0.0
4,754,3,0.0
4,754,4,0.0
4,754,5,0.0
4,754,6,0.0
4,755,0,0.0
4,755,1,0.0
4,755,2,0.0
4,755,3,0.0
4,755,4,0.0
4,755,5,0.0
4,755,6,0.0
4,756,0,0.0
4,756,1,0.0
4,756,2,0.0
4,756,3,0.0
4,756,4,0.0
4,756,5,0.0
4,756,6,0.0
4,757,0,0.0
4,757,1,0.0
4,757,2,0.0
4,757,3,0.0
4,757,4,0.0
4,757,5,0.0
4,757,6,0.0
4,758,0,0.0
4,758,1,0.0
4,758,2,0.0
4,758,3,0.0
4,758,4,0.0
4,758,5,0.0
4,758,6,0.0
4,759,0,0.0
4,759,1,0.0
4,759,2,0.0
4,759,3,0.0
4,759,4,0.0
4,759,5,0.0
4,759,6,0.0
4,760,0,0.0
4,760,1,0.0
4,760,2,0.0
4,760,3,0.0
4,760,4,0.0
4,760,5,0.0
4,760,6,0.0
4,761,0,0.0
4,761,1,0.0
4,761,2,0.0
4,761,3,0.0
4,761,4,0.0
4,761,5,0.0
4,761,6,0.0
4,762,0,0.0
4,762,1,0.0
4,762,2,0.0
4,762,3,0.0
4,762,4,0.0
4,762,5,0.0
4,762,6,0.0
4,763,0,0.0
4,763,1,0.0
4,763,2,0.0
4,763,3,0.0
4,763,4,0.0
4,763,5,0.0
4,763,6,0.0
4,764,0,0.0
4,764,1,0.0
4,764,2,0.0
4,764,3,0.0
4,764,4,0.0
4,764,5,0.0
4,764,6,0.0
4,765,0,0.0
4,765,1,0.0
4,765,2,0.0
4,765,3,0.0
4,765,4,0.0
4,765,5,0.0
4,765,6,0.0
4,766,0,0.0
4,766,1,0.0
4,766,2,0.0
4,766,3,0.0
4,766,4,0.0
4,766,5,0.0
4,766,6,0.0
4,767,0,0.0
4,767,1,0.0
4,767,2,0.0
4,767,3,0.0
4,767,4,0.0
4,767,5,0.0
4,767,6,0.0
4,768,0,0.0
4,768,1,0.0
4,768,2,0.0
4,768,3,0.0
4,768,4,0.0
4,768,5,0.0
4,768,6,0.0
4,769,0,0.0
4,769,1,0.0
4,769,2,0.0
4,769,3,0.0
4,769,4,0.0
4,769,5,0.0
4,769,6,0.0
4,770,0,0.0
4,770,1,0.0
4,770,2,0.0
4,770,3,0.0
4,770,4,0.0
4,770,5,0.0
4,770,6,0.0
4,771,0,0.0
4,771,1,0.0
4,771,2,0.0
4,771,3,0.0
4,771,4,0.0
4,771,5,0.0
4,771,6,0.0
4,772,0,0.0
4,772,1,0.0
4,772,2,0.0
4,772,3,0.0
4,772,4,0.0
4,772,5,0.0
4,772,6,0.0
4,773,0,0.0
4,773,1,0.0
4,773,2,0.0
4,773,3,0.0
4,773,4,0.0
4,773,5,0.0
4,773,6,0.0
4,774,0,0.0
4,774,1,0.0
4,774,2,0.0
4,774,3,0.0
4,774,4,0.0
4,774,5,0.0
4,774,6,0.0
4,775,0,0.0
4,775,1,0.0
4,775,2,0.0
4,775,3,0.0
4,775,4,0.0
4,775,5,0.0
4,775,6,0.0
4,776,0,0.0
4,776,1,0.0
4,776,2,0.0
4,776,3,0.0
4,776,4,0.0
4,776,5,0.0
4,776,6,0.0
4,777,0,0.0
4,777,1,0.0
4,777,2,0.0
4,777,3,0.0
4,777,4,0.0
4,777,5,0.0
4,777,6,0.0
4,778,0,0.0
4,778,1,0.0
4,778,2,0.0
4,778,3,0.0
4,778,4,0.0
4,778,5,0.0
4,778,6,0.0
4,779,0,0.0
4,779,1,0.0
4,779,2,0.0
4,779,3,0.0
4,779,4,0.0
4,779,5,0.0
4,779,6,0.0
4,780,0,0.0
4,780,1,0.0
4,780,2,0.0
4,780,3,0.0
4,780,4,0.0
4,780,5,0.0
4,780,6,0.0
4,781,0,0.0
4,781,1,0.0
4,781,2,0.0
4,781,3,0.0
4,781,4,0.0
4,781,5,0.0
4,781,6,0.0
4,782,0,0.0
4,782,1,0.0
4,782,2,0.0
4,782,3,0.0
4,782,4,0.0
4,782,5,0.0
4,782,6,0.0
4,783,0,0.0
4,783,1,0.0
4,783,2,0.0
4,783,3,0.0
4,783,4,0.0
4,783,5,0.0
4,783,6,0.0
4,784,0,0.0
4,784,1,0.0
4,784,2,0.0
4,784,3,0.0
4,784,4,0.0
4,784,5,0.0
4,784,6,0.0
4,785,0,0.0
4,785,1,0.0
4,785,2,0.0
4,785,3,0.0
4,785,4,0.0
4,785,5,0.0
4,785,6,0.0
4,786,0,0.0
4,786,1,0.0
4,786,2,0.0
4,786,3,0.0
4,786,4,0.0
4,786,5,0.0
4,786,6,0.0
4,787,0,0.0
4,787,1,0.0
4,787,2,0.0
4,787,3,0.0
4,787,4,0.0
4,787,5,0.0
4,787,6,0.0
4,788,0,0.0
4,788,1,0.0
4,788,2,0.0
4,788,3,0.0
4,788,4,0.0
4,788,5,0.0
4,788,6,0.0
4,789,0,0.0
4,789,1,0.0
4,789,2,0.0
4,789,3,0.0
4,789,4,0.0
4,789,5,0.0
4,789,6,0.0
4,790,0,0.0
4,790,1,0.0
4,790,2,0.0
4,790,3,0.0
4,790,4,0.0
4,790,5,0.0
4,790,6,0.0
4,791,0,0.0
4,791,1,0.0
4,791,2,0.0
4,791,3,0.0
4,791,4,0.0
4,791,5,0.0
4,791,6,0.0
4,792,0,0.0
4,792,1,0.0
4,792,2,0.0
4,792,3,0.0
4,792,4,0.0
4,792,5,0.0
4,792,6,0.0
4,793,0,0.0
4,793,1,0.0
4,793,2,0.0
4,793,3,0.0
4,793,4,0.0
4,793,5,0.0
4,793,6,0.0
4,794,0,0.0
4,794,1,0.0
4,794,2,0.0
4,794,3,0.0
4,794,4,0.0
4,794,5,0.0
4,794,6,0.0
4,795,0,0.0
4,795,1,0.0
4,795,2,0.0
4,795,3,0.0
4,795,4,0.0
4,795,5,0.0
4,795,6,0.0
4,796,0,0.0
4,796,1,0.0
4,796,2,0.0
4,796,3,0.0
4,796,4,0.0
4,796,5,0.0
4,796,6,0.0
4,797,0,0.0
4,797,1,0.0
4,797,2,0.0
4,797,3,0.0
4,797,4,0.0
4,797,5,0.0
4,797,6,0.0
4,798,0,0.0
4,798,1,0.0
4,798,2,0.0
4,798,3,0.0
4,798,4,0.0
4,798,5,0.0
4,798,6,0.0
4,799,0,0.0
4,799,1,0.0
4,799,2,0.0
4,799,3,0.0
4,799,4,0.0
4,799,5,0.0
4,799,6,0.0
